condition_id,model_id,model_class,wording,analysis_tier,direction,run,episode_seed,instruction,binary_success,outcome_stage,outcome_stage_label,endpoint_class,final_requested_relation,final_opposite_relation,verified_pickup,pickup_step,release_step,first_interaction_step,first_requested_relation_step,steps,duration_s,final_cube_minus_bowl_robot_x_m,final_cube_minus_bowl_robot_y_m,final_cube_minus_bowl_robot_z_m,requested_signed_final_offset_m,cube_xy_path_length_m,hdf5_path,log_path,episode_result_path,figure_path
pi05_canonical_static15,pi05_droid_vla,VLA,canonical,original_confirmatory,left,0,6100,Put the rubiks cube to the left of the bowl,False,picked_never_entered_goal,picked · never entered goal,neutral_region,False,False,True,308,320,308,,450,30.0,-0.1469639241695404,0.0004633665084838867,0.0037562772631645203,0.0004633665084838867,0.0623100907371805,/home/ali/projects/RoboLab/output/v1_pi05_canonical/RubiksCubeLeftOfBowlMatchedTask/run_0.hdf5,/home/ali/projects/RoboLab/output/v1_pi05_canonical/RubiksCubeLeftOfBowlMatchedTask/log_0_env0.json,/home/ali/projects/RoboLab/output/v1_pi05_canonical/episode_results.jsonl,artifacts/vla_wam_shared_v1/trajectory_evidence/episodes/pi05_droid_vla__canonical__left__seed-6100__failure.png
pi05_canonical_static15,pi05_droid_vla,VLA,canonical,original_confirmatory,left,1,6101,Put the rubiks cube to the left of the bowl,False,no_cube_interaction,no cube interaction,neutral_region,False,False,False,,,,,450,30.0,-0.15489640831947327,-0.006518840789794922,0.00375230610370636,-0.006518840789794922,0.07384473347023374,/home/ali/projects/RoboLab/output/v1_pi05_canonical/RubiksCubeLeftOfBowlMatchedTask/run_1.hdf5,/home/ali/projects/RoboLab/output/v1_pi05_canonical/RubiksCubeLeftOfBowlMatchedTask/log_1_env0.json,/home/ali/projects/RoboLab/output/v1_pi05_canonical/episode_results.jsonl,artifacts/vla_wam_shared_v1/trajectory_evidence/episodes/pi05_droid_vla__canonical__left__seed-6101__failure.png
pi05_canonical_static15,pi05_droid_vla,VLA,canonical,original_confirmatory,left,2,6102,Put the rubiks cube to the left of the bowl,False,no_cube_interaction,no cube interaction,neutral_region,False,False,False,,,,,450,30.0,-0.14353737235069275,0.003004610538482666,0.003752410411834717,0.003004610538482666,0.07267244688713448,/home/ali/projects/RoboLab/output/v1_pi05_canonical/RubiksCubeLeftOfBowlMatchedTask/run_2.hdf5,/home/ali/projects/RoboLab/output/v1_pi05_canonical/RubiksCubeLeftOfBowlMatchedTask/log_2_env0.json,/home/ali/projects/RoboLab/output/v1_pi05_canonical/episode_results.jsonl,artifacts/vla_wam_shared_v1/trajectory_evidence/episodes/pi05_droid_vla__canonical__left__seed-6102__failure.png
pi05_canonical_static15,pi05_droid_vla,VLA,canonical,original_confirmatory,left,3,6103,Put the rubiks cube to the left of the bowl,False,no_cube_interaction,no cube interaction,neutral_region,False,False,False,,,,,450,30.0,-0.14252743124961853,0.0025879591703414917,0.0037518367171287537,0.0025879591703414917,0.0002351155213329448,/home/ali/projects/RoboLab/output/v1_pi05_canonical/RubiksCubeLeftOfBowlMatchedTask/run_3.hdf5,/home/ali/projects/RoboLab/output/v1_pi05_canonical/RubiksCubeLeftOfBowlMatchedTask/log_3_env0.json,/home/ali/projects/RoboLab/output/v1_pi05_canonical/episode_results.jsonl,artifacts/vla_wam_shared_v1/trajectory_evidence/episodes/pi05_droid_vla__canonical__left__seed-6103__failure.png
pi05_canonical_static15,pi05_droid_vla,VLA,canonical,original_confirmatory,left,4,6104,Put the rubiks cube to the left of the bowl,False,picked_never_entered_goal,picked · never entered goal,neutral_region,False,False,True,152,161,152,,450,30.0,-0.1297287940979004,-0.000738486647605896,0.0037520676851272583,-0.000738486647605896,0.021833259665272112,/home/ali/projects/RoboLab/output/v1_pi05_canonical/RubiksCubeLeftOfBowlMatchedTask/run_4.hdf5,/home/ali/projects/RoboLab/output/v1_pi05_canonical/RubiksCubeLeftOfBowlMatchedTask/log_4_env0.json,/home/ali/projects/RoboLab/output/v1_pi05_canonical/episode_results.jsonl,artifacts/vla_wam_shared_v1/trajectory_evidence/episodes/pi05_droid_vla__canonical__left__seed-6104__failure.png
pi05_canonical_static15,pi05_droid_vla,VLA,canonical,original_confirmatory,left,5,6105,Put the rubiks cube to the left of the bowl,False,no_cube_interaction,no cube interaction,neutral_region,False,False,False,,,,,450,30.0,-0.13122349977493286,0.0240841805934906,0.0037509500980377197,0.0240841805934906,0.05218987280491509,/home/ali/projects/RoboLab/output/v1_pi05_canonical/RubiksCubeLeftOfBowlMatchedTask/run_5.hdf5,/home/ali/projects/RoboLab/output/v1_pi05_canonical/RubiksCubeLeftOfBowlMatchedTask/log_5_env0.json,/home/ali/projects/RoboLab/output/v1_pi05_canonical/episode_results.jsonl,artifacts/vla_wam_shared_v1/trajectory_evidence/episodes/pi05_droid_vla__canonical__left__seed-6105__failure.png
pi05_canonical_static15,pi05_droid_vla,VLA,canonical,original_confirmatory,left,6,6106,Put the rubiks cube to the left of the bowl,False,no_cube_interaction,no cube interaction,neutral_region,False,False,False,,,,,450,30.0,-0.12665382027626038,0.02918335795402527,0.0037527456879615784,0.02918335795402527,0.06202571561974405,/home/ali/projects/RoboLab/output/v1_pi05_canonical/RubiksCubeLeftOfBowlMatchedTask/run_6.hdf5,/home/ali/projects/RoboLab/output/v1_pi05_canonical/RubiksCubeLeftOfBowlMatchedTask/log_6_env0.json,/home/ali/projects/RoboLab/output/v1_pi05_canonical/episode_results.jsonl,artifacts/vla_wam_shared_v1/trajectory_evidence/episodes/pi05_droid_vla__canonical__left__seed-6106__failure.png
pi05_canonical_static15,pi05_droid_vla,VLA,canonical,original_confirmatory,left,7,6107,Put the rubiks cube to the left of the bowl,False,no_cube_interaction,no cube interaction,neutral_region,False,False,False,,,,,450,30.0,-0.13505372405052185,-0.002477198839187622,0.0037544965744018555,-0.002477198839187622,0.0598738387122883,/home/ali/projects/RoboLab/output/v1_pi05_canonical/RubiksCubeLeftOfBowlMatchedTask/run_7.hdf5,/home/ali/projects/RoboLab/output/v1_pi05_canonical/RubiksCubeLeftOfBowlMatchedTask/log_7_env0.json,/home/ali/projects/RoboLab/output/v1_pi05_canonical/episode_results.jsonl,artifacts/vla_wam_shared_v1/trajectory_evidence/episodes/pi05_droid_vla__canonical__left__seed-6107__failure.png
pi05_canonical_static15,pi05_droid_vla,VLA,canonical,original_confirmatory,left,8,6108,Put the rubiks cube to the left of the bowl,False,picked_never_entered_goal,picked · never entered goal,neutral_region,False,False,True,111,112,111,,450,30.0,-0.15022501349449158,0.023491621017456055,0.0037515684962272644,0.023491621017456055,0.24925561781457206,/home/ali/projects/RoboLab/output/v1_pi05_canonical/RubiksCubeLeftOfBowlMatchedTask/run_8.hdf5,/home/ali/projects/RoboLab/output/v1_pi05_canonical/RubiksCubeLeftOfBowlMatchedTask/log_8_env0.json,/home/ali/projects/RoboLab/output/v1_pi05_canonical/episode_results.jsonl,artifacts/vla_wam_shared_v1/trajectory_evidence/episodes/pi05_droid_vla__canonical__left__seed-6108__failure.png
pi05_canonical_static15,pi05_droid_vla,VLA,canonical,original_confirmatory,left,9,6109,Put the rubiks cube to the left of the bowl,False,picked_never_entered_goal,picked · never entered goal,neutral_region,False,False,True,95,269,95,,450,30.0,-0.08059757947921753,0.06325072050094604,0.03045070171356201,0.06325072050094604,0.22322996555247,/home/ali/projects/RoboLab/output/v1_pi05_canonical/RubiksCubeLeftOfBowlMatchedTask/run_9.hdf5,/home/ali/projects/RoboLab/output/v1_pi05_canonical/RubiksCubeLeftOfBowlMatchedTask/log_9_env0.json,/home/ali/projects/RoboLab/output/v1_pi05_canonical/episode_results.jsonl,artifacts/vla_wam_shared_v1/trajectory_evidence/episodes/pi05_droid_vla__canonical__left__seed-6109__failure.png
pi05_canonical_static15,pi05_droid_vla,VLA,canonical,original_confirmatory,right,0,6100,Put the rubiks cube to the right of the bowl,False,picked_never_entered_goal,picked · never entered goal,neutral_region,False,False,True,63,413,63,,450,30.0,-0.1060878336429596,0.08694086968898773,-0.000622972846031189,-0.08694086968898773,0.6295723479575076,/home/ali/projects/RoboLab/output/v1_pi05_canonical/RubiksCubeRightOfBowlMatchedTask/run_0.hdf5,/home/ali/projects/RoboLab/output/v1_pi05_canonical/RubiksCubeRightOfBowlMatchedTask/log_0_env0.json,/home/ali/projects/RoboLab/output/v1_pi05_canonical/episode_results.jsonl,artifacts/vla_wam_shared_v1/trajectory_evidence/episodes/pi05_droid_vla__canonical__right__seed-6100__failure.png
pi05_canonical_static15,pi05_droid_vla,VLA,canonical,original_confirmatory,right,1,6101,Put the rubiks cube to the right of the bowl,True,success,success,requested_region,True,False,True,85,376,85,373,376,25.066666666666666,-0.01872771978378296,-0.05105241760611534,0.1304009109735489,0.05105241760611534,0.4458418806397147,/home/ali/projects/RoboLab/output/v1_pi05_canonical/RubiksCubeRightOfBowlMatchedTask/run_1.hdf5,/home/ali/projects/RoboLab/output/v1_pi05_canonical/RubiksCubeRightOfBowlMatchedTask/log_1_env0.json,/home/ali/projects/RoboLab/output/v1_pi05_canonical/episode_results.jsonl,artifacts/vla_wam_shared_v1/trajectory_evidence/episodes/pi05_droid_vla__canonical__right__seed-6101__success.png
pi05_canonical_static15,pi05_droid_vla,VLA,canonical,original_confirmatory,right,2,6102,Put the rubiks cube to the right of the bowl,False,picked_never_entered_goal,picked · never entered goal,neutral_region,False,False,True,105,233,105,,450,30.0,-0.27264802157878876,0.14066636562347412,-0.7013180926442146,-0.14066636562347412,0.5278188031263545,/home/ali/projects/RoboLab/output/v1_pi05_canonical/RubiksCubeRightOfBowlMatchedTask/run_2.hdf5,/home/ali/projects/RoboLab/output/v1_pi05_canonical/RubiksCubeRightOfBowlMatchedTask/log_2_env0.json,/home/ali/projects/RoboLab/output/v1_pi05_canonical/episode_results.jsonl,artifacts/vla_wam_shared_v1/trajectory_evidence/episodes/pi05_droid_vla__canonical__right__seed-6102__failure.png
pi05_canonical_static15,pi05_droid_vla,VLA,canonical,original_confirmatory,right,3,6103,Put the rubiks cube to the right of the bowl,True,success,success,requested_region,True,False,True,210,239,210,222,239,15.933333333333334,-0.04230406880378723,-0.2516511306166649,0.08381541818380356,0.2516511306166649,0.3596531908098276,/home/ali/projects/RoboLab/output/v1_pi05_canonical/RubiksCubeRightOfBowlMatchedTask/run_3.hdf5,/home/ali/projects/RoboLab/output/v1_pi05_canonical/RubiksCubeRightOfBowlMatchedTask/log_3_env0.json,/home/ali/projects/RoboLab/output/v1_pi05_canonical/episode_results.jsonl,artifacts/vla_wam_shared_v1/trajectory_evidence/episodes/pi05_droid_vla__canonical__right__seed-6103__success.png
pi05_canonical_static15,pi05_droid_vla,VLA,canonical,original_confirmatory,right,4,6104,Put the rubiks cube to the right of the bowl,True,success,success,requested_region,True,False,True,198,353,198,323,353,23.53333333333333,-0.03227865695953369,-0.165491983294487,-0.02799084410071373,0.165491983294487,0.4697073766344216,/home/ali/projects/RoboLab/output/v1_pi05_canonical/RubiksCubeRightOfBowlMatchedTask/run_4.hdf5,/home/ali/projects/RoboLab/output/v1_pi05_canonical/RubiksCubeRightOfBowlMatchedTask/log_4_env0.json,/home/ali/projects/RoboLab/output/v1_pi05_canonical/episode_results.jsonl,artifacts/vla_wam_shared_v1/trajectory_evidence/episodes/pi05_droid_vla__canonical__right__seed-6104__success.png
pi05_canonical_static15,pi05_droid_vla,VLA,canonical,original_confirmatory,right,5,6105,Put the rubiks cube to the right of the bowl,True,success,success,requested_region,True,False,True,72,98,72,97,98,6.533333333333333,-0.09382179379463196,-0.10013151541352272,0.022349871695041656,0.10013151541352272,0.1370226936278101,/home/ali/projects/RoboLab/output/v1_pi05_canonical/RubiksCubeRightOfBowlMatchedTask/run_5.hdf5,/home/ali/projects/RoboLab/output/v1_pi05_canonical/RubiksCubeRightOfBowlMatchedTask/log_5_env0.json,/home/ali/projects/RoboLab/output/v1_pi05_canonical/episode_results.jsonl,artifacts/vla_wam_shared_v1/trajectory_evidence/episodes/pi05_droid_vla__canonical__right__seed-6105__success.png
pi05_canonical_static15,pi05_droid_vla,VLA,canonical,original_confirmatory,right,6,6106,Put the rubiks cube to the right of the bowl,True,success,success,requested_region,True,False,True,73,89,73,83,89,5.933333333333334,-0.08335402607917786,-0.1849154755473137,0.05586135387420654,0.1849154755473137,0.196036818387488,/home/ali/projects/RoboLab/output/v1_pi05_canonical/RubiksCubeRightOfBowlMatchedTask/run_6.hdf5,/home/ali/projects/RoboLab/output/v1_pi05_canonical/RubiksCubeRightOfBowlMatchedTask/log_6_env0.json,/home/ali/projects/RoboLab/output/v1_pi05_canonical/episode_results.jsonl,artifacts/vla_wam_shared_v1/trajectory_evidence/episodes/pi05_droid_vla__canonical__right__seed-6106__success.png
pi05_canonical_static15,pi05_droid_vla,VLA,canonical,original_confirmatory,right,7,6107,Put the rubiks cube to the right of the bowl,True,success,success,requested_region,True,False,True,72,168,72,148,171,11.4,-0.010014533996582031,-0.16462017223238945,-0.008736617863178253,0.16462017223238945,0.4377734468468815,/home/ali/projects/RoboLab/output/v1_pi05_canonical/RubiksCubeRightOfBowlMatchedTask/run_7.hdf5,/home/ali/projects/RoboLab/output/v1_pi05_canonical/RubiksCubeRightOfBowlMatchedTask/log_7_env0.json,/home/ali/projects/RoboLab/output/v1_pi05_canonical/episode_results.jsonl,artifacts/vla_wam_shared_v1/trajectory_evidence/episodes/pi05_droid_vla__canonical__right__seed-6107__success.png
pi05_canonical_static15,pi05_droid_vla,VLA,canonical,original_confirmatory,right,8,6108,Put the rubiks cube to the right of the bowl,True,success,success,requested_region,True,False,True,282,,282,301,302,20.133333333333333,-0.0855579674243927,-0.0939407991245389,0.034362971782684326,0.0939407991245389,0.5210252752555176,/home/ali/projects/RoboLab/output/v1_pi05_canonical/RubiksCubeRightOfBowlMatchedTask/run_8.hdf5,/home/ali/projects/RoboLab/output/v1_pi05_canonical/RubiksCubeRightOfBowlMatchedTask/log_8_env0.json,/home/ali/projects/RoboLab/output/v1_pi05_canonical/episode_results.jsonl,artifacts/vla_wam_shared_v1/trajectory_evidence/episodes/pi05_droid_vla__canonical__right__seed-6108__success.png
pi05_canonical_static15,pi05_droid_vla,VLA,canonical,original_confirmatory,right,9,6109,Put the rubiks cube to the right of the bowl,True,success,success,requested_region,True,False,True,92,,92,247,256,17.066666666666666,-0.1131628155708313,-0.19807177782058716,0.030354462563991547,0.19807177782058716,0.3748453671536671,/home/ali/projects/RoboLab/output/v1_pi05_canonical/RubiksCubeRightOfBowlMatchedTask/run_9.hdf5,/home/ali/projects/RoboLab/output/v1_pi05_canonical/RubiksCubeRightOfBowlMatchedTask/log_9_env0.json,/home/ali/projects/RoboLab/output/v1_pi05_canonical/episode_results.jsonl,artifacts/vla_wam_shared_v1/trajectory_evidence/episodes/pi05_droid_vla__canonical__right__seed-6109__success.png
pi05_short_static15,pi05_droid_vla,VLA,short_paraphrase,original_confirmatory,left,0,6100,Put the cube left of the bowl,False,no_cube_interaction,no cube interaction,neutral_region,False,False,False,,,,,450,30.0,-0.15156877040863037,-0.007380425930023193,0.0037543848156929016,-0.007380425930023193,0.0258060102577539,/home/ali/projects/RoboLab/output/v1_pi05_vague/RubiksCubeLeftOfBowlMatchedTask/run_0.hdf5,/home/ali/projects/RoboLab/output/v1_pi05_vague/RubiksCubeLeftOfBowlMatchedTask/log_0_env0.json,/home/ali/projects/RoboLab/output/v1_pi05_vague/episode_results.jsonl,artifacts/vla_wam_shared_v1/trajectory_evidence/episodes/pi05_droid_vla__short_paraphrase__left__seed-6100__failure.png
pi05_short_static15,pi05_droid_vla,VLA,short_paraphrase,original_confirmatory,left,1,6101,Put the cube left of the bowl,False,no_cube_interaction,no cube interaction,neutral_region,False,False,False,,,,,450,30.0,-0.05277565121650696,0.033628910779953,-0.009039066731929779,0.033628910779953,0.1259688785321884,/home/ali/projects/RoboLab/output/v1_pi05_vague/RubiksCubeLeftOfBowlMatchedTask/run_1.hdf5,/home/ali/projects/RoboLab/output/v1_pi05_vague/RubiksCubeLeftOfBowlMatchedTask/log_1_env0.json,/home/ali/projects/RoboLab/output/v1_pi05_vague/episode_results.jsonl,artifacts/vla_wam_shared_v1/trajectory_evidence/episodes/pi05_droid_vla__short_paraphrase__left__seed-6101__failure.png
pi05_short_static15,pi05_droid_vla,VLA,short_paraphrase,original_confirmatory,left,2,6102,Put the cube left of the bowl,False,no_cube_interaction,no cube interaction,neutral_region,False,False,False,,,,,450,30.0,-0.14158260822296143,2.8252601623535156e-05,0.0037554875016212463,2.8252601623535156e-05,0.061143520472795684,/home/ali/projects/RoboLab/output/v1_pi05_vague/RubiksCubeLeftOfBowlMatchedTask/run_2.hdf5,/home/ali/projects/RoboLab/output/v1_pi05_vague/RubiksCubeLeftOfBowlMatchedTask/log_2_env0.json,/home/ali/projects/RoboLab/output/v1_pi05_vague/episode_results.jsonl,artifacts/vla_wam_shared_v1/trajectory_evidence/episodes/pi05_droid_vla__short_paraphrase__left__seed-6102__failure.png
pi05_short_static15,pi05_droid_vla,VLA,short_paraphrase,original_confirmatory,left,3,6103,Put the cube left of the bowl,False,picked_never_entered_goal,picked · never entered goal,neutral_region,False,False,True,64,,64,,450,30.0,-0.14274334907531738,-0.0015348345041275024,0.0037580057978630066,-0.0015348345041275024,0.01673713443321235,/home/ali/projects/RoboLab/output/v1_pi05_vague/RubiksCubeLeftOfBowlMatchedTask/run_3.hdf5,/home/ali/projects/RoboLab/output/v1_pi05_vague/RubiksCubeLeftOfBowlMatchedTask/log_3_env0.json,/home/ali/projects/RoboLab/output/v1_pi05_vague/episode_results.jsonl,artifacts/vla_wam_shared_v1/trajectory_evidence/episodes/pi05_droid_vla__short_paraphrase__left__seed-6103__failure.png
pi05_short_static15,pi05_droid_vla,VLA,short_paraphrase,original_confirmatory,left,4,6104,Put the cube left of the bowl,False,picked_never_entered_goal,picked · never entered goal,neutral_region,False,False,True,105,296,105,,450,30.0,-0.1401519477367401,0.08570532500743866,0.0037577077746391296,0.08570532500743866,0.2976222009987143,/home/ali/projects/RoboLab/output/v1_pi05_vague/RubiksCubeLeftOfBowlMatchedTask/run_4.hdf5,/home/ali/projects/RoboLab/output/v1_pi05_vague/RubiksCubeLeftOfBowlMatchedTask/log_4_env0.json,/home/ali/projects/RoboLab/output/v1_pi05_vague/episode_results.jsonl,artifacts/vla_wam_shared_v1/trajectory_evidence/episodes/pi05_droid_vla__short_paraphrase__left__seed-6104__failure.png
pi05_short_static15,pi05_droid_vla,VLA,short_paraphrase,original_confirmatory,left,5,6105,Put the cube left of the bowl,False,picked_never_entered_goal,picked · never entered goal,neutral_region,False,False,True,128,134,128,,450,30.0,-0.16716641187667847,0.00822669267654419,0.0037562698125839233,0.00822669267654419,0.09402589542643477,/home/ali/projects/RoboLab/output/v1_pi05_vague/RubiksCubeLeftOfBowlMatchedTask/run_5.hdf5,/home/ali/projects/RoboLab/output/v1_pi05_vague/RubiksCubeLeftOfBowlMatchedTask/log_5_env0.json,/home/ali/projects/RoboLab/output/v1_pi05_vague/episode_results.jsonl,artifacts/vla_wam_shared_v1/trajectory_evidence/episodes/pi05_droid_vla__short_paraphrase__left__seed-6105__failure.png
pi05_short_static15,pi05_droid_vla,VLA,short_paraphrase,original_confirmatory,left,6,6106,Put the cube left of the bowl,False,no_cube_interaction,no cube interaction,neutral_region,False,False,False,,,,,450,30.0,-0.14702317118644714,0.00035719573497772217,0.0037564486265182495,0.00035719573497772217,0.0005843370937878166,/home/ali/projects/RoboLab/output/v1_pi05_vague/RubiksCubeLeftOfBowlMatchedTask/run_6.hdf5,/home/ali/projects/RoboLab/output/v1_pi05_vague/RubiksCubeLeftOfBowlMatchedTask/log_6_env0.json,/home/ali/projects/RoboLab/output/v1_pi05_vague/episode_results.jsonl,artifacts/vla_wam_shared_v1/trajectory_evidence/episodes/pi05_droid_vla__short_paraphrase__left__seed-6106__failure.png
pi05_short_static15,pi05_droid_vla,VLA,short_paraphrase,original_confirmatory,left,7,6107,Put the cube left of the bowl,False,picked_never_entered_goal,picked · never entered goal,neutral_region,False,False,True,43,106,43,,450,30.0,-0.14413803815841675,0.004874289035797119,0.0037580952048301697,0.004874289035797119,0.08548072483749743,/home/ali/projects/RoboLab/output/v1_pi05_vague/RubiksCubeLeftOfBowlMatchedTask/run_7.hdf5,/home/ali/projects/RoboLab/output/v1_pi05_vague/RubiksCubeLeftOfBowlMatchedTask/log_7_env0.json,/home/ali/projects/RoboLab/output/v1_pi05_vague/episode_results.jsonl,artifacts/vla_wam_shared_v1/trajectory_evidence/episodes/pi05_droid_vla__short_paraphrase__left__seed-6107__failure.png
pi05_short_static15,pi05_droid_vla,VLA,short_paraphrase,original_confirmatory,left,8,6108,Put the cube left of the bowl,False,no_cube_interaction,no cube interaction,neutral_region,False,False,False,,,,,450,30.0,-0.12949451804161072,0.008492827415466309,0.0037583187222480774,0.008492827415466309,0.11812911979096843,/home/ali/projects/RoboLab/output/v1_pi05_vague/RubiksCubeLeftOfBowlMatchedTask/run_8.hdf5,/home/ali/projects/RoboLab/output/v1_pi05_vague/RubiksCubeLeftOfBowlMatchedTask/log_8_env0.json,/home/ali/projects/RoboLab/output/v1_pi05_vague/episode_results.jsonl,artifacts/vla_wam_shared_v1/trajectory_evidence/episodes/pi05_droid_vla__short_paraphrase__left__seed-6108__failure.png
pi05_short_static15,pi05_droid_vla,VLA,short_paraphrase,original_confirmatory,left,9,6109,Put the cube left of the bowl,True,success,success,requested_region,True,False,True,83,136,83,131,136,9.066666666666666,-0.09013381600379944,0.12398915737867355,0.030434027314186096,0.12398915737867355,0.31637635542252673,/home/ali/projects/RoboLab/output/v1_pi05_vague/RubiksCubeLeftOfBowlMatchedTask/run_9.hdf5,/home/ali/projects/RoboLab/output/v1_pi05_vague/RubiksCubeLeftOfBowlMatchedTask/log_9_env0.json,/home/ali/projects/RoboLab/output/v1_pi05_vague/episode_results.jsonl,artifacts/vla_wam_shared_v1/trajectory_evidence/episodes/pi05_droid_vla__short_paraphrase__left__seed-6109__success.png
pi05_short_static15,pi05_droid_vla,VLA,short_paraphrase,original_confirmatory,right,0,6100,Put the cube right of the bowl,False,picked_never_entered_goal,picked · never entered goal,opposite_region,False,True,True,91,94,91,,450,30.0,-0.014645576477050781,0.06399112939834595,0.0012510716915130615,-0.06399112939834595,0.5535094218747394,/home/ali/projects/RoboLab/output/v1_pi05_vague/RubiksCubeRightOfBowlMatchedTask/run_0.hdf5,/home/ali/projects/RoboLab/output/v1_pi05_vague/RubiksCubeRightOfBowlMatchedTask/log_0_env0.json,/home/ali/projects/RoboLab/output/v1_pi05_vague/episode_results.jsonl,artifacts/vla_wam_shared_v1/trajectory_evidence/episodes/pi05_droid_vla__short_paraphrase__right__seed-6100__failure.png
pi05_short_static15,pi05_droid_vla,VLA,short_paraphrase,original_confirmatory,right,1,6101,Put the cube right of the bowl,False,picked_never_entered_goal,picked · never entered goal,neutral_region,False,False,True,137,441,137,,450,30.0,-0.1410219967365265,-0.003689311444759369,-0.028066232800483704,0.003689311444759369,0.3373031782620399,/home/ali/projects/RoboLab/output/v1_pi05_vague/RubiksCubeRightOfBowlMatchedTask/run_1.hdf5,/home/ali/projects/RoboLab/output/v1_pi05_vague/RubiksCubeRightOfBowlMatchedTask/log_1_env0.json,/home/ali/projects/RoboLab/output/v1_pi05_vague/episode_results.jsonl,artifacts/vla_wam_shared_v1/trajectory_evidence/episodes/pi05_droid_vla__short_paraphrase__right__seed-6101__failure.png
pi05_short_static15,pi05_droid_vla,VLA,short_paraphrase,original_confirmatory,right,2,6102,Put the cube right of the bowl,False,no_cube_interaction,no cube interaction,neutral_region,False,False,False,,,,,450,30.0,-0.15954336524009705,-0.028223171830177307,0.0037522688508033752,0.028223171830177307,0.146208910125558,/home/ali/projects/RoboLab/output/v1_pi05_vague/RubiksCubeRightOfBowlMatchedTask/run_2.hdf5,/home/ali/projects/RoboLab/output/v1_pi05_vague/RubiksCubeRightOfBowlMatchedTask/log_2_env0.json,/home/ali/projects/RoboLab/output/v1_pi05_vague/episode_results.jsonl,artifacts/vla_wam_shared_v1/trajectory_evidence/episodes/pi05_droid_vla__short_paraphrase__right__seed-6102__failure.png
pi05_short_static15,pi05_droid_vla,VLA,short_paraphrase,original_confirmatory,right,3,6103,Put the cube right of the bowl,True,success,success,requested_region,True,False,True,216,271,216,236,271,18.066666666666666,-0.0088329017162323,-0.2360035851597786,0.01087670773267746,0.2360035851597786,0.36096212682132156,/home/ali/projects/RoboLab/output/v1_pi05_vague/RubiksCubeRightOfBowlMatchedTask/run_3.hdf5,/home/ali/projects/RoboLab/output/v1_pi05_vague/RubiksCubeRightOfBowlMatchedTask/log_3_env0.json,/home/ali/projects/RoboLab/output/v1_pi05_vague/episode_results.jsonl,artifacts/vla_wam_shared_v1/trajectory_evidence/episodes/pi05_droid_vla__short_paraphrase__right__seed-6103__success.png
pi05_short_static15,pi05_droid_vla,VLA,short_paraphrase,original_confirmatory,right,4,6104,Put the cube right of the bowl,False,picked_never_entered_goal,picked · never entered goal,neutral_region,False,False,True,83,286,83,,450,30.0,-0.11842817068099976,0.025172099471092224,0.0037562474608421326,-0.025172099471092224,0.08572464642589123,/home/ali/projects/RoboLab/output/v1_pi05_vague/RubiksCubeRightOfBowlMatchedTask/run_4.hdf5,/home/ali/projects/RoboLab/output/v1_pi05_vague/RubiksCubeRightOfBowlMatchedTask/log_4_env0.json,/home/ali/projects/RoboLab/output/v1_pi05_vague/episode_results.jsonl,artifacts/vla_wam_shared_v1/trajectory_evidence/episodes/pi05_droid_vla__short_paraphrase__right__seed-6104__failure.png
pi05_short_static15,pi05_droid_vla,VLA,short_paraphrase,original_confirmatory,right,5,6105,Put the cube right of the bowl,False,picked_never_entered_goal,picked · never entered goal,neutral_region,False,False,True,48,273,48,,450,30.0,-0.17375630140304565,-0.05917397886514664,-0.0013201460242271423,0.05917397886514664,0.6171223795234928,/home/ali/projects/RoboLab/output/v1_pi05_vague/RubiksCubeRightOfBowlMatchedTask/run_5.hdf5,/home/ali/projects/RoboLab/output/v1_pi05_vague/RubiksCubeRightOfBowlMatchedTask/log_5_env0.json,/home/ali/projects/RoboLab/output/v1_pi05_vague/episode_results.jsonl,artifacts/vla_wam_shared_v1/trajectory_evidence/episodes/pi05_droid_vla__short_paraphrase__right__seed-6105__failure.png
pi05_short_static15,pi05_droid_vla,VLA,short_paraphrase,original_confirmatory,right,6,6106,Put the cube right of the bowl,True,success,success,requested_region,True,False,True,203,241,203,218,241,16.066666666666666,-0.0680834949016571,-0.1689305081963539,0.017196938395500183,0.1689305081963539,0.2928666247758339,/home/ali/projects/RoboLab/output/v1_pi05_vague/RubiksCubeRightOfBowlMatchedTask/run_6.hdf5,/home/ali/projects/RoboLab/output/v1_pi05_vague/RubiksCubeRightOfBowlMatchedTask/log_6_env0.json,/home/ali/projects/RoboLab/output/v1_pi05_vague/episode_results.jsonl,artifacts/vla_wam_shared_v1/trajectory_evidence/episodes/pi05_droid_vla__short_paraphrase__right__seed-6106__success.png
pi05_short_static15,pi05_droid_vla,VLA,short_paraphrase,original_confirmatory,right,7,6107,Put the cube right of the bowl,True,success,success,requested_region,True,False,True,42,309,42,307,309,20.6,0.023136615753173828,-0.05051248520612717,0.049348920583724976,0.05051248520612717,0.7645749684337995,/home/ali/projects/RoboLab/output/v1_pi05_vague/RubiksCubeRightOfBowlMatchedTask/run_7.hdf5,/home/ali/projects/RoboLab/output/v1_pi05_vague/RubiksCubeRightOfBowlMatchedTask/log_7_env0.json,/home/ali/projects/RoboLab/output/v1_pi05_vague/episode_results.jsonl,artifacts/vla_wam_shared_v1/trajectory_evidence/episodes/pi05_droid_vla__short_paraphrase__right__seed-6107__success.png
pi05_short_static15,pi05_droid_vla,VLA,short_paraphrase,original_confirmatory,right,8,6108,Put the cube right of the bowl,True,success,success,requested_region,True,False,True,285,363,285,354,363,24.2,-0.006876438856124878,-0.15474018454551697,0.09496188908815384,0.15474018454551697,0.5769169025814666,/home/ali/projects/RoboLab/output/v1_pi05_vague/RubiksCubeRightOfBowlMatchedTask/run_8.hdf5,/home/ali/projects/RoboLab/output/v1_pi05_vague/RubiksCubeRightOfBowlMatchedTask/log_8_env0.json,/home/ali/projects/RoboLab/output/v1_pi05_vague/episode_results.jsonl,artifacts/vla_wam_shared_v1/trajectory_evidence/episodes/pi05_droid_vla__short_paraphrase__right__seed-6108__success.png
pi05_short_static15,pi05_droid_vla,VLA,short_paraphrase,original_confirmatory,right,9,6109,Put the cube right of the bowl,True,success,success,requested_region,True,False,True,84,253,84,251,253,16.866666666666667,-0.09392106533050537,-0.09886589273810387,-0.012485936284065247,0.09886589273810387,0.2388192253187143,/home/ali/projects/RoboLab/output/v1_pi05_vague/RubiksCubeRightOfBowlMatchedTask/run_9.hdf5,/home/ali/projects/RoboLab/output/v1_pi05_vague/RubiksCubeRightOfBowlMatchedTask/log_9_env0.json,/home/ali/projects/RoboLab/output/v1_pi05_vague/episode_results.jsonl,artifacts/vla_wam_shared_v1/trajectory_evidence/episodes/pi05_droid_vla__short_paraphrase__right__seed-6109__success.png
pi05_declarative_static15,pi05_droid_vla,VLA,declarative_goal,post_interim_direct_stress,left,0,7200,The rubiks cube should end up to the left of the bowl,False,picked_never_entered_goal,picked · never entered goal,neutral_region,False,False,True,167,178,167,,450,30.0,-0.09256500005722046,0.05203811824321747,0.03978794813156128,0.05203811824321747,0.12738541686415125,/home/ali/projects/RoboLab/output/v1_pi05_declarative/RubiksCubeLeftOfBowlMatchedTask/run_0.hdf5,/home/ali/projects/RoboLab/output/v1_pi05_declarative/RubiksCubeLeftOfBowlMatchedTask/log_0_env0.json,/home/ali/projects/RoboLab/output/v1_pi05_declarative/episode_results.jsonl,artifacts/vla_wam_shared_v1/trajectory_evidence/episodes/pi05_droid_vla__declarative_goal__left__seed-7200__failure.png
pi05_declarative_static15,pi05_droid_vla,VLA,declarative_goal,post_interim_direct_stress,left,1,7201,The rubiks cube should end up to the left of the bowl,False,picked_never_entered_goal,picked · never entered goal,neutral_region,False,False,True,36,46,36,,450,30.0,-0.1288796365261078,-0.0021717920899391174,0.0037528574466705322,-0.0021717920899391174,0.09819989590501643,/home/ali/projects/RoboLab/output/v1_pi05_declarative/RubiksCubeLeftOfBowlMatchedTask/run_1.hdf5,/home/ali/projects/RoboLab/output/v1_pi05_declarative/RubiksCubeLeftOfBowlMatchedTask/log_1_env0.json,/home/ali/projects/RoboLab/output/v1_pi05_declarative/episode_results.jsonl,artifacts/vla_wam_shared_v1/trajectory_evidence/episodes/pi05_droid_vla__declarative_goal__left__seed-7201__failure.png
pi05_declarative_static15,pi05_droid_vla,VLA,declarative_goal,post_interim_direct_stress,left,2,7202,The rubiks cube should end up to the left of the bowl,False,no_cube_interaction,no cube interaction,neutral_region,False,False,False,,,,,450,30.0,-0.14012861251831055,0.03534340858459473,0.003753945231437683,0.03534340858459473,0.09913211456104322,/home/ali/projects/RoboLab/output/v1_pi05_declarative/RubiksCubeLeftOfBowlMatchedTask/run_2.hdf5,/home/ali/projects/RoboLab/output/v1_pi05_declarative/RubiksCubeLeftOfBowlMatchedTask/log_2_env0.json,/home/ali/projects/RoboLab/output/v1_pi05_declarative/episode_results.jsonl,artifacts/vla_wam_shared_v1/trajectory_evidence/episodes/pi05_droid_vla__declarative_goal__left__seed-7202__failure.png
pi05_declarative_static15,pi05_droid_vla,VLA,declarative_goal,post_interim_direct_stress,left,3,7203,The rubiks cube should end up to the left of the bowl,False,no_cube_interaction,no cube interaction,neutral_region,False,False,False,,,,,450,30.0,-0.13761812448501587,0.007292717695236206,0.003753572702407837,0.007292717695236206,0.04443895384258123,/home/ali/projects/RoboLab/output/v1_pi05_declarative/RubiksCubeLeftOfBowlMatchedTask/run_3.hdf5,/home/ali/projects/RoboLab/output/v1_pi05_declarative/RubiksCubeLeftOfBowlMatchedTask/log_3_env0.json,/home/ali/projects/RoboLab/output/v1_pi05_declarative/episode_results.jsonl,artifacts/vla_wam_shared_v1/trajectory_evidence/episodes/pi05_droid_vla__declarative_goal__left__seed-7203__failure.png
pi05_declarative_static15,pi05_droid_vla,VLA,declarative_goal,post_interim_direct_stress,left,4,7204,The rubiks cube should end up to the left of the bowl,False,no_cube_interaction,no cube interaction,neutral_region,False,False,False,,,,,450,30.0,-0.13551732897758484,0.010330811142921448,0.003754556179046631,0.010330811142921448,0.07717914722280142,/home/ali/projects/RoboLab/output/v1_pi05_declarative/RubiksCubeLeftOfBowlMatchedTask/run_4.hdf5,/home/ali/projects/RoboLab/output/v1_pi05_declarative/RubiksCubeLeftOfBowlMatchedTask/log_4_env0.json,/home/ali/projects/RoboLab/output/v1_pi05_declarative/episode_results.jsonl,artifacts/vla_wam_shared_v1/trajectory_evidence/episodes/pi05_droid_vla__declarative_goal__left__seed-7204__failure.png
pi05_declarative_static15,pi05_droid_vla,VLA,declarative_goal,post_interim_direct_stress,left,5,7205,The rubiks cube should end up to the left of the bowl,False,picked_never_entered_goal,picked · never entered goal,neutral_region,False,False,True,122,136,122,,450,30.0,-0.13274329900741577,-0.011502459645271301,0.01076778769493103,-0.011502459645271301,0.04836458598246497,/home/ali/projects/RoboLab/output/v1_pi05_declarative/RubiksCubeLeftOfBowlMatchedTask/run_5.hdf5,/home/ali/projects/RoboLab/output/v1_pi05_declarative/RubiksCubeLeftOfBowlMatchedTask/log_5_env0.json,/home/ali/projects/RoboLab/output/v1_pi05_declarative/episode_results.jsonl,artifacts/vla_wam_shared_v1/trajectory_evidence/episodes/pi05_droid_vla__declarative_goal__left__seed-7205__failure.png
pi05_declarative_static15,pi05_droid_vla,VLA,declarative_goal,post_interim_direct_stress,left,6,7206,The rubiks cube should end up to the left of the bowl,False,no_cube_interaction,no cube interaction,neutral_region,False,False,False,,,,,450,30.0,-0.1308756172657013,0.028330355882644653,0.003757365047931671,0.028330355882644653,0.04697387106924739,/home/ali/projects/RoboLab/output/v1_pi05_declarative/RubiksCubeLeftOfBowlMatchedTask/run_6.hdf5,/home/ali/projects/RoboLab/output/v1_pi05_declarative/RubiksCubeLeftOfBowlMatchedTask/log_6_env0.json,/home/ali/projects/RoboLab/output/v1_pi05_declarative/episode_results.jsonl,artifacts/vla_wam_shared_v1/trajectory_evidence/episodes/pi05_droid_vla__declarative_goal__left__seed-7206__failure.png
pi05_declarative_static15,pi05_droid_vla,VLA,declarative_goal,post_interim_direct_stress,left,7,7207,The rubiks cube should end up to the left of the bowl,False,no_cube_interaction,no cube interaction,neutral_region,False,False,False,,,,,450,30.0,-0.11243203282356262,0.010770082473754883,-0.028010636568069458,0.010770082473754883,0.0796242052713721,/home/ali/projects/RoboLab/output/v1_pi05_declarative/RubiksCubeLeftOfBowlMatchedTask/run_7.hdf5,/home/ali/projects/RoboLab/output/v1_pi05_declarative/RubiksCubeLeftOfBowlMatchedTask/log_7_env0.json,/home/ali/projects/RoboLab/output/v1_pi05_declarative/episode_results.jsonl,artifacts/vla_wam_shared_v1/trajectory_evidence/episodes/pi05_droid_vla__declarative_goal__left__seed-7207__failure.png
pi05_declarative_static15,pi05_droid_vla,VLA,declarative_goal,post_interim_direct_stress,left,8,7208,The rubiks cube should end up to the left of the bowl,False,picked_never_entered_goal,picked · never entered goal,neutral_region,False,False,True,41,161,41,,450,30.0,-0.0668519139289856,0.05135530233383179,0.01076468825340271,0.05135530233383179,0.3778284604705469,/home/ali/projects/RoboLab/output/v1_pi05_declarative/RubiksCubeLeftOfBowlMatchedTask/run_8.hdf5,/home/ali/projects/RoboLab/output/v1_pi05_declarative/RubiksCubeLeftOfBowlMatchedTask/log_8_env0.json,/home/ali/projects/RoboLab/output/v1_pi05_declarative/episode_results.jsonl,artifacts/vla_wam_shared_v1/trajectory_evidence/episodes/pi05_droid_vla__declarative_goal__left__seed-7208__failure.png
pi05_declarative_static15,pi05_droid_vla,VLA,declarative_goal,post_interim_direct_stress,left,9,7209,The rubiks cube should end up to the left of the bowl,False,picked_never_entered_goal,picked · never entered goal,neutral_region,False,False,True,223,,223,,450,30.0,-0.08529189229011536,0.055630095303058624,0.003754749894142151,0.055630095303058624,0.13537433353477213,/home/ali/projects/RoboLab/output/v1_pi05_declarative/RubiksCubeLeftOfBowlMatchedTask/run_9.hdf5,/home/ali/projects/RoboLab/output/v1_pi05_declarative/RubiksCubeLeftOfBowlMatchedTask/log_9_env0.json,/home/ali/projects/RoboLab/output/v1_pi05_declarative/episode_results.jsonl,artifacts/vla_wam_shared_v1/trajectory_evidence/episodes/pi05_droid_vla__declarative_goal__left__seed-7209__failure.png
pi05_declarative_static15,pi05_droid_vla,VLA,declarative_goal,post_interim_direct_stress,right,0,7200,The rubiks cube should end up to the right of the bowl,False,picked_never_entered_goal,picked · never entered goal,neutral_region,False,False,True,326,391,326,,450,30.0,-0.10817286372184753,-0.04035954177379608,-0.010854668915271759,0.04035954177379608,0.268935560504278,/home/ali/projects/RoboLab/output/v1_pi05_declarative/RubiksCubeRightOfBowlMatchedTask/run_0.hdf5,/home/ali/projects/RoboLab/output/v1_pi05_declarative/RubiksCubeRightOfBowlMatchedTask/log_0_env0.json,/home/ali/projects/RoboLab/output/v1_pi05_declarative/episode_results.jsonl,artifacts/vla_wam_shared_v1/trajectory_evidence/episodes/pi05_droid_vla__declarative_goal__right__seed-7200__failure.png
pi05_declarative_static15,pi05_droid_vla,VLA,declarative_goal,post_interim_direct_stress,right,1,7201,The rubiks cube should end up to the right of the bowl,True,success,success,requested_region,True,False,True,35,256,35,254,256,17.066666666666666,-0.06408900022506714,-0.08769662491977215,0.06248779594898224,0.08769662491977215,0.288987091288773,/home/ali/projects/RoboLab/output/v1_pi05_declarative/RubiksCubeRightOfBowlMatchedTask/run_1.hdf5,/home/ali/projects/RoboLab/output/v1_pi05_declarative/RubiksCubeRightOfBowlMatchedTask/log_1_env0.json,/home/ali/projects/RoboLab/output/v1_pi05_declarative/episode_results.jsonl,artifacts/vla_wam_shared_v1/trajectory_evidence/episodes/pi05_droid_vla__declarative_goal__right__seed-7201__success.png
pi05_declarative_static15,pi05_droid_vla,VLA,declarative_goal,post_interim_direct_stress,right,2,7202,The rubiks cube should end up to the right of the bowl,True,success,success,requested_region,True,False,True,115,429,115,415,429,28.599999999999998,-0.027047157287597656,-0.17025769874453545,-0.0076804012060165405,0.17025769874453545,0.48224999193033435,/home/ali/projects/RoboLab/output/v1_pi05_declarative/RubiksCubeRightOfBowlMatchedTask/run_2.hdf5,/home/ali/projects/RoboLab/output/v1_pi05_declarative/RubiksCubeRightOfBowlMatchedTask/log_2_env0.json,/home/ali/projects/RoboLab/output/v1_pi05_declarative/episode_results.jsonl,artifacts/vla_wam_shared_v1/trajectory_evidence/episodes/pi05_droid_vla__declarative_goal__right__seed-7202__success.png
pi05_declarative_static15,pi05_droid_vla,VLA,declarative_goal,post_interim_direct_stress,right,3,7203,The rubiks cube should end up to the right of the bowl,True,success,success,requested_region,True,False,True,129,327,129,296,327,21.8,-0.090595543384552,-0.3086163103580475,0.01596248894929886,0.3086163103580475,0.5315010925033979,/home/ali/projects/RoboLab/output/v1_pi05_declarative/RubiksCubeRightOfBowlMatchedTask/run_3.hdf5,/home/ali/projects/RoboLab/output/v1_pi05_declarative/RubiksCubeRightOfBowlMatchedTask/log_3_env0.json,/home/ali/projects/RoboLab/output/v1_pi05_declarative/episode_results.jsonl,artifacts/vla_wam_shared_v1/trajectory_evidence/episodes/pi05_droid_vla__declarative_goal__right__seed-7203__success.png
pi05_declarative_static15,pi05_droid_vla,VLA,declarative_goal,post_interim_direct_stress,right,4,7204,The rubiks cube should end up to the right of the bowl,True,success,success,requested_region,True,False,True,93,316,93,290,316,21.066666666666666,-0.022763371467590332,-0.1995810568332672,0.09335780143737793,0.1995810568332672,0.3945122585872176,/home/ali/projects/RoboLab/output/v1_pi05_declarative/RubiksCubeRightOfBowlMatchedTask/run_4.hdf5,/home/ali/projects/RoboLab/output/v1_pi05_declarative/RubiksCubeRightOfBowlMatchedTask/log_4_env0.json,/home/ali/projects/RoboLab/output/v1_pi05_declarative/episode_results.jsonl,artifacts/vla_wam_shared_v1/trajectory_evidence/episodes/pi05_droid_vla__declarative_goal__right__seed-7204__success.png
pi05_declarative_static15,pi05_droid_vla,VLA,declarative_goal,post_interim_direct_stress,right,5,7205,The rubiks cube should end up to the right of the bowl,True,success,success,requested_region,True,False,True,190,415,190,389,415,27.666666666666668,-0.015355676412582397,-0.13493504282087088,-0.00044558197259902954,0.13493504282087088,0.7414363021224665,/home/ali/projects/RoboLab/output/v1_pi05_declarative/RubiksCubeRightOfBowlMatchedTask/run_5.hdf5,/home/ali/projects/RoboLab/output/v1_pi05_declarative/RubiksCubeRightOfBowlMatchedTask/log_5_env0.json,/home/ali/projects/RoboLab/output/v1_pi05_declarative/episode_results.jsonl,artifacts/vla_wam_shared_v1/trajectory_evidence/episodes/pi05_droid_vla__declarative_goal__right__seed-7205__success.png
pi05_declarative_static15,pi05_droid_vla,VLA,declarative_goal,post_interim_direct_stress,right,6,7206,The rubiks cube should end up to the right of the bowl,False,picked_never_entered_goal,picked · never entered goal,neutral_region,False,False,True,88,331,88,,450,30.0,-0.14130544662475586,-0.01937839388847351,-0.0015209689736366272,0.01937839388847351,0.6256050920819666,/home/ali/projects/RoboLab/output/v1_pi05_declarative/RubiksCubeRightOfBowlMatchedTask/run_6.hdf5,/home/ali/projects/RoboLab/output/v1_pi05_declarative/RubiksCubeRightOfBowlMatchedTask/log_6_env0.json,/home/ali/projects/RoboLab/output/v1_pi05_declarative/episode_results.jsonl,artifacts/vla_wam_shared_v1/trajectory_evidence/episodes/pi05_droid_vla__declarative_goal__right__seed-7206__failure.png
pi05_declarative_static15,pi05_droid_vla,VLA,declarative_goal,post_interim_direct_stress,right,7,7207,The rubiks cube should end up to the right of the bowl,False,picked_never_entered_goal,picked · never entered goal,neutral_region,False,False,True,147,258,147,,450,30.0,-0.07520225644111633,0.028979383409023285,-0.01901978999376297,-0.028979383409023285,0.3386900439588504,/home/ali/projects/RoboLab/output/v1_pi05_declarative/RubiksCubeRightOfBowlMatchedTask/run_7.hdf5,/home/ali/projects/RoboLab/output/v1_pi05_declarative/RubiksCubeRightOfBowlMatchedTask/log_7_env0.json,/home/ali/projects/RoboLab/output/v1_pi05_declarative/episode_results.jsonl,artifacts/vla_wam_shared_v1/trajectory_evidence/episodes/pi05_droid_vla__declarative_goal__right__seed-7207__failure.png
pi05_declarative_static15,pi05_droid_vla,VLA,declarative_goal,post_interim_direct_stress,right,8,7208,The rubiks cube should end up to the right of the bowl,True,success,success,requested_region,True,False,True,70,147,70,86,147,9.8,-0.04108026623725891,-0.2554044872522354,0.004827640950679779,0.2554044872522354,0.39348281592220347,/home/ali/projects/RoboLab/output/v1_pi05_declarative/RubiksCubeRightOfBowlMatchedTask/run_8.hdf5,/home/ali/projects/RoboLab/output/v1_pi05_declarative/RubiksCubeRightOfBowlMatchedTask/log_8_env0.json,/home/ali/projects/RoboLab/output/v1_pi05_declarative/episode_results.jsonl,artifacts/vla_wam_shared_v1/trajectory_evidence/episodes/pi05_droid_vla__declarative_goal__right__seed-7208__success.png
pi05_declarative_static15,pi05_droid_vla,VLA,declarative_goal,post_interim_direct_stress,right,9,7209,The rubiks cube should end up to the right of the bowl,True,success,success,requested_region,True,False,True,145,166,145,158,166,11.066666666666666,-0.06481516361236572,-0.1935330629348755,0.10763940215110779,0.1935330629348755,0.25576104665775173,/home/ali/projects/RoboLab/output/v1_pi05_declarative/RubiksCubeRightOfBowlMatchedTask/run_9.hdf5,/home/ali/projects/RoboLab/output/v1_pi05_declarative/RubiksCubeRightOfBowlMatchedTask/log_9_env0.json,/home/ali/projects/RoboLab/output/v1_pi05_declarative/episode_results.jsonl,artifacts/vla_wam_shared_v1/trajectory_evidence/episodes/pi05_droid_vla__declarative_goal__right__seed-7209__success.png
pi05_contrastive_static15,pi05_droid_vla,VLA,contrastive_goal,post_interim_direct_stress,left,0,7200,"Put the rubiks cube to the left of the bowl, not to the right of the bowl",False,no_cube_interaction,no cube interaction,neutral_region,False,False,False,,,,,450,30.0,-0.1351892352104187,0.0007171332836151123,0.0037555843591690063,0.0007171332836151123,0.022069329250936843,/home/ali/projects/RoboLab/output/v1_pi05_contrastive/RubiksCubeLeftOfBowlMatchedTask/run_0.hdf5,/home/ali/projects/RoboLab/output/v1_pi05_contrastive/RubiksCubeLeftOfBowlMatchedTask/log_0_env0.json,/home/ali/projects/RoboLab/output/v1_pi05_contrastive/episode_results.jsonl,artifacts/vla_wam_shared_v1/trajectory_evidence/episodes/pi05_droid_vla__contrastive_goal__left__seed-7200__failure.png
pi05_contrastive_static15,pi05_droid_vla,VLA,contrastive_goal,post_interim_direct_stress,left,1,7201,"Put the rubiks cube to the left of the bowl, not to the right of the bowl",True,success,success,requested_region,True,False,True,56,62,56,72,73,4.866666666666666,-0.07211470603942871,0.07491697371006012,-0.01617594063282013,0.07491697371006012,0.12422722652126138,/home/ali/projects/RoboLab/output/v1_pi05_contrastive/RubiksCubeLeftOfBowlMatchedTask/run_1.hdf5,/home/ali/projects/RoboLab/output/v1_pi05_contrastive/RubiksCubeLeftOfBowlMatchedTask/log_1_env0.json,/home/ali/projects/RoboLab/output/v1_pi05_contrastive/episode_results.jsonl,artifacts/vla_wam_shared_v1/trajectory_evidence/episodes/pi05_droid_vla__contrastive_goal__left__seed-7201__success.png
pi05_contrastive_static15,pi05_droid_vla,VLA,contrastive_goal,post_interim_direct_stress,left,2,7202,"Put the rubiks cube to the left of the bowl, not to the right of the bowl",False,no_cube_interaction,no cube interaction,neutral_region,False,False,False,,,,,450,30.0,-0.13821682333946228,0.005898274481296539,0.0037538111209869385,0.005898274481296539,0.05850591633122875,/home/ali/projects/RoboLab/output/v1_pi05_contrastive/RubiksCubeLeftOfBowlMatchedTask/run_2.hdf5,/home/ali/projects/RoboLab/output/v1_pi05_contrastive/RubiksCubeLeftOfBowlMatchedTask/log_2_env0.json,/home/ali/projects/RoboLab/output/v1_pi05_contrastive/episode_results.jsonl,artifacts/vla_wam_shared_v1/trajectory_evidence/episodes/pi05_droid_vla__contrastive_goal__left__seed-7202__failure.png
pi05_contrastive_static15,pi05_droid_vla,VLA,contrastive_goal,post_interim_direct_stress,left,3,7203,"Put the rubiks cube to the left of the bowl, not to the right of the bowl",False,picked_never_entered_goal,picked · never entered goal,neutral_region,False,False,True,351,,351,,450,30.0,-0.13986995816230774,0.004710003733634949,0.00375375896692276,0.004710003733634949,0.08340062545727792,/home/ali/projects/RoboLab/output/v1_pi05_contrastive/RubiksCubeLeftOfBowlMatchedTask/run_3.hdf5,/home/ali/projects/RoboLab/output/v1_pi05_contrastive/RubiksCubeLeftOfBowlMatchedTask/log_3_env0.json,/home/ali/projects/RoboLab/output/v1_pi05_contrastive/episode_results.jsonl,artifacts/vla_wam_shared_v1/trajectory_evidence/episodes/pi05_droid_vla__contrastive_goal__left__seed-7203__failure.png
pi05_contrastive_static15,pi05_droid_vla,VLA,contrastive_goal,post_interim_direct_stress,left,4,7204,"Put the rubiks cube to the left of the bowl, not to the right of the bowl",True,success,success,requested_region,True,False,True,227,231,227,237,238,15.866666666666667,-0.06970742344856262,0.08174054324626923,0.0006075873970985413,0.08174054324626923,0.16064089928441924,/home/ali/projects/RoboLab/output/v1_pi05_contrastive/RubiksCubeLeftOfBowlMatchedTask/run_4.hdf5,/home/ali/projects/RoboLab/output/v1_pi05_contrastive/RubiksCubeLeftOfBowlMatchedTask/log_4_env0.json,/home/ali/projects/RoboLab/output/v1_pi05_contrastive/episode_results.jsonl,artifacts/vla_wam_shared_v1/trajectory_evidence/episodes/pi05_droid_vla__contrastive_goal__left__seed-7204__success.png
pi05_contrastive_static15,pi05_droid_vla,VLA,contrastive_goal,post_interim_direct_stress,left,5,7205,"Put the rubiks cube to the left of the bowl, not to the right of the bowl",False,no_cube_interaction,no cube interaction,neutral_region,False,False,False,,,,,450,30.0,-0.1422625482082367,0.0027675554156303406,0.0037560760974884033,0.0027675554156303406,0.035938529538989634,/home/ali/projects/RoboLab/output/v1_pi05_contrastive/RubiksCubeLeftOfBowlMatchedTask/run_5.hdf5,/home/ali/projects/RoboLab/output/v1_pi05_contrastive/RubiksCubeLeftOfBowlMatchedTask/log_5_env0.json,/home/ali/projects/RoboLab/output/v1_pi05_contrastive/episode_results.jsonl,artifacts/vla_wam_shared_v1/trajectory_evidence/episodes/pi05_droid_vla__contrastive_goal__left__seed-7205__failure.png
pi05_contrastive_static15,pi05_droid_vla,VLA,contrastive_goal,post_interim_direct_stress,left,6,7206,"Put the rubiks cube to the left of the bowl, not to the right of the bowl",False,picked_never_entered_goal,picked · never entered goal,neutral_region,False,False,True,104,122,104,,450,30.0,-0.12017425894737244,0.09960415214300156,0.003751017153263092,0.09960415214300156,0.2181120268478659,/home/ali/projects/RoboLab/output/v1_pi05_contrastive/RubiksCubeLeftOfBowlMatchedTask/run_6.hdf5,/home/ali/projects/RoboLab/output/v1_pi05_contrastive/RubiksCubeLeftOfBowlMatchedTask/log_6_env0.json,/home/ali/projects/RoboLab/output/v1_pi05_contrastive/episode_results.jsonl,artifacts/vla_wam_shared_v1/trajectory_evidence/episodes/pi05_droid_vla__contrastive_goal__left__seed-7206__failure.png
pi05_contrastive_static15,pi05_droid_vla,VLA,contrastive_goal,post_interim_direct_stress,left,7,7207,"Put the rubiks cube to the left of the bowl, not to the right of the bowl",False,picked_never_entered_goal,picked · never entered goal,neutral_region,False,False,True,409,,409,,450,30.0,-0.1362755000591278,0.07540328800678253,0.0420689731836319,0.07540328800678253,0.12511732237413256,/home/ali/projects/RoboLab/output/v1_pi05_contrastive/RubiksCubeLeftOfBowlMatchedTask/run_7.hdf5,/home/ali/projects/RoboLab/output/v1_pi05_contrastive/RubiksCubeLeftOfBowlMatchedTask/log_7_env0.json,/home/ali/projects/RoboLab/output/v1_pi05_contrastive/episode_results.jsonl,artifacts/vla_wam_shared_v1/trajectory_evidence/episodes/pi05_droid_vla__contrastive_goal__left__seed-7207__failure.png
pi05_contrastive_static15,pi05_droid_vla,VLA,contrastive_goal,post_interim_direct_stress,left,8,7208,"Put the rubiks cube to the left of the bowl, not to the right of the bowl",False,no_cube_interaction,no cube interaction,neutral_region,False,False,False,,,,,450,30.0,-0.1858791708946228,0.008618444204330444,0.003752976655960083,0.008618444204330444,0.09537337542192854,/home/ali/projects/RoboLab/output/v1_pi05_contrastive/RubiksCubeLeftOfBowlMatchedTask/run_8.hdf5,/home/ali/projects/RoboLab/output/v1_pi05_contrastive/RubiksCubeLeftOfBowlMatchedTask/log_8_env0.json,/home/ali/projects/RoboLab/output/v1_pi05_contrastive/episode_results.jsonl,artifacts/vla_wam_shared_v1/trajectory_evidence/episodes/pi05_droid_vla__contrastive_goal__left__seed-7208__failure.png
pi05_contrastive_static15,pi05_droid_vla,VLA,contrastive_goal,post_interim_direct_stress,left,9,7209,"Put the rubiks cube to the left of the bowl, not to the right of the bowl",False,picked_never_entered_goal,picked · never entered goal,neutral_region,False,False,True,46,48,46,,450,30.0,-0.10995838046073914,0.0030050128698349,0.003754444420337677,0.0030050128698349,0.07682787869577017,/home/ali/projects/RoboLab/output/v1_pi05_contrastive/RubiksCubeLeftOfBowlMatchedTask/run_9.hdf5,/home/ali/projects/RoboLab/output/v1_pi05_contrastive/RubiksCubeLeftOfBowlMatchedTask/log_9_env0.json,/home/ali/projects/RoboLab/output/v1_pi05_contrastive/episode_results.jsonl,artifacts/vla_wam_shared_v1/trajectory_evidence/episodes/pi05_droid_vla__contrastive_goal__left__seed-7209__failure.png
pi05_contrastive_static15,pi05_droid_vla,VLA,contrastive_goal,post_interim_direct_stress,right,0,7200,"Put the rubiks cube to the right of the bowl, not to the left of the bowl",False,picked_never_entered_goal,picked · never entered goal,neutral_region,False,False,True,75,376,75,,450,30.0,-0.07247838377952576,0.03737773001194,0.01755250245332718,-0.03737773001194,0.19197814863465285,/home/ali/projects/RoboLab/output/v1_pi05_contrastive/RubiksCubeRightOfBowlMatchedTask/run_0.hdf5,/home/ali/projects/RoboLab/output/v1_pi05_contrastive/RubiksCubeRightOfBowlMatchedTask/log_0_env0.json,/home/ali/projects/RoboLab/output/v1_pi05_contrastive/episode_results.jsonl,artifacts/vla_wam_shared_v1/trajectory_evidence/episodes/pi05_droid_vla__contrastive_goal__right__seed-7200__failure.png
pi05_contrastive_static15,pi05_droid_vla,VLA,contrastive_goal,post_interim_direct_stress,right,1,7201,"Put the rubiks cube to the right of the bowl, not to the left of the bowl",False,picked_never_entered_goal,picked · never entered goal,neutral_region,False,False,True,147,301,147,,450,30.0,-0.10832464694976807,-0.02648739516735077,0.010767214000225067,0.02648739516735077,0.18936145834995233,/home/ali/projects/RoboLab/output/v1_pi05_contrastive/RubiksCubeRightOfBowlMatchedTask/run_1.hdf5,/home/ali/projects/RoboLab/output/v1_pi05_contrastive/RubiksCubeRightOfBowlMatchedTask/log_1_env0.json,/home/ali/projects/RoboLab/output/v1_pi05_contrastive/episode_results.jsonl,artifacts/vla_wam_shared_v1/trajectory_evidence/episodes/pi05_droid_vla__contrastive_goal__right__seed-7201__failure.png
pi05_contrastive_static15,pi05_droid_vla,VLA,contrastive_goal,post_interim_direct_stress,right,2,7202,"Put the rubiks cube to the right of the bowl, not to the left of the bowl",False,picked_never_entered_goal,picked · never entered goal,neutral_region,False,False,True,206,213,206,,450,30.0,-0.15132203698158264,0.006549321115016937,0.011174149811267853,-0.006549321115016937,0.24764031655065602,/home/ali/projects/RoboLab/output/v1_pi05_contrastive/RubiksCubeRightOfBowlMatchedTask/run_2.hdf5,/home/ali/projects/RoboLab/output/v1_pi05_contrastive/RubiksCubeRightOfBowlMatchedTask/log_2_env0.json,/home/ali/projects/RoboLab/output/v1_pi05_contrastive/episode_results.jsonl,artifacts/vla_wam_shared_v1/trajectory_evidence/episodes/pi05_droid_vla__contrastive_goal__right__seed-7202__failure.png
pi05_contrastive_static15,pi05_droid_vla,VLA,contrastive_goal,post_interim_direct_stress,right,3,7203,"Put the rubiks cube to the right of the bowl, not to the left of the bowl",False,picked_never_entered_goal,picked · never entered goal,neutral_region,False,False,True,237,376,237,,450,30.0,-0.13942235708236694,0.00898943841457367,-0.028064414858818054,-0.00898943841457367,0.1725833338368774,/home/ali/projects/RoboLab/output/v1_pi05_contrastive/RubiksCubeRightOfBowlMatchedTask/run_3.hdf5,/home/ali/projects/RoboLab/output/v1_pi05_contrastive/RubiksCubeRightOfBowlMatchedTask/log_3_env0.json,/home/ali/projects/RoboLab/output/v1_pi05_contrastive/episode_results.jsonl,artifacts/vla_wam_shared_v1/trajectory_evidence/episodes/pi05_droid_vla__contrastive_goal__right__seed-7203__failure.png
pi05_contrastive_static15,pi05_droid_vla,VLA,contrastive_goal,post_interim_direct_stress,right,4,7204,"Put the rubiks cube to the right of the bowl, not to the left of the bowl",True,success,success,requested_region,True,False,True,162,294,162,262,294,19.6,0.0030468404293060303,-0.13469446077942848,0.06443984806537628,0.13469446077942848,0.648444609615298,/home/ali/projects/RoboLab/output/v1_pi05_contrastive/RubiksCubeRightOfBowlMatchedTask/run_4.hdf5,/home/ali/projects/RoboLab/output/v1_pi05_contrastive/RubiksCubeRightOfBowlMatchedTask/log_4_env0.json,/home/ali/projects/RoboLab/output/v1_pi05_contrastive/episode_results.jsonl,artifacts/vla_wam_shared_v1/trajectory_evidence/episodes/pi05_droid_vla__contrastive_goal__right__seed-7204__success.png
pi05_contrastive_static15,pi05_droid_vla,VLA,contrastive_goal,post_interim_direct_stress,right,5,7205,"Put the rubiks cube to the right of the bowl, not to the left of the bowl",False,picked_never_entered_goal,picked · never entered goal,neutral_region,False,False,True,260,346,260,,450,30.0,-0.11940968036651611,0.07353542000055313,-0.02806665375828743,-0.07353542000055313,0.40998358056405715,/home/ali/projects/RoboLab/output/v1_pi05_contrastive/RubiksCubeRightOfBowlMatchedTask/run_5.hdf5,/home/ali/projects/RoboLab/output/v1_pi05_contrastive/RubiksCubeRightOfBowlMatchedTask/log_5_env0.json,/home/ali/projects/RoboLab/output/v1_pi05_contrastive/episode_results.jsonl,artifacts/vla_wam_shared_v1/trajectory_evidence/episodes/pi05_droid_vla__contrastive_goal__right__seed-7205__failure.png
pi05_contrastive_static15,pi05_droid_vla,VLA,contrastive_goal,post_interim_direct_stress,right,6,7206,"Put the rubiks cube to the right of the bowl, not to the left of the bowl",False,no_cube_interaction,no cube interaction,neutral_region,False,False,False,,,,,450,30.0,-0.13829255104064941,0.05293326824903488,0.0037522688508033752,-0.05293326824903488,0.258140465739928,/home/ali/projects/RoboLab/output/v1_pi05_contrastive/RubiksCubeRightOfBowlMatchedTask/run_6.hdf5,/home/ali/projects/RoboLab/output/v1_pi05_contrastive/RubiksCubeRightOfBowlMatchedTask/log_6_env0.json,/home/ali/projects/RoboLab/output/v1_pi05_contrastive/episode_results.jsonl,artifacts/vla_wam_shared_v1/trajectory_evidence/episodes/pi05_droid_vla__contrastive_goal__right__seed-7206__failure.png
pi05_contrastive_static15,pi05_droid_vla,VLA,contrastive_goal,post_interim_direct_stress,right,7,7207,"Put the rubiks cube to the right of the bowl, not to the left of the bowl",False,no_cube_interaction,no cube interaction,neutral_region,False,False,False,,,,,450,30.0,-0.15717026591300964,0.04117809236049652,0.0037597641348838806,-0.04117809236049652,0.18824614713178106,/home/ali/projects/RoboLab/output/v1_pi05_contrastive/RubiksCubeRightOfBowlMatchedTask/run_7.hdf5,/home/ali/projects/RoboLab/output/v1_pi05_contrastive/RubiksCubeRightOfBowlMatchedTask/log_7_env0.json,/home/ali/projects/RoboLab/output/v1_pi05_contrastive/episode_results.jsonl,artifacts/vla_wam_shared_v1/trajectory_evidence/episodes/pi05_droid_vla__contrastive_goal__right__seed-7207__failure.png
pi05_contrastive_static15,pi05_droid_vla,VLA,contrastive_goal,post_interim_direct_stress,right,8,7208,"Put the rubiks cube to the right of the bowl, not to the left of the bowl",False,picked_never_entered_goal,picked · never entered goal,neutral_region,False,False,True,45,331,45,,450,30.0,-0.1386646032333374,-0.06531685218214989,-0.012619711458683014,0.06531685218214989,0.5799193256384668,/home/ali/projects/RoboLab/output/v1_pi05_contrastive/RubiksCubeRightOfBowlMatchedTask/run_8.hdf5,/home/ali/projects/RoboLab/output/v1_pi05_contrastive/RubiksCubeRightOfBowlMatchedTask/log_8_env0.json,/home/ali/projects/RoboLab/output/v1_pi05_contrastive/episode_results.jsonl,artifacts/vla_wam_shared_v1/trajectory_evidence/episodes/pi05_droid_vla__contrastive_goal__right__seed-7208__failure.png
pi05_contrastive_static15,pi05_droid_vla,VLA,contrastive_goal,post_interim_direct_stress,right,9,7209,"Put the rubiks cube to the right of the bowl, not to the left of the bowl",True,success,success,requested_region,True,False,True,46,199,46,194,199,13.266666666666666,-0.07166844606399536,-0.09818090684711933,0.05372617393732071,0.09818090684711933,0.16117447568946905,/home/ali/projects/RoboLab/output/v1_pi05_contrastive/RubiksCubeRightOfBowlMatchedTask/run_9.hdf5,/home/ali/projects/RoboLab/output/v1_pi05_contrastive/RubiksCubeRightOfBowlMatchedTask/log_9_env0.json,/home/ali/projects/RoboLab/output/v1_pi05_contrastive/episode_results.jsonl,artifacts/vla_wam_shared_v1/trajectory_evidence/episodes/pi05_droid_vla__contrastive_goal__right__seed-7209__success.png
cosmos_canonical_static32,cosmos3_edge_droid_wam,WAM,canonical,original_confirmatory,left,0,6100,Put the rubiks cube to the left of the bowl,True,success,success,requested_region,True,False,True,79,341,79,317,341,22.733333333333334,-0.0977114737033844,0.14841192960739136,0.03456878662109375,0.14841192960739136,0.45826770102199504,/home/ali/projects/RoboLab/output/v1_cosmos_canonical/RubiksCubeLeftOfBowlMatchedTask/run_0.hdf5,/home/ali/projects/RoboLab/output/v1_cosmos_canonical/RubiksCubeLeftOfBowlMatchedTask/log_0_env0.json,/home/ali/projects/RoboLab/output/v1_cosmos_canonical/episode_results.jsonl,artifacts/vla_wam_shared_v1/trajectory_evidence/episodes/cosmos3_edge_droid_wam__canonical__left__seed-6100__success.png
cosmos_canonical_static32,cosmos3_edge_droid_wam,WAM,canonical,original_confirmatory,left,1,6101,Put the rubiks cube to the left of the bowl,True,success,success,requested_region,True,False,True,88,346,88,277,346,23.066666666666666,0.004017829895019531,0.11895895004272461,0.013267874717712402,0.11895895004272461,0.5695930878398868,/home/ali/projects/RoboLab/output/v1_cosmos_canonical/RubiksCubeLeftOfBowlMatchedTask/run_1.hdf5,/home/ali/projects/RoboLab/output/v1_cosmos_canonical/RubiksCubeLeftOfBowlMatchedTask/log_1_env0.json,/home/ali/projects/RoboLab/output/v1_cosmos_canonical/episode_results.jsonl,artifacts/vla_wam_shared_v1/trajectory_evidence/episodes/cosmos3_edge_droid_wam__canonical__left__seed-6101__success.png
cosmos_canonical_static32,cosmos3_edge_droid_wam,WAM,canonical,original_confirmatory,left,2,6102,Put the rubiks cube to the left of the bowl,False,picked_never_entered_goal,picked · never entered goal,opposite_region,False,True,True,151,320,151,,450,30.0,0.0006475150585174561,-0.02037990838289261,0.002640634775161743,-0.02037990838289261,0.47706847868281377,/home/ali/projects/RoboLab/output/v1_cosmos_canonical/RubiksCubeLeftOfBowlMatchedTask/run_2.hdf5,/home/ali/projects/RoboLab/output/v1_cosmos_canonical/RubiksCubeLeftOfBowlMatchedTask/log_2_env0.json,/home/ali/projects/RoboLab/output/v1_cosmos_canonical/episode_results.jsonl,artifacts/vla_wam_shared_v1/trajectory_evidence/episodes/cosmos3_edge_droid_wam__canonical__left__seed-6102__failure.png
cosmos_canonical_static32,cosmos3_edge_droid_wam,WAM,canonical,original_confirmatory,left,3,6103,Put the rubiks cube to the left of the bowl,True,success,success,requested_region,True,False,True,65,114,65,238,239,15.933333333333334,-0.08275496959686279,0.08399197459220886,0.01214233785867691,0.08399197459220886,0.3487153033208482,/home/ali/projects/RoboLab/output/v1_cosmos_canonical/RubiksCubeLeftOfBowlMatchedTask/run_3.hdf5,/home/ali/projects/RoboLab/output/v1_cosmos_canonical/RubiksCubeLeftOfBowlMatchedTask/log_3_env0.json,/home/ali/projects/RoboLab/output/v1_cosmos_canonical/episode_results.jsonl,artifacts/vla_wam_shared_v1/trajectory_evidence/episodes/cosmos3_edge_droid_wam__canonical__left__seed-6103__success.png
cosmos_canonical_static32,cosmos3_edge_droid_wam,WAM,canonical,original_confirmatory,left,4,6104,Put the rubiks cube to the left of the bowl,False,picked_never_entered_goal,picked · never entered goal,neutral_region,False,False,True,142,301,142,,450,30.0,-0.09650707244873047,-0.023263290524482727,0.007882468402385712,-0.023263290524482727,0.2251791380446564,/home/ali/projects/RoboLab/output/v1_cosmos_canonical/RubiksCubeLeftOfBowlMatchedTask/run_4.hdf5,/home/ali/projects/RoboLab/output/v1_cosmos_canonical/RubiksCubeLeftOfBowlMatchedTask/log_4_env0.json,/home/ali/projects/RoboLab/output/v1_cosmos_canonical/episode_results.jsonl,artifacts/vla_wam_shared_v1/trajectory_evidence/episodes/cosmos3_edge_droid_wam__canonical__left__seed-6104__failure.png
cosmos_canonical_static32,cosmos3_edge_droid_wam,WAM,canonical,original_confirmatory,left,5,6105,Put the rubiks cube to the left of the bowl,True,success,success,requested_region,True,False,True,127,247,127,224,247,16.466666666666665,-0.07344019412994385,0.11636726558208466,0.003715209662914276,0.11636726558208466,0.18710958708619335,/home/ali/projects/RoboLab/output/v1_cosmos_canonical/RubiksCubeLeftOfBowlMatchedTask/run_5.hdf5,/home/ali/projects/RoboLab/output/v1_cosmos_canonical/RubiksCubeLeftOfBowlMatchedTask/log_5_env0.json,/home/ali/projects/RoboLab/output/v1_cosmos_canonical/episode_results.jsonl,artifacts/vla_wam_shared_v1/trajectory_evidence/episodes/cosmos3_edge_droid_wam__canonical__left__seed-6105__success.png
cosmos_canonical_static32,cosmos3_edge_droid_wam,WAM,canonical,original_confirmatory,left,6,6106,Put the rubiks cube to the left of the bowl,False,picked_never_entered_goal,picked · never entered goal,neutral_region,False,False,True,75,342,75,,450,30.0,-0.10659730434417725,0.0033470019698143005,0.0028674080967903137,0.0033470019698143005,0.2858822013441181,/home/ali/projects/RoboLab/output/v1_cosmos_canonical/RubiksCubeLeftOfBowlMatchedTask/run_6.hdf5,/home/ali/projects/RoboLab/output/v1_cosmos_canonical/RubiksCubeLeftOfBowlMatchedTask/log_6_env0.json,/home/ali/projects/RoboLab/output/v1_cosmos_canonical/episode_results.jsonl,artifacts/vla_wam_shared_v1/trajectory_evidence/episodes/cosmos3_edge_droid_wam__canonical__left__seed-6106__failure.png
cosmos_canonical_static32,cosmos3_edge_droid_wam,WAM,canonical,original_confirmatory,left,7,6107,Put the rubiks cube to the left of the bowl,True,success,success,requested_region,True,False,True,74,121,74,100,121,8.066666666666666,-0.06748062372207642,0.15304316580295563,0.014519624412059784,0.15304316580295563,0.19719532961953345,/home/ali/projects/RoboLab/output/v1_cosmos_canonical/RubiksCubeLeftOfBowlMatchedTask/run_7.hdf5,/home/ali/projects/RoboLab/output/v1_cosmos_canonical/RubiksCubeLeftOfBowlMatchedTask/log_7_env0.json,/home/ali/projects/RoboLab/output/v1_cosmos_canonical/episode_results.jsonl,artifacts/vla_wam_shared_v1/trajectory_evidence/episodes/cosmos3_edge_droid_wam__canonical__left__seed-6107__success.png
cosmos_canonical_static32,cosmos3_edge_droid_wam,WAM,canonical,original_confirmatory,left,8,6108,Put the rubiks cube to the left of the bowl,True,success,success,requested_region,True,False,True,78,206,78,198,206,13.733333333333333,-0.082726389169693,0.1122162938117981,0.032089971005916595,0.1122162938117981,0.22673203569708617,/home/ali/projects/RoboLab/output/v1_cosmos_canonical/RubiksCubeLeftOfBowlMatchedTask/run_8.hdf5,/home/ali/projects/RoboLab/output/v1_cosmos_canonical/RubiksCubeLeftOfBowlMatchedTask/log_8_env0.json,/home/ali/projects/RoboLab/output/v1_cosmos_canonical/episode_results.jsonl,artifacts/vla_wam_shared_v1/trajectory_evidence/episodes/cosmos3_edge_droid_wam__canonical__left__seed-6108__success.png
cosmos_canonical_static32,cosmos3_edge_droid_wam,WAM,canonical,original_confirmatory,left,9,6109,Put the rubiks cube to the left of the bowl,True,success,success,requested_region,True,False,True,56,78,56,129,130,8.666666666666666,-0.07482823729515076,0.0790223553776741,0.04197614639997482,0.0790223553776741,0.1936122246121592,/home/ali/projects/RoboLab/output/v1_cosmos_canonical/RubiksCubeLeftOfBowlMatchedTask/run_9.hdf5,/home/ali/projects/RoboLab/output/v1_cosmos_canonical/RubiksCubeLeftOfBowlMatchedTask/log_9_env0.json,/home/ali/projects/RoboLab/output/v1_cosmos_canonical/episode_results.jsonl,artifacts/vla_wam_shared_v1/trajectory_evidence/episodes/cosmos3_edge_droid_wam__canonical__left__seed-6109__success.png
cosmos_canonical_static32,cosmos3_edge_droid_wam,WAM,canonical,original_confirmatory,right,0,6100,Put the rubiks cube to the right of the bowl,True,success,success,requested_region,True,False,True,76,364,76,324,364,24.266666666666666,-0.06102043390274048,-0.181039746850729,0.012344114482402802,0.181039746850729,0.40630726057896005,/home/ali/projects/RoboLab/output/v1_cosmos_canonical/RubiksCubeRightOfBowlMatchedTask/run_0.hdf5,/home/ali/projects/RoboLab/output/v1_cosmos_canonical/RubiksCubeRightOfBowlMatchedTask/log_0_env0.json,/home/ali/projects/RoboLab/output/v1_cosmos_canonical/episode_results.jsonl,artifacts/vla_wam_shared_v1/trajectory_evidence/episodes/cosmos3_edge_droid_wam__canonical__right__seed-6100__success.png
cosmos_canonical_static32,cosmos3_edge_droid_wam,WAM,canonical,original_confirmatory,right,1,6101,Put the rubiks cube to the right of the bowl,True,success,success,requested_region,True,False,True,78,143,78,104,161,10.733333333333333,0.02584177255630493,-0.41796864569187164,-0.0031023994088172913,0.41796864569187164,0.5347614303501488,/home/ali/projects/RoboLab/output/v1_cosmos_canonical/RubiksCubeRightOfBowlMatchedTask/run_1.hdf5,/home/ali/projects/RoboLab/output/v1_cosmos_canonical/RubiksCubeRightOfBowlMatchedTask/log_1_env0.json,/home/ali/projects/RoboLab/output/v1_cosmos_canonical/episode_results.jsonl,artifacts/vla_wam_shared_v1/trajectory_evidence/episodes/cosmos3_edge_droid_wam__canonical__right__seed-6101__success.png
cosmos_canonical_static32,cosmos3_edge_droid_wam,WAM,canonical,original_confirmatory,right,2,6102,Put the rubiks cube to the right of the bowl,True,success,success,requested_region,True,False,True,166,239,166,188,245,16.333333333333332,0.09897640347480774,-0.40377815067768097,0.0037564411759376526,0.40377815067768097,0.5340816255992507,/home/ali/projects/RoboLab/output/v1_cosmos_canonical/RubiksCubeRightOfBowlMatchedTask/run_2.hdf5,/home/ali/projects/RoboLab/output/v1_cosmos_canonical/RubiksCubeRightOfBowlMatchedTask/log_2_env0.json,/home/ali/projects/RoboLab/output/v1_cosmos_canonical/episode_results.jsonl,artifacts/vla_wam_shared_v1/trajectory_evidence/episodes/cosmos3_edge_droid_wam__canonical__right__seed-6102__success.png
cosmos_canonical_static32,cosmos3_edge_droid_wam,WAM,canonical,original_confirmatory,right,3,6103,Put the rubiks cube to the right of the bowl,True,success,success,requested_region,True,False,True,59,247,59,201,247,16.466666666666665,0.025883197784423828,-0.400456078350544,0.02521120011806488,0.400456078350544,0.6116331259646924,/home/ali/projects/RoboLab/output/v1_cosmos_canonical/RubiksCubeRightOfBowlMatchedTask/run_3.hdf5,/home/ali/projects/RoboLab/output/v1_cosmos_canonical/RubiksCubeRightOfBowlMatchedTask/log_3_env0.json,/home/ali/projects/RoboLab/output/v1_cosmos_canonical/episode_results.jsonl,artifacts/vla_wam_shared_v1/trajectory_evidence/episodes/cosmos3_edge_droid_wam__canonical__right__seed-6103__success.png
cosmos_canonical_static32,cosmos3_edge_droid_wam,WAM,canonical,original_confirmatory,right,4,6104,Put the rubiks cube to the right of the bowl,True,success,success,requested_region,True,False,True,82,147,82,104,147,9.8,-0.024821072816848755,-0.41434651613235474,0.01837056130170822,0.41434651613235474,0.504263650979608,/home/ali/projects/RoboLab/output/v1_cosmos_canonical/RubiksCubeRightOfBowlMatchedTask/run_4.hdf5,/home/ali/projects/RoboLab/output/v1_cosmos_canonical/RubiksCubeRightOfBowlMatchedTask/log_4_env0.json,/home/ali/projects/RoboLab/output/v1_cosmos_canonical/episode_results.jsonl,artifacts/vla_wam_shared_v1/trajectory_evidence/episodes/cosmos3_edge_droid_wam__canonical__right__seed-6104__success.png
cosmos_canonical_static32,cosmos3_edge_droid_wam,WAM,canonical,original_confirmatory,right,5,6105,Put the rubiks cube to the right of the bowl,False,picked_never_entered_goal,picked · never entered goal,neutral_region,False,False,True,56,199,56,,450,30.0,-0.12923255562782288,-0.009423300623893738,-0.0013286024332046509,0.009423300623893738,0.1704195191563336,/home/ali/projects/RoboLab/output/v1_cosmos_canonical/RubiksCubeRightOfBowlMatchedTask/run_5.hdf5,/home/ali/projects/RoboLab/output/v1_cosmos_canonical/RubiksCubeRightOfBowlMatchedTask/log_5_env0.json,/home/ali/projects/RoboLab/output/v1_cosmos_canonical/episode_results.jsonl,artifacts/vla_wam_shared_v1/trajectory_evidence/episodes/cosmos3_edge_droid_wam__canonical__right__seed-6105__failure.png
cosmos_canonical_static32,cosmos3_edge_droid_wam,WAM,canonical,original_confirmatory,right,6,6106,Put the rubiks cube to the right of the bowl,True,success,success,requested_region,True,False,True,63,141,63,81,168,11.2,0.08038115501403809,-0.4030604958534241,-0.008698351681232452,0.4030604958534241,0.7181907703516821,/home/ali/projects/RoboLab/output/v1_cosmos_canonical/RubiksCubeRightOfBowlMatchedTask/run_6.hdf5,/home/ali/projects/RoboLab/output/v1_cosmos_canonical/RubiksCubeRightOfBowlMatchedTask/log_6_env0.json,/home/ali/projects/RoboLab/output/v1_cosmos_canonical/episode_results.jsonl,artifacts/vla_wam_shared_v1/trajectory_evidence/episodes/cosmos3_edge_droid_wam__canonical__right__seed-6106__success.png
cosmos_canonical_static32,cosmos3_edge_droid_wam,WAM,canonical,original_confirmatory,right,7,6107,Put the rubiks cube to the right of the bowl,True,success,success,requested_region,True,False,True,75,129,75,87,129,8.6,0.03327822685241699,-0.37135137617588043,0.04464273899793625,0.37135137617588043,0.4726479743604281,/home/ali/projects/RoboLab/output/v1_cosmos_canonical/RubiksCubeRightOfBowlMatchedTask/run_7.hdf5,/home/ali/projects/RoboLab/output/v1_cosmos_canonical/RubiksCubeRightOfBowlMatchedTask/log_7_env0.json,/home/ali/projects/RoboLab/output/v1_cosmos_canonical/episode_results.jsonl,artifacts/vla_wam_shared_v1/trajectory_evidence/episodes/cosmos3_edge_droid_wam__canonical__right__seed-6107__success.png
cosmos_canonical_static32,cosmos3_edge_droid_wam,WAM,canonical,original_confirmatory,right,8,6108,Put the rubiks cube to the right of the bowl,True,success,success,requested_region,True,False,True,87,185,87,127,185,12.333333333333334,-0.008512824773788452,-0.44956521689891815,0.01346348226070404,0.44956521689891815,0.5828620434939523,/home/ali/projects/RoboLab/output/v1_cosmos_canonical/RubiksCubeRightOfBowlMatchedTask/run_8.hdf5,/home/ali/projects/RoboLab/output/v1_cosmos_canonical/RubiksCubeRightOfBowlMatchedTask/log_8_env0.json,/home/ali/projects/RoboLab/output/v1_cosmos_canonical/episode_results.jsonl,artifacts/vla_wam_shared_v1/trajectory_evidence/episodes/cosmos3_edge_droid_wam__canonical__right__seed-6108__success.png
cosmos_canonical_static32,cosmos3_edge_droid_wam,WAM,canonical,original_confirmatory,right,9,6109,Put the rubiks cube to the right of the bowl,False,ended_in_goal_without_terminal_success,ended in goal · terminal failure,requested_region,True,False,True,85,88,85,407,450,30.0,-0.034366339445114136,-0.41872869431972504,0.08392636477947235,0.41872869431972504,0.5228353516307576,/home/ali/projects/RoboLab/output/v1_cosmos_canonical/RubiksCubeRightOfBowlMatchedTask/run_9.hdf5,/home/ali/projects/RoboLab/output/v1_cosmos_canonical/RubiksCubeRightOfBowlMatchedTask/log_9_env0.json,/home/ali/projects/RoboLab/output/v1_cosmos_canonical/episode_results.jsonl,artifacts/vla_wam_shared_v1/trajectory_evidence/episodes/cosmos3_edge_droid_wam__canonical__right__seed-6109__failure.png
cosmos_short_static32,cosmos3_edge_droid_wam,WAM,short_paraphrase,original_confirmatory,left,0,6100,Put the cube left of the bowl,False,picked_never_entered_goal,picked · never entered goal,neutral_region,False,False,True,81,234,81,,450,30.0,-0.1304427683353424,-0.10940294340252876,0.010751277208328247,-0.10940294340252876,0.27390215784860245,/home/ali/projects/RoboLab/output/v1_cosmos_vague/RubiksCubeLeftOfBowlMatchedTask/run_0.hdf5,/home/ali/projects/RoboLab/output/v1_cosmos_vague/RubiksCubeLeftOfBowlMatchedTask/log_0_env0.json,/home/ali/projects/RoboLab/output/v1_cosmos_vague/episode_results.jsonl,artifacts/vla_wam_shared_v1/trajectory_evidence/episodes/cosmos3_edge_droid_wam__short_paraphrase__left__seed-6100__failure.png
cosmos_short_static32,cosmos3_edge_droid_wam,WAM,short_paraphrase,original_confirmatory,left,1,6101,Put the cube left of the bowl,True,success,success,requested_region,True,False,True,92,115,92,349,350,23.333333333333332,-0.07856684923171997,0.07915564626455307,-0.04945163428783417,0.07915564626455307,0.6421705182329023,/home/ali/projects/RoboLab/output/v1_cosmos_vague/RubiksCubeLeftOfBowlMatchedTask/run_1.hdf5,/home/ali/projects/RoboLab/output/v1_cosmos_vague/RubiksCubeLeftOfBowlMatchedTask/log_1_env0.json,/home/ali/projects/RoboLab/output/v1_cosmos_vague/episode_results.jsonl,artifacts/vla_wam_shared_v1/trajectory_evidence/episodes/cosmos3_edge_droid_wam__short_paraphrase__left__seed-6101__success.png
cosmos_short_static32,cosmos3_edge_droid_wam,WAM,short_paraphrase,original_confirmatory,left,2,6102,Put the cube left of the bowl,True,success,success,requested_region,True,False,True,77,127,77,107,127,8.466666666666667,0.00972554087638855,0.13328516483306885,0.019266873598098755,0.13328516483306885,0.28919621444256394,/home/ali/projects/RoboLab/output/v1_cosmos_vague/RubiksCubeLeftOfBowlMatchedTask/run_2.hdf5,/home/ali/projects/RoboLab/output/v1_cosmos_vague/RubiksCubeLeftOfBowlMatchedTask/log_2_env0.json,/home/ali/projects/RoboLab/output/v1_cosmos_vague/episode_results.jsonl,artifacts/vla_wam_shared_v1/trajectory_evidence/episodes/cosmos3_edge_droid_wam__short_paraphrase__left__seed-6102__success.png
cosmos_short_static32,cosmos3_edge_droid_wam,WAM,short_paraphrase,original_confirmatory,left,3,6103,Put the cube left of the bowl,False,picked_never_entered_goal,picked · never entered goal,opposite_region,False,True,True,80,373,80,,450,30.0,-0.10632506012916565,-0.12299640476703644,-0.014748968183994293,-0.12299640476703644,0.5393354418563494,/home/ali/projects/RoboLab/output/v1_cosmos_vague/RubiksCubeLeftOfBowlMatchedTask/run_3.hdf5,/home/ali/projects/RoboLab/output/v1_cosmos_vague/RubiksCubeLeftOfBowlMatchedTask/log_3_env0.json,/home/ali/projects/RoboLab/output/v1_cosmos_vague/episode_results.jsonl,artifacts/vla_wam_shared_v1/trajectory_evidence/episodes/cosmos3_edge_droid_wam__short_paraphrase__left__seed-6103__failure.png
cosmos_short_static32,cosmos3_edge_droid_wam,WAM,short_paraphrase,original_confirmatory,left,4,6104,Put the cube left of the bowl,False,picked_never_entered_goal,picked · never entered goal,opposite_region,False,True,True,105,323,105,,450,30.0,-0.013174980878829956,-0.3172808736562729,-0.026465918868780136,-0.3172808736562729,0.7926254328845528,/home/ali/projects/RoboLab/output/v1_cosmos_vague/RubiksCubeLeftOfBowlMatchedTask/run_4.hdf5,/home/ali/projects/RoboLab/output/v1_cosmos_vague/RubiksCubeLeftOfBowlMatchedTask/log_4_env0.json,/home/ali/projects/RoboLab/output/v1_cosmos_vague/episode_results.jsonl,artifacts/vla_wam_shared_v1/trajectory_evidence/episodes/cosmos3_edge_droid_wam__short_paraphrase__left__seed-6104__failure.png
cosmos_short_static32,cosmos3_edge_droid_wam,WAM,short_paraphrase,original_confirmatory,left,5,6105,Put the cube left of the bowl,True,success,success,requested_region,True,False,True,52,151,52,152,153,10.2,-0.0905405580997467,0.11834381520748138,0.034007951617240906,0.11834381520748138,0.2124029665669602,/home/ali/projects/RoboLab/output/v1_cosmos_vague/RubiksCubeLeftOfBowlMatchedTask/run_5.hdf5,/home/ali/projects/RoboLab/output/v1_cosmos_vague/RubiksCubeLeftOfBowlMatchedTask/log_5_env0.json,/home/ali/projects/RoboLab/output/v1_cosmos_vague/episode_results.jsonl,artifacts/vla_wam_shared_v1/trajectory_evidence/episodes/cosmos3_edge_droid_wam__short_paraphrase__left__seed-6105__success.png
cosmos_short_static32,cosmos3_edge_droid_wam,WAM,short_paraphrase,original_confirmatory,left,6,6106,Put the cube left of the bowl,False,picked_never_entered_goal,picked · never entered goal,opposite_region,False,True,True,86,440,86,,450,30.0,0.005105525255203247,-0.22315137833356857,0.010766662657260895,-0.22315137833356857,0.7997927640237329,/home/ali/projects/RoboLab/output/v1_cosmos_vague/RubiksCubeLeftOfBowlMatchedTask/run_6.hdf5,/home/ali/projects/RoboLab/output/v1_cosmos_vague/RubiksCubeLeftOfBowlMatchedTask/log_6_env0.json,/home/ali/projects/RoboLab/output/v1_cosmos_vague/episode_results.jsonl,artifacts/vla_wam_shared_v1/trajectory_evidence/episodes/cosmos3_edge_droid_wam__short_paraphrase__left__seed-6106__failure.png
cosmos_short_static32,cosmos3_edge_droid_wam,WAM,short_paraphrase,original_confirmatory,left,7,6107,Put the cube left of the bowl,False,picked_never_entered_goal,picked · never entered goal,neutral_region,False,False,True,76,431,76,,450,30.0,-0.12574005126953125,-0.08323907107114792,-0.028064265847206116,-0.08323907107114792,0.20246267013754624,/home/ali/projects/RoboLab/output/v1_cosmos_vague/RubiksCubeLeftOfBowlMatchedTask/run_7.hdf5,/home/ali/projects/RoboLab/output/v1_cosmos_vague/RubiksCubeLeftOfBowlMatchedTask/log_7_env0.json,/home/ali/projects/RoboLab/output/v1_cosmos_vague/episode_results.jsonl,artifacts/vla_wam_shared_v1/trajectory_evidence/episodes/cosmos3_edge_droid_wam__short_paraphrase__left__seed-6107__failure.png
cosmos_short_static32,cosmos3_edge_droid_wam,WAM,short_paraphrase,original_confirmatory,left,8,6108,Put the cube left of the bowl,False,picked_never_entered_goal,picked · never entered goal,neutral_region,False,False,True,163,268,163,,450,30.0,0.23386478424072266,-0.09216171875596046,0.12267656624317169,-0.09216171875596046,1.4990069461525455,/home/ali/projects/RoboLab/output/v1_cosmos_vague/RubiksCubeLeftOfBowlMatchedTask/run_8.hdf5,/home/ali/projects/RoboLab/output/v1_cosmos_vague/RubiksCubeLeftOfBowlMatchedTask/log_8_env0.json,/home/ali/projects/RoboLab/output/v1_cosmos_vague/episode_results.jsonl,artifacts/vla_wam_shared_v1/trajectory_evidence/episodes/cosmos3_edge_droid_wam__short_paraphrase__left__seed-6108__failure.png
cosmos_short_static32,cosmos3_edge_droid_wam,WAM,short_paraphrase,original_confirmatory,left,9,6109,Put the cube left of the bowl,True,success,success,requested_region,True,False,True,83,,83,449,450,30.0,-0.01986655592918396,0.025593429803848267,0.017383627593517303,0.025593429803848267,0.5026474277133327,/home/ali/projects/RoboLab/output/v1_cosmos_vague/RubiksCubeLeftOfBowlMatchedTask/run_9.hdf5,/home/ali/projects/RoboLab/output/v1_cosmos_vague/RubiksCubeLeftOfBowlMatchedTask/log_9_env0.json,/home/ali/projects/RoboLab/output/v1_cosmos_vague/episode_results.jsonl,artifacts/vla_wam_shared_v1/trajectory_evidence/episodes/cosmos3_edge_droid_wam__short_paraphrase__left__seed-6109__success.png
cosmos_short_static32,cosmos3_edge_droid_wam,WAM,short_paraphrase,original_confirmatory,right,0,6100,Put the cube right of the bowl,True,success,success,requested_region,True,False,True,71,159,71,93,159,10.6,0.1644357442855835,-0.2775094360113144,0.05596388131380081,0.2775094360113144,0.48683988417664464,/home/ali/projects/RoboLab/output/v1_cosmos_vague/RubiksCubeRightOfBowlMatchedTask/run_0.hdf5,/home/ali/projects/RoboLab/output/v1_cosmos_vague/RubiksCubeRightOfBowlMatchedTask/log_0_env0.json,/home/ali/projects/RoboLab/output/v1_cosmos_vague/episode_results.jsonl,artifacts/vla_wam_shared_v1/trajectory_evidence/episodes/cosmos3_edge_droid_wam__short_paraphrase__right__seed-6100__success.png
cosmos_short_static32,cosmos3_edge_droid_wam,WAM,short_paraphrase,original_confirmatory,right,1,6101,Put the cube right of the bowl,True,success,success,requested_region,True,False,True,80,178,80,110,178,11.866666666666667,0.08476650714874268,-0.3182108551263809,0.014737740159034729,0.3182108551263809,0.6234873681888334,/home/ali/projects/RoboLab/output/v1_cosmos_vague/RubiksCubeRightOfBowlMatchedTask/run_1.hdf5,/home/ali/projects/RoboLab/output/v1_cosmos_vague/RubiksCubeRightOfBowlMatchedTask/log_1_env0.json,/home/ali/projects/RoboLab/output/v1_cosmos_vague/episode_results.jsonl,artifacts/vla_wam_shared_v1/trajectory_evidence/episodes/cosmos3_edge_droid_wam__short_paraphrase__right__seed-6101__success.png
cosmos_short_static32,cosmos3_edge_droid_wam,WAM,short_paraphrase,original_confirmatory,right,2,6102,Put the cube right of the bowl,True,success,success,requested_region,True,False,True,85,158,85,118,158,10.533333333333333,-0.07031995058059692,-0.3487950712442398,0.02328888326883316,0.3487950712442398,0.5038448052424327,/home/ali/projects/RoboLab/output/v1_cosmos_vague/RubiksCubeRightOfBowlMatchedTask/run_2.hdf5,/home/ali/projects/RoboLab/output/v1_cosmos_vague/RubiksCubeRightOfBowlMatchedTask/log_2_env0.json,/home/ali/projects/RoboLab/output/v1_cosmos_vague/episode_results.jsonl,artifacts/vla_wam_shared_v1/trajectory_evidence/episodes/cosmos3_edge_droid_wam__short_paraphrase__right__seed-6102__success.png
cosmos_short_static32,cosmos3_edge_droid_wam,WAM,short_paraphrase,original_confirmatory,right,3,6103,Put the cube right of the bowl,True,success,success,requested_region,True,False,True,88,245,88,168,245,16.333333333333332,0.016577810049057007,-0.43315425515174866,0.025495454668998718,0.43315425515174866,0.68711940461599,/home/ali/projects/RoboLab/output/v1_cosmos_vague/RubiksCubeRightOfBowlMatchedTask/run_3.hdf5,/home/ali/projects/RoboLab/output/v1_cosmos_vague/RubiksCubeRightOfBowlMatchedTask/log_3_env0.json,/home/ali/projects/RoboLab/output/v1_cosmos_vague/episode_results.jsonl,artifacts/vla_wam_shared_v1/trajectory_evidence/episodes/cosmos3_edge_droid_wam__short_paraphrase__right__seed-6103__success.png
cosmos_short_static32,cosmos3_edge_droid_wam,WAM,short_paraphrase,original_confirmatory,right,4,6104,Put the cube right of the bowl,True,success,success,requested_region,True,False,True,79,340,79,190,340,22.666666666666668,0.14783507585525513,-0.42299626767635345,0.016353793442249298,0.42299626767635345,1.2025371883850695,/home/ali/projects/RoboLab/output/v1_cosmos_vague/RubiksCubeRightOfBowlMatchedTask/run_4.hdf5,/home/ali/projects/RoboLab/output/v1_cosmos_vague/RubiksCubeRightOfBowlMatchedTask/log_4_env0.json,/home/ali/projects/RoboLab/output/v1_cosmos_vague/episode_results.jsonl,artifacts/vla_wam_shared_v1/trajectory_evidence/episodes/cosmos3_edge_droid_wam__short_paraphrase__right__seed-6104__success.png
cosmos_short_static32,cosmos3_edge_droid_wam,WAM,short_paraphrase,original_confirmatory,right,5,6105,Put the cube right of the bowl,True,success,success,requested_region,True,False,True,57,152,57,80,154,10.266666666666666,0.0025529861450195312,-0.44519850611686707,0.020963795483112335,0.44519850611686707,0.6043479691266928,/home/ali/projects/RoboLab/output/v1_cosmos_vague/RubiksCubeRightOfBowlMatchedTask/run_5.hdf5,/home/ali/projects/RoboLab/output/v1_cosmos_vague/RubiksCubeRightOfBowlMatchedTask/log_5_env0.json,/home/ali/projects/RoboLab/output/v1_cosmos_vague/episode_results.jsonl,artifacts/vla_wam_shared_v1/trajectory_evidence/episodes/cosmos3_edge_droid_wam__short_paraphrase__right__seed-6105__success.png
cosmos_short_static32,cosmos3_edge_droid_wam,WAM,short_paraphrase,original_confirmatory,right,6,6106,Put the cube right of the bowl,True,success,success,requested_region,True,False,True,72,140,72,85,151,10.066666666666666,0.039820075035095215,-0.4515307694673538,0.0107339546084404,0.4515307694673538,0.6523233681615475,/home/ali/projects/RoboLab/output/v1_cosmos_vague/RubiksCubeRightOfBowlMatchedTask/run_6.hdf5,/home/ali/projects/RoboLab/output/v1_cosmos_vague/RubiksCubeRightOfBowlMatchedTask/log_6_env0.json,/home/ali/projects/RoboLab/output/v1_cosmos_vague/episode_results.jsonl,artifacts/vla_wam_shared_v1/trajectory_evidence/episodes/cosmos3_edge_droid_wam__short_paraphrase__right__seed-6106__success.png
cosmos_short_static32,cosmos3_edge_droid_wam,WAM,short_paraphrase,original_confirmatory,right,7,6107,Put the cube right of the bowl,True,success,success,requested_region,True,False,True,72,128,72,96,128,8.533333333333333,-0.018208861351013184,-0.2720101475715637,0.10565163195133209,0.2720101475715637,0.3567260430779695,/home/ali/projects/RoboLab/output/v1_cosmos_vague/RubiksCubeRightOfBowlMatchedTask/run_7.hdf5,/home/ali/projects/RoboLab/output/v1_cosmos_vague/RubiksCubeRightOfBowlMatchedTask/log_7_env0.json,/home/ali/projects/RoboLab/output/v1_cosmos_vague/episode_results.jsonl,artifacts/vla_wam_shared_v1/trajectory_evidence/episodes/cosmos3_edge_droid_wam__short_paraphrase__right__seed-6107__success.png
cosmos_short_static32,cosmos3_edge_droid_wam,WAM,short_paraphrase,original_confirmatory,right,8,6108,Put the cube right of the bowl,True,success,success,requested_region,True,False,True,76,187,76,91,187,12.466666666666667,0.02476787567138672,-0.4329368621110916,0.022933319211006165,0.4329368621110916,0.6610569611924475,/home/ali/projects/RoboLab/output/v1_cosmos_vague/RubiksCubeRightOfBowlMatchedTask/run_8.hdf5,/home/ali/projects/RoboLab/output/v1_cosmos_vague/RubiksCubeRightOfBowlMatchedTask/log_8_env0.json,/home/ali/projects/RoboLab/output/v1_cosmos_vague/episode_results.jsonl,artifacts/vla_wam_shared_v1/trajectory_evidence/episodes/cosmos3_edge_droid_wam__short_paraphrase__right__seed-6108__success.png
cosmos_short_static32,cosmos3_edge_droid_wam,WAM,short_paraphrase,original_confirmatory,right,9,6109,Put the cube right of the bowl,True,success,success,requested_region,True,False,True,86,265,86,176,265,17.666666666666668,0.09120932221412659,-0.40364862233400345,0.0031401589512825012,0.40364862233400345,0.6387735334731255,/home/ali/projects/RoboLab/output/v1_cosmos_vague/RubiksCubeRightOfBowlMatchedTask/run_9.hdf5,/home/ali/projects/RoboLab/output/v1_cosmos_vague/RubiksCubeRightOfBowlMatchedTask/log_9_env0.json,/home/ali/projects/RoboLab/output/v1_cosmos_vague/episode_results.jsonl,artifacts/vla_wam_shared_v1/trajectory_evidence/episodes/cosmos3_edge_droid_wam__short_paraphrase__right__seed-6109__success.png
cosmos_declarative_static32,cosmos3_edge_droid_wam,WAM,declarative_goal,post_interim_direct_stress,left,0,7200,The rubiks cube should end up to the left of the bowl,True,success,success,requested_region,True,False,True,57,249,57,224,249,16.6,-0.10298573970794678,0.1142122894525528,0.003751300275325775,0.1142122894525528,0.2949388649687664,/home/ali/projects/RoboLab/output/v1_cosmos_declarative/RubiksCubeLeftOfBowlMatchedTask/run_0.hdf5,/home/ali/projects/RoboLab/output/v1_cosmos_declarative/RubiksCubeLeftOfBowlMatchedTask/log_0_env0.json,/home/ali/projects/RoboLab/output/v1_cosmos_declarative/episode_results.jsonl,artifacts/vla_wam_shared_v1/trajectory_evidence/episodes/cosmos3_edge_droid_wam__declarative_goal__left__seed-7200__success.png
cosmos_declarative_static32,cosmos3_edge_droid_wam,WAM,declarative_goal,post_interim_direct_stress,left,1,7201,The rubiks cube should end up to the left of the bowl,True,success,success,requested_region,True,False,True,171,185,171,186,187,12.466666666666667,-0.06827503442764282,0.08015763759613037,0.034780800342559814,0.08015763759613037,0.21966749843559633,/home/ali/projects/RoboLab/output/v1_cosmos_declarative/RubiksCubeLeftOfBowlMatchedTask/run_1.hdf5,/home/ali/projects/RoboLab/output/v1_cosmos_declarative/RubiksCubeLeftOfBowlMatchedTask/log_1_env0.json,/home/ali/projects/RoboLab/output/v1_cosmos_declarative/episode_results.jsonl,artifacts/vla_wam_shared_v1/trajectory_evidence/episodes/cosmos3_edge_droid_wam__declarative_goal__left__seed-7201__success.png
cosmos_declarative_static32,cosmos3_edge_droid_wam,WAM,declarative_goal,post_interim_direct_stress,left,2,7202,The rubiks cube should end up to the left of the bowl,True,success,success,requested_region,True,False,True,171,333,81,301,333,22.2,-0.057588130235672,0.17783647775650024,0.026303425431251526,0.17783647775650024,0.371797737259004,/home/ali/projects/RoboLab/output/v1_cosmos_declarative/RubiksCubeLeftOfBowlMatchedTask/run_2.hdf5,/home/ali/projects/RoboLab/output/v1_cosmos_declarative/RubiksCubeLeftOfBowlMatchedTask/log_2_env0.json,/home/ali/projects/RoboLab/output/v1_cosmos_declarative/episode_results.jsonl,artifacts/vla_wam_shared_v1/trajectory_evidence/episodes/cosmos3_edge_droid_wam__declarative_goal__left__seed-7202__success.png
cosmos_declarative_static32,cosmos3_edge_droid_wam,WAM,declarative_goal,post_interim_direct_stress,left,3,7203,The rubiks cube should end up to the left of the bowl,True,success,success,requested_region,True,False,True,74,144,74,119,147,9.8,-0.03727281093597412,0.18741147220134735,0.01620563119649887,0.18741147220134735,0.270703002775276,/home/ali/projects/RoboLab/output/v1_cosmos_declarative/RubiksCubeLeftOfBowlMatchedTask/run_3.hdf5,/home/ali/projects/RoboLab/output/v1_cosmos_declarative/RubiksCubeLeftOfBowlMatchedTask/log_3_env0.json,/home/ali/projects/RoboLab/output/v1_cosmos_declarative/episode_results.jsonl,artifacts/vla_wam_shared_v1/trajectory_evidence/episodes/cosmos3_edge_droid_wam__declarative_goal__left__seed-7203__success.png
cosmos_declarative_static32,cosmos3_edge_droid_wam,WAM,declarative_goal,post_interim_direct_stress,left,4,7204,The rubiks cube should end up to the left of the bowl,True,success,success,requested_region,True,False,True,85,210,85,181,217,14.466666666666667,-0.04257136583328247,0.16436448693275452,0.017337389290332794,0.16436448693275452,0.3811004992124062,/home/ali/projects/RoboLab/output/v1_cosmos_declarative/RubiksCubeLeftOfBowlMatchedTask/run_4.hdf5,/home/ali/projects/RoboLab/output/v1_cosmos_declarative/RubiksCubeLeftOfBowlMatchedTask/log_4_env0.json,/home/ali/projects/RoboLab/output/v1_cosmos_declarative/episode_results.jsonl,artifacts/vla_wam_shared_v1/trajectory_evidence/episodes/cosmos3_edge_droid_wam__declarative_goal__left__seed-7204__success.png
cosmos_declarative_static32,cosmos3_edge_droid_wam,WAM,declarative_goal,post_interim_direct_stress,left,5,7205,The rubiks cube should end up to the left of the bowl,True,success,success,requested_region,True,False,True,90,301,90,282,308,20.53333333333333,-0.08538967370986938,0.16163352131843567,-0.012427188456058502,0.16163352131843567,0.4880706382731133,/home/ali/projects/RoboLab/output/v1_cosmos_declarative/RubiksCubeLeftOfBowlMatchedTask/run_5.hdf5,/home/ali/projects/RoboLab/output/v1_cosmos_declarative/RubiksCubeLeftOfBowlMatchedTask/log_5_env0.json,/home/ali/projects/RoboLab/output/v1_cosmos_declarative/episode_results.jsonl,artifacts/vla_wam_shared_v1/trajectory_evidence/episodes/cosmos3_edge_droid_wam__declarative_goal__left__seed-7205__success.png
cosmos_declarative_static32,cosmos3_edge_droid_wam,WAM,declarative_goal,post_interim_direct_stress,left,6,7206,The rubiks cube should end up to the left of the bowl,True,success,success,requested_region,True,False,True,106,146,106,138,146,9.733333333333333,-0.10368672013282776,0.11926928162574768,0.015072926878929138,0.11926928162574768,0.15679443103328958,/home/ali/projects/RoboLab/output/v1_cosmos_declarative/RubiksCubeLeftOfBowlMatchedTask/run_6.hdf5,/home/ali/projects/RoboLab/output/v1_cosmos_declarative/RubiksCubeLeftOfBowlMatchedTask/log_6_env0.json,/home/ali/projects/RoboLab/output/v1_cosmos_declarative/episode_results.jsonl,artifacts/vla_wam_shared_v1/trajectory_evidence/episodes/cosmos3_edge_droid_wam__declarative_goal__left__seed-7206__success.png
cosmos_declarative_static32,cosmos3_edge_droid_wam,WAM,declarative_goal,post_interim_direct_stress,left,7,7207,The rubiks cube should end up to the left of the bowl,True,success,success,requested_region,True,False,False,,,,149,150,10.0,-0.08790704607963562,0.08861880004405975,-0.002893209457397461,0.08861880004405975,0.1824800270560785,/home/ali/projects/RoboLab/output/v1_cosmos_declarative/RubiksCubeLeftOfBowlMatchedTask/run_7.hdf5,/home/ali/projects/RoboLab/output/v1_cosmos_declarative/RubiksCubeLeftOfBowlMatchedTask/log_7_env0.json,/home/ali/projects/RoboLab/output/v1_cosmos_declarative/episode_results.jsonl,artifacts/vla_wam_shared_v1/trajectory_evidence/episodes/cosmos3_edge_droid_wam__declarative_goal__left__seed-7207__success.png
cosmos_declarative_static32,cosmos3_edge_droid_wam,WAM,declarative_goal,post_interim_direct_stress,left,8,7208,The rubiks cube should end up to the left of the bowl,True,success,success,requested_region,True,False,True,63,129,63,107,138,9.2,-0.041553795337677,0.19271056354045868,0.0037560313940048218,0.19271056354045868,0.2886130328866886,/home/ali/projects/RoboLab/output/v1_cosmos_declarative/RubiksCubeLeftOfBowlMatchedTask/run_8.hdf5,/home/ali/projects/RoboLab/output/v1_cosmos_declarative/RubiksCubeLeftOfBowlMatchedTask/log_8_env0.json,/home/ali/projects/RoboLab/output/v1_cosmos_declarative/episode_results.jsonl,artifacts/vla_wam_shared_v1/trajectory_evidence/episodes/cosmos3_edge_droid_wam__declarative_goal__left__seed-7208__success.png
cosmos_declarative_static32,cosmos3_edge_droid_wam,WAM,declarative_goal,post_interim_direct_stress,left,9,7209,The rubiks cube should end up to the left of the bowl,True,success,success,requested_region,True,False,True,71,120,71,91,120,8.0,-0.04417377710342407,0.14815519750118256,0.018691688776016235,0.14815519750118256,0.26210243877777584,/home/ali/projects/RoboLab/output/v1_cosmos_declarative/RubiksCubeLeftOfBowlMatchedTask/run_9.hdf5,/home/ali/projects/RoboLab/output/v1_cosmos_declarative/RubiksCubeLeftOfBowlMatchedTask/log_9_env0.json,/home/ali/projects/RoboLab/output/v1_cosmos_declarative/episode_results.jsonl,artifacts/vla_wam_shared_v1/trajectory_evidence/episodes/cosmos3_edge_droid_wam__declarative_goal__left__seed-7209__success.png
cosmos_declarative_static32,cosmos3_edge_droid_wam,WAM,declarative_goal,post_interim_direct_stress,right,0,7200,The rubiks cube should end up to the right of the bowl,False,picked_never_entered_goal,picked · never entered goal,neutral_region,False,False,True,68,,68,,450,30.0,-0.10736143589019775,0.01326790452003479,0.0037525445222854614,-0.01326790452003479,0.04445000855828986,/home/ali/projects/RoboLab/output/v1_cosmos_declarative/RubiksCubeRightOfBowlMatchedTask/run_0.hdf5,/home/ali/projects/RoboLab/output/v1_cosmos_declarative/RubiksCubeRightOfBowlMatchedTask/log_0_env0.json,/home/ali/projects/RoboLab/output/v1_cosmos_declarative/episode_results.jsonl,artifacts/vla_wam_shared_v1/trajectory_evidence/episodes/cosmos3_edge_droid_wam__declarative_goal__right__seed-7200__failure.png
cosmos_declarative_static32,cosmos3_edge_droid_wam,WAM,declarative_goal,post_interim_direct_stress,right,1,7201,The rubiks cube should end up to the right of the bowl,True,success,success,requested_region,True,False,True,62,217,62,185,222,14.799999999999999,-0.04663735628128052,-0.39157143235206604,0.005216747522354126,0.39157143235206604,0.4507997503845372,/home/ali/projects/RoboLab/output/v1_cosmos_declarative/RubiksCubeRightOfBowlMatchedTask/run_1.hdf5,/home/ali/projects/RoboLab/output/v1_cosmos_declarative/RubiksCubeRightOfBowlMatchedTask/log_1_env0.json,/home/ali/projects/RoboLab/output/v1_cosmos_declarative/episode_results.jsonl,artifacts/vla_wam_shared_v1/trajectory_evidence/episodes/cosmos3_edge_droid_wam__declarative_goal__right__seed-7201__success.png
cosmos_declarative_static32,cosmos3_edge_droid_wam,WAM,declarative_goal,post_interim_direct_stress,right,2,7202,The rubiks cube should end up to the right of the bowl,True,success,success,requested_region,True,False,True,63,402,63,339,402,26.8,-0.04338511824607849,-0.4575600177049637,0.008399024605751038,0.4575600177049637,0.6717442088165373,/home/ali/projects/RoboLab/output/v1_cosmos_declarative/RubiksCubeRightOfBowlMatchedTask/run_2.hdf5,/home/ali/projects/RoboLab/output/v1_cosmos_declarative/RubiksCubeRightOfBowlMatchedTask/log_2_env0.json,/home/ali/projects/RoboLab/output/v1_cosmos_declarative/episode_results.jsonl,artifacts/vla_wam_shared_v1/trajectory_evidence/episodes/cosmos3_edge_droid_wam__declarative_goal__right__seed-7202__success.png
cosmos_declarative_static32,cosmos3_edge_droid_wam,WAM,declarative_goal,post_interim_direct_stress,right,3,7203,The rubiks cube should end up to the right of the bowl,True,success,success,requested_region,True,False,True,85,168,85,108,168,11.2,-0.0822780430316925,-0.34135864675045013,0.016467586159706116,0.34135864675045013,0.4645953360163664,/home/ali/projects/RoboLab/output/v1_cosmos_declarative/RubiksCubeRightOfBowlMatchedTask/run_3.hdf5,/home/ali/projects/RoboLab/output/v1_cosmos_declarative/RubiksCubeRightOfBowlMatchedTask/log_3_env0.json,/home/ali/projects/RoboLab/output/v1_cosmos_declarative/episode_results.jsonl,artifacts/vla_wam_shared_v1/trajectory_evidence/episodes/cosmos3_edge_droid_wam__declarative_goal__right__seed-7203__success.png
cosmos_declarative_static32,cosmos3_edge_droid_wam,WAM,declarative_goal,post_interim_direct_stress,right,4,7204,The rubiks cube should end up to the right of the bowl,True,success,success,requested_region,True,False,True,169,252,169,207,252,16.8,-0.07991549372673035,-0.46498511731624603,0.022653594613075256,0.46498511731624603,0.5898653074344093,/home/ali/projects/RoboLab/output/v1_cosmos_declarative/RubiksCubeRightOfBowlMatchedTask/run_4.hdf5,/home/ali/projects/RoboLab/output/v1_cosmos_declarative/RubiksCubeRightOfBowlMatchedTask/log_4_env0.json,/home/ali/projects/RoboLab/output/v1_cosmos_declarative/episode_results.jsonl,artifacts/vla_wam_shared_v1/trajectory_evidence/episodes/cosmos3_edge_droid_wam__declarative_goal__right__seed-7204__success.png
cosmos_declarative_static32,cosmos3_edge_droid_wam,WAM,declarative_goal,post_interim_direct_stress,right,5,7205,The rubiks cube should end up to the right of the bowl,True,success,success,requested_region,True,False,True,179,249,179,208,249,16.6,-0.007176071405410767,-0.3834323287010193,0.00873991847038269,0.3834323287010193,0.5163698409378809,/home/ali/projects/RoboLab/output/v1_cosmos_declarative/RubiksCubeRightOfBowlMatchedTask/run_5.hdf5,/home/ali/projects/RoboLab/output/v1_cosmos_declarative/RubiksCubeRightOfBowlMatchedTask/log_5_env0.json,/home/ali/projects/RoboLab/output/v1_cosmos_declarative/episode_results.jsonl,artifacts/vla_wam_shared_v1/trajectory_evidence/episodes/cosmos3_edge_droid_wam__declarative_goal__right__seed-7205__success.png
cosmos_declarative_static32,cosmos3_edge_droid_wam,WAM,declarative_goal,post_interim_direct_stress,right,6,7206,The rubiks cube should end up to the right of the bowl,True,success,success,requested_region,True,False,True,72,167,72,88,167,11.133333333333333,0.05734950304031372,-0.38787200301885605,0.0196550190448761,0.38787200301885605,0.6611751412709319,/home/ali/projects/RoboLab/output/v1_cosmos_declarative/RubiksCubeRightOfBowlMatchedTask/run_6.hdf5,/home/ali/projects/RoboLab/output/v1_cosmos_declarative/RubiksCubeRightOfBowlMatchedTask/log_6_env0.json,/home/ali/projects/RoboLab/output/v1_cosmos_declarative/episode_results.jsonl,artifacts/vla_wam_shared_v1/trajectory_evidence/episodes/cosmos3_edge_droid_wam__declarative_goal__right__seed-7206__success.png
cosmos_declarative_static32,cosmos3_edge_droid_wam,WAM,declarative_goal,post_interim_direct_stress,right,7,7207,The rubiks cube should end up to the right of the bowl,True,success,success,requested_region,True,False,True,61,330,61,284,353,23.53333333333333,-0.052581608295440674,-0.410583034157753,9.261071681976318e-06,0.410583034157753,0.7950190844915292,/home/ali/projects/RoboLab/output/v1_cosmos_declarative/RubiksCubeRightOfBowlMatchedTask/run_7.hdf5,/home/ali/projects/RoboLab/output/v1_cosmos_declarative/RubiksCubeRightOfBowlMatchedTask/log_7_env0.json,/home/ali/projects/RoboLab/output/v1_cosmos_declarative/episode_results.jsonl,artifacts/vla_wam_shared_v1/trajectory_evidence/episodes/cosmos3_edge_droid_wam__declarative_goal__right__seed-7207__success.png
cosmos_declarative_static32,cosmos3_edge_droid_wam,WAM,declarative_goal,post_interim_direct_stress,right,8,7208,The rubiks cube should end up to the right of the bowl,True,success,success,requested_region,True,False,True,136,241,136,212,241,16.066666666666666,-0.08224710822105408,-0.39899763464927673,0.009031929075717926,0.39899763464927673,0.6387512809649132,/home/ali/projects/RoboLab/output/v1_cosmos_declarative/RubiksCubeRightOfBowlMatchedTask/run_8.hdf5,/home/ali/projects/RoboLab/output/v1_cosmos_declarative/RubiksCubeRightOfBowlMatchedTask/log_8_env0.json,/home/ali/projects/RoboLab/output/v1_cosmos_declarative/episode_results.jsonl,artifacts/vla_wam_shared_v1/trajectory_evidence/episodes/cosmos3_edge_droid_wam__declarative_goal__right__seed-7208__success.png
cosmos_declarative_static32,cosmos3_edge_droid_wam,WAM,declarative_goal,post_interim_direct_stress,right,9,7209,The rubiks cube should end up to the right of the bowl,True,success,success,requested_region,True,False,True,60,117,60,79,117,7.8,-0.08539626002311707,-0.42812834680080414,0.02287846803665161,0.42812834680080414,0.5208748258859306,/home/ali/projects/RoboLab/output/v1_cosmos_declarative/RubiksCubeRightOfBowlMatchedTask/run_9.hdf5,/home/ali/projects/RoboLab/output/v1_cosmos_declarative/RubiksCubeRightOfBowlMatchedTask/log_9_env0.json,/home/ali/projects/RoboLab/output/v1_cosmos_declarative/episode_results.jsonl,artifacts/vla_wam_shared_v1/trajectory_evidence/episodes/cosmos3_edge_droid_wam__declarative_goal__right__seed-7209__success.png
cosmos_contrastive_static32,cosmos3_edge_droid_wam,WAM,contrastive_goal,post_interim_direct_stress,left,0,7200,"Put the rubiks cube to the left of the bowl, not to the right of the bowl",False,picked_never_entered_goal,picked · never entered goal,neutral_region,False,False,True,59,398,59,,450,30.0,0.20141959190368652,-0.12342708930373192,0.0037533193826675415,-0.12342708930373192,0.7553844476822522,/home/ali/projects/RoboLab/output/v1_cosmos_contrastive/RubiksCubeLeftOfBowlMatchedTask/run_0.hdf5,/home/ali/projects/RoboLab/output/v1_cosmos_contrastive/RubiksCubeLeftOfBowlMatchedTask/log_0_env0.json,/home/ali/projects/RoboLab/output/v1_cosmos_contrastive/episode_results.jsonl,artifacts/vla_wam_shared_v1/trajectory_evidence/episodes/cosmos3_edge_droid_wam__contrastive_goal__left__seed-7200__failure.png
cosmos_contrastive_static32,cosmos3_edge_droid_wam,WAM,contrastive_goal,post_interim_direct_stress,left,1,7201,"Put the rubiks cube to the left of the bowl, not to the right of the bowl",True,success,success,requested_region,True,False,True,184,349,184,343,349,23.266666666666666,-0.09412947297096252,0.13658912479877472,0.01678995043039322,0.13658912479877472,0.3465044296941504,/home/ali/projects/RoboLab/output/v1_cosmos_contrastive/RubiksCubeLeftOfBowlMatchedTask/run_1.hdf5,/home/ali/projects/RoboLab/output/v1_cosmos_contrastive/RubiksCubeLeftOfBowlMatchedTask/log_1_env0.json,/home/ali/projects/RoboLab/output/v1_cosmos_contrastive/episode_results.jsonl,artifacts/vla_wam_shared_v1/trajectory_evidence/episodes/cosmos3_edge_droid_wam__contrastive_goal__left__seed-7201__success.png
cosmos_contrastive_static32,cosmos3_edge_droid_wam,WAM,contrastive_goal,post_interim_direct_stress,left,2,7202,"Put the rubiks cube to the left of the bowl, not to the right of the bowl",False,picked_never_entered_goal,picked · never entered goal,neutral_region,False,False,True,73,74,73,,450,30.0,-0.05766156315803528,-0.03615470230579376,0.00041124969720840454,-0.03615470230579376,0.38827245314318115,/home/ali/projects/RoboLab/output/v1_cosmos_contrastive/RubiksCubeLeftOfBowlMatchedTask/run_2.hdf5,/home/ali/projects/RoboLab/output/v1_cosmos_contrastive/RubiksCubeLeftOfBowlMatchedTask/log_2_env0.json,/home/ali/projects/RoboLab/output/v1_cosmos_contrastive/episode_results.jsonl,artifacts/vla_wam_shared_v1/trajectory_evidence/episodes/cosmos3_edge_droid_wam__contrastive_goal__left__seed-7202__failure.png
cosmos_contrastive_static32,cosmos3_edge_droid_wam,WAM,contrastive_goal,post_interim_direct_stress,left,3,7203,"Put the rubiks cube to the left of the bowl, not to the right of the bowl",False,picked_never_entered_goal,picked · never entered goal,neutral_region,False,False,True,247,249,247,,450,30.0,-0.14870670437812805,-0.017237037420272827,0.0037518665194511414,-0.017237037420272827,0.3715569777257849,/home/ali/projects/RoboLab/output/v1_cosmos_contrastive/RubiksCubeLeftOfBowlMatchedTask/run_3.hdf5,/home/ali/projects/RoboLab/output/v1_cosmos_contrastive/RubiksCubeLeftOfBowlMatchedTask/log_3_env0.json,/home/ali/projects/RoboLab/output/v1_cosmos_contrastive/episode_results.jsonl,artifacts/vla_wam_shared_v1/trajectory_evidence/episodes/cosmos3_edge_droid_wam__contrastive_goal__left__seed-7203__failure.png
cosmos_contrastive_static32,cosmos3_edge_droid_wam,WAM,contrastive_goal,post_interim_direct_stress,left,4,7204,"Put the rubiks cube to the left of the bowl, not to the right of the bowl",False,picked_never_entered_goal,picked · never entered goal,neutral_region,False,False,True,179,269,179,,450,30.0,-0.11162516474723816,-0.05284638702869415,0.003755912184715271,-0.05284638702869415,0.3721826889385038,/home/ali/projects/RoboLab/output/v1_cosmos_contrastive/RubiksCubeLeftOfBowlMatchedTask/run_4.hdf5,/home/ali/projects/RoboLab/output/v1_cosmos_contrastive/RubiksCubeLeftOfBowlMatchedTask/log_4_env0.json,/home/ali/projects/RoboLab/output/v1_cosmos_contrastive/episode_results.jsonl,artifacts/vla_wam_shared_v1/trajectory_evidence/episodes/cosmos3_edge_droid_wam__contrastive_goal__left__seed-7204__failure.png
cosmos_contrastive_static32,cosmos3_edge_droid_wam,WAM,contrastive_goal,post_interim_direct_stress,left,5,7205,"Put the rubiks cube to the left of the bowl, not to the right of the bowl",False,picked_never_entered_goal,picked · never entered goal,opposite_region,False,True,True,79,384,79,,450,30.0,0.01863238215446472,-0.3608364909887314,0.039945200085639954,-0.3608364909887314,1.409972045086022,/home/ali/projects/RoboLab/output/v1_cosmos_contrastive/RubiksCubeLeftOfBowlMatchedTask/run_5.hdf5,/home/ali/projects/RoboLab/output/v1_cosmos_contrastive/RubiksCubeLeftOfBowlMatchedTask/log_5_env0.json,/home/ali/projects/RoboLab/output/v1_cosmos_contrastive/episode_results.jsonl,artifacts/vla_wam_shared_v1/trajectory_evidence/episodes/cosmos3_edge_droid_wam__contrastive_goal__left__seed-7205__failure.png
cosmos_contrastive_static32,cosmos3_edge_droid_wam,WAM,contrastive_goal,post_interim_direct_stress,left,6,7206,"Put the rubiks cube to the left of the bowl, not to the right of the bowl",False,picked_never_entered_goal,picked · never entered goal,opposite_region,False,True,True,78,420,78,,450,30.0,-0.032009392976760864,-0.21132636815309525,0.0037518367171287537,-0.21132636815309525,0.5235799406503385,/home/ali/projects/RoboLab/output/v1_cosmos_contrastive/RubiksCubeLeftOfBowlMatchedTask/run_6.hdf5,/home/ali/projects/RoboLab/output/v1_cosmos_contrastive/RubiksCubeLeftOfBowlMatchedTask/log_6_env0.json,/home/ali/projects/RoboLab/output/v1_cosmos_contrastive/episode_results.jsonl,artifacts/vla_wam_shared_v1/trajectory_evidence/episodes/cosmos3_edge_droid_wam__contrastive_goal__left__seed-7206__failure.png
cosmos_contrastive_static32,cosmos3_edge_droid_wam,WAM,contrastive_goal,post_interim_direct_stress,left,7,7207,"Put the rubiks cube to the left of the bowl, not to the right of the bowl",False,picked_never_entered_goal,picked · never entered goal,neutral_region,False,False,True,153,155,153,,450,30.0,-0.27374884486198425,0.008394472301006317,-0.02803390473127365,0.008394472301006317,0.35408871544058385,/home/ali/projects/RoboLab/output/v1_cosmos_contrastive/RubiksCubeLeftOfBowlMatchedTask/run_7.hdf5,/home/ali/projects/RoboLab/output/v1_cosmos_contrastive/RubiksCubeLeftOfBowlMatchedTask/log_7_env0.json,/home/ali/projects/RoboLab/output/v1_cosmos_contrastive/episode_results.jsonl,artifacts/vla_wam_shared_v1/trajectory_evidence/episodes/cosmos3_edge_droid_wam__contrastive_goal__left__seed-7207__failure.png
cosmos_contrastive_static32,cosmos3_edge_droid_wam,WAM,contrastive_goal,post_interim_direct_stress,left,8,7208,"Put the rubiks cube to the left of the bowl, not to the right of the bowl",False,picked_never_entered_goal,picked · never entered goal,opposite_region,False,True,True,62,384,62,,450,30.0,-0.019093990325927734,-0.3536182641983032,0.00375521183013916,-0.3536182641983032,1.4820965133741273,/home/ali/projects/RoboLab/output/v1_cosmos_contrastive/RubiksCubeLeftOfBowlMatchedTask/run_8.hdf5,/home/ali/projects/RoboLab/output/v1_cosmos_contrastive/RubiksCubeLeftOfBowlMatchedTask/log_8_env0.json,/home/ali/projects/RoboLab/output/v1_cosmos_contrastive/episode_results.jsonl,artifacts/vla_wam_shared_v1/trajectory_evidence/episodes/cosmos3_edge_droid_wam__contrastive_goal__left__seed-7208__failure.png
cosmos_contrastive_static32,cosmos3_edge_droid_wam,WAM,contrastive_goal,post_interim_direct_stress,left,9,7209,"Put the rubiks cube to the left of the bowl, not to the right of the bowl",False,picked_never_entered_goal,picked · never entered goal,neutral_region,False,False,True,62,342,62,,450,30.0,-0.10173466801643372,0.030255243182182312,0.003755621612071991,0.030255243182182312,0.22485838925829305,/home/ali/projects/RoboLab/output/v1_cosmos_contrastive/RubiksCubeLeftOfBowlMatchedTask/run_9.hdf5,/home/ali/projects/RoboLab/output/v1_cosmos_contrastive/RubiksCubeLeftOfBowlMatchedTask/log_9_env0.json,/home/ali/projects/RoboLab/output/v1_cosmos_contrastive/episode_results.jsonl,artifacts/vla_wam_shared_v1/trajectory_evidence/episodes/cosmos3_edge_droid_wam__contrastive_goal__left__seed-7209__failure.png
cosmos_contrastive_static32,cosmos3_edge_droid_wam,WAM,contrastive_goal,post_interim_direct_stress,right,0,7200,"Put the rubiks cube to the right of the bowl, not to the left of the bowl",False,picked_never_entered_goal,picked · never entered goal,opposite_region,False,True,True,57,82,57,,450,30.0,-0.2307567298412323,0.3702987730503082,0.0037544220685958862,-0.3702987730503082,0.9069751451270149,/home/ali/projects/RoboLab/output/v1_cosmos_contrastive/RubiksCubeRightOfBowlMatchedTask/run_0.hdf5,/home/ali/projects/RoboLab/output/v1_cosmos_contrastive/RubiksCubeRightOfBowlMatchedTask/log_0_env0.json,/home/ali/projects/RoboLab/output/v1_cosmos_contrastive/episode_results.jsonl,artifacts/vla_wam_shared_v1/trajectory_evidence/episodes/cosmos3_edge_droid_wam__contrastive_goal__right__seed-7200__failure.png
cosmos_contrastive_static32,cosmos3_edge_droid_wam,WAM,contrastive_goal,post_interim_direct_stress,right,1,7201,"Put the rubiks cube to the right of the bowl, not to the left of the bowl",True,success,success,requested_region,True,False,True,67,138,67,84,138,9.2,0.13808032870292664,-0.40534497797489166,0.010733984410762787,0.40534497797489166,0.5864602496942158,/home/ali/projects/RoboLab/output/v1_cosmos_contrastive/RubiksCubeRightOfBowlMatchedTask/run_1.hdf5,/home/ali/projects/RoboLab/output/v1_cosmos_contrastive/RubiksCubeRightOfBowlMatchedTask/log_1_env0.json,/home/ali/projects/RoboLab/output/v1_cosmos_contrastive/episode_results.jsonl,artifacts/vla_wam_shared_v1/trajectory_evidence/episodes/cosmos3_edge_droid_wam__contrastive_goal__right__seed-7201__success.png
cosmos_contrastive_static32,cosmos3_edge_droid_wam,WAM,contrastive_goal,post_interim_direct_stress,right,2,7202,"Put the rubiks cube to the right of the bowl, not to the left of the bowl",True,success,success,requested_region,True,False,True,64,277,64,194,290,19.333333333333332,0.019051074981689453,-0.4183000475168228,-0.028056323528289795,0.4183000475168228,0.5675936515534309,/home/ali/projects/RoboLab/output/v1_cosmos_contrastive/RubiksCubeRightOfBowlMatchedTask/run_2.hdf5,/home/ali/projects/RoboLab/output/v1_cosmos_contrastive/RubiksCubeRightOfBowlMatchedTask/log_2_env0.json,/home/ali/projects/RoboLab/output/v1_cosmos_contrastive/episode_results.jsonl,artifacts/vla_wam_shared_v1/trajectory_evidence/episodes/cosmos3_edge_droid_wam__contrastive_goal__right__seed-7202__success.png
cosmos_contrastive_static32,cosmos3_edge_droid_wam,WAM,contrastive_goal,post_interim_direct_stress,right,3,7203,"Put the rubiks cube to the right of the bowl, not to the left of the bowl",True,success,success,requested_region,True,False,True,87,251,87,183,251,16.733333333333334,0.2318556308746338,-0.43794310092926025,0.0319225937128067,0.43794310092926025,0.8661816959500802,/home/ali/projects/RoboLab/output/v1_cosmos_contrastive/RubiksCubeRightOfBowlMatchedTask/run_3.hdf5,/home/ali/projects/RoboLab/output/v1_cosmos_contrastive/RubiksCubeRightOfBowlMatchedTask/log_3_env0.json,/home/ali/projects/RoboLab/output/v1_cosmos_contrastive/episode_results.jsonl,artifacts/vla_wam_shared_v1/trajectory_evidence/episodes/cosmos3_edge_droid_wam__contrastive_goal__right__seed-7203__success.png
cosmos_contrastive_static32,cosmos3_edge_droid_wam,WAM,contrastive_goal,post_interim_direct_stress,right,4,7204,"Put the rubiks cube to the right of the bowl, not to the left of the bowl",True,success,success,requested_region,True,False,True,78,341,78,285,341,22.733333333333334,-0.06257635354995728,-0.3776019513607025,0.02075944095849991,0.3776019513607025,0.6830101553366071,/home/ali/projects/RoboLab/output/v1_cosmos_contrastive/RubiksCubeRightOfBowlMatchedTask/run_4.hdf5,/home/ali/projects/RoboLab/output/v1_cosmos_contrastive/RubiksCubeRightOfBowlMatchedTask/log_4_env0.json,/home/ali/projects/RoboLab/output/v1_cosmos_contrastive/episode_results.jsonl,artifacts/vla_wam_shared_v1/trajectory_evidence/episodes/cosmos3_edge_droid_wam__contrastive_goal__right__seed-7204__success.png
cosmos_contrastive_static32,cosmos3_edge_droid_wam,WAM,contrastive_goal,post_interim_direct_stress,right,5,7205,"Put the rubiks cube to the right of the bowl, not to the left of the bowl",True,success,success,requested_region,True,False,True,71,124,71,89,124,8.266666666666666,0.07505422830581665,-0.33477893471717834,0.0465179905295372,0.33477893471717834,0.4777113584657658,/home/ali/projects/RoboLab/output/v1_cosmos_contrastive/RubiksCubeRightOfBowlMatchedTask/run_5.hdf5,/home/ali/projects/RoboLab/output/v1_cosmos_contrastive/RubiksCubeRightOfBowlMatchedTask/log_5_env0.json,/home/ali/projects/RoboLab/output/v1_cosmos_contrastive/episode_results.jsonl,artifacts/vla_wam_shared_v1/trajectory_evidence/episodes/cosmos3_edge_droid_wam__contrastive_goal__right__seed-7205__success.png
cosmos_contrastive_static32,cosmos3_edge_droid_wam,WAM,contrastive_goal,post_interim_direct_stress,right,6,7206,"Put the rubiks cube to the right of the bowl, not to the left of the bowl",True,success,success,requested_region,True,False,True,159,341,159,278,341,22.733333333333334,0.10742250084877014,-0.3194452226161957,0.027313031256198883,0.3194452226161957,0.7899088594839241,/home/ali/projects/RoboLab/output/v1_cosmos_contrastive/RubiksCubeRightOfBowlMatchedTask/run_6.hdf5,/home/ali/projects/RoboLab/output/v1_cosmos_contrastive/RubiksCubeRightOfBowlMatchedTask/log_6_env0.json,/home/ali/projects/RoboLab/output/v1_cosmos_contrastive/episode_results.jsonl,artifacts/vla_wam_shared_v1/trajectory_evidence/episodes/cosmos3_edge_droid_wam__contrastive_goal__right__seed-7206__success.png
cosmos_contrastive_static32,cosmos3_edge_droid_wam,WAM,contrastive_goal,post_interim_direct_stress,right,7,7207,"Put the rubiks cube to the right of the bowl, not to the left of the bowl",True,success,success,requested_region,True,False,True,70,127,70,88,127,8.466666666666667,0.10003644227981567,-0.40282660722732544,0.020159706473350525,0.40282660722732544,0.5215242318425676,/home/ali/projects/RoboLab/output/v1_cosmos_contrastive/RubiksCubeRightOfBowlMatchedTask/run_7.hdf5,/home/ali/projects/RoboLab/output/v1_cosmos_contrastive/RubiksCubeRightOfBowlMatchedTask/log_7_env0.json,/home/ali/projects/RoboLab/output/v1_cosmos_contrastive/episode_results.jsonl,artifacts/vla_wam_shared_v1/trajectory_evidence/episodes/cosmos3_edge_droid_wam__contrastive_goal__right__seed-7207__success.png
cosmos_contrastive_static32,cosmos3_edge_droid_wam,WAM,contrastive_goal,post_interim_direct_stress,right,8,7208,"Put the rubiks cube to the right of the bowl, not to the left of the bowl",True,success,success,requested_region,True,False,True,73,221,73,185,222,14.799999999999999,0.04863804578781128,-0.43483278155326843,0.006398119032382965,0.43483278155326843,0.5713175144423561,/home/ali/projects/RoboLab/output/v1_cosmos_contrastive/RubiksCubeRightOfBowlMatchedTask/run_8.hdf5,/home/ali/projects/RoboLab/output/v1_cosmos_contrastive/RubiksCubeRightOfBowlMatchedTask/log_8_env0.json,/home/ali/projects/RoboLab/output/v1_cosmos_contrastive/episode_results.jsonl,artifacts/vla_wam_shared_v1/trajectory_evidence/episodes/cosmos3_edge_droid_wam__contrastive_goal__right__seed-7208__success.png
cosmos_contrastive_static32,cosmos3_edge_droid_wam,WAM,contrastive_goal,post_interim_direct_stress,right,9,7209,"Put the rubiks cube to the right of the bowl, not to the left of the bowl",True,success,success,requested_region,True,False,True,60,121,60,80,121,8.066666666666666,0.020599365234375,-0.4216778427362442,0.022358573973178864,0.4216778427362442,0.5335603018369338,/home/ali/projects/RoboLab/output/v1_cosmos_contrastive/RubiksCubeRightOfBowlMatchedTask/run_9.hdf5,/home/ali/projects/RoboLab/output/v1_cosmos_contrastive/RubiksCubeRightOfBowlMatchedTask/log_9_env0.json,/home/ali/projects/RoboLab/output/v1_cosmos_contrastive/episode_results.jsonl,artifacts/vla_wam_shared_v1/trajectory_evidence/episodes/cosmos3_edge_droid_wam__contrastive_goal__right__seed-7209__success.png
