pool_id,steering_trajectory_id,source_collection,canonical_task,canonical_subtask,slot_index,command,automatic_class,rule_reason,secondary_review_required,primary_manual_class,primary_same_intent_with_canonical,primary_reviewer,primary_review_notes,secondary_manual_class,secondary_same_intent_with_canonical,secondary_reviewer,secondary_review_notes,adjudicated_class,adjudicated_same_intent_with_canonical,adjudicator,adjudication_notes
pool_904bda44e2f53afc,50937,bridge_data_v1,put carrot in pot or pan,Move carrot towards the pot/pan,0,"Move the carrot closer to [177, 108]",point_coordinate_grounding,one_coordinate_pair,False,,,,,,,,,,,,
pool_904bda44e2f53afc,50937,bridge_data_v1,put carrot in pot or pan,Move carrot towards the pot/pan,1,"Move the carrot to [191, 164]",point_coordinate_grounding,one_coordinate_pair,False,,,,,,,,,,,,
pool_904bda44e2f53afc,50937,bridge_data_v1,put carrot in pot or pan,Move carrot towards the pot/pan,2,Move the carrot toward the pot/pan,malformed_or_unclear,semantic_class_unclear_requires_manual_review,False,,,,,,,,,,,,
pool_904bda44e2f53afc,50937,bridge_data_v1,put carrot in pot or pan,Move carrot towards the pot/pan,3,"Move right, keeping the pot at [177, 108] in view",point_coordinate_grounding,one_coordinate_pair,False,,,,,,,,,,,,
pool_904bda44e2f53afc,50937,bridge_data_v1,put carrot in pot or pan,Move carrot towards the pot/pan,4,put carrot in pot or pan,task_level_language,shared_trajectory_task_exact_normalized_match,False,,,,,,,,,,,,
pool_904bda44e2f53afc,50937,bridge_data_v1,put carrot in pot or pan,Move carrot towards the pot/pan,5,"Move the carrot to the right toward the pot at [177, 108]",point_coordinate_grounding,one_coordinate_pair,False,,,,,,,,,,,,
pool_904bda44e2f53afc,50937,bridge_data_v1,put carrot in pot or pan,Move carrot towards the pot/pan,6,Carry the carrot horizontally,malformed_or_unclear,semantic_class_unclear_requires_manual_review,False,,,,,,,,,,,,
pool_904bda44e2f53afc,50937,bridge_data_v1,put carrot in pot or pan,Move carrot towards the pot/pan,7,Move carrot towards the pot/pan,subtask_same_intent_paraphrase_candidate,canonical_subtask_exact_normalized_match,False,,,,,,,,,,,,
pool_904bda44e2f53afc,50937,bridge_data_v1,put carrot in pot or pan,Move carrot towards the pot/pan,8,"Move right, with gripper at [119, 44], [136, 36], [191, 164]",multi_point_gripper_trace,two_or_more_coordinate_pairs,False,,,,,,,,,,,,
pool_718b713bb7292510,21291,bridge_data_v1,flip pot upright in sink,Reorient the pot upright,0,Rotate the pot to be upright,malformed_or_unclear,semantic_class_unclear_requires_manual_review,False,,,,,,,,,,,,
pool_718b713bb7292510,21291,bridge_data_v1,flip pot upright in sink,Reorient the pot upright,1,Reorient the pot upright,subtask_same_intent_paraphrase_candidate,canonical_subtask_exact_normalized_match,False,,,,,,,,,,,,
pool_718b713bb7292510,21291,bridge_data_v1,flip pot upright in sink,Reorient the pot upright,2,flip pot upright in sink,task_level_language,shared_trajectory_task_exact_normalized_match,False,,,,,,,,,,,,
pool_718b713bb7292510,21291,bridge_data_v1,flip pot upright in sink,Reorient the pot upright,3,Reposition the pot,malformed_or_unclear,semantic_class_unclear_requires_manual_review,False,,,,,,,,,,,,
pool_718b713bb7292510,21291,bridge_data_v1,flip pot upright in sink,Reorient the pot upright,4,Rotate the pot,malformed_or_unclear,semantic_class_unclear_requires_manual_review,False,,,,,,,,,,,,
pool_718b713bb7292510,21291,bridge_data_v1,flip pot upright in sink,Reorient the pot upright,5,Reorient the pot,malformed_or_unclear,semantic_class_unclear_requires_manual_review,False,,,,,,,,,,,,
pool_718b713bb7292510,21291,bridge_data_v1,flip pot upright in sink,Reorient the pot upright,6,Rotate the pot in hand,malformed_or_unclear,semantic_class_unclear_requires_manual_review,False,,,,,,,,,,,,
pool_e698c9d6eaf03a47,1985,bridge_data_v1,turn lever vertical to front,Finalize motion,0,Stop,atomic_motion_or_gripper_command,high_precision_atomic_pattern,False,,,,,,,,,,,,
pool_e698c9d6eaf03a47,1985,bridge_data_v1,turn lever vertical to front,Finalize motion,1,"Finalize motion near [161, 168]",point_coordinate_grounding,one_coordinate_pair,False,,,,,,,,,,,,
pool_e698c9d6eaf03a47,1985,bridge_data_v1,turn lever vertical to front,Finalize motion,2,Finalize motion,subtask_same_intent_paraphrase_candidate,canonical_subtask_exact_normalized_match,False,,,,,,,,,,,,
pool_e698c9d6eaf03a47,1985,bridge_data_v1,turn lever vertical to front,Finalize motion,3,"Final adjustment at [171, 182]",point_coordinate_grounding,one_coordinate_pair,False,,,,,,,,,,,,
pool_e698c9d6eaf03a47,1985,bridge_data_v1,turn lever vertical to front,Finalize motion,4,turn lever vertical to front,task_level_language,shared_trajectory_task_exact_normalized_match,False,,,,,,,,,,,,
pool_e698c9d6eaf03a47,1985,bridge_data_v1,turn lever vertical to front,Finalize motion,5,Final motion,malformed_or_unclear,semantic_class_unclear_requires_manual_review,False,,,,,,,,,,,,
pool_e698c9d6eaf03a47,1985,bridge_data_v1,turn lever vertical to front,Finalize motion,6,Maintain position,malformed_or_unclear,semantic_class_unclear_requires_manual_review,False,,,,,,,,,,,,
pool_8b1a71fb96760288,12167,bridge_data_v1,put beet in pot sink,Move beet to pot sink,0,"Move to [157, 42] and prepare to drop",hybrid_or_added_behavioral_semantics,coordinate_plus_terminal_action_direction_or_sequence,False,,,,,,,,,,,,
pool_8b1a71fb96760288,12167,bridge_data_v1,put beet in pot sink,Move beet to pot sink,1,put beet in pot sink,task_level_language,shared_trajectory_task_exact_normalized_match,False,,,,,,,,,,,,
pool_8b1a71fb96760288,12167,bridge_data_v1,put beet in pot sink,Move beet to pot sink,2,Move beet over the pot sink,malformed_or_unclear,semantic_class_unclear_requires_manual_review,False,,,,,,,,,,,,
pool_8b1a71fb96760288,12167,bridge_data_v1,put beet in pot sink,Move beet to pot sink,3,"Move the beet closer to the pot at [180, 124] and sink at [160, 116]",multi_point_gripper_trace,two_or_more_coordinate_pairs,False,,,,,,,,,,,,
pool_8b1a71fb96760288,12167,bridge_data_v1,put beet in pot sink,Move beet to pot sink,4,Move beet to pot sink,subtask_same_intent_paraphrase_candidate,canonical_subtask_exact_normalized_match,False,,,,,,,,,,,,
pool_8b1a71fb96760288,12167,bridge_data_v1,put beet in pot sink,Move beet to pot sink,5,"Move beet to sink at [160, 116]",point_coordinate_grounding,one_coordinate_pair,False,,,,,,,,,,,,
pool_8b1a71fb96760288,12167,bridge_data_v1,put beet in pot sink,Move beet to pot sink,6,Position the beet above the pot sink,malformed_or_unclear,semantic_class_unclear_requires_manual_review,False,,,,,,,,,,,,
pool_2812f7e11853bc0c,18258,bridge_data_v1,put big spoon from basket to tray,Move Big Spoon Towards Tray,0,Move Big Spoon Towards Tray,subtask_same_intent_paraphrase_candidate,canonical_subtask_exact_normalized_match,False,,,,,,,,,,,,
pool_2812f7e11853bc0c,18258,bridge_data_v1,put big spoon from basket to tray,Move Big Spoon Towards Tray,1,"Move the gripper from [98, 67] to [106, 52].",multi_point_gripper_trace,two_or_more_coordinate_pairs,False,,,,,,,,,,,,
pool_2812f7e11853bc0c,18258,bridge_data_v1,put big spoon from basket to tray,Move Big Spoon Towards Tray,2,Move the big spoon to the right.,malformed_or_unclear,semantic_class_unclear_requires_manual_review,False,,,,,,,,,,,,
pool_2812f7e11853bc0c,18258,bridge_data_v1,put big spoon from basket to tray,Move Big Spoon Towards Tray,3,put big spoon from basket to tray,task_level_language,shared_trajectory_task_exact_normalized_match,False,,,,,,,,,,,,
pool_2812f7e11853bc0c,18258,bridge_data_v1,put big spoon from basket to tray,Move Big Spoon Towards Tray,4,"Move the spoon at [16, 125] toward the tray at [182, 184].",multi_point_gripper_trace,two_or_more_coordinate_pairs,False,,,,,,,,,,,,
pool_2812f7e11853bc0c,18258,bridge_data_v1,put big spoon from basket to tray,Move Big Spoon Towards Tray,5,"Move the gripper along [98, 67], [49, 104], [98, 76], [106, 52] towards the tray.",multi_point_gripper_trace,two_or_more_coordinate_pairs,False,,,,,,,,,,,,
pool_2812f7e11853bc0c,18258,bridge_data_v1,put big spoon from basket to tray,Move Big Spoon Towards Tray,6,Tilt down and rotate counterclockwise while moving to tray.,hybrid_or_added_behavioral_semantics,sequencing_marker_or_additional_action_family,False,,,,,,,,,,,,
pool_2812f7e11853bc0c,18258,bridge_data_v1,put big spoon from basket to tray,Move Big Spoon Towards Tray,7,Move the big spoon towards the tray.,malformed_or_unclear,semantic_class_unclear_requires_manual_review,False,,,,,,,,,,,,
pool_31ef26e6ab75ee9c,21699,bridge_data_v1,take spatula off plate sink,Move towards the spatula on the plate,0,"Move towards the spatula at [132, 116].",point_coordinate_grounding,one_coordinate_pair,False,,,,,,,,,,,,
pool_31ef26e6ab75ee9c,21699,bridge_data_v1,take spatula off plate sink,Move towards the spatula on the plate,1,"Move down to the spatula at [132, 119].",point_coordinate_grounding,one_coordinate_pair,False,,,,,,,,,,,,
pool_31ef26e6ab75ee9c,21699,bridge_data_v1,take spatula off plate sink,Move towards the spatula on the plate,2,"Approach the spatula at [132, 116] on the plate at [131, 124].",multi_point_gripper_trace,two_or_more_coordinate_pairs,False,,,,,,,,,,,,
pool_31ef26e6ab75ee9c,21699,bridge_data_v1,take spatula off plate sink,Move towards the spatula on the plate,3,Approach the spatula on the plate.,malformed_or_unclear,semantic_class_unclear_requires_manual_review,False,,,,,,,,,,,,
pool_31ef26e6ab75ee9c,21699,bridge_data_v1,take spatula off plate sink,Move towards the spatula on the plate,4,"Move the gripper to <118, 100>.",point_coordinate_grounding,one_coordinate_pair,False,,,,,,,,,,,,
pool_31ef26e6ab75ee9c,21699,bridge_data_v1,take spatula off plate sink,Move towards the spatula on the plate,5,"Move the gripper along <82, 68>, <87, 80>, <115, 95>, <118, 100>.",multi_point_gripper_trace,two_or_more_coordinate_pairs,False,,,,,,,,,,,,
pool_31ef26e6ab75ee9c,21699,bridge_data_v1,take spatula off plate sink,Move towards the spatula on the plate,6,Move towards the spatula on the plate,subtask_same_intent_paraphrase_candidate,canonical_subtask_exact_normalized_match,False,,,,,,,,,,,,
pool_31ef26e6ab75ee9c,21699,bridge_data_v1,take spatula off plate sink,Move towards the spatula on the plate,7,take spatula off plate sink,task_level_language,shared_trajectory_task_exact_normalized_match,False,,,,,,,,,,,,
pool_31ef26e6ab75ee9c,21699,bridge_data_v1,take spatula off plate sink,Move towards the spatula on the plate,8,"Move towards the spatula on the plate, ending at <118, 100>.",point_coordinate_grounding,one_coordinate_pair,False,,,,,,,,,,,,
pool_31ef26e6ab75ee9c,21699,bridge_data_v1,take spatula off plate sink,Move towards the spatula on the plate,9,Move towards the spatula.,malformed_or_unclear,semantic_class_unclear_requires_manual_review,False,,,,,,,,,,,,
pool_0265f1bb53a841ad,48093,bridge_data_v1,put cup from counter to sink,Release the cup into the sink,0,Release the cup into the sink,subtask_same_intent_paraphrase_candidate,canonical_subtask_exact_normalized_match,False,,,,,,,,,,,,
pool_0265f1bb53a841ad,48093,bridge_data_v1,put cup from counter to sink,Release the cup into the sink,1,"Open the gripper at [119, 137], [122, 143], [123, 135]",multi_point_gripper_trace,two_or_more_coordinate_pairs,False,,,,,,,,,,,,
pool_0265f1bb53a841ad,48093,bridge_data_v1,put cup from counter to sink,Release the cup into the sink,2,"Open gripper at [122, 143]",point_coordinate_grounding,one_coordinate_pair,False,,,,,,,,,,,,
pool_0265f1bb53a841ad,48093,bridge_data_v1,put cup from counter to sink,Release the cup into the sink,3,put cup from counter to sink,task_level_language,shared_trajectory_task_exact_normalized_match,False,,,,,,,,,,,,
pool_0265f1bb53a841ad,48093,bridge_data_v1,put cup from counter to sink,Release the cup into the sink,4,"Open gripper at [119, 137]",point_coordinate_grounding,one_coordinate_pair,False,,,,,,,,,,,,
pool_0265f1bb53a841ad,48093,bridge_data_v1,put cup from counter to sink,Release the cup into the sink,5,Open the gripper to release the cup,hybrid_or_added_behavioral_semantics,sequencing_marker_or_additional_action_family,False,,,,,,,,,,,,
pool_813581324e3a1dac,40467,bridge_data_v1,put can in pot,Release the can into the pot,0,Drop the can,malformed_or_unclear,semantic_class_unclear_requires_manual_review,False,,,,,,,,,,,,
pool_813581324e3a1dac,40467,bridge_data_v1,put can in pot,Release the can into the pot,1,Open the gripper to release the can,hybrid_or_added_behavioral_semantics,sequencing_marker_or_additional_action_family,False,,,,,,,,,,,,
pool_813581324e3a1dac,40467,bridge_data_v1,put can in pot,Release the can into the pot,2,Release the can,malformed_or_unclear,semantic_class_unclear_requires_manual_review,False,,,,,,,,,,,,
pool_813581324e3a1dac,40467,bridge_data_v1,put can in pot,Release the can into the pot,3,"Release the can into the pot at [113, 80]",point_coordinate_grounding,one_coordinate_pair,False,,,,,,,,,,,,
pool_813581324e3a1dac,40467,bridge_data_v1,put can in pot,Release the can into the pot,4,"Open the gripper above [112, 77]",point_coordinate_grounding,one_coordinate_pair,False,,,,,,,,,,,,
pool_813581324e3a1dac,40467,bridge_data_v1,put can in pot,Release the can into the pot,5,"Move to [81, 211], [104, 24] and drop can",hybrid_or_added_behavioral_semantics,coordinate_plus_terminal_action_direction_or_sequence,False,,,,,,,,,,,,
pool_813581324e3a1dac,40467,bridge_data_v1,put can in pot,Release the can into the pot,6,Release the can into the pot,subtask_same_intent_paraphrase_candidate,canonical_subtask_exact_normalized_match,False,,,,,,,,,,,,
pool_813581324e3a1dac,40467,bridge_data_v1,put can in pot,Release the can into the pot,7,put can in pot,task_level_language,shared_trajectory_task_exact_normalized_match,False,,,,,,,,,,,,
pool_e8203e21fea66e05,34631,bridge_data_v1,open fridge,Fine Adjustment,0,Make fine adjustments to the position,malformed_or_unclear,semantic_class_unclear_requires_manual_review,True,,,,,,,,,,,,
pool_e8203e21fea66e05,34631,bridge_data_v1,open fridge,Fine Adjustment,1,"Move left and backward left to adjust near the fridge handle at [117, 132]",point_coordinate_grounding,one_coordinate_pair,True,,,,,,,,,,,,
pool_e8203e21fea66e05,34631,bridge_data_v1,open fridge,Fine Adjustment,2,Make fine adjustments to the position before opening,hybrid_or_added_behavioral_semantics,sequencing_marker_or_additional_action_family,True,,,,,,,,,,,,
pool_e8203e21fea66e05,34631,bridge_data_v1,open fridge,Fine Adjustment,3,open fridge,task_level_language,shared_trajectory_task_exact_normalized_match,True,,,,,,,,,,,,
pool_e8203e21fea66e05,34631,bridge_data_v1,open fridge,Fine Adjustment,4,"Move backward left to adjust at [164, 147]",point_coordinate_grounding,one_coordinate_pair,True,,,,,,,,,,,,
pool_e8203e21fea66e05,34631,bridge_data_v1,open fridge,Fine Adjustment,5,"Adjust position by moving to [194, 171], [164, 147], [74, 138], [59, 108]",multi_point_gripper_trace,two_or_more_coordinate_pairs,True,,,,,,,,,,,,
pool_e8203e21fea66e05,34631,bridge_data_v1,open fridge,Fine Adjustment,6,Fine Adjustment,subtask_same_intent_paraphrase_candidate,canonical_subtask_exact_normalized_match,True,,,,,,,,,,,,
pool_e77fa4d94561ebfc,43415,bridge_data_v1,put pear in bowl,grasp the pear,0,move down and close the gripper,atomic_motion_or_gripper_command,high_precision_atomic_pattern,False,,,,,,,,,,,,
pool_e77fa4d94561ebfc,43415,bridge_data_v1,put pear in bowl,grasp the pear,1,"close the gripper multiple times at approximately [156, 98]",point_coordinate_grounding,one_coordinate_pair,False,,,,,,,,,,,,
pool_e77fa4d94561ebfc,43415,bridge_data_v1,put pear in bowl,grasp the pear,2,"close gripper at position near pear at [166, 116]",point_coordinate_grounding,one_coordinate_pair,False,,,,,,,,,,,,
pool_e77fa4d94561ebfc,43415,bridge_data_v1,put pear in bowl,grasp the pear,3,close gripper on the pear,hybrid_or_added_behavioral_semantics,sequencing_marker_or_additional_action_family,False,,,,,,,,,,,,
pool_e77fa4d94561ebfc,43415,bridge_data_v1,put pear in bowl,grasp the pear,4,put pear in bowl,task_level_language,shared_trajectory_task_exact_normalized_match,False,,,,,,,,,,,,
pool_e77fa4d94561ebfc,43415,bridge_data_v1,put pear in bowl,grasp the pear,5,"close gripper at [154, 94]",point_coordinate_grounding,one_coordinate_pair,False,,,,,,,,,,,,
pool_e77fa4d94561ebfc,43415,bridge_data_v1,put pear in bowl,grasp the pear,6,grasp the pear,subtask_same_intent_paraphrase_candidate,canonical_subtask_exact_normalized_match,False,,,,,,,,,,,,
pool_9c8362335f3eb68d,37181,bridge_data_v1,open microwave,Pull microwave door open (initial pull),0,Pull microwave door open (initial pull),subtask_same_intent_paraphrase_candidate,canonical_subtask_exact_normalized_match,False,,,,,,,,,,,,
pool_9c8362335f3eb68d,37181,bridge_data_v1,open microwave,Pull microwave door open (initial pull),1,"Move backward from [139, 55] to begin opening the microwave",point_coordinate_grounding,one_coordinate_pair,False,,,,,,,,,,,,
pool_9c8362335f3eb68d,37181,bridge_data_v1,open microwave,Pull microwave door open (initial pull),2,"Move backward while grasping the microwave at [142, 13]",hybrid_or_added_behavioral_semantics,coordinate_plus_terminal_action_direction_or_sequence,False,,,,,,,,,,,,
pool_9c8362335f3eb68d,37181,bridge_data_v1,open microwave,Pull microwave door open (initial pull),3,Pull the microwave handle backward,malformed_or_unclear,semantic_class_unclear_requires_manual_review,False,,,,,,,,,,,,
pool_9c8362335f3eb68d,37181,bridge_data_v1,open microwave,Pull microwave door open (initial pull),4,Move backward while holding the handle,hybrid_or_added_behavioral_semantics,sequencing_marker_or_additional_action_family,False,,,,,,,,,,,,
pool_9c8362335f3eb68d,37181,bridge_data_v1,open microwave,Pull microwave door open (initial pull),5,open microwave,task_level_language,shared_trajectory_task_exact_normalized_match,False,,,,,,,,,,,,
pool_9c8362335f3eb68d,37181,bridge_data_v1,open microwave,Pull microwave door open (initial pull),6,Pull the microwave door open slightly,malformed_or_unclear,semantic_class_unclear_requires_manual_review,False,,,,,,,,,,,,
pool_9c8362335f3eb68d,37181,bridge_data_v1,open microwave,Pull microwave door open (initial pull),7,Move backward while closing the gripper,hybrid_or_added_behavioral_semantics,sequencing_marker_or_additional_action_family,False,,,,,,,,,,,,
pool_9c8362335f3eb68d,37181,bridge_data_v1,open microwave,Pull microwave door open (initial pull),8,"Pull the handle at [142, 13]",point_coordinate_grounding,one_coordinate_pair,False,,,,,,,,,,,,
pool_7d21e286528901bf,52277,bridge_data_v1,flip pot upright which is in sink,Move Towards Pot,0,Tilt down to approach the pot,malformed_or_unclear,semantic_class_unclear_requires_manual_review,False,,,,,,,,,,,,
pool_7d21e286528901bf,52277,bridge_data_v1,flip pot upright which is in sink,Move Towards Pot,1,flip pot upright which is in sink,task_level_language,shared_trajectory_task_exact_normalized_match,False,,,,,,,,,,,,
pool_7d21e286528901bf,52277,bridge_data_v1,flip pot upright which is in sink,Move Towards Pot,2,"Move towards the pot in the sink at [80, 60]",point_coordinate_grounding,one_coordinate_pair,False,,,,,,,,,,,,
pool_7d21e286528901bf,52277,bridge_data_v1,flip pot upright which is in sink,Move Towards Pot,3,Move Towards Pot,subtask_same_intent_paraphrase_candidate,canonical_subtask_exact_normalized_match,False,,,,,,,,,,,,
pool_7d21e286528901bf,52277,bridge_data_v1,flip pot upright which is in sink,Move Towards Pot,4,"Move towards the pot at [150, 101]",point_coordinate_grounding,one_coordinate_pair,False,,,,,,,,,,,,
pool_7d21e286528901bf,52277,bridge_data_v1,flip pot upright which is in sink,Move Towards Pot,5,"Move to [153, 23], [121, 24], [122, 26], [117, 28]",multi_point_gripper_trace,two_or_more_coordinate_pairs,False,,,,,,,,,,,,
pool_7d21e286528901bf,52277,bridge_data_v1,flip pot upright which is in sink,Move Towards Pot,6,Move towards the pot,subtask_same_intent_paraphrase_candidate,matching_action_family_and_no_added_entities,False,,,,,,,,,,,,
pool_a43d62da64205ca3,592,bridge_data_v1,turn lever vertical to front,Regrasp the lever,0,"Close gripper at [194, 28] to re-grasp",point_coordinate_grounding,one_coordinate_pair,False,,,,,,,,,,,,
pool_a43d62da64205ca3,592,bridge_data_v1,turn lever vertical to front,Regrasp the lever,1,Close the gripper,atomic_motion_or_gripper_command,high_precision_atomic_pattern,False,,,,,,,,,,,,
pool_a43d62da64205ca3,592,bridge_data_v1,turn lever vertical to front,Regrasp the lever,2,"Close the gripper to re-secure lever at [100, 227]",point_coordinate_grounding,one_coordinate_pair,False,,,,,,,,,,,,
pool_a43d62da64205ca3,592,bridge_data_v1,turn lever vertical to front,Regrasp the lever,3,Adjust grip on the lever,malformed_or_unclear,semantic_class_unclear_requires_manual_review,False,,,,,,,,,,,,
pool_a43d62da64205ca3,592,bridge_data_v1,turn lever vertical to front,Regrasp the lever,4,"Regrasp lever at [100, 227]",point_coordinate_grounding,one_coordinate_pair,False,,,,,,,,,,,,
pool_a43d62da64205ca3,592,bridge_data_v1,turn lever vertical to front,Regrasp the lever,5,"Re-secure the lever with gripper at [194, 28]",point_coordinate_grounding,one_coordinate_pair,False,,,,,,,,,,,,
pool_a43d62da64205ca3,592,bridge_data_v1,turn lever vertical to front,Regrasp the lever,6,turn lever vertical to front,task_level_language,shared_trajectory_task_exact_normalized_match,False,,,,,,,,,,,,
pool_a43d62da64205ca3,592,bridge_data_v1,turn lever vertical to front,Regrasp the lever,7,Regrasp the lever,subtask_same_intent_paraphrase_candidate,canonical_subtask_exact_normalized_match,False,,,,,,,,,,,,
pool_dd62444ec159e97b,17440,bridge_data_v1,take sushi out of pan,Grasp the sushi,0,"Close gripper at [76, 121]",point_coordinate_grounding,one_coordinate_pair,True,,,,,,,,,,,,
pool_dd62444ec159e97b,17440,bridge_data_v1,take sushi out of pan,Grasp the sushi,1,Grasp the sushi,subtask_same_intent_paraphrase_candidate,canonical_subtask_exact_normalized_match,True,,,,,,,,,,,,
pool_dd62444ec159e97b,17440,bridge_data_v1,take sushi out of pan,Grasp the sushi,2,Close the gripper,atomic_motion_or_gripper_command,high_precision_atomic_pattern,True,,,,,,,,,,,,
pool_dd62444ec159e97b,17440,bridge_data_v1,take sushi out of pan,Grasp the sushi,3,"Close the gripper near the sushi at [69, 139]",point_coordinate_grounding,one_coordinate_pair,True,,,,,,,,,,,,
pool_dd62444ec159e97b,17440,bridge_data_v1,take sushi out of pan,Grasp the sushi,4,take sushi out of pan,task_level_language,shared_trajectory_task_exact_normalized_match,True,,,,,,,,,,,,
pool_dd62444ec159e97b,17440,bridge_data_v1,take sushi out of pan,Grasp the sushi,5,"Close gripper at [66, 110]",point_coordinate_grounding,one_coordinate_pair,True,,,,,,,,,,,,
pool_dd62444ec159e97b,17440,bridge_data_v1,take sushi out of pan,Grasp the sushi,6,Close the gripper on the sushi,hybrid_or_added_behavioral_semantics,sequencing_marker_or_additional_action_family,True,,,,,,,,,,,,
pool_dd62444ec159e97b,17440,bridge_data_v1,take sushi out of pan,Grasp the sushi,7,"Close the gripper near the pan at [74, 141]",point_coordinate_grounding,one_coordinate_pair,True,,,,,,,,,,,,
pool_5a3fc495a09aeaf2,16849,bridge_data_v1,pick up box cutter and put into drawer,Lift the box cutter,0,Lift the box cutter.,subtask_same_intent_paraphrase_candidate,canonical_subtask_exact_normalized_match,False,,,,,,,,,,,,
pool_5a3fc495a09aeaf2,16849,bridge_data_v1,pick up box cutter and put into drawer,Lift the box cutter,1,"Lift box cutter from [148, 141] to [147, 156].",multi_point_gripper_trace,two_or_more_coordinate_pairs,False,,,,,,,,,,,,
pool_5a3fc495a09aeaf2,16849,bridge_data_v1,pick up box cutter and put into drawer,Lift the box cutter,2,Move left up while closing gripper.,hybrid_or_added_behavioral_semantics,sequencing_marker_or_additional_action_family,False,,,,,,,,,,,,
pool_5a3fc495a09aeaf2,16849,bridge_data_v1,pick up box cutter and put into drawer,Lift the box cutter,3,Move left and up.,atomic_motion_or_gripper_command,high_precision_atomic_pattern,False,,,,,,,,,,,,
pool_5a3fc495a09aeaf2,16849,bridge_data_v1,pick up box cutter and put into drawer,Lift the box cutter,4,Lift the box cutter,subtask_same_intent_paraphrase_candidate,canonical_subtask_exact_normalized_match,False,,,,,,,,,,,,
pool_5a3fc495a09aeaf2,16849,bridge_data_v1,pick up box cutter and put into drawer,Lift the box cutter,5,pick up box cutter and put into drawer,task_level_language,shared_trajectory_task_exact_normalized_match,False,,,,,,,,,,,,
pool_5a3fc495a09aeaf2,16849,bridge_data_v1,pick up box cutter and put into drawer,Lift the box cutter,6,Move up with the box cutter.,malformed_or_unclear,semantic_class_unclear_requires_manual_review,False,,,,,,,,,,,,
pool_fdb2255d7472f975,7174,bridge_data_v1,flip pot upright in sink,Release pot in sink,0,Release pot in sink,subtask_same_intent_paraphrase_candidate,canonical_subtask_exact_normalized_match,False,,,,,,,,,,,,
pool_fdb2255d7472f975,7174,bridge_data_v1,flip pot upright in sink,Release pot in sink,1,"Open the gripper at [137, 151] to release the pot",point_coordinate_grounding,one_coordinate_pair,False,,,,,,,,,,,,
pool_fdb2255d7472f975,7174,bridge_data_v1,flip pot upright in sink,Release pot in sink,2,"Release the pot at [62, 108] by opening the gripper",point_coordinate_grounding,one_coordinate_pair,False,,,,,,,,,,,,
pool_fdb2255d7472f975,7174,bridge_data_v1,flip pot upright in sink,Release pot in sink,3,"Open the gripper to release the pot at [62, 108]",point_coordinate_grounding,one_coordinate_pair,False,,,,,,,,,,,,
pool_fdb2255d7472f975,7174,bridge_data_v1,flip pot upright in sink,Release pot in sink,4,Release the pot,malformed_or_unclear,semantic_class_unclear_requires_manual_review,False,,,,,,,,,,,,
pool_fdb2255d7472f975,7174,bridge_data_v1,flip pot upright in sink,Release pot in sink,5,flip pot upright in sink,task_level_language,shared_trajectory_task_exact_normalized_match,False,,,,,,,,,,,,
pool_fdb2255d7472f975,7174,bridge_data_v1,flip pot upright in sink,Release pot in sink,6,Open the gripper,atomic_motion_or_gripper_command,high_precision_atomic_pattern,False,,,,,,,,,,,,
pool_fdb2255d7472f975,7174,bridge_data_v1,flip pot upright in sink,Release pot in sink,7,"Open the gripper at [150, 155]",point_coordinate_grounding,one_coordinate_pair,False,,,,,,,,,,,,
pool_fdb2255d7472f975,7174,bridge_data_v1,flip pot upright in sink,Release pot in sink,8,"Open the gripper at [150, 155], [147, 156], [152, 154], [137, 151], and [137, 151]",multi_point_gripper_trace,two_or_more_coordinate_pairs,False,,,,,,,,,,,,
pool_2ed6298412f0f698,18819,bridge_data_v1,take cup off plate,reach for the cup on the plate,0,move the gripper toward the cup on the plate,malformed_or_unclear,semantic_class_unclear_requires_manual_review,False,,,,,,,,,,,,
pool_2ed6298412f0f698,18819,bridge_data_v1,take cup off plate,reach for the cup on the plate,1,take cup off plate,task_level_language,shared_trajectory_task_exact_normalized_match,False,,,,,,,,,,,,
pool_2ed6298412f0f698,18819,bridge_data_v1,take cup off plate,reach for the cup on the plate,2,"reach for the cup at [86, 65]",point_coordinate_grounding,one_coordinate_pair,False,,,,,,,,,,,,
pool_2ed6298412f0f698,18819,bridge_data_v1,take cup off plate,reach for the cup on the plate,3,"move toward the plate at [90, 80] to grab the cup",hybrid_or_added_behavioral_semantics,coordinate_plus_terminal_action_direction_or_sequence,False,,,,,,,,,,,,
pool_2ed6298412f0f698,18819,bridge_data_v1,take cup off plate,reach for the cup on the plate,4,"move to [52, 45], [51, 42], [53, 46], [55, 49], [62, 52] to reach the cup",multi_point_gripper_trace,two_or_more_coordinate_pairs,False,,,,,,,,,,,,
pool_2ed6298412f0f698,18819,bridge_data_v1,take cup off plate,reach for the cup on the plate,5,move the gripper to the cup,malformed_or_unclear,semantic_class_unclear_requires_manual_review,False,,,,,,,,,,,,
pool_2ed6298412f0f698,18819,bridge_data_v1,take cup off plate,reach for the cup on the plate,6,"move down to the cup at [86, 65]",point_coordinate_grounding,one_coordinate_pair,False,,,,,,,,,,,,
pool_2ed6298412f0f698,18819,bridge_data_v1,take cup off plate,reach for the cup on the plate,7,reach for the cup on the plate,subtask_same_intent_paraphrase_candidate,canonical_subtask_exact_normalized_match,False,,,,,,,,,,,,
pool_51e8a01f645526a6,2432,bridge_data_v1,put knife on cutting board,Release knife onto cutting board,0,Release knife onto cutting board,subtask_same_intent_paraphrase_candidate,canonical_subtask_exact_normalized_match,False,,,,,,,,,,,,
pool_51e8a01f645526a6,2432,bridge_data_v1,put knife on cutting board,Release knife onto cutting board,1,"Open the gripper at [128, 134].",point_coordinate_grounding,one_coordinate_pair,False,,,,,,,,,,,,
pool_51e8a01f645526a6,2432,bridge_data_v1,put knife on cutting board,Release knife onto cutting board,2,put knife on cutting board,task_level_language,shared_trajectory_task_exact_normalized_match,False,,,,,,,,,,,,
pool_51e8a01f645526a6,2432,bridge_data_v1,put knife on cutting board,Release knife onto cutting board,3,"Open the gripper at [128, 134], [137, 129], [142, 126].",multi_point_gripper_trace,two_or_more_coordinate_pairs,False,,,,,,,,,,,,
pool_51e8a01f645526a6,2432,bridge_data_v1,put knife on cutting board,Release knife onto cutting board,4,Open the gripper to release the knife on the cutting board.,hybrid_or_added_behavioral_semantics,sequencing_marker_or_additional_action_family,False,,,,,,,,,,,,
pool_51e8a01f645526a6,2432,bridge_data_v1,put knife on cutting board,Release knife onto cutting board,5,"Open the gripper at [128, 134] and let the knife fall at [195, 50]",multi_point_gripper_trace,two_or_more_coordinate_pairs,False,,,,,,,,,,,,
pool_51e8a01f645526a6,2432,bridge_data_v1,put knife on cutting board,Release knife onto cutting board,6,"Release the knife onto the cutting board at [116, 28].",point_coordinate_grounding,one_coordinate_pair,False,,,,,,,,,,,,
pool_51e8a01f645526a6,2432,bridge_data_v1,put knife on cutting board,Release knife onto cutting board,7,Open the gripper.,atomic_motion_or_gripper_command,high_precision_atomic_pattern,False,,,,,,,,,,,,
pool_51e8a01f645526a6,2432,bridge_data_v1,put knife on cutting board,Release knife onto cutting board,8,Open the gripper to place the knife above the cutting board.,hybrid_or_added_behavioral_semantics,sequencing_marker_or_additional_action_family,False,,,,,,,,,,,,
pool_6570de581129aeac,47018,bridge_data_v1,put pot on stove which is near stove,Grasp the pot,0,"Close gripper near the pot at [116, 76]",point_coordinate_grounding,one_coordinate_pair,False,,,,,,,,,,,,
pool_6570de581129aeac,47018,bridge_data_v1,put pot on stove which is near stove,Grasp the pot,1,"Close gripper around the pot at [115, 72]",point_coordinate_grounding,one_coordinate_pair,False,,,,,,,,,,,,
pool_6570de581129aeac,47018,bridge_data_v1,put pot on stove which is near stove,Grasp the pot,2,"Move to [100, 46] and close the gripper",hybrid_or_added_behavioral_semantics,coordinate_plus_terminal_action_direction_or_sequence,False,,,,,,,,,,,,
pool_6570de581129aeac,47018,bridge_data_v1,put pot on stove which is near stove,Grasp the pot,3,put pot on stove which is near stove,task_level_language,shared_trajectory_task_exact_normalized_match,False,,,,,,,,,,,,
pool_6570de581129aeac,47018,bridge_data_v1,put pot on stove which is near stove,Grasp the pot,4,"Move to the pot at [115, 73] and grasp it",hybrid_or_added_behavioral_semantics,coordinate_plus_terminal_action_direction_or_sequence,False,,,,,,,,,,,,
pool_6570de581129aeac,47018,bridge_data_v1,put pot on stove which is near stove,Grasp the pot,5,Grasp the pot,subtask_same_intent_paraphrase_candidate,canonical_subtask_exact_normalized_match,False,,,,,,,,,,,,
pool_6570de581129aeac,47018,bridge_data_v1,put pot on stove which is near stove,Grasp the pot,6,"Close the gripper at [79, 25], [100, 46], [102, 52]",multi_point_gripper_trace,two_or_more_coordinate_pairs,False,,,,,,,,,,,,
pool_6570de581129aeac,47018,bridge_data_v1,put pot on stove which is near stove,Grasp the pot,7,Close the gripper on the pot,hybrid_or_added_behavioral_semantics,sequencing_marker_or_additional_action_family,False,,,,,,,,,,,,
pool_6570de581129aeac,47018,bridge_data_v1,put pot on stove which is near stove,Grasp the pot,8,"Grasp the pot at [115, 72]",point_coordinate_grounding,one_coordinate_pair,False,,,,,,,,,,,,
pool_3209df1712dbbe6e,50981,bridge_data_v1,put spoon in bowl sink,Lift Spoon,0,put spoon in bowl sink,task_level_language,shared_trajectory_task_exact_normalized_match,True,,,,,,,,,,,,
pool_3209df1712dbbe6e,50981,bridge_data_v1,put spoon in bowl sink,Lift Spoon,1,"Move up slightly with spoon at [194, 114], [194, 116], [193, 116]",multi_point_gripper_trace,two_or_more_coordinate_pairs,True,,,,,,,,,,,,
pool_3209df1712dbbe6e,50981,bridge_data_v1,put spoon in bowl sink,Lift Spoon,2,Move the spoon up,malformed_or_unclear,semantic_class_unclear_requires_manual_review,True,,,,,,,,,,,,
pool_3209df1712dbbe6e,50981,bridge_data_v1,put spoon in bowl sink,Lift Spoon,3,"Lift up the spoon to avoid the bowl at [108, 182]",point_coordinate_grounding,one_coordinate_pair,True,,,,,,,,,,,,
pool_3209df1712dbbe6e,50981,bridge_data_v1,put spoon in bowl sink,Lift Spoon,4,Move up to lift the spoon,hybrid_or_added_behavioral_semantics,sequencing_marker_or_additional_action_family,True,,,,,,,,,,,,
pool_3209df1712dbbe6e,50981,bridge_data_v1,put spoon in bowl sink,Lift Spoon,5,Lift Spoon,subtask_same_intent_paraphrase_candidate,canonical_subtask_exact_normalized_match,True,,,,,,,,,,,,
pool_3209df1712dbbe6e,50981,bridge_data_v1,put spoon in bowl sink,Lift Spoon,6,Raise the spoon,subtask_same_intent_paraphrase_candidate,matching_action_family_and_no_added_entities,True,,,,,,,,,,,,
pool_3209df1712dbbe6e,50981,bridge_data_v1,put spoon in bowl sink,Lift Spoon,7,Lift the spoon,subtask_same_intent_paraphrase_candidate,matching_action_family_and_no_added_entities,True,,,,,,,,,,,,
pool_3209df1712dbbe6e,50981,bridge_data_v1,put spoon in bowl sink,Lift Spoon,8,Move up with the spoon,malformed_or_unclear,semantic_class_unclear_requires_manual_review,True,,,,,,,,,,,,
pool_3209df1712dbbe6e,50981,bridge_data_v1,put spoon in bowl sink,Lift Spoon,9,"Lift the spoon while avoiding the bowl at [108, 182]",hybrid_or_added_behavioral_semantics,coordinate_plus_terminal_action_direction_or_sequence,True,,,,,,,,,,,,
pool_8f5025d54a42bd41,4386,bridge_data_v1,open microwave,Move arm away from microwave,0,Move the arm away from the microwave,malformed_or_unclear,semantic_class_unclear_requires_manual_review,True,,,,,,,,,,,,
pool_8f5025d54a42bd41,4386,bridge_data_v1,open microwave,Move arm away from microwave,1,"Move to [140, 124], [110, 135], [90, 126], [86, 111], [78, 78]",multi_point_gripper_trace,two_or_more_coordinate_pairs,True,,,,,,,,,,,,
pool_8f5025d54a42bd41,4386,bridge_data_v1,open microwave,Move arm away from microwave,2,Move up and left from the microwave,malformed_or_unclear,semantic_class_unclear_requires_manual_review,True,,,,,,,,,,,,
pool_8f5025d54a42bd41,4386,bridge_data_v1,open microwave,Move arm away from microwave,3,"Move away from microwave at [104, 102]",point_coordinate_grounding,one_coordinate_pair,True,,,,,,,,,,,,
pool_8f5025d54a42bd41,4386,bridge_data_v1,open microwave,Move arm away from microwave,4,Move arm away from microwave,subtask_same_intent_paraphrase_candidate,canonical_subtask_exact_normalized_match,True,,,,,,,,,,,,
pool_8f5025d54a42bd41,4386,bridge_data_v1,open microwave,Move arm away from microwave,5,Move the arm up and to the left,atomic_motion_or_gripper_command,high_precision_atomic_pattern,True,,,,,,,,,,,,
pool_8f5025d54a42bd41,4386,bridge_data_v1,open microwave,Move arm away from microwave,6,open microwave,task_level_language,shared_trajectory_task_exact_normalized_match,True,,,,,,,,,,,,
pool_8f5025d54a42bd41,4386,bridge_data_v1,open microwave,Move arm away from microwave,7,Move arm away,atomic_motion_or_gripper_command,high_precision_atomic_pattern,True,,,,,,,,,,,,
pool_8f5025d54a42bd41,4386,bridge_data_v1,open microwave,Move arm away from microwave,8,Move left and up to move away,atomic_motion_or_gripper_command,high_precision_atomic_pattern,True,,,,,,,,,,,,
pool_0472e4f102d50377,34567,bridge_data_v1,put cup from counter or drying rack into sink,Lift and move Cup to Sink,0,Move backward with the cup,malformed_or_unclear,semantic_class_unclear_requires_manual_review,False,,,,,,,,,,,,
pool_0472e4f102d50377,34567,bridge_data_v1,put cup from counter or drying rack into sink,Lift and move Cup to Sink,1,"Move backward with the cup from [169, 33] to [165, 23]",multi_point_gripper_trace,two_or_more_coordinate_pairs,False,,,,,,,,,,,,
pool_0472e4f102d50377,34567,bridge_data_v1,put cup from counter or drying rack into sink,Lift and move Cup to Sink,2,Lift and move the cup to the sink,malformed_or_unclear,semantic_class_unclear_requires_manual_review,False,,,,,,,,,,,,
pool_0472e4f102d50377,34567,bridge_data_v1,put cup from counter or drying rack into sink,Lift and move Cup to Sink,3,Lift and move Cup to Sink,subtask_same_intent_paraphrase_candidate,canonical_subtask_exact_normalized_match,False,,,,,,,,,,,,
pool_0472e4f102d50377,34567,bridge_data_v1,put cup from counter or drying rack into sink,Lift and move Cup to Sink,4,Lift the cup,malformed_or_unclear,semantic_class_unclear_requires_manual_review,False,,,,,,,,,,,,
pool_0472e4f102d50377,34567,bridge_data_v1,put cup from counter or drying rack into sink,Lift and move Cup to Sink,5,"Lift and move the cup, moving the gripper from [169, 33] to [165, 23]",multi_point_gripper_trace,two_or_more_coordinate_pairs,False,,,,,,,,,,,,
pool_0472e4f102d50377,34567,bridge_data_v1,put cup from counter or drying rack into sink,Lift and move Cup to Sink,6,put cup from counter or drying rack into sink,task_level_language,shared_trajectory_task_exact_normalized_match,False,,,,,,,,,,,,
pool_0472e4f102d50377,34567,bridge_data_v1,put cup from counter or drying rack into sink,Lift and move Cup to Sink,7,Move backward with the cup toward where it will be released into the sink,malformed_or_unclear,semantic_class_unclear_requires_manual_review,False,,,,,,,,,,,,
pool_e1b6e87c2fc23ac2,48153,bridge_data_v1,put fork from basket to tray,Lift fork out of basket,0,Move the fork up from the basket,malformed_or_unclear,semantic_class_unclear_requires_manual_review,False,,,,,,,,,,,,
pool_e1b6e87c2fc23ac2,48153,bridge_data_v1,put fork from basket to tray,Lift fork out of basket,1,"Lift the fork out of the basket at [66, 140]",point_coordinate_grounding,one_coordinate_pair,False,,,,,,,,,,,,
pool_e1b6e87c2fc23ac2,48153,bridge_data_v1,put fork from basket to tray,Lift fork out of basket,2,Move up with the fork,malformed_or_unclear,semantic_class_unclear_requires_manual_review,False,,,,,,,,,,,,
pool_e1b6e87c2fc23ac2,48153,bridge_data_v1,put fork from basket to tray,Lift fork out of basket,3,"Move the fork from [88, 68] to [90, 66]",multi_point_gripper_trace,two_or_more_coordinate_pairs,False,,,,,,,,,,,,
pool_e1b6e87c2fc23ac2,48153,bridge_data_v1,put fork from basket to tray,Lift fork out of basket,4,Lift the fork out of the basket,malformed_or_unclear,semantic_class_unclear_requires_manual_review,False,,,,,,,,,,,,
pool_e1b6e87c2fc23ac2,48153,bridge_data_v1,put fork from basket to tray,Lift fork out of basket,5,Lift fork out of basket,subtask_same_intent_paraphrase_candidate,canonical_subtask_exact_normalized_match,False,,,,,,,,,,,,
pool_e1b6e87c2fc23ac2,48153,bridge_data_v1,put fork from basket to tray,Lift fork out of basket,6,"Lift up the fork at [171, 160]",point_coordinate_grounding,one_coordinate_pair,False,,,,,,,,,,,,
pool_e1b6e87c2fc23ac2,48153,bridge_data_v1,put fork from basket to tray,Lift fork out of basket,7,Move up,atomic_motion_or_gripper_command,high_precision_atomic_pattern,False,,,,,,,,,,,,
pool_e1b6e87c2fc23ac2,48153,bridge_data_v1,put fork from basket to tray,Lift fork out of basket,8,put fork from basket to tray,task_level_language,shared_trajectory_task_exact_normalized_match,False,,,,,,,,,,,,
pool_e64edb900cd49b18,28033,bridge_data_v2,unfold the cloth into the left to right,Release grasp of the cloth,0,Release the cloth,malformed_or_unclear,semantic_class_unclear_requires_manual_review,False,,,,,,,,,,,,
pool_e64edb900cd49b18,28033,bridge_data_v2,unfold the cloth into the left to right,Release grasp of the cloth,1,"Open gripper at [45, 78]",point_coordinate_grounding,one_coordinate_pair,False,,,,,,,,,,,,
pool_e64edb900cd49b18,28033,bridge_data_v2,unfold the cloth into the left to right,Release grasp of the cloth,2,unfold the cloth into the left to right,task_level_language,shared_trajectory_task_exact_normalized_match,False,,,,,,,,,,,,
pool_e64edb900cd49b18,28033,bridge_data_v2,unfold the cloth into the left to right,Release grasp of the cloth,3,"Move to [46, 78] and release the cloth",hybrid_or_added_behavioral_semantics,coordinate_plus_terminal_action_direction_or_sequence,False,,,,,,,,,,,,
pool_e64edb900cd49b18,28033,bridge_data_v2,unfold the cloth into the left to right,Release grasp of the cloth,4,Release grasp of the cloth,subtask_same_intent_paraphrase_candidate,canonical_subtask_exact_normalized_match,False,,,,,,,,,,,,
pool_e64edb900cd49b18,28033,bridge_data_v2,unfold the cloth into the left to right,Release grasp of the cloth,5,Open the gripper,atomic_motion_or_gripper_command,high_precision_atomic_pattern,False,,,,,,,,,,,,
pool_e64edb900cd49b18,28033,bridge_data_v2,unfold the cloth into the left to right,Release grasp of the cloth,6,Move and release the cloth,malformed_or_unclear,semantic_class_unclear_requires_manual_review,False,,,,,,,,,,,,
pool_e64edb900cd49b18,28033,bridge_data_v2,unfold the cloth into the left to right,Release grasp of the cloth,7,Move forward and open the gripper,atomic_motion_or_gripper_command,high_precision_atomic_pattern,False,,,,,,,,,,,,
pool_e64edb900cd49b18,28033,bridge_data_v2,unfold the cloth into the left to right,Release grasp of the cloth,8,"Move the gripper away from the cloth at [82, 154] and open",point_coordinate_grounding,one_coordinate_pair,False,,,,,,,,,,,,
pool_e64edb900cd49b18,28033,bridge_data_v2,unfold the cloth into the left to right,Release grasp of the cloth,9,"Move to [45, 78] and open the gripper",hybrid_or_added_behavioral_semantics,coordinate_plus_terminal_action_direction_or_sequence,False,,,,,,,,,,,,
pool_eb0b64933e51a92f,8562,bridge_data_v2,move the red hexagon to the right side of the table,Stop and place red hexagon on the table,0,"Place the red hexagon near [162, 17].",point_coordinate_grounding,one_coordinate_pair,False,,,,,,,,,,,,
pool_eb0b64933e51a92f,8562,bridge_data_v2,move the red hexagon to the right side of the table,Stop and place red hexagon on the table,1,"Stop at [135, 13] and place the red hexagon down.",point_coordinate_grounding,one_coordinate_pair,False,,,,,,,,,,,,
pool_eb0b64933e51a92f,8562,bridge_data_v2,move the red hexagon to the right side of the table,Stop and place red hexagon on the table,2,move the red hexagon to the right side of the table,task_level_language,shared_trajectory_task_exact_normalized_match,False,,,,,,,,,,,,
pool_eb0b64933e51a92f,8562,bridge_data_v2,move the red hexagon to the right side of the table,Stop and place red hexagon on the table,3,Stop and place the red hexagon down.,malformed_or_unclear,semantic_class_unclear_requires_manual_review,False,,,,,,,,,,,,
pool_eb0b64933e51a92f,8562,bridge_data_v2,move the red hexagon to the right side of the table,Stop and place red hexagon on the table,4,Place the red hexagon on the table.,malformed_or_unclear,semantic_class_unclear_requires_manual_review,False,,,,,,,,,,,,
pool_eb0b64933e51a92f,8562,bridge_data_v2,move the red hexagon to the right side of the table,Stop and place red hexagon on the table,5,Stop and place red hexagon on the table,subtask_same_intent_paraphrase_candidate,canonical_subtask_exact_normalized_match,False,,,,,,,,,,,,
pool_eb0b64933e51a92f,8562,bridge_data_v2,move the red hexagon to the right side of the table,Stop and place red hexagon on the table,6,Move the red hexagon down to the table.,malformed_or_unclear,semantic_class_unclear_requires_manual_review,False,,,,,,,,,,,,
pool_eb0b64933e51a92f,8562,bridge_data_v2,move the red hexagon to the right side of the table,Stop and place red hexagon on the table,7,Place the red hexagon on the right side of the table.,malformed_or_unclear,semantic_class_unclear_requires_manual_review,False,,,,,,,,,,,,
pool_eb0b64933e51a92f,8562,bridge_data_v2,move the red hexagon to the right side of the table,Stop and place red hexagon on the table,8,"Stop at [197, 29] and release.",point_coordinate_grounding,one_coordinate_pair,False,,,,,,,,,,,,
pool_6d2f71620a4f4809,25575,bridge_data_v2,moved the silver lid cover to the lower right of the stove,Move away from the silver lid cover,0,"Move away from the lid at [182, 187].",point_coordinate_grounding,one_coordinate_pair,False,,,,,,,,,,,,
pool_6d2f71620a4f4809,25575,bridge_data_v2,moved the silver lid cover to the lower right of the stove,Move away from the silver lid cover,1,Move away from the silver lid cover.,subtask_same_intent_paraphrase_candidate,canonical_subtask_exact_normalized_match,False,,,,,,,,,,,,
pool_6d2f71620a4f4809,25575,bridge_data_v2,moved the silver lid cover to the lower right of the stove,Move away from the silver lid cover,2,Move the gripper up and away.,atomic_motion_or_gripper_command,high_precision_atomic_pattern,False,,,,,,,,,,,,
pool_6d2f71620a4f4809,25575,bridge_data_v2,moved the silver lid cover to the lower right of the stove,Move away from the silver lid cover,3,Move away from the silver lid cover,subtask_same_intent_paraphrase_candidate,canonical_subtask_exact_normalized_match,False,,,,,,,,,,,,
pool_6d2f71620a4f4809,25575,bridge_data_v2,moved the silver lid cover to the lower right of the stove,Move away from the silver lid cover,4,"Move up and away from the stove at [109, 132].",point_coordinate_grounding,one_coordinate_pair,False,,,,,,,,,,,,
pool_6d2f71620a4f4809,25575,bridge_data_v2,moved the silver lid cover to the lower right of the stove,Move away from the silver lid cover,5,Move up from the placed lid.,malformed_or_unclear,semantic_class_unclear_requires_manual_review,False,,,,,,,,,,,,
pool_6d2f71620a4f4809,25575,bridge_data_v2,moved the silver lid cover to the lower right of the stove,Move away from the silver lid cover,6,"Move the gripper to [174, 154], [176, 142], [175, 141], [167, 130], [167, 130] to move away.",multi_point_gripper_trace,two_or_more_coordinate_pairs,False,,,,,,,,,,,,
pool_6d2f71620a4f4809,25575,bridge_data_v2,moved the silver lid cover to the lower right of the stove,Move away from the silver lid cover,7,moved the silver lid cover to the lower right of the stove,task_level_language,shared_trajectory_task_exact_normalized_match,False,,,,,,,,,,,,
pool_92aa8f0b9f21815c,40088,bridge_data_v2,move the silver basket to the left bottom of the burner,place the silver basket on the burner,0,Place the silver basket on the burner,subtask_same_intent_paraphrase_candidate,canonical_subtask_exact_normalized_match,False,,,,,,,,,,,,
pool_92aa8f0b9f21815c,40088,bridge_data_v2,move the silver basket to the left bottom of the burner,place the silver basket on the burner,1,Release the silver basket on the burner,malformed_or_unclear,semantic_class_unclear_requires_manual_review,False,,,,,,,,,,,,
pool_92aa8f0b9f21815c,40088,bridge_data_v2,move the silver basket to the left bottom of the burner,place the silver basket on the burner,2,Open the gripper to place the silver basket,hybrid_or_added_behavioral_semantics,sequencing_marker_or_additional_action_family,False,,,,,,,,,,,,
pool_92aa8f0b9f21815c,40088,bridge_data_v2,move the silver basket to the left bottom of the burner,place the silver basket on the burner,3,move the silver basket to the left bottom of the burner,task_level_language,shared_trajectory_task_exact_normalized_match,False,,,,,,,,,,,,
pool_92aa8f0b9f21815c,40088,bridge_data_v2,move the silver basket to the left bottom of the burner,place the silver basket on the burner,4,place the silver basket on the burner,subtask_same_intent_paraphrase_candidate,canonical_subtask_exact_normalized_match,False,,,,,,,,,,,,
pool_92aa8f0b9f21815c,40088,bridge_data_v2,move the silver basket to the left bottom of the burner,place the silver basket on the burner,5,Open the gripper,atomic_motion_or_gripper_command,high_precision_atomic_pattern,False,,,,,,,,,,,,
pool_92aa8f0b9f21815c,40088,bridge_data_v2,move the silver basket to the left bottom of the burner,place the silver basket on the burner,6,"Open the gripper at [82, 110], [82, 112], [83, 115]",multi_point_gripper_trace,two_or_more_coordinate_pairs,False,,,,,,,,,,,,
pool_92aa8f0b9f21815c,40088,bridge_data_v2,move the silver basket to the left bottom of the burner,place the silver basket on the burner,7,"Open the gripper to place the basket on the burner at [130, 152]",hybrid_or_added_behavioral_semantics,coordinate_plus_terminal_action_direction_or_sequence,False,,,,,,,,,,,,
pool_92aa8f0b9f21815c,40088,bridge_data_v2,move the silver basket to the left bottom of the burner,place the silver basket on the burner,8,"Open the gripper at [82, 110] to place the basket on the burner near [130, 152]",hybrid_or_added_behavioral_semantics,coordinate_plus_terminal_action_direction_or_sequence,False,,,,,,,,,,,,
pool_92aa8f0b9f21815c,40088,bridge_data_v2,move the silver basket to the left bottom of the burner,place the silver basket on the burner,9,"Release the silver basket at [82, 110]",point_coordinate_grounding,one_coordinate_pair,False,,,,,,,,,,,,
pool_f34bb42680f10621,16462,bridge_data_v2,fold the cloth from bottom left to right,Place the folded cloth on the right side,0,Place the folded cloth on the right side,subtask_same_intent_paraphrase_candidate,canonical_subtask_exact_normalized_match,False,,,,,,,,,,,,
pool_f34bb42680f10621,16462,bridge_data_v2,fold the cloth from bottom left to right,Place the folded cloth on the right side,1,Place the folded cloth on the right side.,subtask_same_intent_paraphrase_candidate,canonical_subtask_exact_normalized_match,False,,,,,,,,,,,,
pool_f34bb42680f10621,16462,bridge_data_v2,fold the cloth from bottom left to right,Place the folded cloth on the right side,2,"Place the cloth at [147, 154].",point_coordinate_grounding,one_coordinate_pair,False,,,,,,,,,,,,
pool_f34bb42680f10621,16462,bridge_data_v2,fold the cloth from bottom left to right,Place the folded cloth on the right side,3,Place the cloth in the new location.,malformed_or_unclear,semantic_class_unclear_requires_manual_review,False,,,,,,,,,,,,
pool_f34bb42680f10621,16462,bridge_data_v2,fold the cloth from bottom left to right,Place the folded cloth on the right side,4,Move down with cloth.,malformed_or_unclear,semantic_class_unclear_requires_manual_review,False,,,,,,,,,,,,
pool_f34bb42680f10621,16462,bridge_data_v2,fold the cloth from bottom left to right,Place the folded cloth on the right side,5,"Move the cloth to [112, 97] and then down to [113, 98].",hybrid_or_added_behavioral_semantics,coordinate_plus_terminal_action_direction_or_sequence,False,,,,,,,,,,,,
pool_f34bb42680f10621,16462,bridge_data_v2,fold the cloth from bottom left to right,Place the folded cloth on the right side,6,Put the cloth down.,malformed_or_unclear,semantic_class_unclear_requires_manual_review,False,,,,,,,,,,,,
pool_f34bb42680f10621,16462,bridge_data_v2,fold the cloth from bottom left to right,Place the folded cloth on the right side,7,fold the cloth from bottom left to right,task_level_language,shared_trajectory_task_exact_normalized_match,False,,,,,,,,,,,,
pool_f34bb42680f10621,16462,bridge_data_v2,fold the cloth from bottom left to right,Place the folded cloth on the right side,8,Move the cloth to <gripper position before releasing>.,malformed_or_unclear,unresolved_placeholder,False,,,,,,,,,,,,
pool_a6e2d89cd4fb18af,49290,bridge_data_v2,grab sushi roll and drop on the lower left burner,Move the sushi roll to the lower left burner,0,"Move the sushi roll to the burner at [85, 87]",point_coordinate_grounding,one_coordinate_pair,False,,,,,,,,,,,,
pool_a6e2d89cd4fb18af,49290,bridge_data_v2,grab sushi roll and drop on the lower left burner,Move the sushi roll to the lower left burner,1,Move the gripper and sushi roll to the burner,malformed_or_unclear,semantic_class_unclear_requires_manual_review,False,,,,,,,,,,,,
pool_a6e2d89cd4fb18af,49290,bridge_data_v2,grab sushi roll and drop on the lower left burner,Move the sushi roll to the lower left burner,2,"Move the sushi roll along [118, 62], [118, 41], [104, 30] towards the burner at [85, 87]",multi_point_gripper_trace,two_or_more_coordinate_pairs,False,,,,,,,,,,,,
pool_a6e2d89cd4fb18af,49290,bridge_data_v2,grab sushi roll and drop on the lower left burner,Move the sushi roll to the lower left burner,3,grab sushi roll and drop on the lower left burner,task_level_language,shared_trajectory_task_exact_normalized_match,False,,,,,,,,,,,,
pool_a6e2d89cd4fb18af,49290,bridge_data_v2,grab sushi roll and drop on the lower left burner,Move the sushi roll to the lower left burner,4,Reposition the sushi roll,malformed_or_unclear,semantic_class_unclear_requires_manual_review,False,,,,,,,,,,,,
pool_a6e2d89cd4fb18af,49290,bridge_data_v2,grab sushi roll and drop on the lower left burner,Move the sushi roll to the lower left burner,5,Move the sushi roll to the lower left burner,subtask_same_intent_paraphrase_candidate,canonical_subtask_exact_normalized_match,False,,,,,,,,,,,,
pool_a6e2d89cd4fb18af,49290,bridge_data_v2,grab sushi roll and drop on the lower left burner,Move the sushi roll to the lower left burner,6,"Move the sushi roll at [118, 71] to the lower left burner at [85, 87]",multi_point_gripper_trace,two_or_more_coordinate_pairs,False,,,,,,,,,,,,
pool_a6e2d89cd4fb18af,49290,bridge_data_v2,grab sushi roll and drop on the lower left burner,Move the sushi roll to the lower left burner,7,Move the sushi roll towards the burner,malformed_or_unclear,semantic_class_unclear_requires_manual_review,False,,,,,,,,,,,,
pool_4645d3314257844f,8354,bridge_data_v2,move the silver pot bellow the left burner,Move to the Silver Pot,0,"Move to the silver pot at [124, 106]",point_coordinate_grounding,one_coordinate_pair,False,,,,,,,,,,,,
pool_4645d3314257844f,8354,bridge_data_v2,move the silver pot bellow the left burner,Move to the Silver Pot,1,Move down to the vicinity of the silver pot,malformed_or_unclear,semantic_class_unclear_requires_manual_review,False,,,,,,,,,,,,
pool_4645d3314257844f,8354,bridge_data_v2,move the silver pot bellow the left burner,Move to the Silver Pot,2,"Move towards [124, 106]",point_coordinate_grounding,one_coordinate_pair,False,,,,,,,,,,,,
pool_4645d3314257844f,8354,bridge_data_v2,move the silver pot bellow the left burner,Move to the Silver Pot,3,Move to the Silver Pot,subtask_same_intent_paraphrase_candidate,canonical_subtask_exact_normalized_match,False,,,,,,,,,,,,
pool_4645d3314257844f,8354,bridge_data_v2,move the silver pot bellow the left burner,Move to the Silver Pot,4,Move to the silver pot,subtask_same_intent_paraphrase_candidate,canonical_subtask_exact_normalized_match,False,,,,,,,,,,,,
pool_4645d3314257844f,8354,bridge_data_v2,move the silver pot bellow the left burner,Move to the Silver Pot,5,"Move the gripper along [129, 92], [130, 80], [127, 106]",multi_point_gripper_trace,two_or_more_coordinate_pairs,False,,,,,,,,,,,,
pool_4645d3314257844f,8354,bridge_data_v2,move the silver pot bellow the left burner,Move to the Silver Pot,6,move the silver pot bellow the left burner,task_level_language,shared_trajectory_task_exact_normalized_match,False,,,,,,,,,,,,
pool_001860e5d839f86d,52328,bridge_data_v2,take the blue thing out of the drawer and put it on the right side of the green thing,place the blue thing on the right side of the green thing,0,place the blue thing on the right side of the green thing,subtask_same_intent_paraphrase_candidate,canonical_subtask_exact_normalized_match,False,,,,,,,,,,,,
pool_001860e5d839f86d,52328,bridge_data_v2,take the blue thing out of the drawer and put it on the right side of the green thing,place the blue thing on the right side of the green thing,1,"place the blue thing on the right side of the green thing at [66, 78]",point_coordinate_grounding,one_coordinate_pair,False,,,,,,,,,,,,
pool_001860e5d839f86d,52328,bridge_data_v2,take the blue thing out of the drawer and put it on the right side of the green thing,place the blue thing on the right side of the green thing,2,"move toward the green thing at [66, 78] and release",hybrid_or_added_behavioral_semantics,coordinate_plus_terminal_action_direction_or_sequence,False,,,,,,,,,,,,
pool_001860e5d839f86d,52328,bridge_data_v2,take the blue thing out of the drawer and put it on the right side of the green thing,place the blue thing on the right side of the green thing,3,"move to [91, 44], [92, 62] and release the blue thing",hybrid_or_added_behavioral_semantics,coordinate_plus_terminal_action_direction_or_sequence,False,,,,,,,,,,,,
pool_001860e5d839f86d,52328,bridge_data_v2,take the blue thing out of the drawer and put it on the right side of the green thing,place the blue thing on the right side of the green thing,4,"open gripper at [91, 44] to place the blue thing at [99, 53] near the green thing at [66, 78]",hybrid_or_added_behavioral_semantics,coordinate_plus_terminal_action_direction_or_sequence,False,,,,,,,,,,,,
pool_001860e5d839f86d,52328,bridge_data_v2,take the blue thing out of the drawer and put it on the right side of the green thing,place the blue thing on the right side of the green thing,5,take the blue thing out of the drawer and put it on the right side of the green thing,task_level_language,shared_trajectory_task_exact_normalized_match,False,,,,,,,,,,,,
pool_001860e5d839f86d,52328,bridge_data_v2,take the blue thing out of the drawer and put it on the right side of the green thing,place the blue thing on the right side of the green thing,6,open the gripper to place the blue thing,hybrid_or_added_behavioral_semantics,sequencing_marker_or_additional_action_family,False,,,,,,,,,,,,
pool_001860e5d839f86d,52328,bridge_data_v2,take the blue thing out of the drawer and put it on the right side of the green thing,place the blue thing on the right side of the green thing,7,"place the blue thing near [96, 81]",point_coordinate_grounding,one_coordinate_pair,False,,,,,,,,,,,,
pool_001860e5d839f86d,52328,bridge_data_v2,take the blue thing out of the drawer and put it on the right side of the green thing,place the blue thing on the right side of the green thing,8,move the blue thing to the right of the green thing,malformed_or_unclear,semantic_class_unclear_requires_manual_review,False,,,,,,,,,,,,
pool_2b184a3f8ebaabeb,29671,bridge_data_v2,move the yellow cloth to the bottom right of the table,Grasp the yellow cloth,0,Close gripper on the cloth,hybrid_or_added_behavioral_semantics,sequencing_marker_or_additional_action_family,True,,,,,,,,,,,,
pool_2b184a3f8ebaabeb,29671,bridge_data_v2,move the yellow cloth to the bottom right of the table,Grasp the yellow cloth,1,move the yellow cloth to the bottom right of the table,task_level_language,shared_trajectory_task_exact_normalized_match,True,,,,,,,,,,,,
pool_2b184a3f8ebaabeb,29671,bridge_data_v2,move the yellow cloth to the bottom right of the table,Grasp the yellow cloth,2,"Grasp the yellow cloth near the table at [102, 202]",point_coordinate_grounding,one_coordinate_pair,True,,,,,,,,,,,,
pool_2b184a3f8ebaabeb,29671,bridge_data_v2,move the yellow cloth to the bottom right of the table,Grasp the yellow cloth,3,Grasp the cloth,malformed_or_unclear,semantic_class_unclear_requires_manual_review,True,,,,,,,,,,,,
pool_2b184a3f8ebaabeb,29671,bridge_data_v2,move the yellow cloth to the bottom right of the table,Grasp the yellow cloth,4,"Grasp the yellow cloth at [71, 179]",point_coordinate_grounding,one_coordinate_pair,True,,,,,,,,,,,,
pool_2b184a3f8ebaabeb,29671,bridge_data_v2,move the yellow cloth to the bottom right of the table,Grasp the yellow cloth,5,Grasp the yellow cloth,subtask_same_intent_paraphrase_candidate,canonical_subtask_exact_normalized_match,True,,,,,,,,,,,,
pool_f36161cf4885c5ac,7813,bridge_data_v2,took a green object between the burners  and put it inside the silver pot on the left lower burner,Lift the Green Object,0,"Lift the green object at [147, 144] away from the burner",point_coordinate_grounding,one_coordinate_pair,True,,,,,,,,,,,,
pool_f36161cf4885c5ac,7813,bridge_data_v2,took a green object between the burners  and put it inside the silver pot on the left lower burner,Lift the Green Object,1,"Move the gripper at [146, 133] up",point_coordinate_grounding,one_coordinate_pair,True,,,,,,,,,,,,
pool_f36161cf4885c5ac,7813,bridge_data_v2,took a green object between the burners  and put it inside the silver pot on the left lower burner,Lift the Green Object,2,"Move up from [146, 133]",point_coordinate_grounding,one_coordinate_pair,True,,,,,,,,,,,,
pool_f36161cf4885c5ac,7813,bridge_data_v2,took a green object between the burners  and put it inside the silver pot on the left lower burner,Lift the Green Object,3,Lift the green object,subtask_same_intent_paraphrase_candidate,canonical_subtask_exact_normalized_match,True,,,,,,,,,,,,
pool_f36161cf4885c5ac,7813,bridge_data_v2,took a green object between the burners  and put it inside the silver pot on the left lower burner,Lift the Green Object,4,Lift the Green Object,subtask_same_intent_paraphrase_candidate,canonical_subtask_exact_normalized_match,True,,,,,,,,,,,,
pool_f36161cf4885c5ac,7813,bridge_data_v2,took a green object between the burners  and put it inside the silver pot on the left lower burner,Lift the Green Object,5,"Move the green object at [147, 144] upwards",point_coordinate_grounding,one_coordinate_pair,True,,,,,,,,,,,,
pool_f36161cf4885c5ac,7813,bridge_data_v2,took a green object between the burners  and put it inside the silver pot on the left lower burner,Lift the Green Object,6,took a green object between the burners  and put it inside the silver pot on the left lower burner,task_level_language,shared_trajectory_task_exact_normalized_match,True,,,,,,,,,,,,
pool_f36161cf4885c5ac,7813,bridge_data_v2,took a green object between the burners  and put it inside the silver pot on the left lower burner,Lift the Green Object,7,"Lift the green object above the burner at [155, 139]",point_coordinate_grounding,one_coordinate_pair,True,,,,,,,,,,,,
pool_a9990edc56519e68,38932,bridge_data_v2,put the ball in the cup,release the ball into the cup,0,drop the ball into the cup,malformed_or_unclear,semantic_class_unclear_requires_manual_review,False,,,,,,,,,,,,
pool_a9990edc56519e68,38932,bridge_data_v2,put the ball in the cup,release the ball into the cup,1,release the ball into the cup,subtask_same_intent_paraphrase_candidate,canonical_subtask_exact_normalized_match,False,,,,,,,,,,,,
pool_a9990edc56519e68,38932,bridge_data_v2,put the ball in the cup,release the ball into the cup,2,put the ball in the cup,task_level_language,shared_trajectory_task_exact_normalized_match,False,,,,,,,,,,,,
pool_a9990edc56519e68,38932,bridge_data_v2,put the ball in the cup,release the ball into the cup,3,"open gripper at [164, 9], [165, 10], [164, 10], [23, 18]",multi_point_gripper_trace,two_or_more_coordinate_pairs,False,,,,,,,,,,,,
pool_a9990edc56519e68,38932,bridge_data_v2,put the ball in the cup,release the ball into the cup,4,open the gripper,atomic_motion_or_gripper_command,high_precision_atomic_pattern,False,,,,,,,,,,,,
pool_a9990edc56519e68,38932,bridge_data_v2,put the ball in the cup,release the ball into the cup,5,"open the gripper to release the ball near the cup at [35, 92]",point_coordinate_grounding,one_coordinate_pair,False,,,,,,,,,,,,
pool_a9990edc56519e68,38932,bridge_data_v2,put the ball in the cup,release the ball into the cup,6,release the ball,malformed_or_unclear,semantic_class_unclear_requires_manual_review,False,,,,,,,,,,,,
pool_8b4c4f56072ec450,52932,bridge_data_v2,put the green towel inside the washing machine,Lift the green towel,0,Move backward,atomic_motion_or_gripper_command,high_precision_atomic_pattern,False,,,,,,,,,,,,
pool_8b4c4f56072ec450,52932,bridge_data_v2,put the green towel inside the washing machine,Lift the green towel,1,Move backward and up with the green towel,malformed_or_unclear,semantic_class_unclear_requires_manual_review,False,,,,,,,,,,,,
pool_8b4c4f56072ec450,52932,bridge_data_v2,put the green towel inside the washing machine,Lift the green towel,2,Move the green towel up,malformed_or_unclear,semantic_class_unclear_requires_manual_review,False,,,,,,,,,,,,
pool_8b4c4f56072ec450,52932,bridge_data_v2,put the green towel inside the washing machine,Lift the green towel,3,"Move to [103, 161] and then move up",hybrid_or_added_behavioral_semantics,coordinate_plus_terminal_action_direction_or_sequence,False,,,,,,,,,,,,
pool_8b4c4f56072ec450,52932,bridge_data_v2,put the green towel inside the washing machine,Lift the green towel,4,"Move the gripper up from [103, 161] to [116, 166]",multi_point_gripper_trace,two_or_more_coordinate_pairs,False,,,,,,,,,,,,
pool_8b4c4f56072ec450,52932,bridge_data_v2,put the green towel inside the washing machine,Lift the green towel,5,put the green towel inside the washing machine,task_level_language,shared_trajectory_task_exact_normalized_match,False,,,,,,,,,,,,
pool_8b4c4f56072ec450,52932,bridge_data_v2,put the green towel inside the washing machine,Lift the green towel,6,"Move backward from [103, 161] and then up",hybrid_or_added_behavioral_semantics,coordinate_plus_terminal_action_direction_or_sequence,False,,,,,,,,,,,,
pool_8b4c4f56072ec450,52932,bridge_data_v2,put the green towel inside the washing machine,Lift the green towel,7,"Lift the green towel from [88, 180]",point_coordinate_grounding,one_coordinate_pair,False,,,,,,,,,,,,
pool_8b4c4f56072ec450,52932,bridge_data_v2,put the green towel inside the washing machine,Lift the green towel,8,Lift the green towel,subtask_same_intent_paraphrase_candidate,canonical_subtask_exact_normalized_match,False,,,,,,,,,,,,
pool_8b4c4f56072ec450,52932,bridge_data_v2,put the green towel inside the washing machine,Lift the green towel,9,Move backward and up,atomic_motion_or_gripper_command,high_precision_atomic_pattern,False,,,,,,,,,,,,
pool_8b4c4f56072ec450,52932,bridge_data_v2,put the green towel inside the washing machine,Lift the green towel,10,"Lift the green towel near the washing machine at [165, 79]",point_coordinate_grounding,one_coordinate_pair,False,,,,,,,,,,,,
pool_8b4c4f56072ec450,52932,bridge_data_v2,put the green towel inside the washing machine,Lift the green towel,11,Raise the green towel,malformed_or_unclear,semantic_class_unclear_requires_manual_review,False,,,,,,,,,,,,
pool_40d387b16d00e9f4,46125,bridge_data_v2,unfold the cloth from top left to bottom right,Reach for and grasp the cloth (top left),0,"Move to the cloth at [94, 166] and grasp it",hybrid_or_added_behavioral_semantics,coordinate_plus_terminal_action_direction_or_sequence,False,,,,,,,,,,,,
pool_40d387b16d00e9f4,46125,bridge_data_v2,unfold the cloth from top left to bottom right,Reach for and grasp the cloth (top left),1,"Reach for the cloth at [94, 166] from above, and then close gripper",hybrid_or_added_behavioral_semantics,coordinate_plus_terminal_action_direction_or_sequence,False,,,,,,,,,,,,
pool_40d387b16d00e9f4,46125,bridge_data_v2,unfold the cloth from top left to bottom right,Reach for and grasp the cloth (top left),2,"Move to [43, 112] then down to [213, 7] and close the gripper",hybrid_or_added_behavioral_semantics,coordinate_plus_terminal_action_direction_or_sequence,False,,,,,,,,,,,,
pool_40d387b16d00e9f4,46125,bridge_data_v2,unfold the cloth from top left to bottom right,Reach for and grasp the cloth (top left),3,"Grasp the cloth at [94, 166]",point_coordinate_grounding,one_coordinate_pair,False,,,,,,,,,,,,
pool_40d387b16d00e9f4,46125,bridge_data_v2,unfold the cloth from top left to bottom right,Reach for and grasp the cloth (top left),4,Reach for the cloth,malformed_or_unclear,semantic_class_unclear_requires_manual_review,False,,,,,,,,,,,,
pool_40d387b16d00e9f4,46125,bridge_data_v2,unfold the cloth from top left to bottom right,Reach for and grasp the cloth (top left),5,Reach for and grasp the cloth (top left),subtask_same_intent_paraphrase_candidate,canonical_subtask_exact_normalized_match,False,,,,,,,,,,,,
pool_40d387b16d00e9f4,46125,bridge_data_v2,unfold the cloth from top left to bottom right,Reach for and grasp the cloth (top left),6,unfold the cloth from top left to bottom right,task_level_language,shared_trajectory_task_exact_normalized_match,False,,,,,,,,,,,,
pool_40d387b16d00e9f4,46125,bridge_data_v2,unfold the cloth from top left to bottom right,Reach for and grasp the cloth (top left),7,"Move to [213, 7] and close gripper",hybrid_or_added_behavioral_semantics,coordinate_plus_terminal_action_direction_or_sequence,False,,,,,,,,,,,,
pool_40d387b16d00e9f4,46125,bridge_data_v2,unfold the cloth from top left to bottom right,Reach for and grasp the cloth (top left),8,"Move to [43, 112], [214, 8], [213, 7] and close gripper",hybrid_or_added_behavioral_semantics,coordinate_plus_terminal_action_direction_or_sequence,False,,,,,,,,,,,,
pool_40d387b16d00e9f4,46125,bridge_data_v2,unfold the cloth from top left to bottom right,Reach for and grasp the cloth (top left),9,Approach the cloth and grasp it,malformed_or_unclear,semantic_class_unclear_requires_manual_review,False,,,,,,,,,,,,
pool_baf50cd82fa9caca,13007,bridge_data_v2,place the red pepper in between the right heater and the yellow thing,Lift the red pepper and move towards the target location,0,"Move the red pepper towards the heater at [108, 131]",point_coordinate_grounding,one_coordinate_pair,False,,,,,,,,,,,,
pool_baf50cd82fa9caca,13007,bridge_data_v2,place the red pepper in between the right heater and the yellow thing,Lift the red pepper and move towards the target location,1,place the red pepper in between the right heater and the yellow thing,task_level_language,shared_trajectory_task_exact_normalized_match,False,,,,,,,,,,,,
pool_baf50cd82fa9caca,13007,bridge_data_v2,place the red pepper in between the right heater and the yellow thing,Lift the red pepper and move towards the target location,2,"Move the pepper to the right of its original location, toward the heater",malformed_or_unclear,semantic_class_unclear_requires_manual_review,False,,,,,,,,,,,,
pool_baf50cd82fa9caca,13007,bridge_data_v2,place the red pepper in between the right heater and the yellow thing,Lift the red pepper and move towards the target location,3,"Lift the red pepper and move it to [74, 50], [72, 52], [74, 59], [86, 115], [84, 65]",multi_point_gripper_trace,two_or_more_coordinate_pairs,False,,,,,,,,,,,,
pool_baf50cd82fa9caca,13007,bridge_data_v2,place the red pepper in between the right heater and the yellow thing,Lift the red pepper and move towards the target location,4,Move the red pepper right,malformed_or_unclear,semantic_class_unclear_requires_manual_review,False,,,,,,,,,,,,
pool_baf50cd82fa9caca,13007,bridge_data_v2,place the red pepper in between the right heater and the yellow thing,Lift the red pepper and move towards the target location,5,Lift the red pepper and move towards the target location,subtask_same_intent_paraphrase_candidate,canonical_subtask_exact_normalized_match,False,,,,,,,,,,,,
pool_baf50cd82fa9caca,13007,bridge_data_v2,place the red pepper in between the right heater and the yellow thing,Lift the red pepper and move towards the target location,6,Move right up with the red pepper,malformed_or_unclear,semantic_class_unclear_requires_manual_review,False,,,,,,,,,,,,
pool_baf50cd82fa9caca,13007,bridge_data_v2,place the red pepper in between the right heater and the yellow thing,Lift the red pepper and move towards the target location,7,"Move the red pepper along [74, 50], [72, 52], [74, 59] toward the heater at [106, 130]",multi_point_gripper_trace,two_or_more_coordinate_pairs,False,,,,,,,,,,,,
pool_503f3a5ea34e7b51,32768,bridge_data_v2,fold the cloth from bottom left to top right,Release the bottom left corner onto the top right,0,fold the cloth from bottom left to top right,task_level_language,shared_trajectory_task_exact_normalized_match,False,,,,,,,,,,,,
pool_503f3a5ea34e7b51,32768,bridge_data_v2,fold the cloth from bottom left to top right,Release the bottom left corner onto the top right,1,"Open gripper after moving to [118, 125]",hybrid_or_added_behavioral_semantics,coordinate_plus_terminal_action_direction_or_sequence,False,,,,,,,,,,,,
pool_503f3a5ea34e7b51,32768,bridge_data_v2,fold the cloth from bottom left to top right,Release the bottom left corner onto the top right,2,Release the cloth,malformed_or_unclear,semantic_class_unclear_requires_manual_review,False,,,,,,,,,,,,
pool_503f3a5ea34e7b51,32768,bridge_data_v2,fold the cloth from bottom left to top right,Release the bottom left corner onto the top right,3,Open gripper,atomic_motion_or_gripper_command,high_precision_atomic_pattern,False,,,,,,,,,,,,
pool_503f3a5ea34e7b51,32768,bridge_data_v2,fold the cloth from bottom left to top right,Release the bottom left corner onto the top right,4,Release the bottom left corner onto the top right,subtask_same_intent_paraphrase_candidate,canonical_subtask_exact_normalized_match,False,,,,,,,,,,,,
pool_503f3a5ea34e7b51,32768,bridge_data_v2,fold the cloth from bottom left to top right,Release the bottom left corner onto the top right,5,Move right and up while opening the gripper,hybrid_or_added_behavioral_semantics,sequencing_marker_or_additional_action_family,False,,,,,,,,,,,,
pool_503f3a5ea34e7b51,32768,bridge_data_v2,fold the cloth from bottom left to top right,Release the bottom left corner onto the top right,6,"Open the gripper at [137, 111]",point_coordinate_grounding,one_coordinate_pair,False,,,,,,,,,,,,
pool_503f3a5ea34e7b51,32768,bridge_data_v2,fold the cloth from bottom left to top right,Release the bottom left corner onto the top right,7,Release the corner,malformed_or_unclear,semantic_class_unclear_requires_manual_review,False,,,,,,,,,,,,
pool_aa9bb5624fdab3ed,47197,bridge_data_v2,Pick up the lid of the pot and place it over the pot,Move away from the Pot,0,Move the gripper up and to the right,atomic_motion_or_gripper_command,high_precision_atomic_pattern,True,,,,,,,,,,,,
pool_aa9bb5624fdab3ed,47197,bridge_data_v2,Pick up the lid of the pot and place it over the pot,Move away from the Pot,1,"Move the gripper along [68, 34], [76, 26], [83, 43], [96, 69]",multi_point_gripper_trace,two_or_more_coordinate_pairs,True,,,,,,,,,,,,
pool_aa9bb5624fdab3ed,47197,bridge_data_v2,Pick up the lid of the pot and place it over the pot,Move away from the Pot,2,"Move the gripper from [68, 34] to [92, 75]",multi_point_gripper_trace,two_or_more_coordinate_pairs,True,,,,,,,,,,,,
pool_aa9bb5624fdab3ed,47197,bridge_data_v2,Pick up the lid of the pot and place it over the pot,Move away from the Pot,3,"Move the gripper right and up, away from the pot",malformed_or_unclear,semantic_class_unclear_requires_manual_review,True,,,,,,,,,,,,
pool_aa9bb5624fdab3ed,47197,bridge_data_v2,Pick up the lid of the pot and place it over the pot,Move away from the Pot,4,"Move the gripper away from the pot at [68, 63]",point_coordinate_grounding,one_coordinate_pair,True,,,,,,,,,,,,
pool_aa9bb5624fdab3ed,47197,bridge_data_v2,Pick up the lid of the pot and place it over the pot,Move away from the Pot,5,Pick up the lid of the pot and place it over the pot,task_level_language,shared_trajectory_task_exact_normalized_match,True,,,,,,,,,,,,
pool_aa9bb5624fdab3ed,47197,bridge_data_v2,Pick up the lid of the pot and place it over the pot,Move away from the Pot,6,Retract the gripper,malformed_or_unclear,semantic_class_unclear_requires_manual_review,True,,,,,,,,,,,,
pool_aa9bb5624fdab3ed,47197,bridge_data_v2,Pick up the lid of the pot and place it over the pot,Move away from the Pot,7,"Move the gripper to [96, 69]",point_coordinate_grounding,one_coordinate_pair,True,,,,,,,,,,,,
pool_aa9bb5624fdab3ed,47197,bridge_data_v2,Pick up the lid of the pot and place it over the pot,Move away from the Pot,8,Move away from the pot,subtask_same_intent_paraphrase_candidate,canonical_subtask_exact_normalized_match,True,,,,,,,,,,,,
pool_aa9bb5624fdab3ed,47197,bridge_data_v2,Pick up the lid of the pot and place it over the pot,Move away from the Pot,9,Move away from the Pot,subtask_same_intent_paraphrase_candidate,canonical_subtask_exact_normalized_match,True,,,,,,,,,,,,
pool_aa9bb5624fdab3ed,47197,bridge_data_v2,Pick up the lid of the pot and place it over the pot,Move away from the Pot,10,Move the gripper up and away from the pot,malformed_or_unclear,semantic_class_unclear_requires_manual_review,True,,,,,,,,,,,,
pool_8ef38ae28c1daa3d,44084,bridge_data_v2,moved the basket to the left side of the service,Place the basket,0,"Move down slightly and release the basket at [95, 183]",point_coordinate_grounding,one_coordinate_pair,False,,,,,,,,,,,,
pool_8ef38ae28c1daa3d,44084,bridge_data_v2,moved the basket to the left side of the service,Place the basket,1,"Release the basket at [95, 183]",point_coordinate_grounding,one_coordinate_pair,False,,,,,,,,,,,,
pool_8ef38ae28c1daa3d,44084,bridge_data_v2,moved the basket to the left side of the service,Place the basket,2,"Move to [54, 143] and open the gripper to place the basket",hybrid_or_added_behavioral_semantics,coordinate_plus_terminal_action_direction_or_sequence,False,,,,,,,,,,,,
pool_8ef38ae28c1daa3d,44084,bridge_data_v2,moved the basket to the left side of the service,Place the basket,3,Open the gripper to release the basket,hybrid_or_added_behavioral_semantics,sequencing_marker_or_additional_action_family,False,,,,,,,,,,,,
pool_8ef38ae28c1daa3d,44084,bridge_data_v2,moved the basket to the left side of the service,Place the basket,4,Place the basket,subtask_same_intent_paraphrase_candidate,canonical_subtask_exact_normalized_match,False,,,,,,,,,,,,
pool_8ef38ae28c1daa3d,44084,bridge_data_v2,moved the basket to the left side of the service,Place the basket,5,moved the basket to the left side of the service,task_level_language,shared_trajectory_task_exact_normalized_match,False,,,,,,,,,,,,
pool_ba78b1649d4c8605,33541,bridge_data_v2,fold the cloth from left to rigth,Release the cloth,0,Release the cloth,subtask_same_intent_paraphrase_candidate,canonical_subtask_exact_normalized_match,False,,,,,,,,,,,,
pool_ba78b1649d4c8605,33541,bridge_data_v2,fold the cloth from left to rigth,Release the cloth,1,Drop the cloth,subtask_same_intent_paraphrase_candidate,matching_action_family_and_no_added_entities,False,,,,,,,,,,,,
pool_ba78b1649d4c8605,33541,bridge_data_v2,fold the cloth from left to rigth,Release the cloth,2,"Open the gripper at approximately [176, 104]",point_coordinate_grounding,one_coordinate_pair,False,,,,,,,,,,,,
pool_ba78b1649d4c8605,33541,bridge_data_v2,fold the cloth from left to rigth,Release the cloth,3,Let go of the cloth,malformed_or_unclear,semantic_class_unclear_requires_manual_review,False,,,,,,,,,,,,
pool_ba78b1649d4c8605,33541,bridge_data_v2,fold the cloth from left to rigth,Release the cloth,4,"Release the cloth at [162, 113]",point_coordinate_grounding,one_coordinate_pair,False,,,,,,,,,,,,
pool_ba78b1649d4c8605,33541,bridge_data_v2,fold the cloth from left to rigth,Release the cloth,5,Open the gripper,atomic_motion_or_gripper_command,high_precision_atomic_pattern,False,,,,,,,,,,,,
pool_ba78b1649d4c8605,33541,bridge_data_v2,fold the cloth from left to rigth,Release the cloth,6,fold the cloth from left to rigth,task_level_language,shared_trajectory_task_exact_normalized_match,False,,,,,,,,,,,,
pool_ba78b1649d4c8605,33541,bridge_data_v2,fold the cloth from left to rigth,Release the cloth,7,"Release the cloth by opening the gripper while being at [176, 104]",hybrid_or_added_behavioral_semantics,coordinate_plus_terminal_action_direction_or_sequence,False,,,,,,,,,,,,
pool_ba78b1649d4c8605,33541,bridge_data_v2,fold the cloth from left to rigth,Release the cloth,8,Open the gripper after moving the cloth to the right.,hybrid_or_added_behavioral_semantics,sequencing_marker_or_additional_action_family,False,,,,,,,,,,,,
pool_9c8de9da150138af,34918,bridge_data_v2,unfold the cloth,Reach for the cloth,0,Move left to reach for the cloth,hybrid_or_added_behavioral_semantics,sequencing_marker_or_additional_action_family,False,,,,,,,,,,,,
pool_9c8de9da150138af,34918,bridge_data_v2,unfold the cloth,Reach for the cloth,1,"Move the gripper along [108, 67], [107, 79] to reach the cloth",multi_point_gripper_trace,two_or_more_coordinate_pairs,False,,,,,,,,,,,,
pool_9c8de9da150138af,34918,bridge_data_v2,unfold the cloth,Reach for the cloth,2,"Reach for the cloth at [91, 113]",point_coordinate_grounding,one_coordinate_pair,False,,,,,,,,,,,,
pool_9c8de9da150138af,34918,bridge_data_v2,unfold the cloth,Reach for the cloth,3,Reach for the cloth,subtask_same_intent_paraphrase_candidate,canonical_subtask_exact_normalized_match,False,,,,,,,,,,,,
pool_9c8de9da150138af,34918,bridge_data_v2,unfold the cloth,Reach for the cloth,4,"Move the gripper to the cloth at [91, 113]",point_coordinate_grounding,one_coordinate_pair,False,,,,,,,,,,,,
pool_9c8de9da150138af,34918,bridge_data_v2,unfold the cloth,Reach for the cloth,5,unfold the cloth,task_level_language,shared_trajectory_task_exact_normalized_match,False,,,,,,,,,,,,
pool_93e96ec783d478d8,976,bridge_data_v2,closed the drawer,Move away from the drawer,0,"Move the gripper away from drawer at [96, 63]",point_coordinate_grounding,one_coordinate_pair,False,,,,,,,,,,,,
pool_93e96ec783d478d8,976,bridge_data_v2,closed the drawer,Move away from the drawer,1,Move the gripper up and right,atomic_motion_or_gripper_command,high_precision_atomic_pattern,False,,,,,,,,,,,,
pool_93e96ec783d478d8,976,bridge_data_v2,closed the drawer,Move away from the drawer,2,Move away from the drawer,subtask_same_intent_paraphrase_candidate,canonical_subtask_exact_normalized_match,False,,,,,,,,,,,,
pool_93e96ec783d478d8,976,bridge_data_v2,closed the drawer,Move away from the drawer,3,closed the drawer,task_level_language,shared_trajectory_task_exact_normalized_match,False,,,,,,,,,,,,
pool_93e96ec783d478d8,976,bridge_data_v2,closed the drawer,Move away from the drawer,4,"Move right to move away from the drawer at [96, 63]",point_coordinate_grounding,one_coordinate_pair,False,,,,,,,,,,,,
pool_93e96ec783d478d8,976,bridge_data_v2,closed the drawer,Move away from the drawer,5,Move up and right away from the drawer,malformed_or_unclear,semantic_class_unclear_requires_manual_review,False,,,,,,,,,,,,
pool_93e96ec783d478d8,976,bridge_data_v2,closed the drawer,Move away from the drawer,6,"Move the gripper along [142, 103], [151, 100], [140, 95] away from the drawer",multi_point_gripper_trace,two_or_more_coordinate_pairs,False,,,,,,,,,,,,
pool_93e96ec783d478d8,976,bridge_data_v2,closed the drawer,Move away from the drawer,7,Move away from the drawer after closing it,hybrid_or_added_behavioral_semantics,sequencing_marker_or_additional_action_family,False,,,,,,,,,,,,
pool_93e96ec783d478d8,976,bridge_data_v2,closed the drawer,Move away from the drawer,8,"Move up and right, away from the drawer",malformed_or_unclear,semantic_class_unclear_requires_manual_review,False,,,,,,,,,,,,
pool_93e96ec783d478d8,976,bridge_data_v2,closed the drawer,Move away from the drawer,9,"Move away from the drawer, to location [226, 55]",point_coordinate_grounding,one_coordinate_pair,False,,,,,,,,,,,,
pool_3df53bcaa921eaeb,10465,bridge_data_v2,sweep into pile,Backward Sweep,0,"Sweep from [185, 132] to [127, 111], then backward to [95, 120].",hybrid_or_added_behavioral_semantics,coordinate_plus_terminal_action_direction_or_sequence,False,,,,,,,,,,,,
pool_3df53bcaa921eaeb,10465,bridge_data_v2,sweep into pile,Backward Sweep,1,Sweep the objects to the lower right.,malformed_or_unclear,semantic_class_unclear_requires_manual_review,False,,,,,,,,,,,,
pool_3df53bcaa921eaeb,10465,bridge_data_v2,sweep into pile,Backward Sweep,2,"Move the gripper along [185, 132], [127, 111], [95, 120], [84, 131], [161, 171].",multi_point_gripper_trace,two_or_more_coordinate_pairs,False,,,,,,,,,,,,
pool_3df53bcaa921eaeb,10465,bridge_data_v2,sweep into pile,Backward Sweep,3,"Move left, then backward, with the tool.",hybrid_or_added_behavioral_semantics,sequencing_marker_or_additional_action_family,False,,,,,,,,,,,,
pool_3df53bcaa921eaeb,10465,bridge_data_v2,sweep into pile,Backward Sweep,4,sweep into pile,task_level_language,shared_trajectory_task_exact_normalized_match,False,,,,,,,,,,,,
pool_3df53bcaa921eaeb,10465,bridge_data_v2,sweep into pile,Backward Sweep,5,"Move the tool left and backward, then return right.",hybrid_or_added_behavioral_semantics,sequencing_marker_or_additional_action_family,False,,,,,,,,,,,,
pool_3df53bcaa921eaeb,10465,bridge_data_v2,sweep into pile,Backward Sweep,6,"Sweep left, backward, then right down to [161, 171].",hybrid_or_added_behavioral_semantics,coordinate_plus_terminal_action_direction_or_sequence,False,,,,,,,,,,,,
pool_3df53bcaa921eaeb,10465,bridge_data_v2,sweep into pile,Backward Sweep,7,Move the sweeping tool left and backward.,malformed_or_unclear,semantic_class_unclear_requires_manual_review,False,,,,,,,,,,,,
pool_3df53bcaa921eaeb,10465,bridge_data_v2,sweep into pile,Backward Sweep,8,Backward Sweep,subtask_same_intent_paraphrase_candidate,canonical_subtask_exact_normalized_match,False,,,,,,,,,,,,
pool_3df53bcaa921eaeb,10465,bridge_data_v2,sweep into pile,Backward Sweep,9,"Sweep back along [185, 132] -> [127, 111] -> [95, 120].",multi_point_gripper_trace,two_or_more_coordinate_pairs,False,,,,,,,,,,,,
pool_3df53bcaa921eaeb,10465,bridge_data_v2,sweep into pile,Backward Sweep,10,Sweep backward to gather objects.,malformed_or_unclear,semantic_class_unclear_requires_manual_review,False,,,,,,,,,,,,
pool_2100429433d1757b,37835,bridge_data_v2,move the blue figure to right side of the table,Grasp the Blue Figure,0,"Grasp the blue figure at [83, 106]",point_coordinate_grounding,one_coordinate_pair,False,,,,,,,,,,,,
pool_2100429433d1757b,37835,bridge_data_v2,move the blue figure to right side of the table,Grasp the Blue Figure,1,Grasp the Blue Figure,subtask_same_intent_paraphrase_candidate,canonical_subtask_exact_normalized_match,False,,,,,,,,,,,,
pool_2100429433d1757b,37835,bridge_data_v2,move the blue figure to right side of the table,Grasp the Blue Figure,2,Close the gripper around the blue figure,malformed_or_unclear,semantic_class_unclear_requires_manual_review,False,,,,,,,,,,,,
pool_2100429433d1757b,37835,bridge_data_v2,move the blue figure to right side of the table,Grasp the Blue Figure,3,move the blue figure to right side of the table,task_level_language,shared_trajectory_task_exact_normalized_match,False,,,,,,,,,,,,
pool_2100429433d1757b,37835,bridge_data_v2,move the blue figure to right side of the table,Grasp the Blue Figure,4,Close gripper,atomic_motion_or_gripper_command,high_precision_atomic_pattern,False,,,,,,,,,,,,
pool_2100429433d1757b,37835,bridge_data_v2,move the blue figure to right side of the table,Grasp the Blue Figure,5,Close the gripper to grab the blue figure,hybrid_or_added_behavioral_semantics,sequencing_marker_or_additional_action_family,False,,,,,,,,,,,,
pool_2100429433d1757b,37835,bridge_data_v2,move the blue figure to right side of the table,Grasp the Blue Figure,6,Grasp the object,malformed_or_unclear,semantic_class_unclear_requires_manual_review,False,,,,,,,,,,,,
pool_2100429433d1757b,37835,bridge_data_v2,move the blue figure to right side of the table,Grasp the Blue Figure,7,"Move down to [74, 115] and close the gripper",hybrid_or_added_behavioral_semantics,coordinate_plus_terminal_action_direction_or_sequence,False,,,,,,,,,,,,
pool_077a12c6eea32153,20391,bridge_data_v2,move the silver pot to the right bottom of the table,Reach for the silver pot,0,Approach the silver pot,malformed_or_unclear,semantic_class_unclear_requires_manual_review,False,,,,,,,,,,,,
pool_077a12c6eea32153,20391,bridge_data_v2,move the silver pot to the right bottom of the table,Reach for the silver pot,1,Reach for the silver pot,subtask_same_intent_paraphrase_candidate,canonical_subtask_exact_normalized_match,False,,,,,,,,,,,,
pool_077a12c6eea32153,20391,bridge_data_v2,move the silver pot to the right bottom of the table,Reach for the silver pot,2,"Move to [146, 85], [118, 92], and [85, 90]",multi_point_gripper_trace,two_or_more_coordinate_pairs,False,,,,,,,,,,,,
pool_077a12c6eea32153,20391,bridge_data_v2,move the silver pot to the right bottom of the table,Reach for the silver pot,3,move the silver pot to the right bottom of the table,task_level_language,shared_trajectory_task_exact_normalized_match,False,,,,,,,,,,,,
pool_077a12c6eea32153,20391,bridge_data_v2,move the silver pot to the right bottom of the table,Reach for the silver pot,4,Move left and down towards the pot,malformed_or_unclear,semantic_class_unclear_requires_manual_review,False,,,,,,,,,,,,
pool_077a12c6eea32153,20391,bridge_data_v2,move the silver pot to the right bottom of the table,Reach for the silver pot,5,"Reach for the silver pot at [61, 138]",point_coordinate_grounding,one_coordinate_pair,False,,,,,,,,,,,,
pool_077a12c6eea32153,20391,bridge_data_v2,move the silver pot to the right bottom of the table,Reach for the silver pot,6,"Move the gripper toward the pot at [61, 138]",point_coordinate_grounding,one_coordinate_pair,False,,,,,,,,,,,,
pool_077a12c6eea32153,20391,bridge_data_v2,move the silver pot to the right bottom of the table,Reach for the silver pot,7,Move towards the pot,malformed_or_unclear,semantic_class_unclear_requires_manual_review,False,,,,,,,,,,,,
pool_077a12c6eea32153,20391,bridge_data_v2,move the silver pot to the right bottom of the table,Reach for the silver pot,8,Move to the left side of the pot,malformed_or_unclear,semantic_class_unclear_requires_manual_review,False,,,,,,,,,,,,
pool_032560416c79d945,6947,bridge_data_v2,move the cloth to the top left of the table,Release the Cloth,0,Release the cloth,subtask_same_intent_paraphrase_candidate,canonical_subtask_exact_normalized_match,True,,,,,,,,,,,,
pool_032560416c79d945,6947,bridge_data_v2,move the cloth to the top left of the table,Release the Cloth,1,Drop the cloth,subtask_same_intent_paraphrase_candidate,matching_action_family_and_no_added_entities,True,,,,,,,,,,,,
pool_032560416c79d945,6947,bridge_data_v2,move the cloth to the top left of the table,Release the Cloth,2,Move down and open the gripper,atomic_motion_or_gripper_command,high_precision_atomic_pattern,True,,,,,,,,,,,,
pool_032560416c79d945,6947,bridge_data_v2,move the cloth to the top left of the table,Release the Cloth,3,Open the gripper,atomic_motion_or_gripper_command,high_precision_atomic_pattern,True,,,,,,,,,,,,
pool_032560416c79d945,6947,bridge_data_v2,move the cloth to the top left of the table,Release the Cloth,4,"Open the gripper at [106, 111], [104, 102], [104, 98], [105, 98]",multi_point_gripper_trace,two_or_more_coordinate_pairs,True,,,,,,,,,,,,
pool_032560416c79d945,6947,bridge_data_v2,move the cloth to the top left of the table,Release the Cloth,5,move the cloth to the top left of the table,task_level_language,shared_trajectory_task_exact_normalized_match,True,,,,,,,,,,,,
pool_032560416c79d945,6947,bridge_data_v2,move the cloth to the top left of the table,Release the Cloth,6,Release the Cloth,subtask_same_intent_paraphrase_candidate,canonical_subtask_exact_normalized_match,True,,,,,,,,,,,,
pool_032560416c79d945,6947,bridge_data_v2,move the cloth to the top left of the table,Release the Cloth,7,"Open the gripper to release the cloth at [100, 88]",point_coordinate_grounding,one_coordinate_pair,True,,,,,,,,,,,,
pool_967ee4ab14ac09b9,25522,bridge_data_v2,move the yellow brush to the right side of the table,Lift the yellow brush,0,move the yellow brush to the right side of the table,task_level_language,shared_trajectory_task_exact_normalized_match,False,,,,,,,,,,,,
pool_967ee4ab14ac09b9,25522,bridge_data_v2,move the yellow brush to the right side of the table,Lift the yellow brush,1,Lift the yellow brush,subtask_same_intent_paraphrase_candidate,canonical_subtask_exact_normalized_match,False,,,,,,,,,,,,
pool_967ee4ab14ac09b9,25522,bridge_data_v2,move the yellow brush to the right side of the table,Lift the yellow brush,2,"Lift the yellow brush at [93, 160]",point_coordinate_grounding,one_coordinate_pair,False,,,,,,,,,,,,
pool_967ee4ab14ac09b9,25522,bridge_data_v2,move the yellow brush to the right side of the table,Lift the yellow brush,3,Move up while holding the brush,hybrid_or_added_behavioral_semantics,sequencing_marker_or_additional_action_family,False,,,,,,,,,,,,
pool_967ee4ab14ac09b9,25522,bridge_data_v2,move the yellow brush to the right side of the table,Lift the yellow brush,4,Lift the brush after grasping it,hybrid_or_added_behavioral_semantics,sequencing_marker_or_additional_action_family,False,,,,,,,,,,,,
pool_967ee4ab14ac09b9,25522,bridge_data_v2,move the yellow brush to the right side of the table,Lift the yellow brush,5,Raise the yellow brush,malformed_or_unclear,semantic_class_unclear_requires_manual_review,False,,,,,,,,,,,,
pool_967ee4ab14ac09b9,25522,bridge_data_v2,move the yellow brush to the right side of the table,Lift the yellow brush,6,Move up,atomic_motion_or_gripper_command,high_precision_atomic_pattern,False,,,,,,,,,,,,
pool_967ee4ab14ac09b9,25522,bridge_data_v2,move the yellow brush to the right side of the table,Lift the yellow brush,7,"Move up while gripper is at [86, 141]",hybrid_or_added_behavioral_semantics,coordinate_plus_terminal_action_direction_or_sequence,False,,,,,,,,,,,,
pool_8732b011df0c6216,20951,bridge_data_v2,moved the tin to the upper left side of the table.,Move forward with the tin,0,Move forward with the tin towards the upper left,malformed_or_unclear,semantic_class_unclear_requires_manual_review,True,,,,,,,,,,,,
pool_8732b011df0c6216,20951,bridge_data_v2,moved the tin to the upper left side of the table.,Move forward with the tin,1,Move the tin forward,malformed_or_unclear,semantic_class_unclear_requires_manual_review,True,,,,,,,,,,,,
pool_8732b011df0c6216,20951,bridge_data_v2,moved the tin to the upper left side of the table.,Move forward with the tin,2,Move forward with the tin,subtask_same_intent_paraphrase_candidate,canonical_subtask_exact_normalized_match,True,,,,,,,,,,,,
pool_8732b011df0c6216,20951,bridge_data_v2,moved the tin to the upper left side of the table.,Move forward with the tin,3,"Move the tin from [44, 95] to [75, 63]",multi_point_gripper_trace,two_or_more_coordinate_pairs,True,,,,,,,,,,,,
pool_8732b011df0c6216,20951,bridge_data_v2,moved the tin to the upper left side of the table.,Move forward with the tin,4,"Move forward along [19, 107], [24, 90], [25, 78], [39, 71], [55, 58]",multi_point_gripper_trace,two_or_more_coordinate_pairs,True,,,,,,,,,,,,
pool_8732b011df0c6216,20951,bridge_data_v2,moved the tin to the upper left side of the table.,Move forward with the tin,5,Move forward holding the tin,malformed_or_unclear,semantic_class_unclear_requires_manual_review,True,,,,,,,,,,,,
pool_8732b011df0c6216,20951,bridge_data_v2,moved the tin to the upper left side of the table.,Move forward with the tin,6,moved the tin to the upper left side of the table.,task_level_language,shared_trajectory_task_exact_normalized_match,True,,,,,,,,,,,,
pool_840d978a9f1b5816,3506,bridge_data_v2,take the  the pot's covercle and put it in front of the blue object,Reach for the covercle,0,"Reach for the covercle at [58, 165]",point_coordinate_grounding,one_coordinate_pair,False,,,,,,,,,,,,
pool_840d978a9f1b5816,3506,bridge_data_v2,take the  the pot's covercle and put it in front of the blue object,Reach for the covercle,1,Reach for the covercle,subtask_same_intent_paraphrase_candidate,canonical_subtask_exact_normalized_match,False,,,,,,,,,,,,
pool_840d978a9f1b5816,3506,bridge_data_v2,take the  the pot's covercle and put it in front of the blue object,Reach for the covercle,2,Move to location of the covercle,subtask_same_intent_paraphrase_candidate,matching_action_family_and_no_added_entities,False,,,,,,,,,,,,
pool_840d978a9f1b5816,3506,bridge_data_v2,take the  the pot's covercle and put it in front of the blue object,Reach for the covercle,3,take the  the pot's covercle and put it in front of the blue object,task_level_language,shared_trajectory_task_exact_normalized_match,False,,,,,,,,,,,,
pool_840d978a9f1b5816,3506,bridge_data_v2,take the  the pot's covercle and put it in front of the blue object,Reach for the covercle,4,"Move to [87, 118]",point_coordinate_grounding,one_coordinate_pair,False,,,,,,,,,,,,
pool_840d978a9f1b5816,3506,bridge_data_v2,take the  the pot's covercle and put it in front of the blue object,Reach for the covercle,5,Move left and down toward the covercle,malformed_or_unclear,semantic_class_unclear_requires_manual_review,False,,,,,,,,,,,,
pool_840d978a9f1b5816,3506,bridge_data_v2,take the  the pot's covercle and put it in front of the blue object,Reach for the covercle,6,"Reach for the object at [58, 165]",point_coordinate_grounding,one_coordinate_pair,False,,,,,,,,,,,,
pool_840d978a9f1b5816,3506,bridge_data_v2,take the  the pot's covercle and put it in front of the blue object,Reach for the covercle,7,"Move the gripper to [152, 104], [106, 110], [87, 118]",multi_point_gripper_trace,two_or_more_coordinate_pairs,False,,,,,,,,,,,,
pool_139df9af66a34780,30401,bridge_data_v2,put the red object on top of the desk,Place the red object on the desk,0,Place the red object on the desk,subtask_same_intent_paraphrase_candidate,canonical_subtask_exact_normalized_match,True,,,,,,,,,,,,
pool_139df9af66a34780,30401,bridge_data_v2,put the red object on top of the desk,Place the red object on the desk,1,put the red object on top of the desk,task_level_language,shared_trajectory_task_exact_normalized_match,True,,,,,,,,,,,,
pool_139df9af66a34780,30401,bridge_data_v2,put the red object on top of the desk,Place the red object on the desk,2,"Open the gripper at [168, 106]",point_coordinate_grounding,one_coordinate_pair,True,,,,,,,,,,,,
pool_139df9af66a34780,30401,bridge_data_v2,put the red object on top of the desk,Place the red object on the desk,3,Open the gripper to release the object,hybrid_or_added_behavioral_semantics,sequencing_marker_or_additional_action_family,True,,,,,,,,,,,,
pool_139df9af66a34780,30401,bridge_data_v2,put the red object on top of the desk,Place the red object on the desk,4,Open the gripper,atomic_motion_or_gripper_command,high_precision_atomic_pattern,True,,,,,,,,,,,,
pool_139df9af66a34780,30401,bridge_data_v2,put the red object on top of the desk,Place the red object on the desk,5,"Place the object on the desk by opening the gripper along these points: [168, 106], [171, 114], [165, 105]",multi_point_gripper_trace,two_or_more_coordinate_pairs,True,,,,,,,,,,,,
pool_139df9af66a34780,30401,bridge_data_v2,put the red object on top of the desk,Place the red object on the desk,6,"Open the gripper to place the object on the desk near [170, 108]",hybrid_or_added_behavioral_semantics,coordinate_plus_terminal_action_direction_or_sequence,True,,,,,,,,,,,,
pool_e4e3f823853659d2,12040,bridge_data_v2,unfold the cloth,Grasp the Cloth,0,"Close the gripper on the cloth at [103, 142] then release",hybrid_or_added_behavioral_semantics,coordinate_plus_terminal_action_direction_or_sequence,False,,,,,,,,,,,,
pool_e4e3f823853659d2,12040,bridge_data_v2,unfold the cloth,Grasp the Cloth,1,Grasp the Cloth,subtask_same_intent_paraphrase_candidate,canonical_subtask_exact_normalized_match,False,,,,,,,,,,,,
pool_e4e3f823853659d2,12040,bridge_data_v2,unfold the cloth,Grasp the Cloth,2,"Grasp the cloth near the gripper position [81, 179]",point_coordinate_grounding,one_coordinate_pair,False,,,,,,,,,,,,
pool_e4e3f823853659d2,12040,bridge_data_v2,unfold the cloth,Grasp the Cloth,3,Close the gripper on the cloth,hybrid_or_added_behavioral_semantics,sequencing_marker_or_additional_action_family,False,,,,,,,,,,,,
pool_e4e3f823853659d2,12040,bridge_data_v2,unfold the cloth,Grasp the Cloth,4,Grasp the cloth,subtask_same_intent_paraphrase_candidate,canonical_subtask_exact_normalized_match,False,,,,,,,,,,,,
pool_e4e3f823853659d2,12040,bridge_data_v2,unfold the cloth,Grasp the Cloth,5,"Move up and close gripper, open gripper",atomic_motion_or_gripper_command,high_precision_atomic_pattern,False,,,,,,,,,,,,
pool_e4e3f823853659d2,12040,bridge_data_v2,unfold the cloth,Grasp the Cloth,6,Close gripper,atomic_motion_or_gripper_command,high_precision_atomic_pattern,False,,,,,,,,,,,,
pool_e4e3f823853659d2,12040,bridge_data_v2,unfold the cloth,Grasp the Cloth,7,"Grasp the cloth at [103, 142]",point_coordinate_grounding,one_coordinate_pair,False,,,,,,,,,,,,
pool_e4e3f823853659d2,12040,bridge_data_v2,unfold the cloth,Grasp the Cloth,8,"Close gripper around cloth at [103, 142], then slightly release",hybrid_or_added_behavioral_semantics,coordinate_plus_terminal_action_direction_or_sequence,False,,,,,,,,,,,,
pool_e4e3f823853659d2,12040,bridge_data_v2,unfold the cloth,Grasp the Cloth,9,unfold the cloth,task_level_language,shared_trajectory_task_exact_normalized_match,False,,,,,,,,,,,,
pool_e4e3f823853659d2,12040,bridge_data_v2,unfold the cloth,Grasp the Cloth,10,"Close gripper, then move up and backward",atomic_motion_or_gripper_command,high_precision_atomic_pattern,False,,,,,,,,,,,,
pool_e4e3f823853659d2,12040,bridge_data_v2,unfold the cloth,Grasp the Cloth,11,"Close the gripper at [81, 179], [84, 177], [85, 176], [86, 176], [88, 178], [90, 178], [88, 180], [86, 177], [89, 175], [85, 176]",multi_point_gripper_trace,two_or_more_coordinate_pairs,False,,,,,,,,,,,,
pool_7410ab4078e0d37f,35679,bridge_data_v2,move green broccoli to the upper right of the table,Move the Green Broccoli to the Upper Right of the Table,0,Move the broccoli towards the right,malformed_or_unclear,semantic_class_unclear_requires_manual_review,True,,,,,,,,,,,,
pool_7410ab4078e0d37f,35679,bridge_data_v2,move green broccoli to the upper right of the table,Move the Green Broccoli to the Upper Right of the Table,1,Move the Green Broccoli to the Upper Right of the Table,subtask_same_intent_paraphrase_candidate,canonical_subtask_exact_normalized_match,True,,,,,,,,,,,,
pool_7410ab4078e0d37f,35679,bridge_data_v2,move green broccoli to the upper right of the table,Move the Green Broccoli to the Upper Right of the Table,2,Move the green broccoli to the upper right of the table,subtask_same_intent_paraphrase_candidate,canonical_subtask_exact_normalized_match,True,,,,,,,,,,,,
pool_7410ab4078e0d37f,35679,bridge_data_v2,move green broccoli to the upper right of the table,Move the Green Broccoli to the Upper Right of the Table,3,"Carry the broccoli at [50, 175] towards [148, 89]",multi_point_gripper_trace,two_or_more_coordinate_pairs,True,,,,,,,,,,,,
pool_7410ab4078e0d37f,35679,bridge_data_v2,move green broccoli to the upper right of the table,Move the Green Broccoli to the Upper Right of the Table,4,Move the broccoli to the upper right,malformed_or_unclear,semantic_class_unclear_requires_manual_review,True,,,,,,,,,,,,
pool_7410ab4078e0d37f,35679,bridge_data_v2,move green broccoli to the upper right of the table,Move the Green Broccoli to the Upper Right of the Table,5,move green broccoli to the upper right of the table,task_level_language,shared_trajectory_task_exact_normalized_match,True,,,,,,,,,,,,
pool_7410ab4078e0d37f,35679,bridge_data_v2,move green broccoli to the upper right of the table,Move the Green Broccoli to the Upper Right of the Table,6,"Move along [50, 155], [58, 115], [100, 106], [126, 90], [147, 83] with the broccoli",multi_point_gripper_trace,two_or_more_coordinate_pairs,True,,,,,,,,,,,,
pool_b172c32fc263b38c,24478,bridge_data_v2,take a bleu box in the the top to pot in the right side,Final stop,0,Stop,atomic_motion_or_gripper_command,high_precision_atomic_pattern,False,,,,,,,,,,,,
pool_b172c32fc263b38c,24478,bridge_data_v2,take a bleu box in the the top to pot in the right side,Final stop,1,Move to final position,malformed_or_unclear,semantic_class_unclear_requires_manual_review,False,,,,,,,,,,,,
pool_b172c32fc263b38c,24478,bridge_data_v2,take a bleu box in the the top to pot in the right side,Final stop,2,"Stop at [153, 46]",point_coordinate_grounding,one_coordinate_pair,False,,,,,,,,,,,,
pool_b172c32fc263b38c,24478,bridge_data_v2,take a bleu box in the the top to pot in the right side,Final stop,3,take a bleu box in the the top to pot in the right side,task_level_language,shared_trajectory_task_exact_normalized_match,False,,,,,,,,,,,,
pool_b172c32fc263b38c,24478,bridge_data_v2,take a bleu box in the the top to pot in the right side,Final stop,4,Final stop,subtask_same_intent_paraphrase_candidate,canonical_subtask_exact_normalized_match,False,,,,,,,,,,,,
pool_afa41121c254f780,46045,bridge_data_v2,unfold the cloth from bottom right to top left,Move the cloth forward left and rotate counterclockwise,0,"Move the cloth to [75, 154] while rotating",hybrid_or_added_behavioral_semantics,coordinate_plus_terminal_action_direction_or_sequence,False,,,,,,,,,,,,
pool_afa41121c254f780,46045,bridge_data_v2,unfold the cloth from bottom right to top left,Move the cloth forward left and rotate counterclockwise,1,Move the cloth left and rotate it,malformed_or_unclear,semantic_class_unclear_requires_manual_review,False,,,,,,,,,,,,
pool_afa41121c254f780,46045,bridge_data_v2,unfold the cloth from bottom right to top left,Move the cloth forward left and rotate counterclockwise,2,Move the cloth forward left and rotate counterclockwise,subtask_same_intent_paraphrase_candidate,canonical_subtask_exact_normalized_match,False,,,,,,,,,,,,
pool_afa41121c254f780,46045,bridge_data_v2,unfold the cloth from bottom right to top left,Move the cloth forward left and rotate counterclockwise,3,Move the gripper forward left and rotate counterclockwise,malformed_or_unclear,semantic_class_unclear_requires_manual_review,False,,,,,,,,,,,,
pool_afa41121c254f780,46045,bridge_data_v2,unfold the cloth from bottom right to top left,Move the cloth forward left and rotate counterclockwise,4,Rotate the cloth counterclockwise while moving it left,hybrid_or_added_behavioral_semantics,sequencing_marker_or_additional_action_family,False,,,,,,,,,,,,
pool_afa41121c254f780,46045,bridge_data_v2,unfold the cloth from bottom right to top left,Move the cloth forward left and rotate counterclockwise,5,unfold the cloth from bottom right to top left,task_level_language,shared_trajectory_task_exact_normalized_match,False,,,,,,,,,,,,
pool_afa41121c254f780,46045,bridge_data_v2,unfold the cloth from bottom right to top left,Move the cloth forward left and rotate counterclockwise,6,"Move the cloth up and to the left, rotating it counterclockwise",malformed_or_unclear,semantic_class_unclear_requires_manual_review,False,,,,,,,,,,,,
pool_afa41121c254f780,46045,bridge_data_v2,unfold the cloth from bottom right to top left,Move the cloth forward left and rotate counterclockwise,7,Move the cloth diagonally left and rotate,malformed_or_unclear,semantic_class_unclear_requires_manual_review,False,,,,,,,,,,,,
pool_af4676d79e608cd0,17000,flap,put pan on stove and put stuffedduck in pan,Move Pan to Above Stove,0,Move Pan to Above Stove,subtask_same_intent_paraphrase_candidate,canonical_subtask_exact_normalized_match,False,,,,,,,,,,,,
pool_af4676d79e608cd0,17000,flap,put pan on stove and put stuffedduck in pan,Move Pan to Above Stove,1,put pan on stove and put stuffedduck in pan,task_level_language,shared_trajectory_task_exact_normalized_match,False,,,,,,,,,,,,
pool_af4676d79e608cd0,17000,flap,put pan on stove and put stuffedduck in pan,Move Pan to Above Stove,2,"Move the pan toward the stove at [169, 109]",point_coordinate_grounding,one_coordinate_pair,False,,,,,,,,,,,,
pool_af4676d79e608cd0,17000,flap,put pan on stove and put stuffedduck in pan,Move Pan to Above Stove,3,Position pan above stove,malformed_or_unclear,semantic_class_unclear_requires_manual_review,False,,,,,,,,,,,,
pool_af4676d79e608cd0,17000,flap,put pan on stove and put stuffedduck in pan,Move Pan to Above Stove,4,Move the pan above the stove,malformed_or_unclear,semantic_class_unclear_requires_manual_review,False,,,,,,,,,,,,
pool_af4676d79e608cd0,17000,flap,put pan on stove and put stuffedduck in pan,Move Pan to Above Stove,5,Move the pan down to the stove,malformed_or_unclear,semantic_class_unclear_requires_manual_review,False,,,,,,,,,,,,
pool_af4676d79e608cd0,17000,flap,put pan on stove and put stuffedduck in pan,Move Pan to Above Stove,6,Move the pan to the stove,malformed_or_unclear,semantic_class_unclear_requires_manual_review,False,,,,,,,,,,,,
pool_af4676d79e608cd0,17000,flap,put pan on stove and put stuffedduck in pan,Move Pan to Above Stove,7,"Move to [155, 119], [126, 58], [136, 102]",multi_point_gripper_trace,two_or_more_coordinate_pairs,False,,,,,,,,,,,,
pool_cec8d57288c89b1c,25345,flap,put stuffedduck in pot or pan an put pot or pan on stove,lift stuffed duck,0,Move up while grasping the stuffed duck,hybrid_or_added_behavioral_semantics,sequencing_marker_or_additional_action_family,False,,,,,,,,,,,,
pool_cec8d57288c89b1c,25345,flap,put stuffedduck in pot or pan an put pot or pan on stove,lift stuffed duck,1,put stuffedduck in pot or pan an put pot or pan on stove,task_level_language,shared_trajectory_task_exact_normalized_match,False,,,,,,,,,,,,
pool_cec8d57288c89b1c,25345,flap,put stuffedduck in pot or pan an put pot or pan on stove,lift stuffed duck,2,lift stuffed duck,subtask_same_intent_paraphrase_candidate,canonical_subtask_exact_normalized_match,False,,,,,,,,,,,,
pool_cec8d57288c89b1c,25345,flap,put stuffedduck in pot or pan an put pot or pan on stove,lift stuffed duck,3,"Move up from [66, 96] to [62, 87] with the stuffed duck",multi_point_gripper_trace,two_or_more_coordinate_pairs,False,,,,,,,,,,,,
pool_cec8d57288c89b1c,25345,flap,put stuffedduck in pot or pan an put pot or pan on stove,lift stuffed duck,4,Lift the stuffed duck upwards,malformed_or_unclear,semantic_class_unclear_requires_manual_review,False,,,,,,,,,,,,
pool_cec8d57288c89b1c,25345,flap,put stuffedduck in pot or pan an put pot or pan on stove,lift stuffed duck,5,Lift the stuffed duck,malformed_or_unclear,semantic_class_unclear_requires_manual_review,False,,,,,,,,,,,,
pool_cec8d57288c89b1c,25345,flap,put stuffedduck in pot or pan an put pot or pan on stove,lift stuffed duck,6,Lift the stuffed duck after grasping,hybrid_or_added_behavioral_semantics,sequencing_marker_or_additional_action_family,False,,,,,,,,,,,,
pool_bc62b600622fa93f,21543,flap,put pot or pan on stove and put corncob in pot or pan,Release pot/pan on stove,0,Release pot/pan on stove,subtask_same_intent_paraphrase_candidate,canonical_subtask_exact_normalized_match,False,,,,,,,,,,,,
pool_bc62b600622fa93f,21543,flap,put pot or pan on stove and put corncob in pot or pan,Release pot/pan on stove,1,"Release the pot/pan at [192, 84]",point_coordinate_grounding,one_coordinate_pair,False,,,,,,,,,,,,
pool_bc62b600622fa93f,21543,flap,put pot or pan on stove and put corncob in pot or pan,Release pot/pan on stove,2,"Open the gripper at [231, 86]",point_coordinate_grounding,one_coordinate_pair,False,,,,,,,,,,,,
pool_bc62b600622fa93f,21543,flap,put pot or pan on stove and put corncob in pot or pan,Release pot/pan on stove,3,Open gripper to release the pot/pan,hybrid_or_added_behavioral_semantics,sequencing_marker_or_additional_action_family,False,,,,,,,,,,,,
pool_bc62b600622fa93f,21543,flap,put pot or pan on stove and put corncob in pot or pan,Release pot/pan on stove,4,"Release the pot/pan at [191, 89]",point_coordinate_grounding,one_coordinate_pair,False,,,,,,,,,,,,
pool_bc62b600622fa93f,21543,flap,put pot or pan on stove and put corncob in pot or pan,Release pot/pan on stove,5,put pot or pan on stove and put corncob in pot or pan,task_level_language,shared_trajectory_task_exact_normalized_match,False,,,,,,,,,,,,
pool_bc62b600622fa93f,21543,flap,put pot or pan on stove and put corncob in pot or pan,Release pot/pan on stove,6,Open the gripper to release the pot/pan,hybrid_or_added_behavioral_semantics,sequencing_marker_or_additional_action_family,False,,,,,,,,,,,,
pool_bc62b600622fa93f,21543,flap,put pot or pan on stove and put corncob in pot or pan,Release pot/pan on stove,7,Release the pot/pan on the stove,malformed_or_unclear,semantic_class_unclear_requires_manual_review,False,,,,,,,,,,,,
pool_1ac4c96e85a7669d,10,flap,end effector reaching pot or pan,Move end effector horizontally towards pot/pan,0,Move end effector horizontally towards pot/pan,subtask_same_intent_paraphrase_candidate,canonical_subtask_exact_normalized_match,False,,,,,,,,,,,,
pool_1ac4c96e85a7669d,10,flap,end effector reaching pot or pan,Move end effector horizontally towards pot/pan,1,"Move the end effector closer to the pot at [114, 66]",point_coordinate_grounding,one_coordinate_pair,False,,,,,,,,,,,,
pool_1ac4c96e85a7669d,10,flap,end effector reaching pot or pan,Move end effector horizontally towards pot/pan,2,end effector reaching pot or pan,task_level_language,shared_trajectory_task_exact_normalized_match,False,,,,,,,,,,,,
pool_1ac4c96e85a7669d,10,flap,end effector reaching pot or pan,Move end effector horizontally towards pot/pan,3,"Move the end effector horizontally along [146, 97], [150, 104], [157, 100], [147, 96], [210, 98] towards the pot at [114, 66]",multi_point_gripper_trace,two_or_more_coordinate_pairs,False,,,,,,,,,,,,
pool_1ac4c96e85a7669d,10,flap,end effector reaching pot or pan,Move end effector horizontally towards pot/pan,4,"Move the end effector to the right, from [146, 97] to [211, 96]",multi_point_gripper_trace,two_or_more_coordinate_pairs,False,,,,,,,,,,,,
pool_1ac4c96e85a7669d,10,flap,end effector reaching pot or pan,Move end effector horizontally towards pot/pan,5,Move the end effector to the right towards the pot,malformed_or_unclear,semantic_class_unclear_requires_manual_review,False,,,,,,,,,,,,
pool_1ac4c96e85a7669d,10,flap,end effector reaching pot or pan,Move end effector horizontally towards pot/pan,6,"Move the end effector horizontally along <gripper positions throughout subtask> towards the pot at [114, 66]",malformed_or_unclear,unresolved_placeholder,False,,,,,,,,,,,,
pool_1ac4c96e85a7669d,10,flap,end effector reaching pot or pan,Move end effector horizontally towards pot/pan,7,Move the end effector horizontally towards the pot,malformed_or_unclear,semantic_class_unclear_requires_manual_review,False,,,,,,,,,,,,
pool_1ac4c96e85a7669d,10,flap,end effector reaching pot or pan,Move end effector horizontally towards pot/pan,8,"Move right to [210, 98]",point_coordinate_grounding,one_coordinate_pair,False,,,,,,,,,,,,
pool_2a15e6baa66564de,28060,flap,put pan on stove and put stuffedduck in pan,Lift the pan,0,Lift the pan,subtask_same_intent_paraphrase_candidate,canonical_subtask_exact_normalized_match,False,,,,,,,,,,,,
pool_2a15e6baa66564de,28060,flap,put pan on stove and put stuffedduck in pan,Lift the pan,1,put pan on stove and put stuffedduck in pan,task_level_language,shared_trajectory_task_exact_normalized_match,False,,,,,,,,,,,,
pool_2a15e6baa66564de,28060,flap,put pan on stove and put stuffedduck in pan,Lift the pan,2,"Move up to [177, 114]",point_coordinate_grounding,one_coordinate_pair,False,,,,,,,,,,,,
pool_2a15e6baa66564de,28060,flap,put pan on stove and put stuffedduck in pan,Lift the pan,3,"Move up from [161, 86] to lift the pan",point_coordinate_grounding,one_coordinate_pair,False,,,,,,,,,,,,
pool_2a15e6baa66564de,28060,flap,put pan on stove and put stuffedduck in pan,Lift the pan,4,Move the pan up,malformed_or_unclear,semantic_class_unclear_requires_manual_review,False,,,,,,,,,,,,
pool_2a15e6baa66564de,28060,flap,put pan on stove and put stuffedduck in pan,Lift the pan,5,Raise the pan,subtask_same_intent_paraphrase_candidate,matching_action_family_and_no_added_entities,False,,,,,,,,,,,,
pool_2a15e6baa66564de,28060,flap,put pan on stove and put stuffedduck in pan,Lift the pan,6,"Move the pan up, going to [177, 114], [180, 114], [172, 114]",multi_point_gripper_trace,two_or_more_coordinate_pairs,False,,,,,,,,,,,,
pool_5d53595518a64809,26108,flap,put pan on stove and put stuffedpig in pan,Grasp Pan,0,"move down and close the gripper around the pan at [197, 98]",point_coordinate_grounding,one_coordinate_pair,False,,,,,,,,,,,,
pool_5d53595518a64809,26108,flap,put pan on stove and put stuffedpig in pan,Grasp Pan,1,close the gripper around the pan,malformed_or_unclear,semantic_class_unclear_requires_manual_review,False,,,,,,,,,,,,
pool_5d53595518a64809,26108,flap,put pan on stove and put stuffedpig in pan,Grasp Pan,2,Grasp Pan,subtask_same_intent_paraphrase_candidate,canonical_subtask_exact_normalized_match,False,,,,,,,,,,,,
pool_5d53595518a64809,26108,flap,put pan on stove and put stuffedpig in pan,Grasp Pan,3,"close the gripper at [164, 40]",point_coordinate_grounding,one_coordinate_pair,False,,,,,,,,,,,,
pool_5d53595518a64809,26108,flap,put pan on stove and put stuffedpig in pan,Grasp Pan,4,put pan on stove and put stuffedpig in pan,task_level_language,shared_trajectory_task_exact_normalized_match,False,,,,,,,,,,,,
pool_5d53595518a64809,26108,flap,put pan on stove and put stuffedpig in pan,Grasp Pan,5,"close the gripper at [166, 80]",point_coordinate_grounding,one_coordinate_pair,False,,,,,,,,,,,,
pool_9362000dee317dcf,35069,flap,put pickle in pot or pan an put pot or pan on stove,Move Pot/Pan to Stove,0,Move the pot/pan toward the stove,malformed_or_unclear,semantic_class_unclear_requires_manual_review,False,,,,,,,,,,,,
pool_9362000dee317dcf,35069,flap,put pickle in pot or pan an put pot or pan on stove,Move Pot/Pan to Stove,1,Move Pot/Pan to Stove,subtask_same_intent_paraphrase_candidate,canonical_subtask_exact_normalized_match,False,,,,,,,,,,,,
pool_9362000dee317dcf,35069,flap,put pickle in pot or pan an put pot or pan on stove,Move Pot/Pan to Stove,2,"Move to [151, 78], [158, 72], [146, 109], [182, 68], [194, 74] with the pot/pan",multi_point_gripper_trace,two_or_more_coordinate_pairs,False,,,,,,,,,,,,
pool_9362000dee317dcf,35069,flap,put pickle in pot or pan an put pot or pan on stove,Move Pot/Pan to Stove,3,"Move the pot/pan to the stove at [176, 117]",point_coordinate_grounding,one_coordinate_pair,False,,,,,,,,,,,,
pool_9362000dee317dcf,35069,flap,put pickle in pot or pan an put pot or pan on stove,Move Pot/Pan to Stove,4,Move pot/pan to stove,subtask_same_intent_paraphrase_candidate,canonical_subtask_exact_normalized_match,False,,,,,,,,,,,,
pool_9362000dee317dcf,35069,flap,put pickle in pot or pan an put pot or pan on stove,Move Pot/Pan to Stove,5,Reposition the pot/pan,malformed_or_unclear,semantic_class_unclear_requires_manual_review,False,,,,,,,,,,,,
pool_9362000dee317dcf,35069,flap,put pickle in pot or pan an put pot or pan on stove,Move Pot/Pan to Stove,6,Move to the right with the pot/pan,malformed_or_unclear,semantic_class_unclear_requires_manual_review,False,,,,,,,,,,,,
pool_9362000dee317dcf,35069,flap,put pickle in pot or pan an put pot or pan on stove,Move Pot/Pan to Stove,7,Bring the pot/pan closer to the stove,malformed_or_unclear,semantic_class_unclear_requires_manual_review,False,,,,,,,,,,,,
pool_9362000dee317dcf,35069,flap,put pickle in pot or pan an put pot or pan on stove,Move Pot/Pan to Stove,8,put pickle in pot or pan an put pot or pan on stove,task_level_language,shared_trajectory_task_exact_normalized_match,False,,,,,,,,,,,,
pool_9b1e8cbdeafa2e08,45007,flap,put blueberry on plate and potato in pot or pan on stove,grasp potato,0,grasp potato,subtask_same_intent_paraphrase_candidate,canonical_subtask_exact_normalized_match,False,,,,,,,,,,,,
pool_9b1e8cbdeafa2e08,45007,flap,put blueberry on plate and potato in pot or pan on stove,grasp potato,1,close gripper to grab the potato,hybrid_or_added_behavioral_semantics,sequencing_marker_or_additional_action_family,False,,,,,,,,,,,,
pool_9b1e8cbdeafa2e08,45007,flap,put blueberry on plate and potato in pot or pan on stove,grasp potato,2,put blueberry on plate and potato in pot or pan on stove,task_level_language,shared_trajectory_task_exact_normalized_match,False,,,,,,,,,,,,
pool_9b1e8cbdeafa2e08,45007,flap,put blueberry on plate and potato in pot or pan on stove,grasp potato,3,"close gripper at [144, 112], [147, 106], [143, 92], [147, 108]",multi_point_gripper_trace,two_or_more_coordinate_pairs,False,,,,,,,,,,,,
pool_9b1e8cbdeafa2e08,45007,flap,put blueberry on plate and potato in pot or pan on stove,grasp potato,4,"grasp the potato at [144, 114]",point_coordinate_grounding,one_coordinate_pair,False,,,,,,,,,,,,
pool_9b1e8cbdeafa2e08,45007,flap,put blueberry on plate and potato in pot or pan on stove,grasp potato,5,close the gripper around the potato,malformed_or_unclear,semantic_class_unclear_requires_manual_review,False,,,,,,,,,,,,
pool_9b1e8cbdeafa2e08,45007,flap,put blueberry on plate and potato in pot or pan on stove,grasp potato,6,"close gripper around potato at [144, 114]",point_coordinate_grounding,one_coordinate_pair,False,,,,,,,,,,,,
pool_9b1e8cbdeafa2e08,45007,flap,put blueberry on plate and potato in pot or pan on stove,grasp potato,7,close gripper,atomic_motion_or_gripper_command,high_precision_atomic_pattern,False,,,,,,,,,,,,
pool_9b1e8cbdeafa2e08,45007,flap,put blueberry on plate and potato in pot or pan on stove,grasp potato,8,grasp the potato,subtask_same_intent_paraphrase_candidate,matching_action_family_and_no_added_entities,False,,,,,,,,,,,,
pool_bdb031a3e7eda3b4,29079,flap,end effector transition from object to pot or pan,Stop and release object in pot/pan,0,stop above the pot or pan,malformed_or_unclear,semantic_class_unclear_requires_manual_review,True,,,,,,,,,,,,
pool_bdb031a3e7eda3b4,29079,flap,end effector transition from object to pot or pan,Stop and release object in pot/pan,1,"release object in pot or pan at [201, 108]",point_coordinate_grounding,one_coordinate_pair,True,,,,,,,,,,,,
pool_bdb031a3e7eda3b4,29079,flap,end effector transition from object to pot or pan,Stop and release object in pot/pan,2,Stop and release object in pot/pan,subtask_same_intent_paraphrase_candidate,canonical_subtask_exact_normalized_match,True,,,,,,,,,,,,
pool_bdb031a3e7eda3b4,29079,flap,end effector transition from object to pot or pan,Stop and release object in pot/pan,3,release the object,malformed_or_unclear,semantic_class_unclear_requires_manual_review,True,,,,,,,,,,,,
pool_bdb031a3e7eda3b4,29079,flap,end effector transition from object to pot or pan,Stop and release object in pot/pan,4,end effector transition from object to pot or pan,task_level_language,shared_trajectory_task_exact_normalized_match,True,,,,,,,,,,,,
pool_bdb031a3e7eda3b4,29079,flap,end effector transition from object to pot or pan,Stop and release object in pot/pan,5,"stop at [141, 110], [157, 86], [159, 121] to release object",multi_point_gripper_trace,two_or_more_coordinate_pairs,True,,,,,,,,,,,,
pool_bdb031a3e7eda3b4,29079,flap,end effector transition from object to pot or pan,Stop and release object in pot/pan,6,stop and release above the pot or pan,malformed_or_unclear,semantic_class_unclear_requires_manual_review,True,,,,,,,,,,,,
pool_bdb031a3e7eda3b4,29079,flap,end effector transition from object to pot or pan,Stop and release object in pot/pan,7,"stop at [141, 110]",point_coordinate_grounding,one_coordinate_pair,True,,,,,,,,,,,,
pool_9d6f603f59649b03,6403,flap,put egg on plate and stuffedduck in pot or pan on stove,Stop,0,Stop,atomic_motion_or_gripper_command,high_precision_atomic_pattern,True,,,,,,,,,,,,
pool_9d6f603f59649b03,6403,flap,put egg on plate and stuffedduck in pot or pan on stove,Stop,1,Terminate the process,malformed_or_unclear,semantic_class_unclear_requires_manual_review,True,,,,,,,,,,,,
pool_9d6f603f59649b03,6403,flap,put egg on plate and stuffedduck in pot or pan on stove,Stop,2,End the demonstration,malformed_or_unclear,semantic_class_unclear_requires_manual_review,True,,,,,,,,,,,,
pool_9d6f603f59649b03,6403,flap,put egg on plate and stuffedduck in pot or pan on stove,Stop,3,put egg on plate and stuffedduck in pot or pan on stove,task_level_language,shared_trajectory_task_exact_normalized_match,True,,,,,,,,,,,,
pool_9d6f603f59649b03,6403,flap,put egg on plate and stuffedduck in pot or pan on stove,Stop,4,"Stop at [113, 25], [116, 30], [117, 33], [121, 29], [136, 45], [148, 48], [148, 48]",multi_point_gripper_trace,two_or_more_coordinate_pairs,True,,,,,,,,,,,,
pool_9d6f603f59649b03,6403,flap,put egg on plate and stuffedduck in pot or pan on stove,Stop,5,"Move right until you get to [148, 48] then stop",hybrid_or_added_behavioral_semantics,coordinate_plus_terminal_action_direction_or_sequence,True,,,,,,,,,,,,
pool_1b42f59fc6844cb0,47175,flap,put pot or pan on stove and put corncob in pot or pan,Move to Corncob,0,Move to the location of the corncob,subtask_same_intent_paraphrase_candidate,matching_action_family_and_no_added_entities,True,,,,,,,,,,,,
pool_1b42f59fc6844cb0,47175,flap,put pot or pan on stove and put corncob in pot or pan,Move to Corncob,1,Move from stove to the corncob,malformed_or_unclear,semantic_class_unclear_requires_manual_review,True,,,,,,,,,,,,
pool_1b42f59fc6844cb0,47175,flap,put pot or pan on stove and put corncob in pot or pan,Move to Corncob,2,"Move to [162, 84], [160, 120], [180, 131], [168, 124], [209, 123] to reach the corncob",multi_point_gripper_trace,two_or_more_coordinate_pairs,True,,,,,,,,,,,,
pool_1b42f59fc6844cb0,47175,flap,put pot or pan on stove and put corncob in pot or pan,Move to Corncob,3,Move to Corncob,subtask_same_intent_paraphrase_candidate,canonical_subtask_exact_normalized_match,True,,,,,,,,,,,,
pool_1b42f59fc6844cb0,47175,flap,put pot or pan on stove and put corncob in pot or pan,Move to Corncob,4,Move to the corncob,subtask_same_intent_paraphrase_candidate,matching_action_family_and_no_added_entities,True,,,,,,,,,,,,
pool_1b42f59fc6844cb0,47175,flap,put pot or pan on stove and put corncob in pot or pan,Move to Corncob,5,"Move the gripper towards the corncob at [109, 126]",point_coordinate_grounding,one_coordinate_pair,True,,,,,,,,,,,,
pool_1b42f59fc6844cb0,47175,flap,put pot or pan on stove and put corncob in pot or pan,Move to Corncob,6,"Approach the corncob at [109, 126]",point_coordinate_grounding,one_coordinate_pair,True,,,,,,,,,,,,
pool_1b42f59fc6844cb0,47175,flap,put pot or pan on stove and put corncob in pot or pan,Move to Corncob,7,put pot or pan on stove and put corncob in pot or pan,task_level_language,shared_trajectory_task_exact_normalized_match,True,,,,,,,,,,,,
pool_51a6e5a8c19831da,14449,icra,move the red thing to the outside upper of the right silver pot,Release the Red Thing,0,"Release the object at [240, 128]",point_coordinate_grounding,one_coordinate_pair,False,,,,,,,,,,,,
pool_51a6e5a8c19831da,14449,icra,move the red thing to the outside upper of the right silver pot,Release the Red Thing,1,Open the gripper and let go of the red thing,hybrid_or_added_behavioral_semantics,sequencing_marker_or_additional_action_family,False,,,,,,,,,,,,
pool_51a6e5a8c19831da,14449,icra,move the red thing to the outside upper of the right silver pot,Release the Red Thing,2,"Open the gripper at [231, 114]",point_coordinate_grounding,one_coordinate_pair,False,,,,,,,,,,,,
pool_51a6e5a8c19831da,14449,icra,move the red thing to the outside upper of the right silver pot,Release the Red Thing,3,"Open the gripper to release the red thing at [240, 128]",point_coordinate_grounding,one_coordinate_pair,False,,,,,,,,,,,,
pool_51a6e5a8c19831da,14449,icra,move the red thing to the outside upper of the right silver pot,Release the Red Thing,4,Release the red thing,subtask_same_intent_paraphrase_candidate,canonical_subtask_exact_normalized_match,False,,,,,,,,,,,,
pool_51a6e5a8c19831da,14449,icra,move the red thing to the outside upper of the right silver pot,Release the Red Thing,5,"Release the red thing by opening the gripper at [231, 114]",point_coordinate_grounding,one_coordinate_pair,False,,,,,,,,,,,,
pool_51a6e5a8c19831da,14449,icra,move the red thing to the outside upper of the right silver pot,Release the Red Thing,6,Drop the red thing near the pot,malformed_or_unclear,semantic_class_unclear_requires_manual_review,False,,,,,,,,,,,,
pool_51a6e5a8c19831da,14449,icra,move the red thing to the outside upper of the right silver pot,Release the Red Thing,7,Open the gripper,atomic_motion_or_gripper_command,high_precision_atomic_pattern,False,,,,,,,,,,,,
pool_51a6e5a8c19831da,14449,icra,move the red thing to the outside upper of the right silver pot,Release the Red Thing,8,Open the gripper near the right silver pot,hybrid_or_added_behavioral_semantics,sequencing_marker_or_additional_action_family,False,,,,,,,,,,,,
pool_51a6e5a8c19831da,14449,icra,move the red thing to the outside upper of the right silver pot,Release the Red Thing,9,"Open the gripper above the pot at [74, 144]",point_coordinate_grounding,one_coordinate_pair,False,,,,,,,,,,,,
pool_51a6e5a8c19831da,14449,icra,move the red thing to the outside upper of the right silver pot,Release the Red Thing,10,move the red thing to the outside upper of the right silver pot,task_level_language,shared_trajectory_task_exact_normalized_match,False,,,,,,,,,,,,
pool_51a6e5a8c19831da,14449,icra,move the red thing to the outside upper of the right silver pot,Release the Red Thing,11,Release the Red Thing,subtask_same_intent_paraphrase_candidate,canonical_subtask_exact_normalized_match,False,,,,,,,,,,,,
pool_2a4e5daf5d08beb7,51668,icra,moved the silver-yellow spoon on top of the left burner,Move away from the left burner,0,"Move to [106, 76] and then away from [176, 161]",hybrid_or_added_behavioral_semantics,coordinate_plus_terminal_action_direction_or_sequence,True,,,,,,,,,,,,
pool_2a4e5daf5d08beb7,51668,icra,moved the silver-yellow spoon on top of the left burner,Move away from the left burner,1,Retreat from the burner,malformed_or_unclear,semantic_class_unclear_requires_manual_review,True,,,,,,,,,,,,
pool_2a4e5daf5d08beb7,51668,icra,moved the silver-yellow spoon on top of the left burner,Move away from the left burner,2,moved the silver-yellow spoon on top of the left burner,task_level_language,shared_trajectory_task_exact_normalized_match,True,,,,,,,,,,,,
pool_2a4e5daf5d08beb7,51668,icra,moved the silver-yellow spoon on top of the left burner,Move away from the left burner,3,"Move away to [121, 48] from the burner",point_coordinate_grounding,one_coordinate_pair,True,,,,,,,,,,,,
pool_2a4e5daf5d08beb7,51668,icra,moved the silver-yellow spoon on top of the left burner,Move away from the left burner,4,Move the gripper away from the burner,malformed_or_unclear,semantic_class_unclear_requires_manual_review,True,,,,,,,,,,,,
pool_2a4e5daf5d08beb7,51668,icra,moved the silver-yellow spoon on top of the left burner,Move away from the left burner,5,"Move away from burner at [180, 164]",point_coordinate_grounding,one_coordinate_pair,True,,,,,,,,,,,,
pool_2a4e5daf5d08beb7,51668,icra,moved the silver-yellow spoon on top of the left burner,Move away from the left burner,6,Move up and to the right,atomic_motion_or_gripper_command,high_precision_atomic_pattern,True,,,,,,,,,,,,
pool_2a4e5daf5d08beb7,51668,icra,moved the silver-yellow spoon on top of the left burner,Move away from the left burner,7,Move up and to the right away from burner,malformed_or_unclear,semantic_class_unclear_requires_manual_review,True,,,,,,,,,,,,
pool_2a4e5daf5d08beb7,51668,icra,moved the silver-yellow spoon on top of the left burner,Move away from the left burner,8,Move away from the burner location,malformed_or_unclear,semantic_class_unclear_requires_manual_review,True,,,,,,,,,,,,
pool_2a4e5daf5d08beb7,51668,icra,moved the silver-yellow spoon on top of the left burner,Move away from the left burner,9,Move away from the left burner,subtask_same_intent_paraphrase_candidate,canonical_subtask_exact_normalized_match,True,,,,,,,,,,,,
pool_2a4e5daf5d08beb7,51668,icra,moved the silver-yellow spoon on top of the left burner,Move away from the left burner,10,Move up and then right to move away,atomic_motion_or_gripper_command,high_precision_atomic_pattern,True,,,,,,,,,,,,
pool_ed37cfd4489680ab,47596,icra,moved the left can to the bottom left side of the cloth,Lift the Can,0,"Move back to [104, 73]",point_coordinate_grounding,one_coordinate_pair,False,,,,,,,,,,,,
pool_ed37cfd4489680ab,47596,icra,moved the left can to the bottom left side of the cloth,Lift the Can,1,Lift the can,subtask_same_intent_paraphrase_candidate,canonical_subtask_exact_normalized_match,False,,,,,,,,,,,,
pool_ed37cfd4489680ab,47596,icra,moved the left can to the bottom left side of the cloth,Lift the Can,2,Move gripper backward up,atomic_motion_or_gripper_command,high_precision_atomic_pattern,False,,,,,,,,,,,,
pool_ed37cfd4489680ab,47596,icra,moved the left can to the bottom left side of the cloth,Lift the Can,3,Move the can up.,malformed_or_unclear,semantic_class_unclear_requires_manual_review,False,,,,,,,,,,,,
pool_ed37cfd4489680ab,47596,icra,moved the left can to the bottom left side of the cloth,Lift the Can,4,moved the left can to the bottom left side of the cloth,task_level_language,shared_trajectory_task_exact_normalized_match,False,,,,,,,,,,,,
pool_ed37cfd4489680ab,47596,icra,moved the left can to the bottom left side of the cloth,Lift the Can,5,"Move gripper from [131, 16] to [104, 73]",multi_point_gripper_trace,two_or_more_coordinate_pairs,False,,,,,,,,,,,,
pool_ed37cfd4489680ab,47596,icra,moved the left can to the bottom left side of the cloth,Lift the Can,6,"Lift the can away from its original position at [172, 54]",point_coordinate_grounding,one_coordinate_pair,False,,,,,,,,,,,,
pool_ed37cfd4489680ab,47596,icra,moved the left can to the bottom left side of the cloth,Lift the Can,7,Lift the Can,subtask_same_intent_paraphrase_candidate,canonical_subtask_exact_normalized_match,False,,,,,,,,,,,,
pool_255085a5bc7b0031,556,icra,remove the green spatula in dish drainer,Move to the Green Spatula in Dish Drainer,0,Move to the Green Spatula in Dish Drainer,subtask_same_intent_paraphrase_candidate,canonical_subtask_exact_normalized_match,False,,,,,,,,,,,,
pool_255085a5bc7b0031,556,icra,remove the green spatula in dish drainer,Move to the Green Spatula in Dish Drainer,1,Move to the green spatula,malformed_or_unclear,semantic_class_unclear_requires_manual_review,False,,,,,,,,,,,,
pool_255085a5bc7b0031,556,icra,remove the green spatula in dish drainer,Move to the Green Spatula in Dish Drainer,2,"Move to [100, 58], [192, 178] to grab the spatula",hybrid_or_added_behavioral_semantics,coordinate_plus_terminal_action_direction_or_sequence,False,,,,,,,,,,,,
pool_255085a5bc7b0031,556,icra,remove the green spatula in dish drainer,Move to the Green Spatula in Dish Drainer,3,"Move to the green spatula near the dish drainer at [200, 171]",point_coordinate_grounding,one_coordinate_pair,False,,,,,,,,,,,,
pool_255085a5bc7b0031,556,icra,remove the green spatula in dish drainer,Move to the Green Spatula in Dish Drainer,4,"Move to the green spatula at [204, 203]",point_coordinate_grounding,one_coordinate_pair,False,,,,,,,,,,,,
pool_255085a5bc7b0031,556,icra,remove the green spatula in dish drainer,Move to the Green Spatula in Dish Drainer,5,"Move to the location [197, 182] near the green spatula at [204, 203]",multi_point_gripper_trace,two_or_more_coordinate_pairs,False,,,,,,,,,,,,
pool_255085a5bc7b0031,556,icra,remove the green spatula in dish drainer,Move to the Green Spatula in Dish Drainer,6,remove the green spatula in dish drainer,task_level_language,shared_trajectory_task_exact_normalized_match,False,,,,,,,,,,,,
pool_255085a5bc7b0031,556,icra,remove the green spatula in dish drainer,Move to the Green Spatula in Dish Drainer,7,Move right and down towards the dish drainer and green spatula,malformed_or_unclear,semantic_class_unclear_requires_manual_review,False,,,,,,,,,,,,
pool_255085a5bc7b0031,556,icra,remove the green spatula in dish drainer,Move to the Green Spatula in Dish Drainer,8,"Move to [100, 58], [121, 62], [149, 76], [174, 92], [192, 178]",multi_point_gripper_trace,two_or_more_coordinate_pairs,False,,,,,,,,,,,,
pool_fd166888d6b0a36e,41469,icra,move the silver pot in the middle of the table,Approach the silver pot,0,Approach the silver pot,subtask_same_intent_paraphrase_candidate,canonical_subtask_exact_normalized_match,False,,,,,,,,,,,,
pool_fd166888d6b0a36e,41469,icra,move the silver pot in the middle of the table,Approach the silver pot,1,"Approach the silver pot at [54, 67]",point_coordinate_grounding,one_coordinate_pair,False,,,,,,,,,,,,
pool_fd166888d6b0a36e,41469,icra,move the silver pot in the middle of the table,Approach the silver pot,2,"Go to the pot at [54, 67] to grab it",hybrid_or_added_behavioral_semantics,coordinate_plus_terminal_action_direction_or_sequence,False,,,,,,,,,,,,
pool_fd166888d6b0a36e,41469,icra,move the silver pot in the middle of the table,Approach the silver pot,3,"Move to [126, 100], [87, 59], and finally [69, 43] to approach the pot",multi_point_gripper_trace,two_or_more_coordinate_pairs,False,,,,,,,,,,,,
pool_fd166888d6b0a36e,41469,icra,move the silver pot in the middle of the table,Approach the silver pot,4,"Move the gripper to [69, 43]",point_coordinate_grounding,one_coordinate_pair,False,,,,,,,,,,,,
pool_fd166888d6b0a36e,41469,icra,move the silver pot in the middle of the table,Approach the silver pot,5,"Approach the pot by moving the gripper along [126, 100], [107, 74], [87, 59], [76, 45], [67, 27]",multi_point_gripper_trace,two_or_more_coordinate_pairs,False,,,,,,,,,,,,
pool_fd166888d6b0a36e,41469,icra,move the silver pot in the middle of the table,Approach the silver pot,6,"Move towards the pot at [54, 67]",point_coordinate_grounding,one_coordinate_pair,False,,,,,,,,,,,,
pool_fd166888d6b0a36e,41469,icra,move the silver pot in the middle of the table,Approach the silver pot,7,move the silver pot in the middle of the table,task_level_language,shared_trajectory_task_exact_normalized_match,False,,,,,,,,,,,,
pool_fd166888d6b0a36e,41469,icra,move the silver pot in the middle of the table,Approach the silver pot,8,Move left towards the pot,malformed_or_unclear,semantic_class_unclear_requires_manual_review,False,,,,,,,,,,,,
pool_d78ba27b86a8a805,44904,icra,moves a red thing to the top of the sink,Release the red thing at the top of the sink,0,Open the gripper and release the object into the sink,hybrid_or_added_behavioral_semantics,sequencing_marker_or_additional_action_family,False,,,,,,,,,,,,
pool_d78ba27b86a8a805,44904,icra,moves a red thing to the top of the sink,Release the red thing at the top of the sink,1,Release the red thing at the top of the sink,subtask_same_intent_paraphrase_candidate,canonical_subtask_exact_normalized_match,False,,,,,,,,,,,,
pool_d78ba27b86a8a805,44904,icra,moves a red thing to the top of the sink,Release the red thing at the top of the sink,2,Open gripper,atomic_motion_or_gripper_command,high_precision_atomic_pattern,False,,,,,,,,,,,,
pool_d78ba27b86a8a805,44904,icra,moves a red thing to the top of the sink,Release the red thing at the top of the sink,3,moves a red thing to the top of the sink,task_level_language,shared_trajectory_task_exact_normalized_match,False,,,,,,,,,,,,
pool_d78ba27b86a8a805,44904,icra,moves a red thing to the top of the sink,Release the red thing at the top of the sink,4,"Release the red thing over the sink at [225, 27]",point_coordinate_grounding,one_coordinate_pair,False,,,,,,,,,,,,
pool_d78ba27b86a8a805,44904,icra,moves a red thing to the top of the sink,Release the red thing at the top of the sink,5,Open the gripper to release the object,hybrid_or_added_behavioral_semantics,sequencing_marker_or_additional_action_family,False,,,,,,,,,,,,
pool_d78ba27b86a8a805,44904,icra,moves a red thing to the top of the sink,Release the red thing at the top of the sink,6,Drop the red thing into the sink,malformed_or_unclear,semantic_class_unclear_requires_manual_review,False,,,,,,,,,,,,
pool_d78ba27b86a8a805,44904,icra,moves a red thing to the top of the sink,Release the red thing at the top of the sink,7,"Open the gripper near [225, 14]",point_coordinate_grounding,one_coordinate_pair,False,,,,,,,,,,,,
pool_d433830774c656b4,48450,icra,moving the green cloth on the top of table,Lift the green cloth,0,"Move the gripper up from [164, 71] to [160, 58].",multi_point_gripper_trace,two_or_more_coordinate_pairs,False,,,,,,,,,,,,
pool_d433830774c656b4,48450,icra,moving the green cloth on the top of table,Lift the green cloth,1,"Raise the cloth at [171, 101] by moving the gripper up.",point_coordinate_grounding,one_coordinate_pair,False,,,,,,,,,,,,
pool_d433830774c656b4,48450,icra,moving the green cloth on the top of table,Lift the green cloth,2,Move the gripper upward.,malformed_or_unclear,semantic_class_unclear_requires_manual_review,False,,,,,,,,,,,,
pool_d433830774c656b4,48450,icra,moving the green cloth on the top of table,Lift the green cloth,3,Raise the cloth.,malformed_or_unclear,semantic_class_unclear_requires_manual_review,False,,,,,,,,,,,,
pool_d433830774c656b4,48450,icra,moving the green cloth on the top of table,Lift the green cloth,4,"Lift the cloth by moving the gripper along [164, 71], [158, 56], and [160, 58].",multi_point_gripper_trace,two_or_more_coordinate_pairs,False,,,,,,,,,,,,
pool_d433830774c656b4,48450,icra,moving the green cloth on the top of table,Lift the green cloth,5,Lift the green cloth,subtask_same_intent_paraphrase_candidate,canonical_subtask_exact_normalized_match,False,,,,,,,,,,,,
pool_d433830774c656b4,48450,icra,moving the green cloth on the top of table,Lift the green cloth,6,"Lift the green cloth from [171, 101] to [171, 96].",multi_point_gripper_trace,two_or_more_coordinate_pairs,False,,,,,,,,,,,,
pool_d433830774c656b4,48450,icra,moving the green cloth on the top of table,Lift the green cloth,7,Lift the green cloth.,subtask_same_intent_paraphrase_candidate,canonical_subtask_exact_normalized_match,False,,,,,,,,,,,,
pool_d433830774c656b4,48450,icra,moving the green cloth on the top of table,Lift the green cloth,8,moving the green cloth on the top of table,task_level_language,shared_trajectory_task_exact_normalized_match,False,,,,,,,,,,,,
pool_8c83bcfc172d705a,32761,icra,put the blue brush in the orange pot,Lift the blue brush,0,put the blue brush in the orange pot,task_level_language,shared_trajectory_task_exact_normalized_match,False,,,,,,,,,,,,
pool_8c83bcfc172d705a,32761,icra,put the blue brush in the orange pot,Lift the blue brush,1,"Move up with the gripper at [72, 152]",point_coordinate_grounding,one_coordinate_pair,False,,,,,,,,,,,,
pool_8c83bcfc172d705a,32761,icra,put the blue brush in the orange pot,Lift the blue brush,2,Move upward while holding the brush,hybrid_or_added_behavioral_semantics,sequencing_marker_or_additional_action_family,False,,,,,,,,,,,,
pool_8c83bcfc172d705a,32761,icra,put the blue brush in the orange pot,Lift the blue brush,3,Lift the blue brush,subtask_same_intent_paraphrase_candidate,canonical_subtask_exact_normalized_match,False,,,,,,,,,,,,
pool_8c83bcfc172d705a,32761,icra,put the blue brush in the orange pot,Lift the blue brush,4,Lift the brush,malformed_or_unclear,semantic_class_unclear_requires_manual_review,False,,,,,,,,,,,,
pool_8c83bcfc172d705a,32761,icra,put the blue brush in the orange pot,Lift the blue brush,5,"Lift the brush at [206, 159] with gripper at [72, 152]",multi_point_gripper_trace,two_or_more_coordinate_pairs,False,,,,,,,,,,,,
pool_c563f9d1fbc187dc,32994,icra,put the red object on the left burner,Grasp the red object,0,"Grasp the object at [192, 122]",point_coordinate_grounding,one_coordinate_pair,False,,,,,,,,,,,,
pool_c563f9d1fbc187dc,32994,icra,put the red object on the left burner,Grasp the red object,1,Close the gripper,atomic_motion_or_gripper_command,high_precision_atomic_pattern,False,,,,,,,,,,,,
pool_c563f9d1fbc187dc,32994,icra,put the red object on the left burner,Grasp the red object,2,"Close gripper at [144, 112] to grab the red pot",point_coordinate_grounding,one_coordinate_pair,False,,,,,,,,,,,,
pool_c563f9d1fbc187dc,32994,icra,put the red object on the left burner,Grasp the red object,3,Grab the red pot,malformed_or_unclear,semantic_class_unclear_requires_manual_review,False,,,,,,,,,,,,
pool_c563f9d1fbc187dc,32994,icra,put the red object on the left burner,Grasp the red object,4,Securely grasp the red pot,malformed_or_unclear,semantic_class_unclear_requires_manual_review,False,,,,,,,,,,,,
pool_c563f9d1fbc187dc,32994,icra,put the red object on the left burner,Grasp the red object,5,Grasp the red object,subtask_same_intent_paraphrase_candidate,canonical_subtask_exact_normalized_match,False,,,,,,,,,,,,
pool_c563f9d1fbc187dc,32994,icra,put the red object on the left burner,Grasp the red object,6,"Close gripper at [144, 112], [145, 118], [148, 130]",multi_point_gripper_trace,two_or_more_coordinate_pairs,False,,,,,,,,,,,,
pool_c563f9d1fbc187dc,32994,icra,put the red object on the left burner,Grasp the red object,7,put the red object on the left burner,task_level_language,shared_trajectory_task_exact_normalized_match,False,,,,,,,,,,,,
pool_c563f9d1fbc187dc,32994,icra,put the red object on the left burner,Grasp the red object,8,Close the gripper on the red pot,hybrid_or_added_behavioral_semantics,sequencing_marker_or_additional_action_family,False,,,,,,,,,,,,
pool_c563f9d1fbc187dc,32994,icra,put the red object on the left burner,Grasp the red object,9,"Grasp the red pot at [190, 118]",point_coordinate_grounding,one_coordinate_pair,False,,,,,,,,,,,,
pool_8aa03de53b07bb9e,28900,icra,move the can to the top side of the table,Move Towards Table with Can,0,"Move the can at [74, 158] toward the table at [46, 53]",multi_point_gripper_trace,two_or_more_coordinate_pairs,False,,,,,,,,,,,,
pool_8aa03de53b07bb9e,28900,icra,move the can to the top side of the table,Move Towards Table with Can,1,"Move the can toward [37, 61] by moving along [45, 157], [82, 120], [124, 76]",multi_point_gripper_trace,two_or_more_coordinate_pairs,False,,,,,,,,,,,,
pool_8aa03de53b07bb9e,28900,icra,move the can to the top side of the table,Move Towards Table with Can,2,"Move the can along [45, 157], [82, 120], [124, 76] towards the table",multi_point_gripper_trace,two_or_more_coordinate_pairs,False,,,,,,,,,,,,
pool_8aa03de53b07bb9e,28900,icra,move the can to the top side of the table,Move Towards Table with Can,3,move the can to the top side of the table,task_level_language,shared_trajectory_task_exact_normalized_match,False,,,,,,,,,,,,
pool_8aa03de53b07bb9e,28900,icra,move the can to the top side of the table,Move Towards Table with Can,4,"Carry the can towards the table at [46, 53] by moving forward",point_coordinate_grounding,one_coordinate_pair,False,,,,,,,,,,,,
pool_8aa03de53b07bb9e,28900,icra,move the can to the top side of the table,Move Towards Table with Can,5,Move the can toward the table,malformed_or_unclear,semantic_class_unclear_requires_manual_review,False,,,,,,,,,,,,
pool_8aa03de53b07bb9e,28900,icra,move the can to the top side of the table,Move Towards Table with Can,6,Move forward with the can,malformed_or_unclear,semantic_class_unclear_requires_manual_review,False,,,,,,,,,,,,
pool_8aa03de53b07bb9e,28900,icra,move the can to the top side of the table,Move Towards Table with Can,7,"Move the can forward, from approximately [45, 157] to [124, 76]",multi_point_gripper_trace,two_or_more_coordinate_pairs,False,,,,,,,,,,,,
pool_8aa03de53b07bb9e,28900,icra,move the can to the top side of the table,Move Towards Table with Can,8,Move Towards Table with Can,subtask_same_intent_paraphrase_candidate,canonical_subtask_exact_normalized_match,False,,,,,,,,,,,,
pool_80082ff3b27f3d26,48072,icra,put the red object in the pot on the left burner,Lift the Red Object,0,Lift the object after grasping it,hybrid_or_added_behavioral_semantics,sequencing_marker_or_additional_action_family,True,,,,,,,,,,,,
pool_80082ff3b27f3d26,48072,icra,put the red object in the pot on the left burner,Lift the Red Object,1,Lift the red object,subtask_same_intent_paraphrase_candidate,canonical_subtask_exact_normalized_match,True,,,,,,,,,,,,
pool_80082ff3b27f3d26,48072,icra,put the red object in the pot on the left burner,Lift the Red Object,2,Raise the gripper with the red object,malformed_or_unclear,semantic_class_unclear_requires_manual_review,True,,,,,,,,,,,,
pool_80082ff3b27f3d26,48072,icra,put the red object in the pot on the left burner,Lift the Red Object,3,Move the red object upwards,malformed_or_unclear,semantic_class_unclear_requires_manual_review,True,,,,,,,,,,,,
pool_80082ff3b27f3d26,48072,icra,put the red object in the pot on the left burner,Lift the Red Object,4,"Raise the object near [52, 92]",point_coordinate_grounding,one_coordinate_pair,True,,,,,,,,,,,,
pool_80082ff3b27f3d26,48072,icra,put the red object in the pot on the left burner,Lift the Red Object,5,Lift the Red Object,subtask_same_intent_paraphrase_candidate,canonical_subtask_exact_normalized_match,True,,,,,,,,,,,,
pool_80082ff3b27f3d26,48072,icra,put the red object in the pot on the left burner,Lift the Red Object,6,put the red object in the pot on the left burner,task_level_language,shared_trajectory_task_exact_normalized_match,True,,,,,,,,,,,,
pool_80082ff3b27f3d26,48072,icra,put the red object in the pot on the left burner,Lift the Red Object,7,"Move the gripper up from [80, 49] to [43, 68]",multi_point_gripper_trace,two_or_more_coordinate_pairs,True,,,,,,,,,,,,
pool_80082ff3b27f3d26,48072,icra,put the red object in the pot on the left burner,Lift the Red Object,8,"Lift the red object, while holding it",hybrid_or_added_behavioral_semantics,sequencing_marker_or_additional_action_family,True,,,,,,,,,,,,
pool_fb87e76c6bf010bf,30032,icra,Move the spatula to the bottom left corner of the sink.,Release the spatula at the bottom left corner of the sink,0,Release the spatula near the sink,malformed_or_unclear,semantic_class_unclear_requires_manual_review,False,,,,,,,,,,,,
pool_fb87e76c6bf010bf,30032,icra,Move the spatula to the bottom left corner of the sink.,Release the spatula at the bottom left corner of the sink,1,"Release the spatula near [54, 118]",point_coordinate_grounding,one_coordinate_pair,False,,,,,,,,,,,,
pool_fb87e76c6bf010bf,30032,icra,Move the spatula to the bottom left corner of the sink.,Release the spatula at the bottom left corner of the sink,2,"Open the gripper to drop the spatula at [55, 118]",point_coordinate_grounding,one_coordinate_pair,False,,,,,,,,,,,,
pool_fb87e76c6bf010bf,30032,icra,Move the spatula to the bottom left corner of the sink.,Release the spatula at the bottom left corner of the sink,3,Move the spatula to the bottom left corner of the sink.,task_level_language,shared_trajectory_task_exact_normalized_match,False,,,,,,,,,,,,
pool_fb87e76c6bf010bf,30032,icra,Move the spatula to the bottom left corner of the sink.,Release the spatula at the bottom left corner of the sink,4,"Open the gripper at [32, 91], [32, 80], [31, 83]",multi_point_gripper_trace,two_or_more_coordinate_pairs,False,,,,,,,,,,,,
pool_fb87e76c6bf010bf,30032,icra,Move the spatula to the bottom left corner of the sink.,Release the spatula at the bottom left corner of the sink,5,Release the spatula,malformed_or_unclear,semantic_class_unclear_requires_manual_review,False,,,,,,,,,,,,
pool_fb87e76c6bf010bf,30032,icra,Move the spatula to the bottom left corner of the sink.,Release the spatula at the bottom left corner of the sink,6,Open the gripper to release the spatula,hybrid_or_added_behavioral_semantics,sequencing_marker_or_additional_action_family,False,,,,,,,,,,,,
pool_fb87e76c6bf010bf,30032,icra,Move the spatula to the bottom left corner of the sink.,Release the spatula at the bottom left corner of the sink,7,"Open gripper at the bottom left corner to release the spatula at [55, 118]",point_coordinate_grounding,one_coordinate_pair,False,,,,,,,,,,,,
pool_fb87e76c6bf010bf,30032,icra,Move the spatula to the bottom left corner of the sink.,Release the spatula at the bottom left corner of the sink,8,Drop the spatula at the bottom left corner,malformed_or_unclear,semantic_class_unclear_requires_manual_review,False,,,,,,,,,,,,
pool_fb87e76c6bf010bf,30032,icra,Move the spatula to the bottom left corner of the sink.,Release the spatula at the bottom left corner of the sink,9,Open the gripper,atomic_motion_or_gripper_command,high_precision_atomic_pattern,False,,,,,,,,,,,,
pool_fb87e76c6bf010bf,30032,icra,Move the spatula to the bottom left corner of the sink.,Release the spatula at the bottom left corner of the sink,10,Release the spatula at the bottom left corner of the sink,subtask_same_intent_paraphrase_candidate,canonical_subtask_exact_normalized_match,False,,,,,,,,,,,,
pool_fb87e76c6bf010bf,30032,icra,Move the spatula to the bottom left corner of the sink.,Release the spatula at the bottom left corner of the sink,11,"Release the spatula at the bottom left corner of the sink at [55, 118]",point_coordinate_grounding,one_coordinate_pair,False,,,,,,,,,,,,
pool_fb87e76c6bf010bf,30032,icra,Move the spatula to the bottom left corner of the sink.,Release the spatula at the bottom left corner of the sink,12,"Open the gripper at [32, 91]",point_coordinate_grounding,one_coordinate_pair,False,,,,,,,,,,,,
pool_af7cc279fbbb6a62,5722,icra,remove the lid from the left burner,Grasp the left burner lid,0,remove the lid from the left burner,task_level_language,shared_trajectory_task_exact_normalized_match,False,,,,,,,,,,,,
pool_af7cc279fbbb6a62,5722,icra,remove the lid from the left burner,Grasp the left burner lid,1,"Grasp the left burner lid at location [107, 109] after backing up slightly.",hybrid_or_added_behavioral_semantics,coordinate_plus_terminal_action_direction_or_sequence,False,,,,,,,,,,,,
pool_af7cc279fbbb6a62,5722,icra,remove the lid from the left burner,Grasp the left burner lid,2,"Close the gripper at position [88, 90] to grasp the lid.",point_coordinate_grounding,one_coordinate_pair,False,,,,,,,,,,,,
pool_af7cc279fbbb6a62,5722,icra,remove the lid from the left burner,Grasp the left burner lid,3,Close the gripper.,atomic_motion_or_gripper_command,high_precision_atomic_pattern,False,,,,,,,,,,,,
pool_af7cc279fbbb6a62,5722,icra,remove the lid from the left burner,Grasp the left burner lid,4,"Grasp the lid at [107, 109].",point_coordinate_grounding,one_coordinate_pair,False,,,,,,,,,,,,
pool_af7cc279fbbb6a62,5722,icra,remove the lid from the left burner,Grasp the left burner lid,5,Grasp the left burner lid.,subtask_same_intent_paraphrase_candidate,canonical_subtask_exact_normalized_match,False,,,,,,,,,,,,
pool_af7cc279fbbb6a62,5722,icra,remove the lid from the left burner,Grasp the left burner lid,6,Grasp the left burner lid,subtask_same_intent_paraphrase_candidate,canonical_subtask_exact_normalized_match,False,,,,,,,,,,,,
pool_af7cc279fbbb6a62,5722,icra,remove the lid from the left burner,Grasp the left burner lid,7,"Grasp the lid near the burner at [140, 148].",point_coordinate_grounding,one_coordinate_pair,False,,,,,,,,,,,,
pool_af7cc279fbbb6a62,5722,icra,remove the lid from the left burner,Grasp the left burner lid,8,"Grasp the lid at [107, 109] by closing the gripper.",point_coordinate_grounding,one_coordinate_pair,False,,,,,,,,,,,,
pool_af7cc279fbbb6a62,5722,icra,remove the lid from the left burner,Grasp the left burner lid,9,Move backward up and grasp the lid.,malformed_or_unclear,semantic_class_unclear_requires_manual_review,False,,,,,,,,,,,,
pool_af7cc279fbbb6a62,5722,icra,remove the lid from the left burner,Grasp the left burner lid,10,Close gripper to grasp the lid.,hybrid_or_added_behavioral_semantics,sequencing_marker_or_additional_action_family,False,,,,,,,,,,,,
pool_af7cc279fbbb6a62,5722,icra,remove the lid from the left burner,Grasp the left burner lid,11,"Close the gripper at [88, 90] to grab the lid.",point_coordinate_grounding,one_coordinate_pair,False,,,,,,,,,,,,
pool_4f19584c07fadd34,5060,rss,Pick up the green spatula and place it behind the pot,Reaching for the green spatula,0,"Go to the spatula at [66, 173] while avoiding the pot at [177, 168]",hybrid_or_added_behavioral_semantics,coordinate_plus_terminal_action_direction_or_sequence,False,,,,,,,,,,,,
pool_4f19584c07fadd34,5060,rss,Pick up the green spatula and place it behind the pot,Reaching for the green spatula,1,"Move to [24, 92] near the spatula at [66, 173]",multi_point_gripper_trace,two_or_more_coordinate_pairs,False,,,,,,,,,,,,
pool_4f19584c07fadd34,5060,rss,Pick up the green spatula and place it behind the pot,Reaching for the green spatula,2,Move down towards the spatula,malformed_or_unclear,semantic_class_unclear_requires_manual_review,False,,,,,,,,,,,,
pool_4f19584c07fadd34,5060,rss,Pick up the green spatula and place it behind the pot,Reaching for the green spatula,3,Move to the spatula,malformed_or_unclear,semantic_class_unclear_requires_manual_review,False,,,,,,,,,,,,
pool_4f19584c07fadd34,5060,rss,Pick up the green spatula and place it behind the pot,Reaching for the green spatula,4,Pick up the green spatula and place it behind the pot,task_level_language,shared_trajectory_task_exact_normalized_match,False,,,,,,,,,,,,
pool_4f19584c07fadd34,5060,rss,Pick up the green spatula and place it behind the pot,Reaching for the green spatula,5,"Move to [95, 59], [49, 84], [24, 92] to reach the spatula",multi_point_gripper_trace,two_or_more_coordinate_pairs,False,,,,,,,,,,,,
pool_4f19584c07fadd34,5060,rss,Pick up the green spatula and place it behind the pot,Reaching for the green spatula,6,Reach for the green spatula,malformed_or_unclear,semantic_class_unclear_requires_manual_review,False,,,,,,,,,,,,
pool_4f19584c07fadd34,5060,rss,Pick up the green spatula and place it behind the pot,Reaching for the green spatula,7,"Move to the green spatula at [66, 173]",point_coordinate_grounding,one_coordinate_pair,False,,,,,,,,,,,,
pool_4f19584c07fadd34,5060,rss,Pick up the green spatula and place it behind the pot,Reaching for the green spatula,8,Reaching for the green spatula,subtask_same_intent_paraphrase_candidate,canonical_subtask_exact_normalized_match,False,,,,,,,,,,,,
pool_83c0d6f00247c198,36357,rss,Pick up the red fruit and put it in the pot,Reach for and move to the red fruit,0,"Move to the red fruit at [182, 114]",point_coordinate_grounding,one_coordinate_pair,False,,,,,,,,,,,,
pool_83c0d6f00247c198,36357,rss,Pick up the red fruit and put it in the pot,Reach for and move to the red fruit,1,"Move the gripper to [94, 35], [145, 50], and finally to [179, 66]",multi_point_gripper_trace,two_or_more_coordinate_pairs,False,,,,,,,,,,,,
pool_83c0d6f00247c198,36357,rss,Pick up the red fruit and put it in the pot,Reach for and move to the red fruit,2,"Reach for the red fruit at [182, 114]",point_coordinate_grounding,one_coordinate_pair,False,,,,,,,,,,,,
pool_83c0d6f00247c198,36357,rss,Pick up the red fruit and put it in the pot,Reach for and move to the red fruit,3,Go to the red object,malformed_or_unclear,semantic_class_unclear_requires_manual_review,False,,,,,,,,,,,,
pool_83c0d6f00247c198,36357,rss,Pick up the red fruit and put it in the pot,Reach for and move to the red fruit,4,Pick up the red fruit and put it in the pot,task_level_language,shared_trajectory_task_exact_normalized_match,False,,,,,,,,,,,,
pool_83c0d6f00247c198,36357,rss,Pick up the red fruit and put it in the pot,Reach for and move to the red fruit,5,Reach for and move to the red fruit,subtask_same_intent_paraphrase_candidate,canonical_subtask_exact_normalized_match,False,,,,,,,,,,,,
pool_83c0d6f00247c198,36357,rss,Pick up the red fruit and put it in the pot,Reach for and move to the red fruit,6,Approach the fruit,malformed_or_unclear,semantic_class_unclear_requires_manual_review,False,,,,,,,,,,,,
pool_83c0d6f00247c198,36357,rss,Pick up the red fruit and put it in the pot,Reach for and move to the red fruit,7,Move toward the object,malformed_or_unclear,semantic_class_unclear_requires_manual_review,False,,,,,,,,,,,,
pool_83c0d6f00247c198,36357,rss,Pick up the red fruit and put it in the pot,Reach for and move to the red fruit,8,"Move right to [161, 55]",point_coordinate_grounding,one_coordinate_pair,False,,,,,,,,,,,,
pool_a379df96efad50a7,46955,rss,Move the knife between the pot and the pepper.,Release the knife,0,Open the gripper to release the knife,hybrid_or_added_behavioral_semantics,sequencing_marker_or_additional_action_family,False,,,,,,,,,,,,
pool_a379df96efad50a7,46955,rss,Move the knife between the pot and the pepper.,Release the knife,1,Release the knife,subtask_same_intent_paraphrase_candidate,canonical_subtask_exact_normalized_match,False,,,,,,,,,,,,
pool_a379df96efad50a7,46955,rss,Move the knife between the pot and the pepper.,Release the knife,2,Open the gripper and move up slightly,atomic_motion_or_gripper_command,high_precision_atomic_pattern,False,,,,,,,,,,,,
pool_a379df96efad50a7,46955,rss,Move the knife between the pot and the pepper.,Release the knife,3,"Open the gripper while at [133, 91]",hybrid_or_added_behavioral_semantics,coordinate_plus_terminal_action_direction_or_sequence,False,,,,,,,,,,,,
pool_a379df96efad50a7,46955,rss,Move the knife between the pot and the pepper.,Release the knife,4,Open the gripper,atomic_motion_or_gripper_command,high_precision_atomic_pattern,False,,,,,,,,,,,,
pool_a379df96efad50a7,46955,rss,Move the knife between the pot and the pepper.,Release the knife,5,"Open the gripper at [131, 82], [130, 91], [132, 90] to drop the knife",multi_point_gripper_trace,two_or_more_coordinate_pairs,False,,,,,,,,,,,,
pool_a379df96efad50a7,46955,rss,Move the knife between the pot and the pepper.,Release the knife,6,Move the knife between the pot and the pepper.,task_level_language,shared_trajectory_task_exact_normalized_match,False,,,,,,,,,,,,
pool_a379df96efad50a7,46955,rss,Move the knife between the pot and the pepper.,Release the knife,7,"Drop the knife at [128, 90]",point_coordinate_grounding,one_coordinate_pair,False,,,,,,,,,,,,
pool_a379df96efad50a7,46955,rss,Move the knife between the pot and the pepper.,Release the knife,8,Release the knife near the pepper,malformed_or_unclear,semantic_class_unclear_requires_manual_review,False,,,,,,,,,,,,
pool_8d3c6cf48ebd7489,12551,rss,Move the towel to the front left of the table.,Adjust position,0,Move the gripper upwards and rightwards.,malformed_or_unclear,semantic_class_unclear_requires_manual_review,False,,,,,,,,,,,,
pool_8d3c6cf48ebd7489,12551,rss,Move the towel to the front left of the table.,Adjust position,1,Adjust position,subtask_same_intent_paraphrase_candidate,canonical_subtask_exact_normalized_match,False,,,,,,,,,,,,
pool_8d3c6cf48ebd7489,12551,rss,Move the towel to the front left of the table.,Adjust position,2,"Move the gripper to [37, 108].",point_coordinate_grounding,one_coordinate_pair,False,,,,,,,,,,,,
pool_8d3c6cf48ebd7489,12551,rss,Move the towel to the front left of the table.,Adjust position,3,"Move the gripper upwards and rightwards from [39, 115] to [86, 60]",multi_point_gripper_trace,two_or_more_coordinate_pairs,False,,,,,,,,,,,,
pool_8d3c6cf48ebd7489,12551,rss,Move the towel to the front left of the table.,Adjust position,4,Adjust the robot's position.,malformed_or_unclear,semantic_class_unclear_requires_manual_review,False,,,,,,,,,,,,
pool_8d3c6cf48ebd7489,12551,rss,Move the towel to the front left of the table.,Adjust position,5,Move the towel to the front left of the table.,task_level_language,shared_trajectory_task_exact_normalized_match,False,,,,,,,,,,,,
pool_8d3c6cf48ebd7489,12551,rss,Move the towel to the front left of the table.,Adjust position,6,"Move the gripper away from the towel at [58, 131] on the table at [143, 137].",multi_point_gripper_trace,two_or_more_coordinate_pairs,False,,,,,,,,,,,,
pool_9bdb21a28ca9e5a7,12719,rss,Pick up the pineapple and place it on the yellow towel,Place the pineapple on the yellow towel,0,"Place the pineapple on the towel at [156, 110].",point_coordinate_grounding,one_coordinate_pair,False,,,,,,,,,,,,
pool_9bdb21a28ca9e5a7,12719,rss,Pick up the pineapple and place it on the yellow towel,Place the pineapple on the yellow towel,1,Place the pineapple on the yellow towel,subtask_same_intent_paraphrase_candidate,canonical_subtask_exact_normalized_match,False,,,,,,,,,,,,
pool_9bdb21a28ca9e5a7,12719,rss,Pick up the pineapple and place it on the yellow towel,Place the pineapple on the yellow towel,2,Open the gripper to place the pineapple.,hybrid_or_added_behavioral_semantics,sequencing_marker_or_additional_action_family,False,,,,,,,,,,,,
pool_9bdb21a28ca9e5a7,12719,rss,Pick up the pineapple and place it on the yellow towel,Place the pineapple on the yellow towel,3,"Open the gripper at approximately [156, 75].",point_coordinate_grounding,one_coordinate_pair,False,,,,,,,,,,,,
pool_9bdb21a28ca9e5a7,12719,rss,Pick up the pineapple and place it on the yellow towel,Place the pineapple on the yellow towel,4,Place the pineapple on the yellow towel.,subtask_same_intent_paraphrase_candidate,canonical_subtask_exact_normalized_match,False,,,,,,,,,,,,
pool_9bdb21a28ca9e5a7,12719,rss,Pick up the pineapple and place it on the yellow towel,Place the pineapple on the yellow towel,5,"Move to [156, 75], [155, 78], [156, 76] and release the pineapple on the towel.",hybrid_or_added_behavioral_semantics,coordinate_plus_terminal_action_direction_or_sequence,False,,,,,,,,,,,,
pool_9bdb21a28ca9e5a7,12719,rss,Pick up the pineapple and place it on the yellow towel,Place the pineapple on the yellow towel,6,"Release the pineapple above the towel at [156, 110].",point_coordinate_grounding,one_coordinate_pair,False,,,,,,,,,,,,
pool_9bdb21a28ca9e5a7,12719,rss,Pick up the pineapple and place it on the yellow towel,Place the pineapple on the yellow towel,7,Pick up the pineapple and place it on the yellow towel,task_level_language,shared_trajectory_task_exact_normalized_match,False,,,,,,,,,,,,
pool_2a104f6a3ffe0300,45560,rss,Move the spoon to the bottom right of the table.,Move the spoon to the right,0,Move the spoon to the right,subtask_same_intent_paraphrase_candidate,canonical_subtask_exact_normalized_match,False,,,,,,,,,,,,
pool_2a104f6a3ffe0300,45560,rss,Move the spoon to the bottom right of the table.,Move the spoon to the right,1,Move the spoon to the bottom right of the table.,task_level_language,shared_trajectory_task_exact_normalized_match,False,,,,,,,,,,,,
pool_2a104f6a3ffe0300,45560,rss,Move the spoon to the bottom right of the table.,Move the spoon to the right,2,Move the spoon to the bottom right,malformed_or_unclear,semantic_class_unclear_requires_manual_review,False,,,,,,,,,,,,
pool_2a104f6a3ffe0300,45560,rss,Move the spoon to the bottom right of the table.,Move the spoon to the right,3,"Move the spoon along [106, 70], [106, 64], [100, 55], [124, 120]",multi_point_gripper_trace,two_or_more_coordinate_pairs,False,,,,,,,,,,,,
pool_2a104f6a3ffe0300,45560,rss,Move the spoon to the bottom right of the table.,Move the spoon to the right,4,Move the spoon toward the bottom right of the table,malformed_or_unclear,semantic_class_unclear_requires_manual_review,False,,,,,,,,,,,,
pool_2a104f6a3ffe0300,45560,rss,Move the spoon to the bottom right of the table.,Move the spoon to the right,5,"Move the spoon right, ending at [124, 120]",point_coordinate_grounding,one_coordinate_pair,False,,,,,,,,,,,,
pool_d1c2ecc439b4b853,41441,rss,touch the towel and put the strawberry to top on it,Grasp the strawberry,0,"Move up and close gripper on strawberry at [38, 113]",point_coordinate_grounding,one_coordinate_pair,False,,,,,,,,,,,,
pool_d1c2ecc439b4b853,41441,rss,touch the towel and put the strawberry to top on it,Grasp the strawberry,1,Grasp the strawberry,subtask_same_intent_paraphrase_candidate,canonical_subtask_exact_normalized_match,False,,,,,,,,,,,,
pool_d1c2ecc439b4b853,41441,rss,touch the towel and put the strawberry to top on it,Grasp the strawberry,2,touch the towel and put the strawberry to top on it,task_level_language,shared_trajectory_task_exact_normalized_match,False,,,,,,,,,,,,
pool_d1c2ecc439b4b853,41441,rss,touch the towel and put the strawberry to top on it,Grasp the strawberry,3,Close gripper and move up,atomic_motion_or_gripper_command,high_precision_atomic_pattern,False,,,,,,,,,,,,
pool_d1c2ecc439b4b853,41441,rss,touch the towel and put the strawberry to top on it,Grasp the strawberry,4,"Grasp the strawberry at [38, 113]",point_coordinate_grounding,one_coordinate_pair,False,,,,,,,,,,,,
pool_d1c2ecc439b4b853,41441,rss,touch the towel and put the strawberry to top on it,Grasp the strawberry,5,"Pick up the strawberry at location [38, 113]",point_coordinate_grounding,one_coordinate_pair,False,,,,,,,,,,,,
pool_d1c2ecc439b4b853,41441,rss,touch the towel and put the strawberry to top on it,Grasp the strawberry,6,Close the gripper to pick up the strawberry,malformed_or_unclear,semantic_class_unclear_requires_manual_review,False,,,,,,,,,,,,
pool_d1c2ecc439b4b853,41441,rss,touch the towel and put the strawberry to top on it,Grasp the strawberry,7,Grasp the object,malformed_or_unclear,semantic_class_unclear_requires_manual_review,False,,,,,,,,,,,,
pool_62aa54fb22c1c0a6,44448,rss,put the grapes inside the silver pot,Release grapes into the silver pot,0,"Open gripper at [163, 64], [160, 60], [163, 59], [159, 68]",multi_point_gripper_trace,two_or_more_coordinate_pairs,False,,,,,,,,,,,,
pool_62aa54fb22c1c0a6,44448,rss,put the grapes inside the silver pot,Release grapes into the silver pot,1,"Release grapes into the silver pot at [174, 102]",point_coordinate_grounding,one_coordinate_pair,False,,,,,,,,,,,,
pool_62aa54fb22c1c0a6,44448,rss,put the grapes inside the silver pot,Release grapes into the silver pot,2,put the grapes inside the silver pot,task_level_language,shared_trajectory_task_exact_normalized_match,False,,,,,,,,,,,,
pool_62aa54fb22c1c0a6,44448,rss,put the grapes inside the silver pot,Release grapes into the silver pot,3,Open the gripper to release the grapes into the pot,hybrid_or_added_behavioral_semantics,sequencing_marker_or_additional_action_family,False,,,,,,,,,,,,
pool_62aa54fb22c1c0a6,44448,rss,put the grapes inside the silver pot,Release grapes into the silver pot,4,Release grapes into the silver pot,subtask_same_intent_paraphrase_candidate,canonical_subtask_exact_normalized_match,False,,,,,,,,,,,,
pool_62aa54fb22c1c0a6,44448,rss,put the grapes inside the silver pot,Release grapes into the silver pot,5,"Drop grapes at [168, 89]",point_coordinate_grounding,one_coordinate_pair,False,,,,,,,,,,,,
pool_62aa54fb22c1c0a6,44448,rss,put the grapes inside the silver pot,Release grapes into the silver pot,6,Drop the grapes,malformed_or_unclear,semantic_class_unclear_requires_manual_review,False,,,,,,,,,,,,
pool_62aa54fb22c1c0a6,44448,rss,put the grapes inside the silver pot,Release grapes into the silver pot,7,Move down and open gripper,atomic_motion_or_gripper_command,high_precision_atomic_pattern,False,,,,,,,,,,,,
pool_87a9b2cc84836532,22546,rss,Put the pot to the right of the napkin.,Grasp the Pot,0,Put the pot to the right of the napkin.,task_level_language,shared_trajectory_task_exact_normalized_match,False,,,,,,,,,,,,
pool_87a9b2cc84836532,22546,rss,Put the pot to the right of the napkin.,Grasp the Pot,1,Close the gripper around the pot,malformed_or_unclear,semantic_class_unclear_requires_manual_review,False,,,,,,,,,,,,
pool_87a9b2cc84836532,22546,rss,Put the pot to the right of the napkin.,Grasp the Pot,2,Close the gripper,atomic_motion_or_gripper_command,high_precision_atomic_pattern,False,,,,,,,,,,,,
pool_87a9b2cc84836532,22546,rss,Put the pot to the right of the napkin.,Grasp the Pot,3,"Grasp the pot at [92, 86]",point_coordinate_grounding,one_coordinate_pair,False,,,,,,,,,,,,
pool_87a9b2cc84836532,22546,rss,Put the pot to the right of the napkin.,Grasp the Pot,4,Grasp the pot,subtask_same_intent_paraphrase_candidate,canonical_subtask_exact_normalized_match,False,,,,,,,,,,,,
pool_87a9b2cc84836532,22546,rss,Put the pot to the right of the napkin.,Grasp the Pot,5,"Grasp the pot at [88, 85] after reaching to [104, 87]",hybrid_or_added_behavioral_semantics,coordinate_plus_terminal_action_direction_or_sequence,False,,,,,,,,,,,,
pool_87a9b2cc84836532,22546,rss,Put the pot to the right of the napkin.,Grasp the Pot,6,Grasp the Pot,subtask_same_intent_paraphrase_candidate,canonical_subtask_exact_normalized_match,False,,,,,,,,,,,,
pool_87a9b2cc84836532,22546,rss,Put the pot to the right of the napkin.,Grasp the Pot,7,Close the gripper on the pot,hybrid_or_added_behavioral_semantics,sequencing_marker_or_additional_action_family,False,,,,,,,,,,,,
pool_57c4247863488456,46498,rss,Put the mushroom in front of the microwave,Grasp the Mushroom,0,Move down and close the gripper,atomic_motion_or_gripper_command,high_precision_atomic_pattern,False,,,,,,,,,,,,
pool_57c4247863488456,46498,rss,Put the mushroom in front of the microwave,Grasp the Mushroom,1,"Close the gripper at [182, 128], [182, 140] to grasp the mushroom",multi_point_gripper_trace,two_or_more_coordinate_pairs,False,,,,,,,,,,,,
pool_57c4247863488456,46498,rss,Put the mushroom in front of the microwave,Grasp the Mushroom,2,"Move down to [182, 141] and grasp the mushroom at [186, 153]",hybrid_or_added_behavioral_semantics,coordinate_plus_terminal_action_direction_or_sequence,False,,,,,,,,,,,,
pool_57c4247863488456,46498,rss,Put the mushroom in front of the microwave,Grasp the Mushroom,3,Close the gripper on the mushroom,hybrid_or_added_behavioral_semantics,sequencing_marker_or_additional_action_family,False,,,,,,,,,,,,
pool_57c4247863488456,46498,rss,Put the mushroom in front of the microwave,Grasp the Mushroom,4,"Move down to [180, 136] and then up to grasp the mushroom",hybrid_or_added_behavioral_semantics,coordinate_plus_terminal_action_direction_or_sequence,False,,,,,,,,,,,,
pool_57c4247863488456,46498,rss,Put the mushroom in front of the microwave,Grasp the Mushroom,5,Put the mushroom in front of the microwave,task_level_language,shared_trajectory_task_exact_normalized_match,False,,,,,,,,,,,,
pool_57c4247863488456,46498,rss,Put the mushroom in front of the microwave,Grasp the Mushroom,6,Grasp the Mushroom,subtask_same_intent_paraphrase_candidate,canonical_subtask_exact_normalized_match,False,,,,,,,,,,,,
pool_57c4247863488456,46498,rss,Put the mushroom in front of the microwave,Grasp the Mushroom,7,"Grasp the mushroom at [177, 153]",point_coordinate_grounding,one_coordinate_pair,False,,,,,,,,,,,,
pool_57c4247863488456,46498,rss,Put the mushroom in front of the microwave,Grasp the Mushroom,8,Grasp the mushroom,subtask_same_intent_paraphrase_candidate,canonical_subtask_exact_normalized_match,False,,,,,,,,,,,,
pool_e1d4dec769fb30bf,5743,rss,Move capsicum out of pan and place it on the table.,Move capsicum towards table,0,Transfer the capsicum from the pan to above the table.,malformed_or_unclear,semantic_class_unclear_requires_manual_review,True,,,,,,,,,,,,
pool_e1d4dec769fb30bf,5743,rss,Move capsicum out of pan and place it on the table.,Move capsicum towards table,1,Move the gripper to the right and down towards the table.,malformed_or_unclear,semantic_class_unclear_requires_manual_review,True,,,,,,,,,,,,
pool_e1d4dec769fb30bf,5743,rss,Move capsicum out of pan and place it on the table.,Move capsicum towards table,2,"Move the capsicum from [82, 105] to [150, 98] towards the table.",multi_point_gripper_trace,two_or_more_coordinate_pairs,True,,,,,,,,,,,,
pool_e1d4dec769fb30bf,5743,rss,Move capsicum out of pan and place it on the table.,Move capsicum towards table,3,"Move the capsicum from above the pan to above the table at [168, 125].",point_coordinate_grounding,one_coordinate_pair,True,,,,,,,,,,,,
pool_e1d4dec769fb30bf,5743,rss,Move capsicum out of pan and place it on the table.,Move capsicum towards table,4,"Move the capsicum toward the table, avoiding the pan at [126, 122].",point_coordinate_grounding,one_coordinate_pair,True,,,,,,,,,,,,
pool_e1d4dec769fb30bf,5743,rss,Move capsicum out of pan and place it on the table.,Move capsicum towards table,5,Move the capsicum towards the table.,malformed_or_unclear,semantic_class_unclear_requires_manual_review,True,,,,,,,,,,,,
pool_e1d4dec769fb30bf,5743,rss,Move capsicum out of pan and place it on the table.,Move capsicum towards table,6,Move capsicum out of pan and place it on the table.,task_level_language,shared_trajectory_task_exact_normalized_match,True,,,,,,,,,,,,
pool_e1d4dec769fb30bf,5743,rss,Move capsicum out of pan and place it on the table.,Move capsicum towards table,7,Move capsicum towards table,subtask_same_intent_paraphrase_candidate,canonical_subtask_exact_normalized_match,True,,,,,,,,,,,,
pool_aa3309be65343085,33701,rss,put the pot on the towel,lift the pot,0,"Move the gripper along [90, 106], [90, 100], [89, 96], [86, 85], [78, 87].",multi_point_gripper_trace,two_or_more_coordinate_pairs,True,,,,,,,,,,,,
pool_aa3309be65343085,33701,rss,put the pot on the towel,lift the pot,1,"Move the pot up to [61, 92].",point_coordinate_grounding,one_coordinate_pair,True,,,,,,,,,,,,
pool_aa3309be65343085,33701,rss,put the pot on the towel,lift the pot,2,"Move up, then move backward and left.",atomic_motion_or_gripper_command,high_precision_atomic_pattern,True,,,,,,,,,,,,
pool_aa3309be65343085,33701,rss,put the pot on the towel,lift the pot,3,Lift the pot away from the towel.,malformed_or_unclear,semantic_class_unclear_requires_manual_review,True,,,,,,,,,,,,
pool_aa3309be65343085,33701,rss,put the pot on the towel,lift the pot,4,Move backward and left.,atomic_motion_or_gripper_command,high_precision_atomic_pattern,True,,,,,,,,,,,,
pool_aa3309be65343085,33701,rss,put the pot on the towel,lift the pot,5,"Lift the pot away from the towel at [51, 113].",point_coordinate_grounding,one_coordinate_pair,True,,,,,,,,,,,,
pool_aa3309be65343085,33701,rss,put the pot on the towel,lift the pot,6,Move the gripper up with the pot.,malformed_or_unclear,semantic_class_unclear_requires_manual_review,True,,,,,,,,,,,,
pool_aa3309be65343085,33701,rss,put the pot on the towel,lift the pot,7,Move the pot backward and up.,malformed_or_unclear,semantic_class_unclear_requires_manual_review,True,,,,,,,,,,,,
pool_aa3309be65343085,33701,rss,put the pot on the towel,lift the pot,8,put the pot on the towel,task_level_language,shared_trajectory_task_exact_normalized_match,True,,,,,,,,,,,,
pool_aa3309be65343085,33701,rss,put the pot on the towel,lift the pot,9,lift the pot,subtask_same_intent_paraphrase_candidate,canonical_subtask_exact_normalized_match,True,,,,,,,,,,,,
pool_aa3309be65343085,33701,rss,put the pot on the towel,lift the pot,10,Lift the pot.,subtask_same_intent_paraphrase_candidate,canonical_subtask_exact_normalized_match,True,,,,,,,,,,,,
pool_9180b521b7be7e94,10851,rss,Place the sushi inside the pot,Withdraw from Pot,0,Move the gripper right to withdraw,malformed_or_unclear,semantic_class_unclear_requires_manual_review,False,,,,,,,,,,,,
pool_9180b521b7be7e94,10851,rss,Place the sushi inside the pot,Withdraw from Pot,1,Withdraw from the pot,malformed_or_unclear,semantic_class_unclear_requires_manual_review,False,,,,,,,,,,,,
pool_9180b521b7be7e94,10851,rss,Place the sushi inside the pot,Withdraw from Pot,2,Move the gripper away from the pot,malformed_or_unclear,semantic_class_unclear_requires_manual_review,False,,,,,,,,,,,,
pool_9180b521b7be7e94,10851,rss,Place the sushi inside the pot,Withdraw from Pot,3,Move the gripper right after releasing the sushi.,hybrid_or_added_behavioral_semantics,sequencing_marker_or_additional_action_family,False,,,,,,,,,,,,
pool_9180b521b7be7e94,10851,rss,Place the sushi inside the pot,Withdraw from Pot,4,"Move the gripper to [55, 84], [57, 83], [61, 80] to withdraw it.",multi_point_gripper_trace,two_or_more_coordinate_pairs,False,,,,,,,,,,,,
pool_9180b521b7be7e94,10851,rss,Place the sushi inside the pot,Withdraw from Pot,5,Withdraw from Pot,subtask_same_intent_paraphrase_candidate,canonical_subtask_exact_normalized_match,False,,,,,,,,,,,,
pool_9180b521b7be7e94,10851,rss,Place the sushi inside the pot,Withdraw from Pot,6,Move the gripper right to withdraw from the pot,malformed_or_unclear,semantic_class_unclear_requires_manual_review,False,,,,,,,,,,,,
pool_9180b521b7be7e94,10851,rss,Place the sushi inside the pot,Withdraw from Pot,7,Place the sushi inside the pot,task_level_language,shared_trajectory_task_exact_normalized_match,False,,,,,,,,,,,,
pool_9180b521b7be7e94,10851,rss,Place the sushi inside the pot,Withdraw from Pot,8,"Move the gripper right and up, away from the pot at [62, 120]",point_coordinate_grounding,one_coordinate_pair,False,,,,,,,,,,,,
pool_9180b521b7be7e94,10851,rss,Place the sushi inside the pot,Withdraw from Pot,9,Withdraw the gripper from the pot,malformed_or_unclear,semantic_class_unclear_requires_manual_review,False,,,,,,,,,,,,
pool_9180b521b7be7e94,10851,rss,Place the sushi inside the pot,Withdraw from Pot,10,"Move the gripper away from the sushi at [66, 124]",point_coordinate_grounding,one_coordinate_pair,False,,,,,,,,,,,,
pool_9180b521b7be7e94,10851,rss,Place the sushi inside the pot,Withdraw from Pot,11,"Move the gripper right to withdraw from [55, 84] to [76, 65]",multi_point_gripper_trace,two_or_more_coordinate_pairs,False,,,,,,,,,,,,
pool_d7dcf41a3b53171c,44604,rss,Move the fork to the left of the pot.,Grasp the Fork,0,Close the gripper on the fork,hybrid_or_added_behavioral_semantics,sequencing_marker_or_additional_action_family,False,,,,,,,,,,,,
pool_d7dcf41a3b53171c,44604,rss,Move the fork to the left of the pot.,Grasp the Fork,1,Close the gripper,atomic_motion_or_gripper_command,high_precision_atomic_pattern,False,,,,,,,,,,,,
pool_d7dcf41a3b53171c,44604,rss,Move the fork to the left of the pot.,Grasp the Fork,2,"Close gripper at [177, 151]",point_coordinate_grounding,one_coordinate_pair,False,,,,,,,,,,,,
pool_d7dcf41a3b53171c,44604,rss,Move the fork to the left of the pot.,Grasp the Fork,3,"Close the gripper at [177, 151], [188, 169]",multi_point_gripper_trace,two_or_more_coordinate_pairs,False,,,,,,,,,,,,
pool_d7dcf41a3b53171c,44604,rss,Move the fork to the left of the pot.,Grasp the Fork,4,Move the fork to the left of the pot.,task_level_language,shared_trajectory_task_exact_normalized_match,False,,,,,,,,,,,,
pool_d7dcf41a3b53171c,44604,rss,Move the fork to the left of the pot.,Grasp the Fork,5,Grasp the fork,subtask_same_intent_paraphrase_candidate,canonical_subtask_exact_normalized_match,False,,,,,,,,,,,,
pool_d7dcf41a3b53171c,44604,rss,Move the fork to the left of the pot.,Grasp the Fork,6,Grasp the Fork,subtask_same_intent_paraphrase_candidate,canonical_subtask_exact_normalized_match,False,,,,,,,,,,,,
pool_d7dcf41a3b53171c,44604,rss,Move the fork to the left of the pot.,Grasp the Fork,7,"Grasp the fork at [179, 186]",point_coordinate_grounding,one_coordinate_pair,False,,,,,,,,,,,,
pool_b3df53143317b606,41845,rss,Pick up the blue fork and place it on the right of the can,Grasp the blue fork,0,"Grasp the fork near [46, 96]",point_coordinate_grounding,one_coordinate_pair,True,,,,,,,,,,,,
pool_b3df53143317b606,41845,rss,Pick up the blue fork and place it on the right of the can,Grasp the blue fork,1,Close the gripper,atomic_motion_or_gripper_command,high_precision_atomic_pattern,True,,,,,,,,,,,,
pool_b3df53143317b606,41845,rss,Pick up the blue fork and place it on the right of the can,Grasp the blue fork,2,Close the gripper to grasp the fork,hybrid_or_added_behavioral_semantics,sequencing_marker_or_additional_action_family,True,,,,,,,,,,,,
pool_b3df53143317b606,41845,rss,Pick up the blue fork and place it on the right of the can,Grasp the blue fork,3,Pick up the blue fork and place it on the right of the can,task_level_language,shared_trajectory_task_exact_normalized_match,True,,,,,,,,,,,,
pool_b3df53143317b606,41845,rss,Pick up the blue fork and place it on the right of the can,Grasp the blue fork,4,Grasp the blue fork,subtask_same_intent_paraphrase_candidate,canonical_subtask_exact_normalized_match,True,,,,,,,,,,,,
pool_b3df53143317b606,41845,rss,Pick up the blue fork and place it on the right of the can,Grasp the blue fork,5,"Close the gripper around the fork at [47, 124]",point_coordinate_grounding,one_coordinate_pair,True,,,,,,,,,,,,
pool_b3df53143317b606,41845,rss,Pick up the blue fork and place it on the right of the can,Grasp the blue fork,6,"Close gripper at [46, 96], [45, 102], [44, 108], [44, 109], [45, 108]",multi_point_gripper_trace,two_or_more_coordinate_pairs,True,,,,,,,,,,,,
pool_bda5e2f9b7065733,30994,rss,Place the metal pot on the yellow cloth.,Grasping the metal pot,0,Grasping the metal pot,subtask_same_intent_paraphrase_candidate,canonical_subtask_exact_normalized_match,False,,,,,,,,,,,,
pool_bda5e2f9b7065733,30994,rss,Place the metal pot on the yellow cloth.,Grasping the metal pot,1,Move down and close the gripper,atomic_motion_or_gripper_command,high_precision_atomic_pattern,False,,,,,,,,,,,,
pool_bda5e2f9b7065733,30994,rss,Place the metal pot on the yellow cloth.,Grasping the metal pot,2,Close the gripper around the pot,malformed_or_unclear,semantic_class_unclear_requires_manual_review,False,,,,,,,,,,,,
pool_bda5e2f9b7065733,30994,rss,Place the metal pot on the yellow cloth.,Grasping the metal pot,3,"Move down to [80, 125] and grasp the pot at [47, 124]",hybrid_or_added_behavioral_semantics,coordinate_plus_terminal_action_direction_or_sequence,False,,,,,,,,,,,,
pool_bda5e2f9b7065733,30994,rss,Place the metal pot on the yellow cloth.,Grasping the metal pot,4,"Reach for the pot and close gripper around the pot at [47, 124]",hybrid_or_added_behavioral_semantics,coordinate_plus_terminal_action_direction_or_sequence,False,,,,,,,,,,,,
pool_bda5e2f9b7065733,30994,rss,Place the metal pot on the yellow cloth.,Grasping the metal pot,5,Grasp the metal pot,malformed_or_unclear,semantic_class_unclear_requires_manual_review,False,,,,,,,,,,,,
pool_bda5e2f9b7065733,30994,rss,Place the metal pot on the yellow cloth.,Grasping the metal pot,6,"Grasp the pot at [47, 124]",point_coordinate_grounding,one_coordinate_pair,False,,,,,,,,,,,,
pool_bda5e2f9b7065733,30994,rss,Place the metal pot on the yellow cloth.,Grasping the metal pot,7,Place the metal pot on the yellow cloth.,task_level_language,shared_trajectory_task_exact_normalized_match,False,,,,,,,,,,,,
pool_bda5e2f9b7065733,30994,rss,Place the metal pot on the yellow cloth.,Grasping the metal pot,8,"Move to [88, 76], [86, 92], [82, 108], [84, 132], [80, 125] and close the gripper to grasp the pot",hybrid_or_added_behavioral_semantics,coordinate_plus_terminal_action_direction_or_sequence,False,,,,,,,,,,,,
pool_11ba617795952312,36335,rss,move the carrot to the pot,Lift the carrot,0,Raise the gripper with the carrot after grasping,hybrid_or_added_behavioral_semantics,sequencing_marker_or_additional_action_family,True,,,,,,,,,,,,
pool_11ba617795952312,36335,rss,move the carrot to the pot,Lift the carrot,1,Lift the carrot,subtask_same_intent_paraphrase_candidate,canonical_subtask_exact_normalized_match,True,,,,,,,,,,,,
pool_11ba617795952312,36335,rss,move the carrot to the pot,Lift the carrot,2,Move the gripper up to lift the carrot,hybrid_or_added_behavioral_semantics,sequencing_marker_or_additional_action_family,True,,,,,,,,,,,,
pool_11ba617795952312,36335,rss,move the carrot to the pot,Lift the carrot,3,"Move the gripper up from [152, 99] to [148, 102]",multi_point_gripper_trace,two_or_more_coordinate_pairs,True,,,,,,,,,,,,
pool_11ba617795952312,36335,rss,move the carrot to the pot,Lift the carrot,4,Raise the gripper and keep holding the carrot,malformed_or_unclear,semantic_class_unclear_requires_manual_review,True,,,,,,,,,,,,
pool_11ba617795952312,36335,rss,move the carrot to the pot,Lift the carrot,5,move the carrot to the pot,task_level_language,shared_trajectory_task_exact_normalized_match,True,,,,,,,,,,,,
pool_11ba617795952312,36335,rss,move the carrot to the pot,Lift the carrot,6,Move the gripper up with the carrot,malformed_or_unclear,semantic_class_unclear_requires_manual_review,True,,,,,,,,,,,,
pool_a9e660c30b4430bb,30925,rss,put the blue spoon on the left side of the burner,Retract arm,0,Move the gripper up and away,atomic_motion_or_gripper_command,high_precision_atomic_pattern,False,,,,,,,,,,,,
pool_a9e660c30b4430bb,30925,rss,put the blue spoon on the left side of the burner,Retract arm,1,"Retract arm, moving through [86, 54], [86, 56], [90, 62], [90, 29]",multi_point_gripper_trace,two_or_more_coordinate_pairs,False,,,,,,,,,,,,
pool_a9e660c30b4430bb,30925,rss,put the blue spoon on the left side of the burner,Retract arm,2,put the blue spoon on the left side of the burner,task_level_language,shared_trajectory_task_exact_normalized_match,False,,,,,,,,,,,,
pool_a9e660c30b4430bb,30925,rss,put the blue spoon on the left side of the burner,Retract arm,3,Move the gripper up,atomic_motion_or_gripper_command,high_precision_atomic_pattern,False,,,,,,,,,,,,
pool_a9e660c30b4430bb,30925,rss,put the blue spoon on the left side of the burner,Retract arm,4,Pull the gripper away from the burner,malformed_or_unclear,semantic_class_unclear_requires_manual_review,False,,,,,,,,,,,,
pool_a9e660c30b4430bb,30925,rss,put the blue spoon on the left side of the burner,Retract arm,5,Retract arm,subtask_same_intent_paraphrase_candidate,canonical_subtask_exact_normalized_match,False,,,,,,,,,,,,
pool_ca9b34b4944de031,53152,rss,move the pot right side of the table,Stop,0,Stop,atomic_motion_or_gripper_command,high_precision_atomic_pattern,False,,,,,,,,,,,,
pool_ca9b34b4944de031,53152,rss,move the pot right side of the table,Stop,1,Stop moving the gripper,malformed_or_unclear,semantic_class_unclear_requires_manual_review,False,,,,,,,,,,,,
pool_ca9b34b4944de031,53152,rss,move the pot right side of the table,Stop,2,Stop the robot,malformed_or_unclear,semantic_class_unclear_requires_manual_review,False,,,,,,,,,,,,
pool_ca9b34b4944de031,53152,rss,move the pot right side of the table,Stop,3,Finalize the process,malformed_or_unclear,semantic_class_unclear_requires_manual_review,False,,,,,,,,,,,,
pool_ca9b34b4944de031,53152,rss,move the pot right side of the table,Stop,4,"Come to a stop at gripper position [75, 64]",point_coordinate_grounding,one_coordinate_pair,False,,,,,,,,,,,,
pool_ca9b34b4944de031,53152,rss,move the pot right side of the table,Stop,5,move the pot right side of the table,task_level_language,shared_trajectory_task_exact_normalized_match,False,,,,,,,,,,,,
pool_4cc4b8429efdeb43,33471,rss,put the tomato in the silver pot,Reach for the tomato,0,Reach for the tomato.,subtask_same_intent_paraphrase_candidate,canonical_subtask_exact_normalized_match,False,,,,,,,,,,,,
pool_4cc4b8429efdeb43,33471,rss,put the tomato in the silver pot,Reach for the tomato,1,"Move the gripper to [60, 83], [66, 96], [78, 98].",multi_point_gripper_trace,two_or_more_coordinate_pairs,False,,,,,,,,,,,,
pool_4cc4b8429efdeb43,33471,rss,put the tomato in the silver pot,Reach for the tomato,2,"Move the gripper towards the tomato at [36, 30].",point_coordinate_grounding,one_coordinate_pair,False,,,,,,,,,,,,
pool_4cc4b8429efdeb43,33471,rss,put the tomato in the silver pot,Reach for the tomato,3,Reach for the tomato,subtask_same_intent_paraphrase_candidate,canonical_subtask_exact_normalized_match,False,,,,,,,,,,,,
pool_4cc4b8429efdeb43,33471,rss,put the tomato in the silver pot,Reach for the tomato,4,Move the gripper toward the tomato.,malformed_or_unclear,semantic_class_unclear_requires_manual_review,False,,,,,,,,,,,,
pool_4cc4b8429efdeb43,33471,rss,put the tomato in the silver pot,Reach for the tomato,5,"Reach for the tomato at [36, 30].",point_coordinate_grounding,one_coordinate_pair,False,,,,,,,,,,,,
pool_4cc4b8429efdeb43,33471,rss,put the tomato in the silver pot,Reach for the tomato,6,Move the gripper right and down to reach the tomato.,hybrid_or_added_behavioral_semantics,sequencing_marker_or_additional_action_family,False,,,,,,,,,,,,
pool_4cc4b8429efdeb43,33471,rss,put the tomato in the silver pot,Reach for the tomato,7,put the tomato in the silver pot,task_level_language,shared_trajectory_task_exact_normalized_match,False,,,,,,,,,,,,
pool_4cc4b8429efdeb43,33471,rss,put the tomato in the silver pot,Reach for the tomato,8,"Move right and down to the tomato at [36, 30].",point_coordinate_grounding,one_coordinate_pair,False,,,,,,,,,,,,
pool_4cc4b8429efdeb43,33471,rss,put the tomato in the silver pot,Reach for the tomato,9,"Move to the location of the tomato at [36, 30].",point_coordinate_grounding,one_coordinate_pair,False,,,,,,,,,,,,
pool_853e959acb99b8ae,8424,rss,Moving red spoon on purple object,Move away from the red spoon,0,Move away from the red spoon,subtask_same_intent_paraphrase_candidate,canonical_subtask_exact_normalized_match,False,,,,,,,,,,,,
pool_853e959acb99b8ae,8424,rss,Moving red spoon on purple object,Move away from the red spoon,1,Move the gripper up and away,atomic_motion_or_gripper_command,high_precision_atomic_pattern,False,,,,,,,,,,,,
pool_853e959acb99b8ae,8424,rss,Moving red spoon on purple object,Move away from the red spoon,2,"Move from [127, 84] to [136, 25]",multi_point_gripper_trace,two_or_more_coordinate_pairs,False,,,,,,,,,,,,
pool_853e959acb99b8ae,8424,rss,Moving red spoon on purple object,Move away from the red spoon,3,Moving red spoon on purple object,task_level_language,shared_trajectory_task_exact_normalized_match,False,,,,,,,,,,,,
pool_853e959acb99b8ae,8424,rss,Moving red spoon on purple object,Move away from the red spoon,4,"Move the gripper away from the spoon at [116, 141]",point_coordinate_grounding,one_coordinate_pair,False,,,,,,,,,,,,
pool_853e959acb99b8ae,8424,rss,Moving red spoon on purple object,Move away from the red spoon,5,Move away from the spoon,malformed_or_unclear,semantic_class_unclear_requires_manual_review,False,,,,,,,,,,,,
pool_853e959acb99b8ae,8424,rss,Moving red spoon on purple object,Move away from the red spoon,6,Move up,atomic_motion_or_gripper_command,high_precision_atomic_pattern,False,,,,,,,,,,,,
pool_853e959acb99b8ae,8424,rss,Moving red spoon on purple object,Move away from the red spoon,7,Move up and away from the spoon,malformed_or_unclear,semantic_class_unclear_requires_manual_review,False,,,,,,,,,,,,
