condition_id,model_id,model_class,wording,analysis_tier,controller,open_loop_horizon,direction,run,episode_seed,valid,binary_success,steps,correct_cube_interacted,first_interaction_step,correct_cube_grabbed,pickup_step,final_requested_relation,first_requested_relation_step,post_pick_relation_transition,paper_progression,relation_only_progression,strict_pick_then_place_progression,final_cube_minus_bowl_y_m,requested_signed_final_offset_m,initial_requested_relation,first_recorded_cube_centroid_m,first_recorded_bowl_centroid_m,relation_geometry_source,physical_initial_state_sha256,full_recorded_initial_state_sha256,raw_robolab_score,policy_inference_s,policy_inference_avg_ms,estimated_policy_requests,mean_policy_request_s,env_step_s,wall_total_s,hdf5_path,log_path
pi05_canonical_static15,pi05_droid_vla,VLA,canonical,original_confirmatory,static,15,left,0,6100,True,False,450,True,308,True,308,False,,False,0.5,0.5,0.5,0.0004633665084838867,0.0004633665084838867,False,"[0.292236328125, 0.1524658203125, 0.07867431640625]","[0.442626953125, 0.1265869140625, 0.07733154296875]",rigid_object_root_pose_in_robot_frame,5da70e5190e75ede26d49b82bd15bde7731a94364c2aac9f66afcba565d6b1a8,1b1ddf04672b0ac9dfdaeec96d84829c23a4fd3e250b3a62c01745a3cb3ab470,0.6666666865348816,8.099,18.0,30,0.2699666666666667,73.282,81.381,/home/ali/projects/RoboLab/output/v1_pi05_canonical/RubiksCubeLeftOfBowlMatchedTask/run_0.hdf5,/home/ali/projects/RoboLab/output/v1_pi05_canonical/RubiksCubeLeftOfBowlMatchedTask/log_0_env0.json
pi05_canonical_static15,pi05_droid_vla,VLA,canonical,original_confirmatory,static,15,left,1,6101,True,False,450,False,,False,,False,,False,0.0,0.0,0.0,-0.006518840789794922,-0.006518840789794922,False,"[0.290283203125, 0.155029296875, 0.07867431640625]","[0.44287109375, 0.1263427734375, 0.07733154296875]",rigid_object_root_pose_in_robot_frame,5da70e5190e75ede26d49b82bd15bde7731a94364c2aac9f66afcba565d6b1a8,1b1ddf04672b0ac9dfdaeec96d84829c23a4fd3e250b3a62c01745a3cb3ab470,0.3333333432674408,7.908,17.6,30,0.2636,74.328,82.236,/home/ali/projects/RoboLab/output/v1_pi05_canonical/RubiksCubeLeftOfBowlMatchedTask/run_1.hdf5,/home/ali/projects/RoboLab/output/v1_pi05_canonical/RubiksCubeLeftOfBowlMatchedTask/log_1_env0.json
pi05_canonical_static15,pi05_droid_vla,VLA,canonical,original_confirmatory,static,15,left,2,6102,True,False,450,False,,False,,False,,False,0.0,0.0,0.0,0.003004610538482666,0.003004610538482666,False,"[0.290283203125, 0.156494140625, 0.07867431640625]","[0.44287109375, 0.126708984375, 0.07733154296875]",rigid_object_root_pose_in_robot_frame,5da70e5190e75ede26d49b82bd15bde7731a94364c2aac9f66afcba565d6b1a8,1b1ddf04672b0ac9dfdaeec96d84829c23a4fd3e250b3a62c01745a3cb3ab470,0.3333333432674408,7.937,17.6,30,0.26456666666666667,74.397,82.334,/home/ali/projects/RoboLab/output/v1_pi05_canonical/RubiksCubeLeftOfBowlMatchedTask/run_2.hdf5,/home/ali/projects/RoboLab/output/v1_pi05_canonical/RubiksCubeLeftOfBowlMatchedTask/log_2_env0.json
pi05_canonical_static15,pi05_droid_vla,VLA,canonical,original_confirmatory,static,15,left,3,6103,True,False,450,False,,False,,False,,False,0.0,0.0,0.0,0.0025879591703414917,0.0025879591703414917,False,"[0.28955078125, 0.157958984375, 0.07867431640625]","[0.443115234375, 0.1268310546875, 0.07733154296875]",rigid_object_root_pose_in_robot_frame,5da70e5190e75ede26d49b82bd15bde7731a94364c2aac9f66afcba565d6b1a8,1b1ddf04672b0ac9dfdaeec96d84829c23a4fd3e250b3a62c01745a3cb3ab470,0.3333333432674408,7.902,17.6,30,0.2634,73.6,81.502,/home/ali/projects/RoboLab/output/v1_pi05_canonical/RubiksCubeLeftOfBowlMatchedTask/run_3.hdf5,/home/ali/projects/RoboLab/output/v1_pi05_canonical/RubiksCubeLeftOfBowlMatchedTask/log_3_env0.json
pi05_canonical_static15,pi05_droid_vla,VLA,canonical,original_confirmatory,static,15,left,4,6104,True,False,450,True,152,True,152,False,,False,0.5,0.5,0.5,-0.000738486647605896,-0.000738486647605896,False,"[0.289794921875, 0.1580810546875, 0.07867431640625]","[0.443115234375, 0.1268310546875, 0.07733154296875]",rigid_object_root_pose_in_robot_frame,5da70e5190e75ede26d49b82bd15bde7731a94364c2aac9f66afcba565d6b1a8,1b1ddf04672b0ac9dfdaeec96d84829c23a4fd3e250b3a62c01745a3cb3ab470,0.6666666865348816,7.926,17.6,30,0.2642,73.995,81.921,/home/ali/projects/RoboLab/output/v1_pi05_canonical/RubiksCubeLeftOfBowlMatchedTask/run_4.hdf5,/home/ali/projects/RoboLab/output/v1_pi05_canonical/RubiksCubeLeftOfBowlMatchedTask/log_4_env0.json
pi05_canonical_static15,pi05_droid_vla,VLA,canonical,original_confirmatory,static,15,left,5,6105,True,False,450,False,,False,,False,,False,0.0,0.0,0.0,0.0240841805934906,0.0240841805934906,False,"[0.290771484375, 0.1553955078125, 0.07867431640625]","[0.443115234375, 0.126708984375, 0.07733154296875]",rigid_object_root_pose_in_robot_frame,5da70e5190e75ede26d49b82bd15bde7731a94364c2aac9f66afcba565d6b1a8,1b1ddf04672b0ac9dfdaeec96d84829c23a4fd3e250b3a62c01745a3cb3ab470,0.3333333432674408,7.946,17.7,30,0.26486666666666664,74.804,82.75,/home/ali/projects/RoboLab/output/v1_pi05_canonical/RubiksCubeLeftOfBowlMatchedTask/run_5.hdf5,/home/ali/projects/RoboLab/output/v1_pi05_canonical/RubiksCubeLeftOfBowlMatchedTask/log_5_env0.json
pi05_canonical_static15,pi05_droid_vla,VLA,canonical,original_confirmatory,static,15,left,6,6106,True,False,450,False,,False,,False,,False,0.0,0.0,0.0,0.02918335795402527,0.02918335795402527,False,"[0.291259765625, 0.1578369140625, 0.07867431640625]","[0.442626953125, 0.1263427734375, 0.07733154296875]",rigid_object_root_pose_in_robot_frame,5da70e5190e75ede26d49b82bd15bde7731a94364c2aac9f66afcba565d6b1a8,1b1ddf04672b0ac9dfdaeec96d84829c23a4fd3e250b3a62c01745a3cb3ab470,0.3333333432674408,7.938,17.6,30,0.2646,74.235,82.173,/home/ali/projects/RoboLab/output/v1_pi05_canonical/RubiksCubeLeftOfBowlMatchedTask/run_6.hdf5,/home/ali/projects/RoboLab/output/v1_pi05_canonical/RubiksCubeLeftOfBowlMatchedTask/log_6_env0.json
pi05_canonical_static15,pi05_droid_vla,VLA,canonical,original_confirmatory,static,15,left,7,6107,True,False,450,False,,False,,False,,False,0.0,0.0,0.0,-0.002477198839187622,-0.002477198839187622,False,"[0.29150390625, 0.1568603515625, 0.07867431640625]","[0.443115234375, 0.126708984375, 0.07733154296875]",rigid_object_root_pose_in_robot_frame,5da70e5190e75ede26d49b82bd15bde7731a94364c2aac9f66afcba565d6b1a8,1b1ddf04672b0ac9dfdaeec96d84829c23a4fd3e250b3a62c01745a3cb3ab470,0.3333333432674408,7.924,17.6,30,0.26413333333333333,74.243,82.167,/home/ali/projects/RoboLab/output/v1_pi05_canonical/RubiksCubeLeftOfBowlMatchedTask/run_7.hdf5,/home/ali/projects/RoboLab/output/v1_pi05_canonical/RubiksCubeLeftOfBowlMatchedTask/log_7_env0.json
pi05_canonical_static15,pi05_droid_vla,VLA,canonical,original_confirmatory,static,15,left,8,6108,True,False,450,True,111,True,111,False,,False,0.5,0.5,0.5,0.023491621017456055,0.023491621017456055,False,"[0.29052734375, 0.1553955078125, 0.07867431640625]","[0.44287109375, 0.1270751953125, 0.07733154296875]",rigid_object_root_pose_in_robot_frame,5da70e5190e75ede26d49b82bd15bde7731a94364c2aac9f66afcba565d6b1a8,1b1ddf04672b0ac9dfdaeec96d84829c23a4fd3e250b3a62c01745a3cb3ab470,0.6666666865348816,7.937,17.6,30,0.26456666666666667,76.505,84.442,/home/ali/projects/RoboLab/output/v1_pi05_canonical/RubiksCubeLeftOfBowlMatchedTask/run_8.hdf5,/home/ali/projects/RoboLab/output/v1_pi05_canonical/RubiksCubeLeftOfBowlMatchedTask/log_8_env0.json
pi05_canonical_static15,pi05_droid_vla,VLA,canonical,original_confirmatory,static,15,left,9,6109,True,False,450,True,95,True,95,False,,False,0.5,0.5,0.5,0.06325072050094604,0.06325072050094604,False,"[0.290283203125, 0.1553955078125, 0.07867431640625]","[0.44287109375, 0.1265869140625, 0.07733154296875]",rigid_object_root_pose_in_robot_frame,5da70e5190e75ede26d49b82bd15bde7731a94364c2aac9f66afcba565d6b1a8,1b1ddf04672b0ac9dfdaeec96d84829c23a4fd3e250b3a62c01745a3cb3ab470,0.6666666865348816,7.901,17.6,30,0.26336666666666664,75.388,83.289,/home/ali/projects/RoboLab/output/v1_pi05_canonical/RubiksCubeLeftOfBowlMatchedTask/run_9.hdf5,/home/ali/projects/RoboLab/output/v1_pi05_canonical/RubiksCubeLeftOfBowlMatchedTask/log_9_env0.json
pi05_canonical_static15,pi05_droid_vla,VLA,canonical,original_confirmatory,static,15,right,0,6100,True,False,450,True,63,True,63,False,,False,0.5,0.5,0.5,0.08694086968898773,-0.08694086968898773,False,"[0.292236328125, 0.1524658203125, 0.07867431640625]","[0.442626953125, 0.1265869140625, 0.07733154296875]",rigid_object_root_pose_in_robot_frame,5da70e5190e75ede26d49b82bd15bde7731a94364c2aac9f66afcba565d6b1a8,1b1ddf04672b0ac9dfdaeec96d84829c23a4fd3e250b3a62c01745a3cb3ab470,0.6666666865348816,7.871,17.5,30,0.2623666666666667,78.067,85.938,/home/ali/projects/RoboLab/output/v1_pi05_canonical/RubiksCubeRightOfBowlMatchedTask/run_0.hdf5,/home/ali/projects/RoboLab/output/v1_pi05_canonical/RubiksCubeRightOfBowlMatchedTask/log_0_env0.json
pi05_canonical_static15,pi05_droid_vla,VLA,canonical,original_confirmatory,static,15,right,1,6101,True,True,376,True,85,True,85,True,373,True,1.0,1.0,1.0,-0.05105241760611534,0.05105241760611534,False,"[0.29052734375, 0.155517578125, 0.07867431640625]","[0.443115234375, 0.1263427734375, 0.07733154296875]",rigid_object_root_pose_in_robot_frame,5da70e5190e75ede26d49b82bd15bde7731a94364c2aac9f66afcba565d6b1a8,1b1ddf04672b0ac9dfdaeec96d84829c23a4fd3e250b3a62c01745a3cb3ab470,0.6666666865348816,6.747,17.9,26,0.2595,63.68,70.427,/home/ali/projects/RoboLab/output/v1_pi05_canonical/RubiksCubeRightOfBowlMatchedTask/run_1.hdf5,/home/ali/projects/RoboLab/output/v1_pi05_canonical/RubiksCubeRightOfBowlMatchedTask/log_1_env0.json
pi05_canonical_static15,pi05_droid_vla,VLA,canonical,original_confirmatory,static,15,right,2,6102,True,False,450,True,105,True,105,False,,False,0.5,0.5,0.5,0.14066636562347412,-0.14066636562347412,False,"[0.29052734375, 0.155517578125, 0.07867431640625]","[0.442626953125, 0.1260986328125, 0.07733154296875]",rigid_object_root_pose_in_robot_frame,5da70e5190e75ede26d49b82bd15bde7731a94364c2aac9f66afcba565d6b1a8,1b1ddf04672b0ac9dfdaeec96d84829c23a4fd3e250b3a62c01745a3cb3ab470,0.6666666865348816,7.883,17.5,30,0.26276666666666665,77.672,85.555,/home/ali/projects/RoboLab/output/v1_pi05_canonical/RubiksCubeRightOfBowlMatchedTask/run_2.hdf5,/home/ali/projects/RoboLab/output/v1_pi05_canonical/RubiksCubeRightOfBowlMatchedTask/log_2_env0.json
pi05_canonical_static15,pi05_droid_vla,VLA,canonical,original_confirmatory,static,15,right,3,6103,True,True,239,True,210,True,210,True,222,True,1.0,1.0,1.0,-0.2516511306166649,0.2516511306166649,False,"[0.29052734375, 0.155517578125, 0.07867431640625]","[0.443359375, 0.126220703125, 0.07733154296875]",rigid_object_root_pose_in_robot_frame,5da70e5190e75ede26d49b82bd15bde7731a94364c2aac9f66afcba565d6b1a8,1b1ddf04672b0ac9dfdaeec96d84829c23a4fd3e250b3a62c01745a3cb3ab470,1.0,4.193,17.5,16,0.2620625,42.028,46.221,/home/ali/projects/RoboLab/output/v1_pi05_canonical/RubiksCubeRightOfBowlMatchedTask/run_3.hdf5,/home/ali/projects/RoboLab/output/v1_pi05_canonical/RubiksCubeRightOfBowlMatchedTask/log_3_env0.json
pi05_canonical_static15,pi05_droid_vla,VLA,canonical,original_confirmatory,static,15,right,4,6104,True,True,353,True,198,True,198,True,323,True,1.0,1.0,1.0,-0.165491983294487,0.165491983294487,False,"[0.29052734375, 0.155517578125, 0.07867431640625]","[0.44287109375, 0.126708984375, 0.07733154296875]",rigid_object_root_pose_in_robot_frame,5da70e5190e75ede26d49b82bd15bde7731a94364c2aac9f66afcba565d6b1a8,1b1ddf04672b0ac9dfdaeec96d84829c23a4fd3e250b3a62c01745a3cb3ab470,1.0,6.265,17.7,24,0.26104166666666667,61.955,68.221,/home/ali/projects/RoboLab/output/v1_pi05_canonical/RubiksCubeRightOfBowlMatchedTask/run_4.hdf5,/home/ali/projects/RoboLab/output/v1_pi05_canonical/RubiksCubeRightOfBowlMatchedTask/log_4_env0.json
pi05_canonical_static15,pi05_droid_vla,VLA,canonical,original_confirmatory,static,15,right,5,6105,True,True,98,True,72,True,72,True,97,True,1.0,1.0,1.0,-0.10013151541352272,0.10013151541352272,False,"[0.29052734375, 0.155517578125, 0.07867431640625]","[0.443359375, 0.1265869140625, 0.07733154296875]",rigid_object_root_pose_in_robot_frame,5da70e5190e75ede26d49b82bd15bde7731a94364c2aac9f66afcba565d6b1a8,1b1ddf04672b0ac9dfdaeec96d84829c23a4fd3e250b3a62c01745a3cb3ab470,1.0,1.793,18.3,7,0.2561428571428571,16.875,18.668,/home/ali/projects/RoboLab/output/v1_pi05_canonical/RubiksCubeRightOfBowlMatchedTask/run_5.hdf5,/home/ali/projects/RoboLab/output/v1_pi05_canonical/RubiksCubeRightOfBowlMatchedTask/log_5_env0.json
pi05_canonical_static15,pi05_droid_vla,VLA,canonical,original_confirmatory,static,15,right,6,6106,True,True,89,True,73,True,73,True,83,True,1.0,1.0,1.0,-0.1849154755473137,0.1849154755473137,False,"[0.29052734375, 0.155517578125, 0.07867431640625]","[0.442626953125, 0.1265869140625, 0.07733154296875]",rigid_object_root_pose_in_robot_frame,5da70e5190e75ede26d49b82bd15bde7731a94364c2aac9f66afcba565d6b1a8,1b1ddf04672b0ac9dfdaeec96d84829c23a4fd3e250b3a62c01745a3cb3ab470,1.0,1.583,17.8,6,0.2638333333333333,15.072,16.654,/home/ali/projects/RoboLab/output/v1_pi05_canonical/RubiksCubeRightOfBowlMatchedTask/run_6.hdf5,/home/ali/projects/RoboLab/output/v1_pi05_canonical/RubiksCubeRightOfBowlMatchedTask/log_6_env0.json
pi05_canonical_static15,pi05_droid_vla,VLA,canonical,original_confirmatory,static,15,right,7,6107,True,True,171,True,72,True,72,True,148,True,1.0,1.0,1.0,-0.16462017223238945,0.16462017223238945,False,"[0.29052734375, 0.155517578125, 0.07867431640625]","[0.44287109375, 0.1260986328125, 0.07733154296875]",rigid_object_root_pose_in_robot_frame,5da70e5190e75ede26d49b82bd15bde7731a94364c2aac9f66afcba565d6b1a8,1b1ddf04672b0ac9dfdaeec96d84829c23a4fd3e250b3a62c01745a3cb3ab470,1.0,3.107,18.2,12,0.2589166666666667,29.73,32.837,/home/ali/projects/RoboLab/output/v1_pi05_canonical/RubiksCubeRightOfBowlMatchedTask/run_7.hdf5,/home/ali/projects/RoboLab/output/v1_pi05_canonical/RubiksCubeRightOfBowlMatchedTask/log_7_env0.json
pi05_canonical_static15,pi05_droid_vla,VLA,canonical,original_confirmatory,static,15,right,8,6108,True,True,302,True,282,True,282,True,301,True,1.0,1.0,1.0,-0.0939407991245389,0.0939407991245389,False,"[0.29052734375, 0.155517578125, 0.07867431640625]","[0.44287109375, 0.1259765625, 0.07733154296875]",rigid_object_root_pose_in_robot_frame,5da70e5190e75ede26d49b82bd15bde7731a94364c2aac9f66afcba565d6b1a8,1b1ddf04672b0ac9dfdaeec96d84829c23a4fd3e250b3a62c01745a3cb3ab470,1.0,5.427,18.0,21,0.2584285714285714,52.511,57.938,/home/ali/projects/RoboLab/output/v1_pi05_canonical/RubiksCubeRightOfBowlMatchedTask/run_8.hdf5,/home/ali/projects/RoboLab/output/v1_pi05_canonical/RubiksCubeRightOfBowlMatchedTask/log_8_env0.json
pi05_canonical_static15,pi05_droid_vla,VLA,canonical,original_confirmatory,static,15,right,9,6109,True,True,256,True,92,True,92,True,247,True,1.0,1.0,1.0,-0.19807177782058716,0.19807177782058716,False,"[0.29052734375, 0.155517578125, 0.07867431640625]","[0.443115234375, 0.1263427734375, 0.07733154296875]",rigid_object_root_pose_in_robot_frame,5da70e5190e75ede26d49b82bd15bde7731a94364c2aac9f66afcba565d6b1a8,1b1ddf04672b0ac9dfdaeec96d84829c23a4fd3e250b3a62c01745a3cb3ab470,1.0,4.621,18.1,18,0.25672222222222224,43.772,48.393,/home/ali/projects/RoboLab/output/v1_pi05_canonical/RubiksCubeRightOfBowlMatchedTask/run_9.hdf5,/home/ali/projects/RoboLab/output/v1_pi05_canonical/RubiksCubeRightOfBowlMatchedTask/log_9_env0.json
pi05_short_static15,pi05_droid_vla,VLA,short_paraphrase,original_confirmatory,static,15,left,0,6100,True,False,450,False,,False,,False,,False,0.0,0.0,0.0,-0.007380425930023193,-0.007380425930023193,False,"[0.292236328125, 0.1524658203125, 0.07867431640625]","[0.442626953125, 0.1265869140625, 0.07733154296875]",rigid_object_root_pose_in_robot_frame,5da70e5190e75ede26d49b82bd15bde7731a94364c2aac9f66afcba565d6b1a8,1b1ddf04672b0ac9dfdaeec96d84829c23a4fd3e250b3a62c01745a3cb3ab470,0.3333333432674408,7.952,17.7,30,0.2650666666666667,74.61,82.562,/home/ali/projects/RoboLab/output/v1_pi05_vague/RubiksCubeLeftOfBowlMatchedTask/run_0.hdf5,/home/ali/projects/RoboLab/output/v1_pi05_vague/RubiksCubeLeftOfBowlMatchedTask/log_0_env0.json
pi05_short_static15,pi05_droid_vla,VLA,short_paraphrase,original_confirmatory,static,15,left,1,6101,True,False,450,False,,False,,False,,False,0.0,0.0,0.0,0.033628910779953,0.033628910779953,False,"[0.290771484375, 0.1544189453125, 0.07867431640625]","[0.443115234375, 0.1268310546875, 0.07733154296875]",rigid_object_root_pose_in_robot_frame,5da70e5190e75ede26d49b82bd15bde7731a94364c2aac9f66afcba565d6b1a8,1b1ddf04672b0ac9dfdaeec96d84829c23a4fd3e250b3a62c01745a3cb3ab470,0.3333333432674408,7.916,17.6,30,0.2638666666666667,74.639,82.555,/home/ali/projects/RoboLab/output/v1_pi05_vague/RubiksCubeLeftOfBowlMatchedTask/run_1.hdf5,/home/ali/projects/RoboLab/output/v1_pi05_vague/RubiksCubeLeftOfBowlMatchedTask/log_1_env0.json
pi05_short_static15,pi05_droid_vla,VLA,short_paraphrase,original_confirmatory,static,15,left,2,6102,True,False,450,False,,False,,False,,False,0.0,0.0,0.0,2.8252601623535156e-05,2.8252601623535156e-05,False,"[0.29052734375, 0.155517578125, 0.07867431640625]","[0.442626953125, 0.1265869140625, 0.07733154296875]",rigid_object_root_pose_in_robot_frame,5da70e5190e75ede26d49b82bd15bde7731a94364c2aac9f66afcba565d6b1a8,1b1ddf04672b0ac9dfdaeec96d84829c23a4fd3e250b3a62c01745a3cb3ab470,0.3333333432674408,7.934,17.6,30,0.2644666666666667,75.485,83.419,/home/ali/projects/RoboLab/output/v1_pi05_vague/RubiksCubeLeftOfBowlMatchedTask/run_2.hdf5,/home/ali/projects/RoboLab/output/v1_pi05_vague/RubiksCubeLeftOfBowlMatchedTask/log_2_env0.json
pi05_short_static15,pi05_droid_vla,VLA,short_paraphrase,original_confirmatory,static,15,left,3,6103,True,False,450,True,64,True,64,False,,False,0.5,0.5,0.5,-0.0015348345041275024,-0.0015348345041275024,False,"[0.290283203125, 0.155517578125, 0.07867431640625]","[0.44287109375, 0.126953125, 0.07733154296875]",rigid_object_root_pose_in_robot_frame,5da70e5190e75ede26d49b82bd15bde7731a94364c2aac9f66afcba565d6b1a8,1b1ddf04672b0ac9dfdaeec96d84829c23a4fd3e250b3a62c01745a3cb3ab470,0.6666666865348816,7.926,17.6,30,0.2642,74.626,82.552,/home/ali/projects/RoboLab/output/v1_pi05_vague/RubiksCubeLeftOfBowlMatchedTask/run_3.hdf5,/home/ali/projects/RoboLab/output/v1_pi05_vague/RubiksCubeLeftOfBowlMatchedTask/log_3_env0.json
pi05_short_static15,pi05_droid_vla,VLA,short_paraphrase,original_confirmatory,static,15,left,4,6104,True,False,450,True,105,True,105,False,,False,0.5,0.5,0.5,0.08570532500743866,0.08570532500743866,False,"[0.29052734375, 0.155517578125, 0.07867431640625]","[0.442626953125, 0.126953125, 0.07733154296875]",rigid_object_root_pose_in_robot_frame,5da70e5190e75ede26d49b82bd15bde7731a94364c2aac9f66afcba565d6b1a8,1b1ddf04672b0ac9dfdaeec96d84829c23a4fd3e250b3a62c01745a3cb3ab470,0.6666666865348816,7.886,17.5,30,0.2628666666666667,77.408,85.293,/home/ali/projects/RoboLab/output/v1_pi05_vague/RubiksCubeLeftOfBowlMatchedTask/run_4.hdf5,/home/ali/projects/RoboLab/output/v1_pi05_vague/RubiksCubeLeftOfBowlMatchedTask/log_4_env0.json
pi05_short_static15,pi05_droid_vla,VLA,short_paraphrase,original_confirmatory,static,15,left,5,6105,True,False,450,True,128,True,128,False,,False,0.5,0.5,0.5,0.00822669267654419,0.00822669267654419,False,"[0.290771484375, 0.15576171875, 0.07867431640625]","[0.443603515625, 0.126953125, 0.07733154296875]",rigid_object_root_pose_in_robot_frame,5da70e5190e75ede26d49b82bd15bde7731a94364c2aac9f66afcba565d6b1a8,1b1ddf04672b0ac9dfdaeec96d84829c23a4fd3e250b3a62c01745a3cb3ab470,0.6666666865348816,7.903,17.6,30,0.2634333333333333,74.194,82.098,/home/ali/projects/RoboLab/output/v1_pi05_vague/RubiksCubeLeftOfBowlMatchedTask/run_5.hdf5,/home/ali/projects/RoboLab/output/v1_pi05_vague/RubiksCubeLeftOfBowlMatchedTask/log_5_env0.json
pi05_short_static15,pi05_droid_vla,VLA,short_paraphrase,original_confirmatory,static,15,left,6,6106,True,False,450,False,,False,,False,,False,0.0,0.0,0.0,0.00035719573497772217,0.00035719573497772217,False,"[0.287109375, 0.156494140625, 0.0787353515625]","[0.443603515625, 0.1270751953125, 0.07733154296875]",rigid_object_root_pose_in_robot_frame,5da70e5190e75ede26d49b82bd15bde7731a94364c2aac9f66afcba565d6b1a8,1b1ddf04672b0ac9dfdaeec96d84829c23a4fd3e250b3a62c01745a3cb3ab470,0.3333333432674408,7.882,17.5,30,0.2627333333333333,73.883,81.766,/home/ali/projects/RoboLab/output/v1_pi05_vague/RubiksCubeLeftOfBowlMatchedTask/run_6.hdf5,/home/ali/projects/RoboLab/output/v1_pi05_vague/RubiksCubeLeftOfBowlMatchedTask/log_6_env0.json
pi05_short_static15,pi05_droid_vla,VLA,short_paraphrase,original_confirmatory,static,15,left,7,6107,True,False,450,True,43,True,43,False,,False,0.5,0.5,0.5,0.004874289035797119,0.004874289035797119,False,"[0.287841796875, 0.15625, 0.0787353515625]","[0.443603515625, 0.126953125, 0.07733154296875]",rigid_object_root_pose_in_robot_frame,5da70e5190e75ede26d49b82bd15bde7731a94364c2aac9f66afcba565d6b1a8,1b1ddf04672b0ac9dfdaeec96d84829c23a4fd3e250b3a62c01745a3cb3ab470,0.6666666865348816,7.867,17.5,30,0.2622333333333333,74.417,82.283,/home/ali/projects/RoboLab/output/v1_pi05_vague/RubiksCubeLeftOfBowlMatchedTask/run_7.hdf5,/home/ali/projects/RoboLab/output/v1_pi05_vague/RubiksCubeLeftOfBowlMatchedTask/log_7_env0.json
pi05_short_static15,pi05_droid_vla,VLA,short_paraphrase,original_confirmatory,static,15,left,8,6108,True,False,450,False,,False,,False,,False,0.0,0.0,0.0,0.008492827415466309,0.008492827415466309,False,"[0.290771484375, 0.155517578125, 0.07867431640625]","[0.44287109375, 0.126708984375, 0.07733154296875]",rigid_object_root_pose_in_robot_frame,5da70e5190e75ede26d49b82bd15bde7731a94364c2aac9f66afcba565d6b1a8,1b1ddf04672b0ac9dfdaeec96d84829c23a4fd3e250b3a62c01745a3cb3ab470,0.3333333432674408,7.906,17.6,30,0.26353333333333334,74.664,82.57,/home/ali/projects/RoboLab/output/v1_pi05_vague/RubiksCubeLeftOfBowlMatchedTask/run_8.hdf5,/home/ali/projects/RoboLab/output/v1_pi05_vague/RubiksCubeLeftOfBowlMatchedTask/log_8_env0.json
pi05_short_static15,pi05_droid_vla,VLA,short_paraphrase,original_confirmatory,static,15,left,9,6109,True,True,136,True,83,True,83,True,131,True,1.0,1.0,1.0,0.12398915737867355,0.12398915737867355,False,"[0.29052734375, 0.155517578125, 0.07867431640625]","[0.44287109375, 0.1268310546875, 0.07733154296875]",rigid_object_root_pose_in_robot_frame,5da70e5190e75ede26d49b82bd15bde7731a94364c2aac9f66afcba565d6b1a8,1b1ddf04672b0ac9dfdaeec96d84829c23a4fd3e250b3a62c01745a3cb3ab470,1.0,2.547,18.7,10,0.25470000000000004,23.667,26.214,/home/ali/projects/RoboLab/output/v1_pi05_vague/RubiksCubeLeftOfBowlMatchedTask/run_9.hdf5,/home/ali/projects/RoboLab/output/v1_pi05_vague/RubiksCubeLeftOfBowlMatchedTask/log_9_env0.json
pi05_short_static15,pi05_droid_vla,VLA,short_paraphrase,original_confirmatory,static,15,right,0,6100,True,False,450,True,91,True,91,False,,False,0.5,0.5,0.5,0.06399112939834595,-0.06399112939834595,False,"[0.292236328125, 0.1524658203125, 0.07867431640625]","[0.442626953125, 0.1265869140625, 0.07733154296875]",rigid_object_root_pose_in_robot_frame,5da70e5190e75ede26d49b82bd15bde7731a94364c2aac9f66afcba565d6b1a8,1b1ddf04672b0ac9dfdaeec96d84829c23a4fd3e250b3a62c01745a3cb3ab470,0.6666666865348816,7.899,17.6,30,0.2633,76.482,84.381,/home/ali/projects/RoboLab/output/v1_pi05_vague/RubiksCubeRightOfBowlMatchedTask/run_0.hdf5,/home/ali/projects/RoboLab/output/v1_pi05_vague/RubiksCubeRightOfBowlMatchedTask/log_0_env0.json
pi05_short_static15,pi05_droid_vla,VLA,short_paraphrase,original_confirmatory,static,15,right,1,6101,True,False,450,True,137,True,137,False,,False,0.5,0.5,0.5,-0.003689311444759369,0.003689311444759369,False,"[0.29052734375, 0.155517578125, 0.07867431640625]","[0.442626953125, 0.1265869140625, 0.07733154296875]",rigid_object_root_pose_in_robot_frame,5da70e5190e75ede26d49b82bd15bde7731a94364c2aac9f66afcba565d6b1a8,1b1ddf04672b0ac9dfdaeec96d84829c23a4fd3e250b3a62c01745a3cb3ab470,0.6666666865348816,7.881,17.5,30,0.2627,78.455,86.335,/home/ali/projects/RoboLab/output/v1_pi05_vague/RubiksCubeRightOfBowlMatchedTask/run_1.hdf5,/home/ali/projects/RoboLab/output/v1_pi05_vague/RubiksCubeRightOfBowlMatchedTask/log_1_env0.json
pi05_short_static15,pi05_droid_vla,VLA,short_paraphrase,original_confirmatory,static,15,right,2,6102,True,False,450,False,,False,,False,,False,0.0,0.0,0.0,-0.028223171830177307,0.028223171830177307,False,"[0.29052734375, 0.155517578125, 0.07867431640625]","[0.44287109375, 0.1265869140625, 0.07733154296875]",rigid_object_root_pose_in_robot_frame,5da70e5190e75ede26d49b82bd15bde7731a94364c2aac9f66afcba565d6b1a8,1b1ddf04672b0ac9dfdaeec96d84829c23a4fd3e250b3a62c01745a3cb3ab470,0.3333333432674408,7.867,17.5,30,0.2622333333333333,73.719,81.586,/home/ali/projects/RoboLab/output/v1_pi05_vague/RubiksCubeRightOfBowlMatchedTask/run_2.hdf5,/home/ali/projects/RoboLab/output/v1_pi05_vague/RubiksCubeRightOfBowlMatchedTask/log_2_env0.json
pi05_short_static15,pi05_droid_vla,VLA,short_paraphrase,original_confirmatory,static,15,right,3,6103,True,True,271,True,216,True,216,True,236,True,1.0,1.0,1.0,-0.2360035851597786,0.2360035851597786,False,"[0.290771484375, 0.15576171875, 0.07867431640625]","[0.44287109375, 0.1270751953125, 0.07733154296875]",rigid_object_root_pose_in_robot_frame,5da70e5190e75ede26d49b82bd15bde7731a94364c2aac9f66afcba565d6b1a8,1b1ddf04672b0ac9dfdaeec96d84829c23a4fd3e250b3a62c01745a3cb3ab470,1.0,4.887,18.0,19,0.25721052631578945,47.35,52.237,/home/ali/projects/RoboLab/output/v1_pi05_vague/RubiksCubeRightOfBowlMatchedTask/run_3.hdf5,/home/ali/projects/RoboLab/output/v1_pi05_vague/RubiksCubeRightOfBowlMatchedTask/log_3_env0.json
pi05_short_static15,pi05_droid_vla,VLA,short_paraphrase,original_confirmatory,static,15,right,4,6104,True,False,450,True,83,True,83,False,,False,0.5,0.5,0.5,0.025172099471092224,-0.025172099471092224,False,"[0.29052734375, 0.155517578125, 0.07867431640625]","[0.44287109375, 0.126953125, 0.07733154296875]",rigid_object_root_pose_in_robot_frame,5da70e5190e75ede26d49b82bd15bde7731a94364c2aac9f66afcba565d6b1a8,1b1ddf04672b0ac9dfdaeec96d84829c23a4fd3e250b3a62c01745a3cb3ab470,0.6666666865348816,7.892,17.5,30,0.26306666666666667,73.975,81.867,/home/ali/projects/RoboLab/output/v1_pi05_vague/RubiksCubeRightOfBowlMatchedTask/run_4.hdf5,/home/ali/projects/RoboLab/output/v1_pi05_vague/RubiksCubeRightOfBowlMatchedTask/log_4_env0.json
pi05_short_static15,pi05_droid_vla,VLA,short_paraphrase,original_confirmatory,static,15,right,5,6105,True,False,450,True,48,True,48,False,,False,0.5,0.5,0.5,-0.05917397886514664,0.05917397886514664,False,"[0.29052734375, 0.155517578125, 0.07867431640625]","[0.443359375, 0.1260986328125, 0.07733154296875]",rigid_object_root_pose_in_robot_frame,5da70e5190e75ede26d49b82bd15bde7731a94364c2aac9f66afcba565d6b1a8,1b1ddf04672b0ac9dfdaeec96d84829c23a4fd3e250b3a62c01745a3cb3ab470,0.6666666865348816,7.875,17.5,30,0.2625,75.997,83.872,/home/ali/projects/RoboLab/output/v1_pi05_vague/RubiksCubeRightOfBowlMatchedTask/run_5.hdf5,/home/ali/projects/RoboLab/output/v1_pi05_vague/RubiksCubeRightOfBowlMatchedTask/log_5_env0.json
pi05_short_static15,pi05_droid_vla,VLA,short_paraphrase,original_confirmatory,static,15,right,6,6106,True,True,241,True,203,True,203,True,218,True,1.0,1.0,1.0,-0.1689305081963539,0.1689305081963539,False,"[0.29052734375, 0.155517578125, 0.07867431640625]","[0.442626953125, 0.12646484375, 0.07733154296875]",rigid_object_root_pose_in_robot_frame,5da70e5190e75ede26d49b82bd15bde7731a94364c2aac9f66afcba565d6b1a8,1b1ddf04672b0ac9dfdaeec96d84829c23a4fd3e250b3a62c01745a3cb3ab470,1.0,4.366,18.1,17,0.2568235294117647,41.128,45.493,/home/ali/projects/RoboLab/output/v1_pi05_vague/RubiksCubeRightOfBowlMatchedTask/run_6.hdf5,/home/ali/projects/RoboLab/output/v1_pi05_vague/RubiksCubeRightOfBowlMatchedTask/log_6_env0.json
pi05_short_static15,pi05_droid_vla,VLA,short_paraphrase,original_confirmatory,static,15,right,7,6107,True,True,309,True,42,True,42,True,307,True,1.0,1.0,1.0,-0.05051248520612717,0.05051248520612717,False,"[0.29052734375, 0.155517578125, 0.07867431640625]","[0.44287109375, 0.1263427734375, 0.07733154296875]",rigid_object_root_pose_in_robot_frame,5da70e5190e75ede26d49b82bd15bde7731a94364c2aac9f66afcba565d6b1a8,1b1ddf04672b0ac9dfdaeec96d84829c23a4fd3e250b3a62c01745a3cb3ab470,1.0,5.47,17.7,21,0.2604761904761905,53.999,59.469,/home/ali/projects/RoboLab/output/v1_pi05_vague/RubiksCubeRightOfBowlMatchedTask/run_7.hdf5,/home/ali/projects/RoboLab/output/v1_pi05_vague/RubiksCubeRightOfBowlMatchedTask/log_7_env0.json
pi05_short_static15,pi05_droid_vla,VLA,short_paraphrase,original_confirmatory,static,15,right,8,6108,True,True,363,True,285,True,285,True,354,True,1.0,1.0,1.0,-0.15474018454551697,0.15474018454551697,False,"[0.29052734375, 0.155517578125, 0.07867431640625]","[0.442626953125, 0.1265869140625, 0.07733154296875]",rigid_object_root_pose_in_robot_frame,5da70e5190e75ede26d49b82bd15bde7731a94364c2aac9f66afcba565d6b1a8,1b1ddf04672b0ac9dfdaeec96d84829c23a4fd3e250b3a62c01745a3cb3ab470,1.0,6.485,17.9,25,0.2594,61.252,67.737,/home/ali/projects/RoboLab/output/v1_pi05_vague/RubiksCubeRightOfBowlMatchedTask/run_8.hdf5,/home/ali/projects/RoboLab/output/v1_pi05_vague/RubiksCubeRightOfBowlMatchedTask/log_8_env0.json
pi05_short_static15,pi05_droid_vla,VLA,short_paraphrase,original_confirmatory,static,15,right,9,6109,True,True,253,True,84,True,84,True,251,True,1.0,1.0,1.0,-0.09886589273810387,0.09886589273810387,False,"[0.29052734375, 0.155517578125, 0.07867431640625]","[0.44287109375, 0.1268310546875, 0.07733154296875]",rigid_object_root_pose_in_robot_frame,5da70e5190e75ede26d49b82bd15bde7731a94364c2aac9f66afcba565d6b1a8,1b1ddf04672b0ac9dfdaeec96d84829c23a4fd3e250b3a62c01745a3cb3ab470,1.0,4.472,17.7,17,0.2630588235294118,43.531,48.002,/home/ali/projects/RoboLab/output/v1_pi05_vague/RubiksCubeRightOfBowlMatchedTask/run_9.hdf5,/home/ali/projects/RoboLab/output/v1_pi05_vague/RubiksCubeRightOfBowlMatchedTask/log_9_env0.json
cosmos_canonical_static32,cosmos3_edge_droid_wam,WAM,canonical,original_confirmatory,static,32,left,0,6100,True,True,341,True,79,True,79,True,317,True,1.0,1.0,1.0,0.14841192960739136,0.14841192960739136,False,"[0.292236328125, 0.1524658203125, 0.07867431640625]","[0.442626953125, 0.1265869140625, 0.07733154296875]",rigid_object_root_pose_in_robot_frame,5da70e5190e75ede26d49b82bd15bde7731a94364c2aac9f66afcba565d6b1a8,fc559f0cfc5ca12d10657a1ad1680cef2b5702e443a114f6818291d9d72c7000,1.0,66.017,193.6,11,6.001545454545454,59.156,125.173,/home/ali/projects/RoboLab/output/v1_cosmos_canonical/RubiksCubeLeftOfBowlMatchedTask/run_0.hdf5,/home/ali/projects/RoboLab/output/v1_cosmos_canonical/RubiksCubeLeftOfBowlMatchedTask/log_0_env0.json
cosmos_canonical_static32,cosmos3_edge_droid_wam,WAM,canonical,original_confirmatory,static,32,left,1,6101,True,True,346,True,88,True,88,True,277,True,1.0,1.0,1.0,0.11895895004272461,0.11895895004272461,False,"[0.29052734375, 0.155517578125, 0.07867431640625]","[0.44287109375, 0.1268310546875, 0.07733154296875]",rigid_object_root_pose_in_robot_frame,5da70e5190e75ede26d49b82bd15bde7731a94364c2aac9f66afcba565d6b1a8,fc559f0cfc5ca12d10657a1ad1680cef2b5702e443a114f6818291d9d72c7000,1.0,69.611,201.2,11,6.3282727272727275,64.808,134.418,/home/ali/projects/RoboLab/output/v1_cosmos_canonical/RubiksCubeLeftOfBowlMatchedTask/run_1.hdf5,/home/ali/projects/RoboLab/output/v1_cosmos_canonical/RubiksCubeLeftOfBowlMatchedTask/log_1_env0.json
cosmos_canonical_static32,cosmos3_edge_droid_wam,WAM,canonical,original_confirmatory,static,32,left,2,6102,True,False,450,True,151,True,151,False,,False,0.5,0.5,0.5,-0.02037990838289261,-0.02037990838289261,False,"[0.29052734375, 0.155517578125, 0.07867431640625]","[0.44287109375, 0.1268310546875, 0.07733154296875]",rigid_object_root_pose_in_robot_frame,5da70e5190e75ede26d49b82bd15bde7731a94364c2aac9f66afcba565d6b1a8,fc559f0cfc5ca12d10657a1ad1680cef2b5702e443a114f6818291d9d72c7000,0.6666666865348816,90.422,200.9,15,6.028133333333333,95.603,186.025,/home/ali/projects/RoboLab/output/v1_cosmos_canonical/RubiksCubeLeftOfBowlMatchedTask/run_2.hdf5,/home/ali/projects/RoboLab/output/v1_cosmos_canonical/RubiksCubeLeftOfBowlMatchedTask/log_2_env0.json
cosmos_canonical_static32,cosmos3_edge_droid_wam,WAM,canonical,original_confirmatory,static,32,left,3,6103,True,True,239,True,65,True,65,True,238,True,1.0,1.0,1.0,0.08399197459220886,0.08399197459220886,False,"[0.29052734375, 0.155517578125, 0.07867431640625]","[0.442138671875, 0.127197265625, 0.07733154296875]",rigid_object_root_pose_in_robot_frame,5da70e5190e75ede26d49b82bd15bde7731a94364c2aac9f66afcba565d6b1a8,fc559f0cfc5ca12d10657a1ad1680cef2b5702e443a114f6818291d9d72c7000,1.0,48.25,201.9,8,6.03125,69.434,117.684,/home/ali/projects/RoboLab/output/v1_cosmos_canonical/RubiksCubeLeftOfBowlMatchedTask/run_3.hdf5,/home/ali/projects/RoboLab/output/v1_cosmos_canonical/RubiksCubeLeftOfBowlMatchedTask/log_3_env0.json
cosmos_canonical_static32,cosmos3_edge_droid_wam,WAM,canonical,original_confirmatory,static,32,left,4,6104,True,False,450,True,142,True,142,False,,False,0.5,0.5,0.5,-0.023263290524482727,-0.023263290524482727,False,"[0.29052734375, 0.155517578125, 0.07867431640625]","[0.442626953125, 0.1265869140625, 0.07733154296875]",rigid_object_root_pose_in_robot_frame,5da70e5190e75ede26d49b82bd15bde7731a94364c2aac9f66afcba565d6b1a8,fc559f0cfc5ca12d10657a1ad1680cef2b5702e443a114f6818291d9d72c7000,0.6666666865348816,94.546,210.1,15,6.303066666666667,142.091,236.637,/home/ali/projects/RoboLab/output/v1_cosmos_canonical/RubiksCubeLeftOfBowlMatchedTask/run_4.hdf5,/home/ali/projects/RoboLab/output/v1_cosmos_canonical/RubiksCubeLeftOfBowlMatchedTask/log_4_env0.json
cosmos_canonical_static32,cosmos3_edge_droid_wam,WAM,canonical,original_confirmatory,static,32,left,5,6105,True,True,247,True,127,True,127,True,224,True,1.0,1.0,1.0,0.11636726558208466,0.11636726558208466,False,"[0.29052734375, 0.155517578125, 0.07867431640625]","[0.442626953125, 0.1268310546875, 0.07733154296875]",rigid_object_root_pose_in_robot_frame,5da70e5190e75ede26d49b82bd15bde7731a94364c2aac9f66afcba565d6b1a8,fc559f0cfc5ca12d10657a1ad1680cef2b5702e443a114f6818291d9d72c7000,1.0,48.357,195.8,8,6.044625,84.601,132.957,/home/ali/projects/RoboLab/output/v1_cosmos_canonical/RubiksCubeLeftOfBowlMatchedTask/run_5.hdf5,/home/ali/projects/RoboLab/output/v1_cosmos_canonical/RubiksCubeLeftOfBowlMatchedTask/log_5_env0.json
cosmos_canonical_static32,cosmos3_edge_droid_wam,WAM,canonical,original_confirmatory,static,32,left,6,6106,True,False,450,True,75,True,75,False,,False,0.5,0.5,0.5,0.0033470019698143005,0.0033470019698143005,False,"[0.29052734375, 0.155517578125, 0.07867431640625]","[0.442626953125, 0.126708984375, 0.07733154296875]",rigid_object_root_pose_in_robot_frame,5da70e5190e75ede26d49b82bd15bde7731a94364c2aac9f66afcba565d6b1a8,fc559f0cfc5ca12d10657a1ad1680cef2b5702e443a114f6818291d9d72c7000,0.6666666865348816,92.945,206.5,15,6.196333333333333,135.498,228.443,/home/ali/projects/RoboLab/output/v1_cosmos_canonical/RubiksCubeLeftOfBowlMatchedTask/run_6.hdf5,/home/ali/projects/RoboLab/output/v1_cosmos_canonical/RubiksCubeLeftOfBowlMatchedTask/log_6_env0.json
cosmos_canonical_static32,cosmos3_edge_droid_wam,WAM,canonical,original_confirmatory,static,32,left,7,6107,True,True,121,True,74,True,74,True,100,True,1.0,1.0,1.0,0.15304316580295563,0.15304316580295563,False,"[0.29052734375, 0.155517578125, 0.07867431640625]","[0.4423828125, 0.1263427734375, 0.07733154296875]",rigid_object_root_pose_in_robot_frame,5da70e5190e75ede26d49b82bd15bde7731a94364c2aac9f66afcba565d6b1a8,fc559f0cfc5ca12d10657a1ad1680cef2b5702e443a114f6818291d9d72c7000,1.0,24.154,199.6,4,6.0385,46.095,70.249,/home/ali/projects/RoboLab/output/v1_cosmos_canonical/RubiksCubeLeftOfBowlMatchedTask/run_7.hdf5,/home/ali/projects/RoboLab/output/v1_cosmos_canonical/RubiksCubeLeftOfBowlMatchedTask/log_7_env0.json
cosmos_canonical_static32,cosmos3_edge_droid_wam,WAM,canonical,original_confirmatory,static,32,left,8,6108,True,True,206,True,78,True,78,True,198,True,1.0,1.0,1.0,0.1122162938117981,0.1122162938117981,False,"[0.29052734375, 0.155517578125, 0.07867431640625]","[0.4423828125, 0.1263427734375, 0.07733154296875]",rigid_object_root_pose_in_robot_frame,5da70e5190e75ede26d49b82bd15bde7731a94364c2aac9f66afcba565d6b1a8,fc559f0cfc5ca12d10657a1ad1680cef2b5702e443a114f6818291d9d72c7000,1.0,42.149,204.6,7,6.021285714285715,36.901,79.05,/home/ali/projects/RoboLab/output/v1_cosmos_canonical/RubiksCubeLeftOfBowlMatchedTask/run_8.hdf5,/home/ali/projects/RoboLab/output/v1_cosmos_canonical/RubiksCubeLeftOfBowlMatchedTask/log_8_env0.json
cosmos_canonical_static32,cosmos3_edge_droid_wam,WAM,canonical,original_confirmatory,static,32,left,9,6109,True,True,130,True,56,True,56,True,129,True,1.0,1.0,1.0,0.0790223553776741,0.0790223553776741,False,"[0.29052734375, 0.155517578125, 0.07867431640625]","[0.4423828125, 0.1263427734375, 0.07733154296875]",rigid_object_root_pose_in_robot_frame,5da70e5190e75ede26d49b82bd15bde7731a94364c2aac9f66afcba565d6b1a8,fc559f0cfc5ca12d10657a1ad1680cef2b5702e443a114f6818291d9d72c7000,1.0,29.807,229.3,5,5.961399999999999,55.223,85.031,/home/ali/projects/RoboLab/output/v1_cosmos_canonical/RubiksCubeLeftOfBowlMatchedTask/run_9.hdf5,/home/ali/projects/RoboLab/output/v1_cosmos_canonical/RubiksCubeLeftOfBowlMatchedTask/log_9_env0.json
cosmos_canonical_static32,cosmos3_edge_droid_wam,WAM,canonical,original_confirmatory,static,32,right,0,6100,True,True,364,True,76,True,76,True,324,True,1.0,1.0,1.0,-0.181039746850729,0.181039746850729,False,"[0.292236328125, 0.1524658203125, 0.07867431640625]","[0.442626953125, 0.1265869140625, 0.07733154296875]",rigid_object_root_pose_in_robot_frame,5da70e5190e75ede26d49b82bd15bde7731a94364c2aac9f66afcba565d6b1a8,fc559f0cfc5ca12d10657a1ad1680cef2b5702e443a114f6818291d9d72c7000,1.0,81.874,224.9,12,6.822833333333333,121.665,203.539,/home/ali/projects/RoboLab/output/v1_cosmos_canonical/RubiksCubeRightOfBowlMatchedTask/run_0.hdf5,/home/ali/projects/RoboLab/output/v1_cosmos_canonical/RubiksCubeRightOfBowlMatchedTask/log_0_env0.json
cosmos_canonical_static32,cosmos3_edge_droid_wam,WAM,canonical,original_confirmatory,static,32,right,1,6101,True,True,161,True,78,True,78,True,104,True,1.0,1.0,1.0,-0.41796864569187164,0.41796864569187164,False,"[0.29052734375, 0.155517578125, 0.07867431640625]","[0.442626953125, 0.1265869140625, 0.07733154296875]",rigid_object_root_pose_in_robot_frame,5da70e5190e75ede26d49b82bd15bde7731a94364c2aac9f66afcba565d6b1a8,fc559f0cfc5ca12d10657a1ad1680cef2b5702e443a114f6818291d9d72c7000,1.0,35.962,223.4,6,5.993666666666667,62.418,98.38,/home/ali/projects/RoboLab/output/v1_cosmos_canonical/RubiksCubeRightOfBowlMatchedTask/run_1.hdf5,/home/ali/projects/RoboLab/output/v1_cosmos_canonical/RubiksCubeRightOfBowlMatchedTask/log_1_env0.json
cosmos_canonical_static32,cosmos3_edge_droid_wam,WAM,canonical,original_confirmatory,static,32,right,2,6102,True,True,245,True,166,True,166,True,188,True,1.0,1.0,1.0,-0.40377815067768097,0.40377815067768097,False,"[0.29052734375, 0.155517578125, 0.07867431640625]","[0.442626953125, 0.1265869140625, 0.07733154296875]",rigid_object_root_pose_in_robot_frame,5da70e5190e75ede26d49b82bd15bde7731a94364c2aac9f66afcba565d6b1a8,fc559f0cfc5ca12d10657a1ad1680cef2b5702e443a114f6818291d9d72c7000,1.0,48.317,197.2,8,6.039625,93.961,142.278,/home/ali/projects/RoboLab/output/v1_cosmos_canonical/RubiksCubeRightOfBowlMatchedTask/run_2.hdf5,/home/ali/projects/RoboLab/output/v1_cosmos_canonical/RubiksCubeRightOfBowlMatchedTask/log_2_env0.json
cosmos_canonical_static32,cosmos3_edge_droid_wam,WAM,canonical,original_confirmatory,static,32,right,3,6103,True,True,247,True,59,True,59,True,201,True,1.0,1.0,1.0,-0.400456078350544,0.400456078350544,False,"[0.29052734375, 0.1553955078125, 0.07867431640625]","[0.442626953125, 0.126708984375, 0.07733154296875]",rigid_object_root_pose_in_robot_frame,5da70e5190e75ede26d49b82bd15bde7731a94364c2aac9f66afcba565d6b1a8,fc559f0cfc5ca12d10657a1ad1680cef2b5702e443a114f6818291d9d72c7000,1.0,48.374,195.8,8,6.04675,94.289,142.663,/home/ali/projects/RoboLab/output/v1_cosmos_canonical/RubiksCubeRightOfBowlMatchedTask/run_3.hdf5,/home/ali/projects/RoboLab/output/v1_cosmos_canonical/RubiksCubeRightOfBowlMatchedTask/log_3_env0.json
cosmos_canonical_static32,cosmos3_edge_droid_wam,WAM,canonical,original_confirmatory,static,32,right,4,6104,True,True,147,True,82,True,82,True,104,True,1.0,1.0,1.0,-0.41434651613235474,0.41434651613235474,False,"[0.29052734375, 0.155517578125, 0.07867431640625]","[0.44287109375, 0.1263427734375, 0.07733154296875]",rigid_object_root_pose_in_robot_frame,5da70e5190e75ede26d49b82bd15bde7731a94364c2aac9f66afcba565d6b1a8,fc559f0cfc5ca12d10657a1ad1680cef2b5702e443a114f6818291d9d72c7000,1.0,42.236,287.3,5,8.447199999999999,35.67,77.907,/home/ali/projects/RoboLab/output/v1_cosmos_canonical/RubiksCubeRightOfBowlMatchedTask/run_4.hdf5,/home/ali/projects/RoboLab/output/v1_cosmos_canonical/RubiksCubeRightOfBowlMatchedTask/log_4_env0.json
cosmos_canonical_static32,cosmos3_edge_droid_wam,WAM,canonical,original_confirmatory,static,32,right,5,6105,True,False,450,True,56,True,56,False,,False,0.5,0.5,0.5,-0.009423300623893738,0.009423300623893738,False,"[0.29052734375, 0.155517578125, 0.07867431640625]","[0.44287109375, 0.12646484375, 0.07733154296875]",rigid_object_root_pose_in_robot_frame,5da70e5190e75ede26d49b82bd15bde7731a94364c2aac9f66afcba565d6b1a8,fc559f0cfc5ca12d10657a1ad1680cef2b5702e443a114f6818291d9d72c7000,0.6666666865348816,90.55,201.2,15,6.036666666666666,140.762,231.312,/home/ali/projects/RoboLab/output/v1_cosmos_canonical/RubiksCubeRightOfBowlMatchedTask/run_5.hdf5,/home/ali/projects/RoboLab/output/v1_cosmos_canonical/RubiksCubeRightOfBowlMatchedTask/log_5_env0.json
cosmos_canonical_static32,cosmos3_edge_droid_wam,WAM,canonical,original_confirmatory,static,32,right,6,6106,True,True,168,True,63,True,63,True,81,True,1.0,1.0,1.0,-0.4030604958534241,0.4030604958534241,False,"[0.29052734375, 0.155517578125, 0.07867431640625]","[0.442626953125, 0.1263427734375, 0.07733154296875]",rigid_object_root_pose_in_robot_frame,5da70e5190e75ede26d49b82bd15bde7731a94364c2aac9f66afcba565d6b1a8,fc559f0cfc5ca12d10657a1ad1680cef2b5702e443a114f6818291d9d72c7000,1.0,36.041,214.5,6,6.006833333333333,72.098,108.139,/home/ali/projects/RoboLab/output/v1_cosmos_canonical/RubiksCubeRightOfBowlMatchedTask/run_6.hdf5,/home/ali/projects/RoboLab/output/v1_cosmos_canonical/RubiksCubeRightOfBowlMatchedTask/log_6_env0.json
cosmos_canonical_static32,cosmos3_edge_droid_wam,WAM,canonical,original_confirmatory,static,32,right,7,6107,True,True,129,True,75,True,75,True,87,True,1.0,1.0,1.0,-0.37135137617588043,0.37135137617588043,False,"[0.29052734375, 0.155517578125, 0.07867431640625]","[0.442626953125, 0.1263427734375, 0.07733154296875]",rigid_object_root_pose_in_robot_frame,5da70e5190e75ede26d49b82bd15bde7731a94364c2aac9f66afcba565d6b1a8,fc559f0cfc5ca12d10657a1ad1680cef2b5702e443a114f6818291d9d72c7000,1.0,30.011,232.6,5,6.0022,52.27,82.281,/home/ali/projects/RoboLab/output/v1_cosmos_canonical/RubiksCubeRightOfBowlMatchedTask/run_7.hdf5,/home/ali/projects/RoboLab/output/v1_cosmos_canonical/RubiksCubeRightOfBowlMatchedTask/log_7_env0.json
cosmos_canonical_static32,cosmos3_edge_droid_wam,WAM,canonical,original_confirmatory,static,32,right,8,6108,True,True,185,True,87,True,87,True,127,True,1.0,1.0,1.0,-0.44956521689891815,0.44956521689891815,False,"[0.29052734375, 0.155517578125, 0.07867431640625]","[0.442626953125, 0.1263427734375, 0.07733154296875]",rigid_object_root_pose_in_robot_frame,5da70e5190e75ede26d49b82bd15bde7731a94364c2aac9f66afcba565d6b1a8,fc559f0cfc5ca12d10657a1ad1680cef2b5702e443a114f6818291d9d72c7000,1.0,36.302,196.2,6,6.050333333333334,71.203,107.505,/home/ali/projects/RoboLab/output/v1_cosmos_canonical/RubiksCubeRightOfBowlMatchedTask/run_8.hdf5,/home/ali/projects/RoboLab/output/v1_cosmos_canonical/RubiksCubeRightOfBowlMatchedTask/log_8_env0.json
cosmos_canonical_static32,cosmos3_edge_droid_wam,WAM,canonical,original_confirmatory,static,32,right,9,6109,True,False,450,True,85,True,85,True,407,True,0.5,1.0,0.5,-0.41872869431972504,0.41872869431972504,False,"[0.29052734375, 0.155517578125, 0.07867431640625]","[0.44287109375, 0.1265869140625, 0.07733154296875]",rigid_object_root_pose_in_robot_frame,5da70e5190e75ede26d49b82bd15bde7731a94364c2aac9f66afcba565d6b1a8,fc559f0cfc5ca12d10657a1ad1680cef2b5702e443a114f6818291d9d72c7000,1.0,97.529,216.7,15,6.501933333333333,169.942,267.471,/home/ali/projects/RoboLab/output/v1_cosmos_canonical/RubiksCubeRightOfBowlMatchedTask/run_9.hdf5,/home/ali/projects/RoboLab/output/v1_cosmos_canonical/RubiksCubeRightOfBowlMatchedTask/log_9_env0.json
cosmos_short_static32,cosmos3_edge_droid_wam,WAM,short_paraphrase,original_confirmatory,static,32,left,0,6100,True,False,450,True,81,True,81,False,,False,0.5,0.5,0.5,-0.10940294340252876,-0.10940294340252876,False,"[0.292236328125, 0.1524658203125, 0.07867431640625]","[0.442626953125, 0.1265869140625, 0.07733154296875]",rigid_object_root_pose_in_robot_frame,5da70e5190e75ede26d49b82bd15bde7731a94364c2aac9f66afcba565d6b1a8,fc559f0cfc5ca12d10657a1ad1680cef2b5702e443a114f6818291d9d72c7000,0.6666666865348816,90.299,200.7,15,6.019933333333333,78.448,168.747,/home/ali/projects/RoboLab/output/v1_cosmos_vague/RubiksCubeLeftOfBowlMatchedTask/run_0.hdf5,/home/ali/projects/RoboLab/output/v1_cosmos_vague/RubiksCubeLeftOfBowlMatchedTask/log_0_env0.json
cosmos_short_static32,cosmos3_edge_droid_wam,WAM,short_paraphrase,original_confirmatory,static,32,left,1,6101,True,True,350,True,92,True,92,True,349,True,1.0,1.0,1.0,0.07915564626455307,0.07915564626455307,False,"[0.29052734375, 0.155517578125, 0.07867431640625]","[0.442626953125, 0.1265869140625, 0.07733154296875]",rigid_object_root_pose_in_robot_frame,5da70e5190e75ede26d49b82bd15bde7731a94364c2aac9f66afcba565d6b1a8,fc559f0cfc5ca12d10657a1ad1680cef2b5702e443a114f6818291d9d72c7000,1.0,75.694,216.3,11,6.881272727272727,98.776,174.47,/home/ali/projects/RoboLab/output/v1_cosmos_vague/RubiksCubeLeftOfBowlMatchedTask/run_1.hdf5,/home/ali/projects/RoboLab/output/v1_cosmos_vague/RubiksCubeLeftOfBowlMatchedTask/log_1_env0.json
cosmos_short_static32,cosmos3_edge_droid_wam,WAM,short_paraphrase,original_confirmatory,static,32,left,2,6102,True,True,127,True,77,True,77,True,107,True,1.0,1.0,1.0,0.13328516483306885,0.13328516483306885,False,"[0.29052734375, 0.155517578125, 0.07867431640625]","[0.442626953125, 0.1265869140625, 0.07733154296875]",rigid_object_root_pose_in_robot_frame,5da70e5190e75ede26d49b82bd15bde7731a94364c2aac9f66afcba565d6b1a8,fc559f0cfc5ca12d10657a1ad1680cef2b5702e443a114f6818291d9d72c7000,1.0,36.303,285.9,4,9.07575,23.263,59.566,/home/ali/projects/RoboLab/output/v1_cosmos_vague/RubiksCubeLeftOfBowlMatchedTask/run_2.hdf5,/home/ali/projects/RoboLab/output/v1_cosmos_vague/RubiksCubeLeftOfBowlMatchedTask/log_2_env0.json
cosmos_short_static32,cosmos3_edge_droid_wam,WAM,short_paraphrase,original_confirmatory,static,32,left,3,6103,True,False,450,True,80,True,80,False,,False,0.5,0.5,0.5,-0.12299640476703644,-0.12299640476703644,False,"[0.29052734375, 0.155517578125, 0.07867431640625]","[0.4423828125, 0.1263427734375, 0.07733154296875]",rigid_object_root_pose_in_robot_frame,5da70e5190e75ede26d49b82bd15bde7731a94364c2aac9f66afcba565d6b1a8,fc559f0cfc5ca12d10657a1ad1680cef2b5702e443a114f6818291d9d72c7000,0.6666666865348816,90.353,200.8,15,6.023533333333333,144.925,235.278,/home/ali/projects/RoboLab/output/v1_cosmos_vague/RubiksCubeLeftOfBowlMatchedTask/run_3.hdf5,/home/ali/projects/RoboLab/output/v1_cosmos_vague/RubiksCubeLeftOfBowlMatchedTask/log_3_env0.json
cosmos_short_static32,cosmos3_edge_droid_wam,WAM,short_paraphrase,original_confirmatory,static,32,left,4,6104,True,False,450,True,105,True,105,False,,False,0.5,0.5,0.5,-0.3172808736562729,-0.3172808736562729,False,"[0.29052734375, 0.155517578125, 0.07867431640625]","[0.442626953125, 0.1265869140625, 0.07733154296875]",rigid_object_root_pose_in_robot_frame,5da70e5190e75ede26d49b82bd15bde7731a94364c2aac9f66afcba565d6b1a8,fc559f0cfc5ca12d10657a1ad1680cef2b5702e443a114f6818291d9d72c7000,0.6666666865348816,90.495,201.1,15,6.033,137.582,228.078,/home/ali/projects/RoboLab/output/v1_cosmos_vague/RubiksCubeLeftOfBowlMatchedTask/run_4.hdf5,/home/ali/projects/RoboLab/output/v1_cosmos_vague/RubiksCubeLeftOfBowlMatchedTask/log_4_env0.json
cosmos_short_static32,cosmos3_edge_droid_wam,WAM,short_paraphrase,original_confirmatory,static,32,left,5,6105,True,True,153,True,52,True,52,True,152,True,1.0,1.0,1.0,0.11834381520748138,0.11834381520748138,False,"[0.29052734375, 0.155517578125, 0.07867431640625]","[0.442626953125, 0.1265869140625, 0.07733154296875]",rigid_object_root_pose_in_robot_frame,5da70e5190e75ede26d49b82bd15bde7731a94364c2aac9f66afcba565d6b1a8,fc559f0cfc5ca12d10657a1ad1680cef2b5702e443a114f6818291d9d72c7000,1.0,37.073,242.3,5,7.4146,51.934,89.007,/home/ali/projects/RoboLab/output/v1_cosmos_vague/RubiksCubeLeftOfBowlMatchedTask/run_5.hdf5,/home/ali/projects/RoboLab/output/v1_cosmos_vague/RubiksCubeLeftOfBowlMatchedTask/log_5_env0.json
cosmos_short_static32,cosmos3_edge_droid_wam,WAM,short_paraphrase,original_confirmatory,static,32,left,6,6106,True,False,450,True,86,True,86,False,,False,0.5,0.5,0.5,-0.22315137833356857,-0.22315137833356857,False,"[0.29052734375, 0.155517578125, 0.07867431640625]","[0.442626953125, 0.1265869140625, 0.07733154296875]",rigid_object_root_pose_in_robot_frame,5da70e5190e75ede26d49b82bd15bde7731a94364c2aac9f66afcba565d6b1a8,fc559f0cfc5ca12d10657a1ad1680cef2b5702e443a114f6818291d9d72c7000,0.6666666865348816,96.907,215.3,15,6.460466666666666,140.37,237.277,/home/ali/projects/RoboLab/output/v1_cosmos_vague/RubiksCubeLeftOfBowlMatchedTask/run_6.hdf5,/home/ali/projects/RoboLab/output/v1_cosmos_vague/RubiksCubeLeftOfBowlMatchedTask/log_6_env0.json
cosmos_short_static32,cosmos3_edge_droid_wam,WAM,short_paraphrase,original_confirmatory,static,32,left,7,6107,True,False,450,True,76,True,76,False,,False,0.5,0.5,0.5,-0.08323907107114792,-0.08323907107114792,False,"[0.29052734375, 0.155517578125, 0.07867431640625]","[0.4423828125, 0.12646484375, 0.07733154296875]",rigid_object_root_pose_in_robot_frame,5da70e5190e75ede26d49b82bd15bde7731a94364c2aac9f66afcba565d6b1a8,fc559f0cfc5ca12d10657a1ad1680cef2b5702e443a114f6818291d9d72c7000,0.6666666865348816,105.303,234.0,15,7.0202,109.709,215.012,/home/ali/projects/RoboLab/output/v1_cosmos_vague/RubiksCubeLeftOfBowlMatchedTask/run_7.hdf5,/home/ali/projects/RoboLab/output/v1_cosmos_vague/RubiksCubeLeftOfBowlMatchedTask/log_7_env0.json
cosmos_short_static32,cosmos3_edge_droid_wam,WAM,short_paraphrase,original_confirmatory,static,32,left,8,6108,True,False,450,True,163,True,163,False,,False,0.5,0.5,0.5,-0.09216171875596046,-0.09216171875596046,False,"[0.29052734375, 0.155517578125, 0.07867431640625]","[0.4423828125, 0.126708984375, 0.07733154296875]",rigid_object_root_pose_in_robot_frame,5da70e5190e75ede26d49b82bd15bde7731a94364c2aac9f66afcba565d6b1a8,fc559f0cfc5ca12d10657a1ad1680cef2b5702e443a114f6818291d9d72c7000,0.6666666865348816,90.344,200.8,15,6.022933333333333,113.285,203.629,/home/ali/projects/RoboLab/output/v1_cosmos_vague/RubiksCubeLeftOfBowlMatchedTask/run_8.hdf5,/home/ali/projects/RoboLab/output/v1_cosmos_vague/RubiksCubeLeftOfBowlMatchedTask/log_8_env0.json
cosmos_short_static32,cosmos3_edge_droid_wam,WAM,short_paraphrase,original_confirmatory,static,32,left,9,6109,True,True,450,True,83,True,83,True,449,True,1.0,1.0,1.0,0.025593429803848267,0.025593429803848267,False,"[0.29052734375, 0.155517578125, 0.07867431640625]","[0.44287109375, 0.1263427734375, 0.07733154296875]",rigid_object_root_pose_in_robot_frame,5da70e5190e75ede26d49b82bd15bde7731a94364c2aac9f66afcba565d6b1a8,fc559f0cfc5ca12d10657a1ad1680cef2b5702e443a114f6818291d9d72c7000,1.0,90.315,200.7,15,6.021,79.545,169.859,/home/ali/projects/RoboLab/output/v1_cosmos_vague/RubiksCubeLeftOfBowlMatchedTask/run_9.hdf5,/home/ali/projects/RoboLab/output/v1_cosmos_vague/RubiksCubeLeftOfBowlMatchedTask/log_9_env0.json
cosmos_short_static32,cosmos3_edge_droid_wam,WAM,short_paraphrase,original_confirmatory,static,32,right,0,6100,True,True,159,True,71,True,71,True,93,True,1.0,1.0,1.0,-0.2775094360113144,0.2775094360113144,False,"[0.292236328125, 0.1524658203125, 0.07867431640625]","[0.442626953125, 0.1265869140625, 0.07733154296875]",rigid_object_root_pose_in_robot_frame,5da70e5190e75ede26d49b82bd15bde7731a94364c2aac9f66afcba565d6b1a8,fc559f0cfc5ca12d10657a1ad1680cef2b5702e443a114f6818291d9d72c7000,1.0,30.3,190.6,5,6.0600000000000005,28.838,59.138,/home/ali/projects/RoboLab/output/v1_cosmos_vague/RubiksCubeRightOfBowlMatchedTask/run_0.hdf5,/home/ali/projects/RoboLab/output/v1_cosmos_vague/RubiksCubeRightOfBowlMatchedTask/log_0_env0.json
cosmos_short_static32,cosmos3_edge_droid_wam,WAM,short_paraphrase,original_confirmatory,static,32,right,1,6101,True,True,178,True,80,True,80,True,110,True,1.0,1.0,1.0,-0.3182108551263809,0.3182108551263809,False,"[0.29052734375, 0.155517578125, 0.07867431640625]","[0.442626953125, 0.1265869140625, 0.07733154296875]",rigid_object_root_pose_in_robot_frame,5da70e5190e75ede26d49b82bd15bde7731a94364c2aac9f66afcba565d6b1a8,fc559f0cfc5ca12d10657a1ad1680cef2b5702e443a114f6818291d9d72c7000,1.0,36.099,202.8,6,6.0165,32.423,68.521,/home/ali/projects/RoboLab/output/v1_cosmos_vague/RubiksCubeRightOfBowlMatchedTask/run_1.hdf5,/home/ali/projects/RoboLab/output/v1_cosmos_vague/RubiksCubeRightOfBowlMatchedTask/log_1_env0.json
cosmos_short_static32,cosmos3_edge_droid_wam,WAM,short_paraphrase,original_confirmatory,static,32,right,2,6102,True,True,158,True,85,True,85,True,118,True,1.0,1.0,1.0,-0.3487950712442398,0.3487950712442398,False,"[0.29052734375, 0.155517578125, 0.07867431640625]","[0.442626953125, 0.1265869140625, 0.07733154296875]",rigid_object_root_pose_in_robot_frame,5da70e5190e75ede26d49b82bd15bde7731a94364c2aac9f66afcba565d6b1a8,fc559f0cfc5ca12d10657a1ad1680cef2b5702e443a114f6818291d9d72c7000,1.0,30.27,191.6,5,6.054,28.196,58.466,/home/ali/projects/RoboLab/output/v1_cosmos_vague/RubiksCubeRightOfBowlMatchedTask/run_2.hdf5,/home/ali/projects/RoboLab/output/v1_cosmos_vague/RubiksCubeRightOfBowlMatchedTask/log_2_env0.json
cosmos_short_static32,cosmos3_edge_droid_wam,WAM,short_paraphrase,original_confirmatory,static,32,right,3,6103,True,True,245,True,88,True,88,True,168,True,1.0,1.0,1.0,-0.43315425515174866,0.43315425515174866,False,"[0.29052734375, 0.155517578125, 0.07867431640625]","[0.442626953125, 0.1265869140625, 0.07733154296875]",rigid_object_root_pose_in_robot_frame,5da70e5190e75ede26d49b82bd15bde7731a94364c2aac9f66afcba565d6b1a8,fc559f0cfc5ca12d10657a1ad1680cef2b5702e443a114f6818291d9d72c7000,1.0,48.255,197.0,8,6.031875,44.195,92.45,/home/ali/projects/RoboLab/output/v1_cosmos_vague/RubiksCubeRightOfBowlMatchedTask/run_3.hdf5,/home/ali/projects/RoboLab/output/v1_cosmos_vague/RubiksCubeRightOfBowlMatchedTask/log_3_env0.json
cosmos_short_static32,cosmos3_edge_droid_wam,WAM,short_paraphrase,original_confirmatory,static,32,right,4,6104,True,True,340,True,79,True,79,True,190,True,1.0,1.0,1.0,-0.42299626767635345,0.42299626767635345,False,"[0.29052734375, 0.155517578125, 0.07867431640625]","[0.442626953125, 0.1265869140625, 0.07733154296875]",rigid_object_root_pose_in_robot_frame,5da70e5190e75ede26d49b82bd15bde7731a94364c2aac9f66afcba565d6b1a8,fc559f0cfc5ca12d10657a1ad1680cef2b5702e443a114f6818291d9d72c7000,1.0,66.459,195.5,11,6.041727272727273,63.125,129.583,/home/ali/projects/RoboLab/output/v1_cosmos_vague/RubiksCubeRightOfBowlMatchedTask/run_4.hdf5,/home/ali/projects/RoboLab/output/v1_cosmos_vague/RubiksCubeRightOfBowlMatchedTask/log_4_env0.json
cosmos_short_static32,cosmos3_edge_droid_wam,WAM,short_paraphrase,original_confirmatory,static,32,right,5,6105,True,True,154,True,57,True,57,True,80,True,1.0,1.0,1.0,-0.44519850611686707,0.44519850611686707,False,"[0.29052734375, 0.155517578125, 0.07867431640625]","[0.442626953125, 0.1268310546875, 0.07733154296875]",rigid_object_root_pose_in_robot_frame,5da70e5190e75ede26d49b82bd15bde7731a94364c2aac9f66afcba565d6b1a8,fc559f0cfc5ca12d10657a1ad1680cef2b5702e443a114f6818291d9d72c7000,1.0,30.187,196.0,5,6.0374,28.137,58.323,/home/ali/projects/RoboLab/output/v1_cosmos_vague/RubiksCubeRightOfBowlMatchedTask/run_5.hdf5,/home/ali/projects/RoboLab/output/v1_cosmos_vague/RubiksCubeRightOfBowlMatchedTask/log_5_env0.json
cosmos_short_static32,cosmos3_edge_droid_wam,WAM,short_paraphrase,original_confirmatory,static,32,right,6,6106,True,True,151,True,72,True,72,True,85,True,1.0,1.0,1.0,-0.4515307694673538,0.4515307694673538,False,"[0.29052734375, 0.155517578125, 0.07867431640625]","[0.442626953125, 0.1268310546875, 0.07733154296875]",rigid_object_root_pose_in_robot_frame,5da70e5190e75ede26d49b82bd15bde7731a94364c2aac9f66afcba565d6b1a8,fc559f0cfc5ca12d10657a1ad1680cef2b5702e443a114f6818291d9d72c7000,1.0,30.19,199.9,5,6.038,27.87,58.06,/home/ali/projects/RoboLab/output/v1_cosmos_vague/RubiksCubeRightOfBowlMatchedTask/run_6.hdf5,/home/ali/projects/RoboLab/output/v1_cosmos_vague/RubiksCubeRightOfBowlMatchedTask/log_6_env0.json
cosmos_short_static32,cosmos3_edge_droid_wam,WAM,short_paraphrase,original_confirmatory,static,32,right,7,6107,True,True,128,True,72,True,72,True,96,True,1.0,1.0,1.0,-0.2720101475715637,0.2720101475715637,False,"[0.29052734375, 0.155517578125, 0.07867431640625]","[0.442626953125, 0.1268310546875, 0.07733154296875]",rigid_object_root_pose_in_robot_frame,5da70e5190e75ede26d49b82bd15bde7731a94364c2aac9f66afcba565d6b1a8,fc559f0cfc5ca12d10657a1ad1680cef2b5702e443a114f6818291d9d72c7000,1.0,24.235,189.3,4,6.05875,22.945,47.18,/home/ali/projects/RoboLab/output/v1_cosmos_vague/RubiksCubeRightOfBowlMatchedTask/run_7.hdf5,/home/ali/projects/RoboLab/output/v1_cosmos_vague/RubiksCubeRightOfBowlMatchedTask/log_7_env0.json
cosmos_short_static32,cosmos3_edge_droid_wam,WAM,short_paraphrase,original_confirmatory,static,32,right,8,6108,True,True,187,True,76,True,76,True,91,True,1.0,1.0,1.0,-0.4329368621110916,0.4329368621110916,False,"[0.29052734375, 0.155517578125, 0.07867431640625]","[0.442626953125, 0.1268310546875, 0.07733154296875]",rigid_object_root_pose_in_robot_frame,5da70e5190e75ede26d49b82bd15bde7731a94364c2aac9f66afcba565d6b1a8,fc559f0cfc5ca12d10657a1ad1680cef2b5702e443a114f6818291d9d72c7000,1.0,36.253,193.9,6,6.042166666666667,34.689,70.942,/home/ali/projects/RoboLab/output/v1_cosmos_vague/RubiksCubeRightOfBowlMatchedTask/run_8.hdf5,/home/ali/projects/RoboLab/output/v1_cosmos_vague/RubiksCubeRightOfBowlMatchedTask/log_8_env0.json
cosmos_short_static32,cosmos3_edge_droid_wam,WAM,short_paraphrase,original_confirmatory,static,32,right,9,6109,True,True,265,True,86,True,86,True,176,True,1.0,1.0,1.0,-0.40364862233400345,0.40364862233400345,False,"[0.29052734375, 0.155517578125, 0.07867431640625]","[0.442626953125, 0.1268310546875, 0.07733154296875]",rigid_object_root_pose_in_robot_frame,5da70e5190e75ede26d49b82bd15bde7731a94364c2aac9f66afcba565d6b1a8,fc559f0cfc5ca12d10657a1ad1680cef2b5702e443a114f6818291d9d72c7000,1.0,54.052,204.0,9,6.005777777777777,47.748,101.8,/home/ali/projects/RoboLab/output/v1_cosmos_vague/RubiksCubeRightOfBowlMatchedTask/run_9.hdf5,/home/ali/projects/RoboLab/output/v1_cosmos_vague/RubiksCubeRightOfBowlMatchedTask/log_9_env0.json
pi05_declarative_static15,pi05_droid_vla,VLA,declarative_goal,post_interim_direct_stress,static,15,left,0,7200,True,False,450,True,167,True,167,False,,False,0.5,0.5,0.5,0.05203811824321747,0.05203811824321747,False,"[0.292236328125, 0.1524658203125, 0.07867431640625]","[0.442626953125, 0.1265869140625, 0.07733154296875]",rigid_object_root_pose_in_robot_frame,5da70e5190e75ede26d49b82bd15bde7731a94364c2aac9f66afcba565d6b1a8,1b1ddf04672b0ac9dfdaeec96d84829c23a4fd3e250b3a62c01745a3cb3ab470,0.6666666865348816,7.953,17.7,30,0.2651,74.627,82.581,/home/ali/projects/RoboLab/output/v1_pi05_declarative/RubiksCubeLeftOfBowlMatchedTask/run_0.hdf5,/home/ali/projects/RoboLab/output/v1_pi05_declarative/RubiksCubeLeftOfBowlMatchedTask/log_0_env0.json
pi05_declarative_static15,pi05_droid_vla,VLA,declarative_goal,post_interim_direct_stress,static,15,left,1,7201,True,False,450,True,36,True,36,False,,False,0.5,0.5,0.5,-0.0021717920899391174,-0.0021717920899391174,False,"[0.29052734375, 0.155517578125, 0.07867431640625]","[0.442626953125, 0.1265869140625, 0.07733154296875]",rigid_object_root_pose_in_robot_frame,5da70e5190e75ede26d49b82bd15bde7731a94364c2aac9f66afcba565d6b1a8,1b1ddf04672b0ac9dfdaeec96d84829c23a4fd3e250b3a62c01745a3cb3ab470,0.6666666865348816,7.945,17.7,30,0.26483333333333337,72.706,80.65,/home/ali/projects/RoboLab/output/v1_pi05_declarative/RubiksCubeLeftOfBowlMatchedTask/run_1.hdf5,/home/ali/projects/RoboLab/output/v1_pi05_declarative/RubiksCubeLeftOfBowlMatchedTask/log_1_env0.json
pi05_declarative_static15,pi05_droid_vla,VLA,declarative_goal,post_interim_direct_stress,static,15,left,2,7202,True,False,450,False,,False,,False,,False,0.0,0.0,0.0,0.03534340858459473,0.03534340858459473,False,"[0.290771484375, 0.1544189453125, 0.07867431640625]","[0.442626953125, 0.1265869140625, 0.07733154296875]",rigid_object_root_pose_in_robot_frame,5da70e5190e75ede26d49b82bd15bde7731a94364c2aac9f66afcba565d6b1a8,1b1ddf04672b0ac9dfdaeec96d84829c23a4fd3e250b3a62c01745a3cb3ab470,0.3333333432674408,7.925,17.6,30,0.26416666666666666,75.614,83.539,/home/ali/projects/RoboLab/output/v1_pi05_declarative/RubiksCubeLeftOfBowlMatchedTask/run_2.hdf5,/home/ali/projects/RoboLab/output/v1_pi05_declarative/RubiksCubeLeftOfBowlMatchedTask/log_2_env0.json
pi05_declarative_static15,pi05_droid_vla,VLA,declarative_goal,post_interim_direct_stress,static,15,left,3,7203,True,False,450,False,,False,,False,,False,0.0,0.0,0.0,0.007292717695236206,0.007292717695236206,False,"[0.289794921875, 0.1572265625, 0.07867431640625]","[0.442626953125, 0.1260986328125, 0.07733154296875]",rigid_object_root_pose_in_robot_frame,5da70e5190e75ede26d49b82bd15bde7731a94364c2aac9f66afcba565d6b1a8,1b1ddf04672b0ac9dfdaeec96d84829c23a4fd3e250b3a62c01745a3cb3ab470,0.3333333432674408,7.93,17.6,30,0.2643333333333333,75.185,83.115,/home/ali/projects/RoboLab/output/v1_pi05_declarative/RubiksCubeLeftOfBowlMatchedTask/run_3.hdf5,/home/ali/projects/RoboLab/output/v1_pi05_declarative/RubiksCubeLeftOfBowlMatchedTask/log_3_env0.json
pi05_declarative_static15,pi05_droid_vla,VLA,declarative_goal,post_interim_direct_stress,static,15,left,4,7204,True,False,450,False,,False,,False,,False,0.0,0.0,0.0,0.010330811142921448,0.010330811142921448,False,"[0.29150390625, 0.1573486328125, 0.07867431640625]","[0.442626953125, 0.1259765625, 0.07733154296875]",rigid_object_root_pose_in_robot_frame,5da70e5190e75ede26d49b82bd15bde7731a94364c2aac9f66afcba565d6b1a8,1b1ddf04672b0ac9dfdaeec96d84829c23a4fd3e250b3a62c01745a3cb3ab470,0.3333333432674408,7.95,17.7,30,0.265,75.658,83.608,/home/ali/projects/RoboLab/output/v1_pi05_declarative/RubiksCubeLeftOfBowlMatchedTask/run_4.hdf5,/home/ali/projects/RoboLab/output/v1_pi05_declarative/RubiksCubeLeftOfBowlMatchedTask/log_4_env0.json
pi05_declarative_static15,pi05_droid_vla,VLA,declarative_goal,post_interim_direct_stress,static,15,left,5,7205,True,False,450,True,122,True,122,False,,False,0.5,0.5,0.5,-0.011502459645271301,-0.011502459645271301,False,"[0.291259765625, 0.15673828125, 0.07867431640625]","[0.44287109375, 0.12646484375, 0.07733154296875]",rigid_object_root_pose_in_robot_frame,5da70e5190e75ede26d49b82bd15bde7731a94364c2aac9f66afcba565d6b1a8,1b1ddf04672b0ac9dfdaeec96d84829c23a4fd3e250b3a62c01745a3cb3ab470,0.6666666865348816,7.93,17.6,30,0.2643333333333333,74.534,82.464,/home/ali/projects/RoboLab/output/v1_pi05_declarative/RubiksCubeLeftOfBowlMatchedTask/run_5.hdf5,/home/ali/projects/RoboLab/output/v1_pi05_declarative/RubiksCubeLeftOfBowlMatchedTask/log_5_env0.json
pi05_declarative_static15,pi05_droid_vla,VLA,declarative_goal,post_interim_direct_stress,static,15,left,6,7206,True,False,450,False,,False,,False,,False,0.0,0.0,0.0,0.028330355882644653,0.028330355882644653,False,"[0.29052734375, 0.155517578125, 0.07867431640625]","[0.44287109375, 0.12646484375, 0.07733154296875]",rigid_object_root_pose_in_robot_frame,5da70e5190e75ede26d49b82bd15bde7731a94364c2aac9f66afcba565d6b1a8,1b1ddf04672b0ac9dfdaeec96d84829c23a4fd3e250b3a62c01745a3cb3ab470,0.3333333432674408,7.983,17.7,30,0.2661,73.513,81.495,/home/ali/projects/RoboLab/output/v1_pi05_declarative/RubiksCubeLeftOfBowlMatchedTask/run_6.hdf5,/home/ali/projects/RoboLab/output/v1_pi05_declarative/RubiksCubeLeftOfBowlMatchedTask/log_6_env0.json
pi05_declarative_static15,pi05_droid_vla,VLA,declarative_goal,post_interim_direct_stress,static,15,left,7,7207,True,False,450,False,,False,,False,,False,0.0,0.0,0.0,0.010770082473754883,0.010770082473754883,False,"[0.290771484375, 0.1575927734375, 0.07867431640625]","[0.44287109375, 0.12646484375, 0.07733154296875]",rigid_object_root_pose_in_robot_frame,5da70e5190e75ede26d49b82bd15bde7731a94364c2aac9f66afcba565d6b1a8,1b1ddf04672b0ac9dfdaeec96d84829c23a4fd3e250b3a62c01745a3cb3ab470,0.3333333432674408,7.937,17.6,30,0.26456666666666667,75.395,83.333,/home/ali/projects/RoboLab/output/v1_pi05_declarative/RubiksCubeLeftOfBowlMatchedTask/run_7.hdf5,/home/ali/projects/RoboLab/output/v1_pi05_declarative/RubiksCubeLeftOfBowlMatchedTask/log_7_env0.json
pi05_declarative_static15,pi05_droid_vla,VLA,declarative_goal,post_interim_direct_stress,static,15,left,8,7208,True,False,450,True,41,True,41,False,,False,0.5,0.5,0.5,0.05135530233383179,0.05135530233383179,False,"[0.29052734375, 0.155517578125, 0.07867431640625]","[0.442626953125, 0.1265869140625, 0.07733154296875]",rigid_object_root_pose_in_robot_frame,5da70e5190e75ede26d49b82bd15bde7731a94364c2aac9f66afcba565d6b1a8,1b1ddf04672b0ac9dfdaeec96d84829c23a4fd3e250b3a62c01745a3cb3ab470,0.6666666865348816,7.94,17.6,30,0.26466666666666666,74.607,82.547,/home/ali/projects/RoboLab/output/v1_pi05_declarative/RubiksCubeLeftOfBowlMatchedTask/run_8.hdf5,/home/ali/projects/RoboLab/output/v1_pi05_declarative/RubiksCubeLeftOfBowlMatchedTask/log_8_env0.json
pi05_declarative_static15,pi05_droid_vla,VLA,declarative_goal,post_interim_direct_stress,static,15,left,9,7209,True,False,450,True,223,True,223,False,,False,0.5,0.5,0.5,0.055630095303058624,0.055630095303058624,False,"[0.29052734375, 0.155517578125, 0.07867431640625]","[0.44287109375, 0.127197265625, 0.07733154296875]",rigid_object_root_pose_in_robot_frame,5da70e5190e75ede26d49b82bd15bde7731a94364c2aac9f66afcba565d6b1a8,1b1ddf04672b0ac9dfdaeec96d84829c23a4fd3e250b3a62c01745a3cb3ab470,0.6666666865348816,7.95,17.7,30,0.265,73.915,81.865,/home/ali/projects/RoboLab/output/v1_pi05_declarative/RubiksCubeLeftOfBowlMatchedTask/run_9.hdf5,/home/ali/projects/RoboLab/output/v1_pi05_declarative/RubiksCubeLeftOfBowlMatchedTask/log_9_env0.json
pi05_declarative_static15,pi05_droid_vla,VLA,declarative_goal,post_interim_direct_stress,static,15,right,0,7200,True,False,450,True,326,True,326,False,,False,0.5,0.5,0.5,-0.04035954177379608,0.04035954177379608,False,"[0.292236328125, 0.1524658203125, 0.07867431640625]","[0.442626953125, 0.1265869140625, 0.07733154296875]",rigid_object_root_pose_in_robot_frame,5da70e5190e75ede26d49b82bd15bde7731a94364c2aac9f66afcba565d6b1a8,1b1ddf04672b0ac9dfdaeec96d84829c23a4fd3e250b3a62c01745a3cb3ab470,0.6666666865348816,7.958,17.7,30,0.26526666666666665,75.721,83.679,/home/ali/projects/RoboLab/output/v1_pi05_declarative/RubiksCubeRightOfBowlMatchedTask/run_0.hdf5,/home/ali/projects/RoboLab/output/v1_pi05_declarative/RubiksCubeRightOfBowlMatchedTask/log_0_env0.json
pi05_declarative_static15,pi05_droid_vla,VLA,declarative_goal,post_interim_direct_stress,static,15,right,1,7201,True,True,256,True,35,True,35,True,254,True,1.0,1.0,1.0,-0.08769662491977215,0.08769662491977215,False,"[0.29052734375, 0.155517578125, 0.07867431640625]","[0.442626953125, 0.1265869140625, 0.07733154296875]",rigid_object_root_pose_in_robot_frame,5da70e5190e75ede26d49b82bd15bde7731a94364c2aac9f66afcba565d6b1a8,1b1ddf04672b0ac9dfdaeec96d84829c23a4fd3e250b3a62c01745a3cb3ab470,1.0,4.662,18.2,18,0.259,44.348,49.01,/home/ali/projects/RoboLab/output/v1_pi05_declarative/RubiksCubeRightOfBowlMatchedTask/run_1.hdf5,/home/ali/projects/RoboLab/output/v1_pi05_declarative/RubiksCubeRightOfBowlMatchedTask/log_1_env0.json
pi05_declarative_static15,pi05_droid_vla,VLA,declarative_goal,post_interim_direct_stress,static,15,right,2,7202,True,True,429,True,115,True,115,True,415,True,1.0,1.0,1.0,-0.17025769874453545,0.17025769874453545,False,"[0.29052734375, 0.155517578125, 0.07867431640625]","[0.442626953125, 0.1265869140625, 0.07733154296875]",rigid_object_root_pose_in_robot_frame,5da70e5190e75ede26d49b82bd15bde7731a94364c2aac9f66afcba565d6b1a8,1b1ddf04672b0ac9dfdaeec96d84829c23a4fd3e250b3a62c01745a3cb3ab470,1.0,7.683,17.9,29,0.2649310344827586,73.465,81.148,/home/ali/projects/RoboLab/output/v1_pi05_declarative/RubiksCubeRightOfBowlMatchedTask/run_2.hdf5,/home/ali/projects/RoboLab/output/v1_pi05_declarative/RubiksCubeRightOfBowlMatchedTask/log_2_env0.json
pi05_declarative_static15,pi05_droid_vla,VLA,declarative_goal,post_interim_direct_stress,static,15,right,3,7203,True,True,327,True,129,True,129,True,296,True,1.0,1.0,1.0,-0.3086163103580475,0.3086163103580475,False,"[0.29052734375, 0.155517578125, 0.07867431640625]","[0.44287109375, 0.1259765625, 0.07733154296875]",rigid_object_root_pose_in_robot_frame,5da70e5190e75ede26d49b82bd15bde7731a94364c2aac9f66afcba565d6b1a8,1b1ddf04672b0ac9dfdaeec96d84829c23a4fd3e250b3a62c01745a3cb3ab470,1.0,5.791,17.7,22,0.26322727272727275,58.479,64.27,/home/ali/projects/RoboLab/output/v1_pi05_declarative/RubiksCubeRightOfBowlMatchedTask/run_3.hdf5,/home/ali/projects/RoboLab/output/v1_pi05_declarative/RubiksCubeRightOfBowlMatchedTask/log_3_env0.json
pi05_declarative_static15,pi05_droid_vla,VLA,declarative_goal,post_interim_direct_stress,static,15,right,4,7204,True,True,316,True,93,True,93,True,290,True,1.0,1.0,1.0,-0.1995810568332672,0.1995810568332672,False,"[0.29052734375, 0.155517578125, 0.07867431640625]","[0.442138671875, 0.12646484375, 0.07733154296875]",rigid_object_root_pose_in_robot_frame,5da70e5190e75ede26d49b82bd15bde7731a94364c2aac9f66afcba565d6b1a8,1b1ddf04672b0ac9dfdaeec96d84829c23a4fd3e250b3a62c01745a3cb3ab470,1.0,5.74,18.2,22,0.2609090909090909,54.67,60.41,/home/ali/projects/RoboLab/output/v1_pi05_declarative/RubiksCubeRightOfBowlMatchedTask/run_4.hdf5,/home/ali/projects/RoboLab/output/v1_pi05_declarative/RubiksCubeRightOfBowlMatchedTask/log_4_env0.json
pi05_declarative_static15,pi05_droid_vla,VLA,declarative_goal,post_interim_direct_stress,static,15,right,5,7205,True,True,415,True,190,True,190,True,389,True,1.0,1.0,1.0,-0.13493504282087088,0.13493504282087088,False,"[0.29052734375, 0.155517578125, 0.07867431640625]","[0.442626953125, 0.126953125, 0.07733154296875]",rigid_object_root_pose_in_robot_frame,5da70e5190e75ede26d49b82bd15bde7731a94364c2aac9f66afcba565d6b1a8,1b1ddf04672b0ac9dfdaeec96d84829c23a4fd3e250b3a62c01745a3cb3ab470,1.0,7.359,17.7,28,0.2628214285714286,71.749,79.109,/home/ali/projects/RoboLab/output/v1_pi05_declarative/RubiksCubeRightOfBowlMatchedTask/run_5.hdf5,/home/ali/projects/RoboLab/output/v1_pi05_declarative/RubiksCubeRightOfBowlMatchedTask/log_5_env0.json
pi05_declarative_static15,pi05_droid_vla,VLA,declarative_goal,post_interim_direct_stress,static,15,right,6,7206,True,False,450,True,88,True,88,False,,False,0.5,0.5,0.5,-0.01937839388847351,0.01937839388847351,False,"[0.29052734375, 0.155517578125, 0.07867431640625]","[0.443603515625, 0.126708984375, 0.07733154296875]",rigid_object_root_pose_in_robot_frame,5da70e5190e75ede26d49b82bd15bde7731a94364c2aac9f66afcba565d6b1a8,1b1ddf04672b0ac9dfdaeec96d84829c23a4fd3e250b3a62c01745a3cb3ab470,0.6666666865348816,7.924,17.6,30,0.26413333333333333,77.325,85.25,/home/ali/projects/RoboLab/output/v1_pi05_declarative/RubiksCubeRightOfBowlMatchedTask/run_6.hdf5,/home/ali/projects/RoboLab/output/v1_pi05_declarative/RubiksCubeRightOfBowlMatchedTask/log_6_env0.json
pi05_declarative_static15,pi05_droid_vla,VLA,declarative_goal,post_interim_direct_stress,static,15,right,7,7207,True,False,450,True,147,True,147,False,,False,0.5,0.5,0.5,0.028979383409023285,-0.028979383409023285,False,"[0.29052734375, 0.155517578125, 0.07867431640625]","[0.442626953125, 0.1265869140625, 0.07733154296875]",rigid_object_root_pose_in_robot_frame,5da70e5190e75ede26d49b82bd15bde7731a94364c2aac9f66afcba565d6b1a8,1b1ddf04672b0ac9dfdaeec96d84829c23a4fd3e250b3a62c01745a3cb3ab470,0.6666666865348816,7.924,17.6,30,0.26413333333333333,74.99,82.914,/home/ali/projects/RoboLab/output/v1_pi05_declarative/RubiksCubeRightOfBowlMatchedTask/run_7.hdf5,/home/ali/projects/RoboLab/output/v1_pi05_declarative/RubiksCubeRightOfBowlMatchedTask/log_7_env0.json
pi05_declarative_static15,pi05_droid_vla,VLA,declarative_goal,post_interim_direct_stress,static,15,right,8,7208,True,True,147,True,70,True,70,True,86,True,1.0,1.0,1.0,-0.2554044872522354,0.2554044872522354,False,"[0.29052734375, 0.155517578125, 0.07867431640625]","[0.442626953125, 0.1265869140625, 0.07733154296875]",rigid_object_root_pose_in_robot_frame,5da70e5190e75ede26d49b82bd15bde7731a94364c2aac9f66afcba565d6b1a8,1b1ddf04672b0ac9dfdaeec96d84829c23a4fd3e250b3a62c01745a3cb3ab470,1.0,2.63,17.9,10,0.263,25.971,28.601,/home/ali/projects/RoboLab/output/v1_pi05_declarative/RubiksCubeRightOfBowlMatchedTask/run_8.hdf5,/home/ali/projects/RoboLab/output/v1_pi05_declarative/RubiksCubeRightOfBowlMatchedTask/log_8_env0.json
pi05_declarative_static15,pi05_droid_vla,VLA,declarative_goal,post_interim_direct_stress,static,15,right,9,7209,True,True,166,True,145,True,145,True,158,True,1.0,1.0,1.0,-0.1935330629348755,0.1935330629348755,False,"[0.29052734375, 0.155517578125, 0.07867431640625]","[0.442626953125, 0.1265869140625, 0.07733154296875]",rigid_object_root_pose_in_robot_frame,5da70e5190e75ede26d49b82bd15bde7731a94364c2aac9f66afcba565d6b1a8,1b1ddf04672b0ac9dfdaeec96d84829c23a4fd3e250b3a62c01745a3cb3ab470,1.0,3.098,18.7,12,0.25816666666666666,28.868,31.966,/home/ali/projects/RoboLab/output/v1_pi05_declarative/RubiksCubeRightOfBowlMatchedTask/run_9.hdf5,/home/ali/projects/RoboLab/output/v1_pi05_declarative/RubiksCubeRightOfBowlMatchedTask/log_9_env0.json
pi05_contrastive_static15,pi05_droid_vla,VLA,contrastive_goal,post_interim_direct_stress,static,15,left,0,7200,True,False,450,False,,False,,False,,False,0.0,0.0,0.0,0.0007171332836151123,0.0007171332836151123,False,"[0.292236328125, 0.1524658203125, 0.07867431640625]","[0.442626953125, 0.1265869140625, 0.07733154296875]",rigid_object_root_pose_in_robot_frame,5da70e5190e75ede26d49b82bd15bde7731a94364c2aac9f66afcba565d6b1a8,1b1ddf04672b0ac9dfdaeec96d84829c23a4fd3e250b3a62c01745a3cb3ab470,0.3333333432674408,7.902,17.6,30,0.2634,73.365,81.267,/home/ali/projects/RoboLab/output/v1_pi05_contrastive/RubiksCubeLeftOfBowlMatchedTask/run_0.hdf5,/home/ali/projects/RoboLab/output/v1_pi05_contrastive/RubiksCubeLeftOfBowlMatchedTask/log_0_env0.json
pi05_contrastive_static15,pi05_droid_vla,VLA,contrastive_goal,post_interim_direct_stress,static,15,left,1,7201,True,True,73,True,56,True,56,True,72,True,1.0,1.0,1.0,0.07491697371006012,0.07491697371006012,False,"[0.29052734375, 0.1553955078125, 0.07867431640625]","[0.442626953125, 0.1265869140625, 0.07733154296875]",rigid_object_root_pose_in_robot_frame,5da70e5190e75ede26d49b82bd15bde7731a94364c2aac9f66afcba565d6b1a8,1b1ddf04672b0ac9dfdaeec96d84829c23a4fd3e250b3a62c01745a3cb3ab470,1.0,1.301,17.8,5,0.2602,12.649,13.95,/home/ali/projects/RoboLab/output/v1_pi05_contrastive/RubiksCubeLeftOfBowlMatchedTask/run_1.hdf5,/home/ali/projects/RoboLab/output/v1_pi05_contrastive/RubiksCubeLeftOfBowlMatchedTask/log_1_env0.json
pi05_contrastive_static15,pi05_droid_vla,VLA,contrastive_goal,post_interim_direct_stress,static,15,left,2,7202,True,False,450,False,,False,,False,,False,0.0,0.0,0.0,0.005898274481296539,0.005898274481296539,False,"[0.290771484375, 0.15576171875, 0.07867431640625]","[0.442626953125, 0.1265869140625, 0.07733154296875]",rigid_object_root_pose_in_robot_frame,5da70e5190e75ede26d49b82bd15bde7731a94364c2aac9f66afcba565d6b1a8,1b1ddf04672b0ac9dfdaeec96d84829c23a4fd3e250b3a62c01745a3cb3ab470,0.3333333432674408,7.941,17.6,30,0.2647,73.028,80.969,/home/ali/projects/RoboLab/output/v1_pi05_contrastive/RubiksCubeLeftOfBowlMatchedTask/run_2.hdf5,/home/ali/projects/RoboLab/output/v1_pi05_contrastive/RubiksCubeLeftOfBowlMatchedTask/log_2_env0.json
pi05_contrastive_static15,pi05_droid_vla,VLA,contrastive_goal,post_interim_direct_stress,static,15,left,3,7203,True,False,450,True,351,True,351,False,,False,0.5,0.5,0.5,0.004710003733634949,0.004710003733634949,False,"[0.290771484375, 0.1580810546875, 0.07867431640625]","[0.4423828125, 0.1263427734375, 0.07733154296875]",rigid_object_root_pose_in_robot_frame,5da70e5190e75ede26d49b82bd15bde7731a94364c2aac9f66afcba565d6b1a8,1b1ddf04672b0ac9dfdaeec96d84829c23a4fd3e250b3a62c01745a3cb3ab470,0.6666666865348816,7.925,17.6,30,0.26416666666666666,75.878,83.803,/home/ali/projects/RoboLab/output/v1_pi05_contrastive/RubiksCubeLeftOfBowlMatchedTask/run_3.hdf5,/home/ali/projects/RoboLab/output/v1_pi05_contrastive/RubiksCubeLeftOfBowlMatchedTask/log_3_env0.json
pi05_contrastive_static15,pi05_droid_vla,VLA,contrastive_goal,post_interim_direct_stress,static,15,left,4,7204,True,True,238,True,227,True,227,True,237,True,1.0,1.0,1.0,0.08174054324626923,0.08174054324626923,False,"[0.291259765625, 0.1573486328125, 0.07867431640625]","[0.442626953125, 0.1260986328125, 0.07733154296875]",rigid_object_root_pose_in_robot_frame,5da70e5190e75ede26d49b82bd15bde7731a94364c2aac9f66afcba565d6b1a8,1b1ddf04672b0ac9dfdaeec96d84829c23a4fd3e250b3a62c01745a3cb3ab470,1.0,4.216,17.7,16,0.2635,40.673,44.889,/home/ali/projects/RoboLab/output/v1_pi05_contrastive/RubiksCubeLeftOfBowlMatchedTask/run_4.hdf5,/home/ali/projects/RoboLab/output/v1_pi05_contrastive/RubiksCubeLeftOfBowlMatchedTask/log_4_env0.json
pi05_contrastive_static15,pi05_droid_vla,VLA,contrastive_goal,post_interim_direct_stress,static,15,left,5,7205,True,False,450,False,,False,,False,,False,0.0,0.0,0.0,0.0027675554156303406,0.0027675554156303406,False,"[0.29052734375, 0.155517578125, 0.07867431640625]","[0.442626953125, 0.1265869140625, 0.07733154296875]",rigid_object_root_pose_in_robot_frame,5da70e5190e75ede26d49b82bd15bde7731a94364c2aac9f66afcba565d6b1a8,1b1ddf04672b0ac9dfdaeec96d84829c23a4fd3e250b3a62c01745a3cb3ab470,0.3333333432674408,7.919,17.6,30,0.2639666666666666,73.137,81.055,/home/ali/projects/RoboLab/output/v1_pi05_contrastive/RubiksCubeLeftOfBowlMatchedTask/run_5.hdf5,/home/ali/projects/RoboLab/output/v1_pi05_contrastive/RubiksCubeLeftOfBowlMatchedTask/log_5_env0.json
pi05_contrastive_static15,pi05_droid_vla,VLA,contrastive_goal,post_interim_direct_stress,static,15,left,6,7206,True,False,450,True,104,True,104,False,,False,0.5,0.5,0.5,0.09960415214300156,0.09960415214300156,False,"[0.290283203125, 0.15576171875, 0.07867431640625]","[0.442626953125, 0.1260986328125, 0.07733154296875]",rigid_object_root_pose_in_robot_frame,5da70e5190e75ede26d49b82bd15bde7731a94364c2aac9f66afcba565d6b1a8,1b1ddf04672b0ac9dfdaeec96d84829c23a4fd3e250b3a62c01745a3cb3ab470,0.6666666865348816,7.922,17.6,30,0.26406666666666667,76.056,83.978,/home/ali/projects/RoboLab/output/v1_pi05_contrastive/RubiksCubeLeftOfBowlMatchedTask/run_6.hdf5,/home/ali/projects/RoboLab/output/v1_pi05_contrastive/RubiksCubeLeftOfBowlMatchedTask/log_6_env0.json
pi05_contrastive_static15,pi05_droid_vla,VLA,contrastive_goal,post_interim_direct_stress,static,15,left,7,7207,True,False,450,True,409,True,409,False,,False,0.5,0.5,0.5,0.07540328800678253,0.07540328800678253,False,"[0.291015625, 0.156494140625, 0.07867431640625]","[0.442138671875, 0.1263427734375, 0.07733154296875]",rigid_object_root_pose_in_robot_frame,5da70e5190e75ede26d49b82bd15bde7731a94364c2aac9f66afcba565d6b1a8,1b1ddf04672b0ac9dfdaeec96d84829c23a4fd3e250b3a62c01745a3cb3ab470,0.6666666865348816,7.927,17.6,30,0.2642333333333333,75.069,82.996,/home/ali/projects/RoboLab/output/v1_pi05_contrastive/RubiksCubeLeftOfBowlMatchedTask/run_7.hdf5,/home/ali/projects/RoboLab/output/v1_pi05_contrastive/RubiksCubeLeftOfBowlMatchedTask/log_7_env0.json
pi05_contrastive_static15,pi05_droid_vla,VLA,contrastive_goal,post_interim_direct_stress,static,15,left,8,7208,True,False,450,False,,False,,False,,False,0.0,0.0,0.0,0.008618444204330444,0.008618444204330444,False,"[0.29052734375, 0.155517578125, 0.07867431640625]","[0.442138671875, 0.12646484375, 0.07733154296875]",rigid_object_root_pose_in_robot_frame,5da70e5190e75ede26d49b82bd15bde7731a94364c2aac9f66afcba565d6b1a8,1b1ddf04672b0ac9dfdaeec96d84829c23a4fd3e250b3a62c01745a3cb3ab470,0.3333333432674408,7.962,17.7,30,0.26539999999999997,74.294,82.256,/home/ali/projects/RoboLab/output/v1_pi05_contrastive/RubiksCubeLeftOfBowlMatchedTask/run_8.hdf5,/home/ali/projects/RoboLab/output/v1_pi05_contrastive/RubiksCubeLeftOfBowlMatchedTask/log_8_env0.json
pi05_contrastive_static15,pi05_droid_vla,VLA,contrastive_goal,post_interim_direct_stress,static,15,left,9,7209,True,False,450,True,46,True,46,False,,False,0.5,0.5,0.5,0.0030050128698349,0.0030050128698349,False,"[0.290771484375, 0.1558837890625, 0.07867431640625]","[0.44287109375, 0.1265869140625, 0.07733154296875]",rigid_object_root_pose_in_robot_frame,5da70e5190e75ede26d49b82bd15bde7731a94364c2aac9f66afcba565d6b1a8,1b1ddf04672b0ac9dfdaeec96d84829c23a4fd3e250b3a62c01745a3cb3ab470,0.6666666865348816,7.948,17.7,30,0.26493333333333335,74.161,82.11,/home/ali/projects/RoboLab/output/v1_pi05_contrastive/RubiksCubeLeftOfBowlMatchedTask/run_9.hdf5,/home/ali/projects/RoboLab/output/v1_pi05_contrastive/RubiksCubeLeftOfBowlMatchedTask/log_9_env0.json
pi05_contrastive_static15,pi05_droid_vla,VLA,contrastive_goal,post_interim_direct_stress,static,15,right,0,7200,True,False,450,True,75,True,75,False,,False,0.5,0.5,0.5,0.03737773001194,-0.03737773001194,False,"[0.292236328125, 0.1524658203125, 0.07867431640625]","[0.442626953125, 0.1265869140625, 0.07733154296875]",rigid_object_root_pose_in_robot_frame,5da70e5190e75ede26d49b82bd15bde7731a94364c2aac9f66afcba565d6b1a8,1b1ddf04672b0ac9dfdaeec96d84829c23a4fd3e250b3a62c01745a3cb3ab470,0.6666666865348816,7.924,17.6,30,0.26413333333333333,74.928,82.852,/home/ali/projects/RoboLab/output/v1_pi05_contrastive/RubiksCubeRightOfBowlMatchedTask/run_0.hdf5,/home/ali/projects/RoboLab/output/v1_pi05_contrastive/RubiksCubeRightOfBowlMatchedTask/log_0_env0.json
pi05_contrastive_static15,pi05_droid_vla,VLA,contrastive_goal,post_interim_direct_stress,static,15,right,1,7201,True,False,450,True,147,True,147,False,,False,0.5,0.5,0.5,-0.02648739516735077,0.02648739516735077,False,"[0.29052734375, 0.155517578125, 0.07867431640625]","[0.442626953125, 0.12646484375, 0.07733154296875]",rigid_object_root_pose_in_robot_frame,5da70e5190e75ede26d49b82bd15bde7731a94364c2aac9f66afcba565d6b1a8,1b1ddf04672b0ac9dfdaeec96d84829c23a4fd3e250b3a62c01745a3cb3ab470,0.6666666865348816,7.918,17.6,30,0.26393333333333335,74.816,82.733,/home/ali/projects/RoboLab/output/v1_pi05_contrastive/RubiksCubeRightOfBowlMatchedTask/run_1.hdf5,/home/ali/projects/RoboLab/output/v1_pi05_contrastive/RubiksCubeRightOfBowlMatchedTask/log_1_env0.json
pi05_contrastive_static15,pi05_droid_vla,VLA,contrastive_goal,post_interim_direct_stress,static,15,right,2,7202,True,False,450,True,206,True,206,False,,False,0.5,0.5,0.5,0.006549321115016937,-0.006549321115016937,False,"[0.29052734375, 0.155517578125, 0.07867431640625]","[0.443359375, 0.1260986328125, 0.07733154296875]",rigid_object_root_pose_in_robot_frame,5da70e5190e75ede26d49b82bd15bde7731a94364c2aac9f66afcba565d6b1a8,1b1ddf04672b0ac9dfdaeec96d84829c23a4fd3e250b3a62c01745a3cb3ab470,0.6666666865348816,7.942,17.6,30,0.2647333333333333,75.415,83.357,/home/ali/projects/RoboLab/output/v1_pi05_contrastive/RubiksCubeRightOfBowlMatchedTask/run_2.hdf5,/home/ali/projects/RoboLab/output/v1_pi05_contrastive/RubiksCubeRightOfBowlMatchedTask/log_2_env0.json
pi05_contrastive_static15,pi05_droid_vla,VLA,contrastive_goal,post_interim_direct_stress,static,15,right,3,7203,True,False,450,True,237,True,237,False,,False,0.5,0.5,0.5,0.00898943841457367,-0.00898943841457367,False,"[0.29052734375, 0.155517578125, 0.07867431640625]","[0.442626953125, 0.1265869140625, 0.07733154296875]",rigid_object_root_pose_in_robot_frame,5da70e5190e75ede26d49b82bd15bde7731a94364c2aac9f66afcba565d6b1a8,1b1ddf04672b0ac9dfdaeec96d84829c23a4fd3e250b3a62c01745a3cb3ab470,0.6666666865348816,7.937,17.6,30,0.26456666666666667,76.671,84.608,/home/ali/projects/RoboLab/output/v1_pi05_contrastive/RubiksCubeRightOfBowlMatchedTask/run_3.hdf5,/home/ali/projects/RoboLab/output/v1_pi05_contrastive/RubiksCubeRightOfBowlMatchedTask/log_3_env0.json
pi05_contrastive_static15,pi05_droid_vla,VLA,contrastive_goal,post_interim_direct_stress,static,15,right,4,7204,True,True,294,True,162,True,162,True,262,True,1.0,1.0,1.0,-0.13469446077942848,0.13469446077942848,False,"[0.29052734375, 0.155517578125, 0.07867431640625]","[0.442138671875, 0.1263427734375, 0.07733154296875]",rigid_object_root_pose_in_robot_frame,5da70e5190e75ede26d49b82bd15bde7731a94364c2aac9f66afcba565d6b1a8,1b1ddf04672b0ac9dfdaeec96d84829c23a4fd3e250b3a62c01745a3cb3ab470,1.0,5.254,17.9,20,0.2627,51.836,57.09,/home/ali/projects/RoboLab/output/v1_pi05_contrastive/RubiksCubeRightOfBowlMatchedTask/run_4.hdf5,/home/ali/projects/RoboLab/output/v1_pi05_contrastive/RubiksCubeRightOfBowlMatchedTask/log_4_env0.json
pi05_contrastive_static15,pi05_droid_vla,VLA,contrastive_goal,post_interim_direct_stress,static,15,right,5,7205,True,False,450,True,260,True,260,False,,False,0.5,0.5,0.5,0.07353542000055313,-0.07353542000055313,False,"[0.29052734375, 0.155517578125, 0.07867431640625]","[0.443115234375, 0.1259765625, 0.07733154296875]",rigid_object_root_pose_in_robot_frame,5da70e5190e75ede26d49b82bd15bde7731a94364c2aac9f66afcba565d6b1a8,1b1ddf04672b0ac9dfdaeec96d84829c23a4fd3e250b3a62c01745a3cb3ab470,0.6666666865348816,7.936,17.6,30,0.26453333333333334,76.324,84.26,/home/ali/projects/RoboLab/output/v1_pi05_contrastive/RubiksCubeRightOfBowlMatchedTask/run_5.hdf5,/home/ali/projects/RoboLab/output/v1_pi05_contrastive/RubiksCubeRightOfBowlMatchedTask/log_5_env0.json
pi05_contrastive_static15,pi05_droid_vla,VLA,contrastive_goal,post_interim_direct_stress,static,15,right,6,7206,True,False,450,False,,False,,False,,False,0.0,0.0,0.0,0.05293326824903488,-0.05293326824903488,False,"[0.29052734375, 0.155517578125, 0.07867431640625]","[0.443115234375, 0.1263427734375, 0.07733154296875]",rigid_object_root_pose_in_robot_frame,5da70e5190e75ede26d49b82bd15bde7731a94364c2aac9f66afcba565d6b1a8,1b1ddf04672b0ac9dfdaeec96d84829c23a4fd3e250b3a62c01745a3cb3ab470,0.3333333432674408,7.922,17.6,30,0.26406666666666667,75.759,83.681,/home/ali/projects/RoboLab/output/v1_pi05_contrastive/RubiksCubeRightOfBowlMatchedTask/run_6.hdf5,/home/ali/projects/RoboLab/output/v1_pi05_contrastive/RubiksCubeRightOfBowlMatchedTask/log_6_env0.json
pi05_contrastive_static15,pi05_droid_vla,VLA,contrastive_goal,post_interim_direct_stress,static,15,right,7,7207,True,False,450,False,,False,,False,,False,0.0,0.0,0.0,0.04117809236049652,-0.04117809236049652,False,"[0.29052734375, 0.1566162109375, 0.07867431640625]","[0.44287109375, 0.1259765625, 0.07733154296875]",rigid_object_root_pose_in_robot_frame,5da70e5190e75ede26d49b82bd15bde7731a94364c2aac9f66afcba565d6b1a8,1b1ddf04672b0ac9dfdaeec96d84829c23a4fd3e250b3a62c01745a3cb3ab470,0.3333333432674408,7.92,17.6,30,0.264,75.175,83.095,/home/ali/projects/RoboLab/output/v1_pi05_contrastive/RubiksCubeRightOfBowlMatchedTask/run_7.hdf5,/home/ali/projects/RoboLab/output/v1_pi05_contrastive/RubiksCubeRightOfBowlMatchedTask/log_7_env0.json
pi05_contrastive_static15,pi05_droid_vla,VLA,contrastive_goal,post_interim_direct_stress,static,15,right,8,7208,True,False,450,True,45,True,45,False,,False,0.5,0.5,0.5,-0.06531685218214989,0.06531685218214989,False,"[0.290771484375, 0.1563720703125, 0.07867431640625]","[0.442626953125, 0.126220703125, 0.07733154296875]",rigid_object_root_pose_in_robot_frame,5da70e5190e75ede26d49b82bd15bde7731a94364c2aac9f66afcba565d6b1a8,1b1ddf04672b0ac9dfdaeec96d84829c23a4fd3e250b3a62c01745a3cb3ab470,0.6666666865348816,7.949,17.7,30,0.2649666666666667,75.861,83.81,/home/ali/projects/RoboLab/output/v1_pi05_contrastive/RubiksCubeRightOfBowlMatchedTask/run_8.hdf5,/home/ali/projects/RoboLab/output/v1_pi05_contrastive/RubiksCubeRightOfBowlMatchedTask/log_8_env0.json
pi05_contrastive_static15,pi05_droid_vla,VLA,contrastive_goal,post_interim_direct_stress,static,15,right,9,7209,True,True,199,True,46,True,46,True,194,True,1.0,1.0,1.0,-0.09818090684711933,0.09818090684711933,False,"[0.29248046875, 0.1519775390625, 0.07867431640625]","[0.442626953125, 0.1265869140625, 0.07733154296875]",rigid_object_root_pose_in_robot_frame,5da70e5190e75ede26d49b82bd15bde7731a94364c2aac9f66afcba565d6b1a8,1b1ddf04672b0ac9dfdaeec96d84829c23a4fd3e250b3a62c01745a3cb3ab470,1.0,3.642,18.3,14,0.2601428571428571,33.863,37.505,/home/ali/projects/RoboLab/output/v1_pi05_contrastive/RubiksCubeRightOfBowlMatchedTask/run_9.hdf5,/home/ali/projects/RoboLab/output/v1_pi05_contrastive/RubiksCubeRightOfBowlMatchedTask/log_9_env0.json
cosmos_declarative_static32,cosmos3_edge_droid_wam,WAM,declarative_goal,post_interim_direct_stress,static,32,left,0,7200,True,True,249,True,57,True,57,True,224,True,1.0,1.0,1.0,0.1142122894525528,0.1142122894525528,False,"[0.292236328125, 0.1524658203125, 0.07867431640625]","[0.442626953125, 0.1265869140625, 0.07733154296875]",rigid_object_root_pose_in_robot_frame,5da70e5190e75ede26d49b82bd15bde7731a94364c2aac9f66afcba565d6b1a8,fc559f0cfc5ca12d10657a1ad1680cef2b5702e443a114f6818291d9d72c7000,1.0,52.952,212.7,8,6.619,44.122,97.074,/home/ali/projects/RoboLab/output/v1_cosmos_declarative/RubiksCubeLeftOfBowlMatchedTask/run_0.hdf5,/home/ali/projects/RoboLab/output/v1_cosmos_declarative/RubiksCubeLeftOfBowlMatchedTask/log_0_env0.json
cosmos_declarative_static32,cosmos3_edge_droid_wam,WAM,declarative_goal,post_interim_direct_stress,static,32,left,1,7201,True,True,187,True,171,True,171,True,186,True,1.0,1.0,1.0,0.08015763759613037,0.08015763759613037,False,"[0.29150390625, 0.158203125, 0.07867431640625]","[0.44287109375, 0.126953125, 0.07733154296875]",rigid_object_root_pose_in_robot_frame,5da70e5190e75ede26d49b82bd15bde7731a94364c2aac9f66afcba565d6b1a8,fc559f0cfc5ca12d10657a1ad1680cef2b5702e443a114f6818291d9d72c7000,1.0,35.837,191.6,6,5.972833333333334,31.95,67.787,/home/ali/projects/RoboLab/output/v1_cosmos_declarative/RubiksCubeLeftOfBowlMatchedTask/run_1.hdf5,/home/ali/projects/RoboLab/output/v1_cosmos_declarative/RubiksCubeLeftOfBowlMatchedTask/log_1_env0.json
cosmos_declarative_static32,cosmos3_edge_droid_wam,WAM,declarative_goal,post_interim_direct_stress,static,32,left,2,7202,True,True,333,True,81,True,171,True,301,True,1.0,1.0,1.0,0.17783647775650024,0.17783647775650024,False,"[0.29052734375, 0.155517578125, 0.07867431640625]","[0.442626953125, 0.1265869140625, 0.07733154296875]",rigid_object_root_pose_in_robot_frame,5da70e5190e75ede26d49b82bd15bde7731a94364c2aac9f66afcba565d6b1a8,fc559f0cfc5ca12d10657a1ad1680cef2b5702e443a114f6818291d9d72c7000,1.0,65.871,197.8,11,5.988272727272727,58.519,124.39,/home/ali/projects/RoboLab/output/v1_cosmos_declarative/RubiksCubeLeftOfBowlMatchedTask/run_2.hdf5,/home/ali/projects/RoboLab/output/v1_cosmos_declarative/RubiksCubeLeftOfBowlMatchedTask/log_2_env0.json
cosmos_declarative_static32,cosmos3_edge_droid_wam,WAM,declarative_goal,post_interim_direct_stress,static,32,left,3,7203,True,True,147,True,74,True,74,True,119,True,1.0,1.0,1.0,0.18741147220134735,0.18741147220134735,False,"[0.29052734375, 0.155517578125, 0.07867431640625]","[0.442626953125, 0.1265869140625, 0.07733154296875]",rigid_object_root_pose_in_robot_frame,5da70e5190e75ede26d49b82bd15bde7731a94364c2aac9f66afcba565d6b1a8,fc559f0cfc5ca12d10657a1ad1680cef2b5702e443a114f6818291d9d72c7000,1.0,30.021,204.2,5,6.0042,26.459,56.48,/home/ali/projects/RoboLab/output/v1_cosmos_declarative/RubiksCubeLeftOfBowlMatchedTask/run_3.hdf5,/home/ali/projects/RoboLab/output/v1_cosmos_declarative/RubiksCubeLeftOfBowlMatchedTask/log_3_env0.json
cosmos_declarative_static32,cosmos3_edge_droid_wam,WAM,declarative_goal,post_interim_direct_stress,static,32,left,4,7204,True,True,217,True,85,True,85,True,181,True,1.0,1.0,1.0,0.16436448693275452,0.16436448693275452,False,"[0.29052734375, 0.155517578125, 0.07867431640625]","[0.442626953125, 0.1265869140625, 0.07733154296875]",rigid_object_root_pose_in_robot_frame,5da70e5190e75ede26d49b82bd15bde7731a94364c2aac9f66afcba565d6b1a8,fc559f0cfc5ca12d10657a1ad1680cef2b5702e443a114f6818291d9d72c7000,1.0,42.131,194.2,7,6.018714285714286,39.083,81.213,/home/ali/projects/RoboLab/output/v1_cosmos_declarative/RubiksCubeLeftOfBowlMatchedTask/run_4.hdf5,/home/ali/projects/RoboLab/output/v1_cosmos_declarative/RubiksCubeLeftOfBowlMatchedTask/log_4_env0.json
cosmos_declarative_static32,cosmos3_edge_droid_wam,WAM,declarative_goal,post_interim_direct_stress,static,32,left,5,7205,True,True,308,True,90,True,90,True,282,True,1.0,1.0,1.0,0.16163352131843567,0.16163352131843567,False,"[0.29052734375, 0.155517578125, 0.07867431640625]","[0.442626953125, 0.1265869140625, 0.07733154296875]",rigid_object_root_pose_in_robot_frame,5da70e5190e75ede26d49b82bd15bde7731a94364c2aac9f66afcba565d6b1a8,fc559f0cfc5ca12d10657a1ad1680cef2b5702e443a114f6818291d9d72c7000,1.0,60.255,195.6,10,6.0255,54.071,114.325,/home/ali/projects/RoboLab/output/v1_cosmos_declarative/RubiksCubeLeftOfBowlMatchedTask/run_5.hdf5,/home/ali/projects/RoboLab/output/v1_cosmos_declarative/RubiksCubeLeftOfBowlMatchedTask/log_5_env0.json
cosmos_declarative_static32,cosmos3_edge_droid_wam,WAM,declarative_goal,post_interim_direct_stress,static,32,left,6,7206,True,True,146,True,106,True,106,True,138,True,1.0,1.0,1.0,0.11926928162574768,0.11926928162574768,False,"[0.29052734375, 0.155517578125, 0.07867431640625]","[0.442626953125, 0.1265869140625, 0.07733154296875]",rigid_object_root_pose_in_robot_frame,5da70e5190e75ede26d49b82bd15bde7731a94364c2aac9f66afcba565d6b1a8,fc559f0cfc5ca12d10657a1ad1680cef2b5702e443a114f6818291d9d72c7000,1.0,30.036,205.7,5,6.0072,25.477,55.513,/home/ali/projects/RoboLab/output/v1_cosmos_declarative/RubiksCubeLeftOfBowlMatchedTask/run_6.hdf5,/home/ali/projects/RoboLab/output/v1_cosmos_declarative/RubiksCubeLeftOfBowlMatchedTask/log_6_env0.json
cosmos_declarative_static32,cosmos3_edge_droid_wam,WAM,declarative_goal,post_interim_direct_stress,static,32,left,7,7207,True,True,150,False,,False,,True,149,False,0.5,0.5,0.0,0.08861880004405975,0.08861880004405975,False,"[0.29052734375, 0.155517578125, 0.07867431640625]","[0.442626953125, 0.1265869140625, 0.07733154296875]",rigid_object_root_pose_in_robot_frame,5da70e5190e75ede26d49b82bd15bde7731a94364c2aac9f66afcba565d6b1a8,fc559f0cfc5ca12d10657a1ad1680cef2b5702e443a114f6818291d9d72c7000,0.6666666865348816,30.105,200.7,5,6.021,25.888,55.993,/home/ali/projects/RoboLab/output/v1_cosmos_declarative/RubiksCubeLeftOfBowlMatchedTask/run_7.hdf5,/home/ali/projects/RoboLab/output/v1_cosmos_declarative/RubiksCubeLeftOfBowlMatchedTask/log_7_env0.json
cosmos_declarative_static32,cosmos3_edge_droid_wam,WAM,declarative_goal,post_interim_direct_stress,static,32,left,8,7208,True,True,138,True,63,True,63,True,107,True,1.0,1.0,1.0,0.19271056354045868,0.19271056354045868,False,"[0.29052734375, 0.155517578125, 0.07867431640625]","[0.442626953125, 0.1265869140625, 0.07733154296875]",rigid_object_root_pose_in_robot_frame,5da70e5190e75ede26d49b82bd15bde7731a94364c2aac9f66afcba565d6b1a8,fc559f0cfc5ca12d10657a1ad1680cef2b5702e443a114f6818291d9d72c7000,1.0,29.919,216.8,5,5.9838000000000005,24.842,54.76,/home/ali/projects/RoboLab/output/v1_cosmos_declarative/RubiksCubeLeftOfBowlMatchedTask/run_8.hdf5,/home/ali/projects/RoboLab/output/v1_cosmos_declarative/RubiksCubeLeftOfBowlMatchedTask/log_8_env0.json
cosmos_declarative_static32,cosmos3_edge_droid_wam,WAM,declarative_goal,post_interim_direct_stress,static,32,left,9,7209,True,True,120,True,71,True,71,True,91,True,1.0,1.0,1.0,0.14815519750118256,0.14815519750118256,False,"[0.29150390625, 0.156494140625, 0.07867431640625]","[0.442626953125, 0.1265869140625, 0.07733154296875]",rigid_object_root_pose_in_robot_frame,5da70e5190e75ede26d49b82bd15bde7731a94364c2aac9f66afcba565d6b1a8,fc559f0cfc5ca12d10657a1ad1680cef2b5702e443a114f6818291d9d72c7000,1.0,24.112,200.9,4,6.028,21.908,46.02,/home/ali/projects/RoboLab/output/v1_cosmos_declarative/RubiksCubeLeftOfBowlMatchedTask/run_9.hdf5,/home/ali/projects/RoboLab/output/v1_cosmos_declarative/RubiksCubeLeftOfBowlMatchedTask/log_9_env0.json
cosmos_declarative_static32,cosmos3_edge_droid_wam,WAM,declarative_goal,post_interim_direct_stress,static,32,right,0,7200,True,False,450,True,68,True,68,False,,False,0.5,0.5,0.5,0.01326790452003479,-0.01326790452003479,False,"[0.292236328125, 0.1524658203125, 0.07867431640625]","[0.442626953125, 0.1265869140625, 0.07733154296875]",rigid_object_root_pose_in_robot_frame,5da70e5190e75ede26d49b82bd15bde7731a94364c2aac9f66afcba565d6b1a8,fc559f0cfc5ca12d10657a1ad1680cef2b5702e443a114f6818291d9d72c7000,0.6666666865348816,90.209,200.5,15,6.013933333333333,80.264,170.473,/home/ali/projects/RoboLab/output/v1_cosmos_declarative/RubiksCubeRightOfBowlMatchedTask/run_0.hdf5,/home/ali/projects/RoboLab/output/v1_cosmos_declarative/RubiksCubeRightOfBowlMatchedTask/log_0_env0.json
cosmos_declarative_static32,cosmos3_edge_droid_wam,WAM,declarative_goal,post_interim_direct_stress,static,32,right,1,7201,True,True,222,True,62,True,62,True,185,True,1.0,1.0,1.0,-0.39157143235206604,0.39157143235206604,False,"[0.291015625, 0.155517578125, 0.07867431640625]","[0.442626953125, 0.12646484375, 0.07733154296875]",rigid_object_root_pose_in_robot_frame,5da70e5190e75ede26d49b82bd15bde7731a94364c2aac9f66afcba565d6b1a8,fc559f0cfc5ca12d10657a1ad1680cef2b5702e443a114f6818291d9d72c7000,1.0,42.285,190.5,7,6.0407142857142855,38.786,81.07,/home/ali/projects/RoboLab/output/v1_cosmos_declarative/RubiksCubeRightOfBowlMatchedTask/run_1.hdf5,/home/ali/projects/RoboLab/output/v1_cosmos_declarative/RubiksCubeRightOfBowlMatchedTask/log_1_env0.json
cosmos_declarative_static32,cosmos3_edge_droid_wam,WAM,declarative_goal,post_interim_direct_stress,static,32,right,2,7202,True,True,402,True,63,True,63,True,339,True,1.0,1.0,1.0,-0.4575600177049637,0.4575600177049637,False,"[0.29052734375, 0.1552734375, 0.07867431640625]","[0.442626953125, 0.12646484375, 0.07733154296875]",rigid_object_root_pose_in_robot_frame,5da70e5190e75ede26d49b82bd15bde7731a94364c2aac9f66afcba565d6b1a8,fc559f0cfc5ca12d10657a1ad1680cef2b5702e443a114f6818291d9d72c7000,1.0,78.483,195.2,13,6.0371538461538465,68.899,147.381,/home/ali/projects/RoboLab/output/v1_cosmos_declarative/RubiksCubeRightOfBowlMatchedTask/run_2.hdf5,/home/ali/projects/RoboLab/output/v1_cosmos_declarative/RubiksCubeRightOfBowlMatchedTask/log_2_env0.json
cosmos_declarative_static32,cosmos3_edge_droid_wam,WAM,declarative_goal,post_interim_direct_stress,static,32,right,3,7203,True,True,168,True,85,True,85,True,108,True,1.0,1.0,1.0,-0.34135864675045013,0.34135864675045013,False,"[0.29052734375, 0.1552734375, 0.07867431640625]","[0.442626953125, 0.12646484375, 0.07733154296875]",rigid_object_root_pose_in_robot_frame,5da70e5190e75ede26d49b82bd15bde7731a94364c2aac9f66afcba565d6b1a8,fc559f0cfc5ca12d10657a1ad1680cef2b5702e443a114f6818291d9d72c7000,1.0,35.963,214.1,6,5.993833333333334,31.113,67.076,/home/ali/projects/RoboLab/output/v1_cosmos_declarative/RubiksCubeRightOfBowlMatchedTask/run_3.hdf5,/home/ali/projects/RoboLab/output/v1_cosmos_declarative/RubiksCubeRightOfBowlMatchedTask/log_3_env0.json
cosmos_declarative_static32,cosmos3_edge_droid_wam,WAM,declarative_goal,post_interim_direct_stress,static,32,right,4,7204,True,True,252,True,169,True,169,True,207,True,1.0,1.0,1.0,-0.46498511731624603,0.46498511731624603,False,"[0.29052734375, 0.1552734375, 0.07867431640625]","[0.442626953125, 0.12646484375, 0.07733154296875]",rigid_object_root_pose_in_robot_frame,5da70e5190e75ede26d49b82bd15bde7731a94364c2aac9f66afcba565d6b1a8,fc559f0cfc5ca12d10657a1ad1680cef2b5702e443a114f6818291d9d72c7000,1.0,48.398,192.1,8,6.04975,44.253,92.651,/home/ali/projects/RoboLab/output/v1_cosmos_declarative/RubiksCubeRightOfBowlMatchedTask/run_4.hdf5,/home/ali/projects/RoboLab/output/v1_cosmos_declarative/RubiksCubeRightOfBowlMatchedTask/log_4_env0.json
cosmos_declarative_static32,cosmos3_edge_droid_wam,WAM,declarative_goal,post_interim_direct_stress,static,32,right,5,7205,True,True,249,True,179,True,179,True,208,True,1.0,1.0,1.0,-0.3834323287010193,0.3834323287010193,False,"[0.29052734375, 0.1552734375, 0.07867431640625]","[0.442626953125, 0.12646484375, 0.07733154296875]",rigid_object_root_pose_in_robot_frame,5da70e5190e75ede26d49b82bd15bde7731a94364c2aac9f66afcba565d6b1a8,fc559f0cfc5ca12d10657a1ad1680cef2b5702e443a114f6818291d9d72c7000,1.0,48.247,193.8,8,6.030875,43.713,91.96,/home/ali/projects/RoboLab/output/v1_cosmos_declarative/RubiksCubeRightOfBowlMatchedTask/run_5.hdf5,/home/ali/projects/RoboLab/output/v1_cosmos_declarative/RubiksCubeRightOfBowlMatchedTask/log_5_env0.json
cosmos_declarative_static32,cosmos3_edge_droid_wam,WAM,declarative_goal,post_interim_direct_stress,static,32,right,6,7206,True,True,167,True,72,True,72,True,88,True,1.0,1.0,1.0,-0.38787200301885605,0.38787200301885605,False,"[0.29052734375, 0.1552734375, 0.07867431640625]","[0.442626953125, 0.12646484375, 0.07733154296875]",rigid_object_root_pose_in_robot_frame,5da70e5190e75ede26d49b82bd15bde7731a94364c2aac9f66afcba565d6b1a8,fc559f0cfc5ca12d10657a1ad1680cef2b5702e443a114f6818291d9d72c7000,1.0,35.924,215.1,6,5.987333333333333,30.037,65.961,/home/ali/projects/RoboLab/output/v1_cosmos_declarative/RubiksCubeRightOfBowlMatchedTask/run_6.hdf5,/home/ali/projects/RoboLab/output/v1_cosmos_declarative/RubiksCubeRightOfBowlMatchedTask/log_6_env0.json
cosmos_declarative_static32,cosmos3_edge_droid_wam,WAM,declarative_goal,post_interim_direct_stress,static,32,right,7,7207,True,True,353,True,61,True,61,True,284,True,1.0,1.0,1.0,-0.410583034157753,0.410583034157753,False,"[0.29052734375, 0.1552734375, 0.07867431640625]","[0.44189453125, 0.1263427734375, 0.07733154296875]",rigid_object_root_pose_in_robot_frame,5da70e5190e75ede26d49b82bd15bde7731a94364c2aac9f66afcba565d6b1a8,fc559f0cfc5ca12d10657a1ad1680cef2b5702e443a114f6818291d9d72c7000,1.0,72.139,204.4,12,6.011583333333333,62.429,134.567,/home/ali/projects/RoboLab/output/v1_cosmos_declarative/RubiksCubeRightOfBowlMatchedTask/run_7.hdf5,/home/ali/projects/RoboLab/output/v1_cosmos_declarative/RubiksCubeRightOfBowlMatchedTask/log_7_env0.json
cosmos_declarative_static32,cosmos3_edge_droid_wam,WAM,declarative_goal,post_interim_direct_stress,static,32,right,8,7208,True,True,241,True,136,True,136,True,212,True,1.0,1.0,1.0,-0.39899763464927673,0.39899763464927673,False,"[0.29052734375, 0.1552734375, 0.07867431640625]","[0.44189453125, 0.1263427734375, 0.07733154296875]",rigid_object_root_pose_in_robot_frame,5da70e5190e75ede26d49b82bd15bde7731a94364c2aac9f66afcba565d6b1a8,fc559f0cfc5ca12d10657a1ad1680cef2b5702e443a114f6818291d9d72c7000,1.0,48.25,200.2,8,6.03125,41.751,90.0,/home/ali/projects/RoboLab/output/v1_cosmos_declarative/RubiksCubeRightOfBowlMatchedTask/run_8.hdf5,/home/ali/projects/RoboLab/output/v1_cosmos_declarative/RubiksCubeRightOfBowlMatchedTask/log_8_env0.json
cosmos_declarative_static32,cosmos3_edge_droid_wam,WAM,declarative_goal,post_interim_direct_stress,static,32,right,9,7209,True,True,117,True,60,True,60,True,79,True,1.0,1.0,1.0,-0.42812834680080414,0.42812834680080414,False,"[0.29052734375, 0.1552734375, 0.07867431640625]","[0.442138671875, 0.12646484375, 0.07733154296875]",rigid_object_root_pose_in_robot_frame,5da70e5190e75ede26d49b82bd15bde7731a94364c2aac9f66afcba565d6b1a8,fc559f0cfc5ca12d10657a1ad1680cef2b5702e443a114f6818291d9d72c7000,1.0,24.013,205.2,4,6.00325,21.229,45.242,/home/ali/projects/RoboLab/output/v1_cosmos_declarative/RubiksCubeRightOfBowlMatchedTask/run_9.hdf5,/home/ali/projects/RoboLab/output/v1_cosmos_declarative/RubiksCubeRightOfBowlMatchedTask/log_9_env0.json
cosmos_contrastive_static32,cosmos3_edge_droid_wam,WAM,contrastive_goal,post_interim_direct_stress,static,32,left,0,7200,True,False,450,True,59,True,59,False,,False,0.5,0.5,0.5,-0.12342708930373192,-0.12342708930373192,False,"[0.292236328125, 0.1524658203125, 0.07867431640625]","[0.442626953125, 0.1265869140625, 0.07733154296875]",rigid_object_root_pose_in_robot_frame,5da70e5190e75ede26d49b82bd15bde7731a94364c2aac9f66afcba565d6b1a8,fc559f0cfc5ca12d10657a1ad1680cef2b5702e443a114f6818291d9d72c7000,0.6666666865348816,90.181,200.4,15,6.012066666666667,79.086,169.267,/home/ali/projects/RoboLab/output/v1_cosmos_contrastive/RubiksCubeLeftOfBowlMatchedTask/run_0.hdf5,/home/ali/projects/RoboLab/output/v1_cosmos_contrastive/RubiksCubeLeftOfBowlMatchedTask/log_0_env0.json
cosmos_contrastive_static32,cosmos3_edge_droid_wam,WAM,contrastive_goal,post_interim_direct_stress,static,32,left,1,7201,True,True,349,True,184,True,184,True,343,True,1.0,1.0,1.0,0.13658912479877472,0.13658912479877472,False,"[0.291015625, 0.1553955078125, 0.07867431640625]","[0.442626953125, 0.1263427734375, 0.07733154296875]",rigid_object_root_pose_in_robot_frame,5da70e5190e75ede26d49b82bd15bde7731a94364c2aac9f66afcba565d6b1a8,fc559f0cfc5ca12d10657a1ad1680cef2b5702e443a114f6818291d9d72c7000,1.0,66.415,190.3,11,6.037727272727273,60.738,127.153,/home/ali/projects/RoboLab/output/v1_cosmos_contrastive/RubiksCubeLeftOfBowlMatchedTask/run_1.hdf5,/home/ali/projects/RoboLab/output/v1_cosmos_contrastive/RubiksCubeLeftOfBowlMatchedTask/log_1_env0.json
cosmos_contrastive_static32,cosmos3_edge_droid_wam,WAM,contrastive_goal,post_interim_direct_stress,static,32,left,2,7202,True,False,450,True,73,True,73,False,,False,0.5,0.5,0.5,-0.03615470230579376,-0.03615470230579376,False,"[0.29052734375, 0.155517578125, 0.07867431640625]","[0.44287109375, 0.126953125, 0.07733154296875]",rigid_object_root_pose_in_robot_frame,5da70e5190e75ede26d49b82bd15bde7731a94364c2aac9f66afcba565d6b1a8,fc559f0cfc5ca12d10657a1ad1680cef2b5702e443a114f6818291d9d72c7000,0.6666666865348816,90.209,200.5,15,6.013933333333333,79.489,169.698,/home/ali/projects/RoboLab/output/v1_cosmos_contrastive/RubiksCubeLeftOfBowlMatchedTask/run_2.hdf5,/home/ali/projects/RoboLab/output/v1_cosmos_contrastive/RubiksCubeLeftOfBowlMatchedTask/log_2_env0.json
cosmos_contrastive_static32,cosmos3_edge_droid_wam,WAM,contrastive_goal,post_interim_direct_stress,static,32,left,3,7203,True,False,450,True,247,True,247,False,,False,0.5,0.5,0.5,-0.017237037420272827,-0.017237037420272827,False,"[0.29052734375, 0.155517578125, 0.07867431640625]","[0.442626953125, 0.1265869140625, 0.07733154296875]",rigid_object_root_pose_in_robot_frame,5da70e5190e75ede26d49b82bd15bde7731a94364c2aac9f66afcba565d6b1a8,fc559f0cfc5ca12d10657a1ad1680cef2b5702e443a114f6818291d9d72c7000,0.6666666865348816,90.137,200.3,15,6.009133333333334,78.472,168.609,/home/ali/projects/RoboLab/output/v1_cosmos_contrastive/RubiksCubeLeftOfBowlMatchedTask/run_3.hdf5,/home/ali/projects/RoboLab/output/v1_cosmos_contrastive/RubiksCubeLeftOfBowlMatchedTask/log_3_env0.json
cosmos_contrastive_static32,cosmos3_edge_droid_wam,WAM,contrastive_goal,post_interim_direct_stress,static,32,left,4,7204,True,False,450,True,179,True,179,False,,False,0.5,0.5,0.5,-0.05284638702869415,-0.05284638702869415,False,"[0.290771484375, 0.1556396484375, 0.07867431640625]","[0.443603515625, 0.1270751953125, 0.07733154296875]",rigid_object_root_pose_in_robot_frame,5da70e5190e75ede26d49b82bd15bde7731a94364c2aac9f66afcba565d6b1a8,fc559f0cfc5ca12d10657a1ad1680cef2b5702e443a114f6818291d9d72c7000,0.6666666865348816,90.359,200.8,15,6.023933333333333,78.981,169.34,/home/ali/projects/RoboLab/output/v1_cosmos_contrastive/RubiksCubeLeftOfBowlMatchedTask/run_4.hdf5,/home/ali/projects/RoboLab/output/v1_cosmos_contrastive/RubiksCubeLeftOfBowlMatchedTask/log_4_env0.json
cosmos_contrastive_static32,cosmos3_edge_droid_wam,WAM,contrastive_goal,post_interim_direct_stress,static,32,left,5,7205,True,False,450,True,79,True,79,False,,False,0.5,0.5,0.5,-0.3608364909887314,-0.3608364909887314,False,"[0.29052734375, 0.155029296875, 0.07867431640625]","[0.44287109375, 0.1263427734375, 0.07733154296875]",rigid_object_root_pose_in_robot_frame,5da70e5190e75ede26d49b82bd15bde7731a94364c2aac9f66afcba565d6b1a8,fc559f0cfc5ca12d10657a1ad1680cef2b5702e443a114f6818291d9d72c7000,0.6666666865348816,90.463,201.0,15,6.030866666666666,83.072,173.536,/home/ali/projects/RoboLab/output/v1_cosmos_contrastive/RubiksCubeLeftOfBowlMatchedTask/run_5.hdf5,/home/ali/projects/RoboLab/output/v1_cosmos_contrastive/RubiksCubeLeftOfBowlMatchedTask/log_5_env0.json
cosmos_contrastive_static32,cosmos3_edge_droid_wam,WAM,contrastive_goal,post_interim_direct_stress,static,32,left,6,7206,True,False,450,True,78,True,78,False,,False,0.5,0.5,0.5,-0.21132636815309525,-0.21132636815309525,False,"[0.29052734375, 0.155517578125, 0.07867431640625]","[0.442626953125, 0.1263427734375, 0.07733154296875]",rigid_object_root_pose_in_robot_frame,5da70e5190e75ede26d49b82bd15bde7731a94364c2aac9f66afcba565d6b1a8,fc559f0cfc5ca12d10657a1ad1680cef2b5702e443a114f6818291d9d72c7000,0.6666666865348816,90.358,200.8,15,6.023866666666667,78.499,168.857,/home/ali/projects/RoboLab/output/v1_cosmos_contrastive/RubiksCubeLeftOfBowlMatchedTask/run_6.hdf5,/home/ali/projects/RoboLab/output/v1_cosmos_contrastive/RubiksCubeLeftOfBowlMatchedTask/log_6_env0.json
cosmos_contrastive_static32,cosmos3_edge_droid_wam,WAM,contrastive_goal,post_interim_direct_stress,static,32,left,7,7207,True,False,450,True,153,True,153,False,,False,0.5,0.5,0.5,0.008394472301006317,0.008394472301006317,False,"[0.29052734375, 0.1553955078125, 0.07867431640625]","[0.44384765625, 0.126708984375, 0.07733154296875]",rigid_object_root_pose_in_robot_frame,5da70e5190e75ede26d49b82bd15bde7731a94364c2aac9f66afcba565d6b1a8,fc559f0cfc5ca12d10657a1ad1680cef2b5702e443a114f6818291d9d72c7000,0.6666666865348816,90.379,200.8,15,6.025266666666667,79.054,169.434,/home/ali/projects/RoboLab/output/v1_cosmos_contrastive/RubiksCubeLeftOfBowlMatchedTask/run_7.hdf5,/home/ali/projects/RoboLab/output/v1_cosmos_contrastive/RubiksCubeLeftOfBowlMatchedTask/log_7_env0.json
cosmos_contrastive_static32,cosmos3_edge_droid_wam,WAM,contrastive_goal,post_interim_direct_stress,static,32,left,8,7208,True,False,450,True,62,True,62,False,,False,0.5,0.5,0.5,-0.3536182641983032,-0.3536182641983032,False,"[0.29052734375, 0.155517578125, 0.07867431640625]","[0.443359375, 0.126220703125, 0.07733154296875]",rigid_object_root_pose_in_robot_frame,5da70e5190e75ede26d49b82bd15bde7731a94364c2aac9f66afcba565d6b1a8,fc559f0cfc5ca12d10657a1ad1680cef2b5702e443a114f6818291d9d72c7000,0.6666666865348816,90.381,200.8,15,6.0254,82.357,172.737,/home/ali/projects/RoboLab/output/v1_cosmos_contrastive/RubiksCubeLeftOfBowlMatchedTask/run_8.hdf5,/home/ali/projects/RoboLab/output/v1_cosmos_contrastive/RubiksCubeLeftOfBowlMatchedTask/log_8_env0.json
cosmos_contrastive_static32,cosmos3_edge_droid_wam,WAM,contrastive_goal,post_interim_direct_stress,static,32,left,9,7209,True,False,450,True,62,True,62,False,,False,0.5,0.5,0.5,0.030255243182182312,0.030255243182182312,False,"[0.291259765625, 0.1533203125, 0.07867431640625]","[0.443359375, 0.126220703125, 0.07733154296875]",rigid_object_root_pose_in_robot_frame,5da70e5190e75ede26d49b82bd15bde7731a94364c2aac9f66afcba565d6b1a8,fc559f0cfc5ca12d10657a1ad1680cef2b5702e443a114f6818291d9d72c7000,0.6666666865348816,90.432,201.0,15,6.0288,76.876,167.308,/home/ali/projects/RoboLab/output/v1_cosmos_contrastive/RubiksCubeLeftOfBowlMatchedTask/run_9.hdf5,/home/ali/projects/RoboLab/output/v1_cosmos_contrastive/RubiksCubeLeftOfBowlMatchedTask/log_9_env0.json
cosmos_contrastive_static32,cosmos3_edge_droid_wam,WAM,contrastive_goal,post_interim_direct_stress,static,32,right,0,7200,True,False,450,True,57,True,57,False,,False,0.5,0.5,0.5,0.3702987730503082,-0.3702987730503082,False,"[0.292236328125, 0.1524658203125, 0.07867431640625]","[0.442626953125, 0.1265869140625, 0.07733154296875]",rigid_object_root_pose_in_robot_frame,5da70e5190e75ede26d49b82bd15bde7731a94364c2aac9f66afcba565d6b1a8,fc559f0cfc5ca12d10657a1ad1680cef2b5702e443a114f6818291d9d72c7000,0.6666666865348816,90.302,200.7,15,6.020133333333334,80.565,170.868,/home/ali/projects/RoboLab/output/v1_cosmos_contrastive/RubiksCubeRightOfBowlMatchedTask/run_0.hdf5,/home/ali/projects/RoboLab/output/v1_cosmos_contrastive/RubiksCubeRightOfBowlMatchedTask/log_0_env0.json
cosmos_contrastive_static32,cosmos3_edge_droid_wam,WAM,contrastive_goal,post_interim_direct_stress,static,32,right,1,7201,True,True,138,True,67,True,67,True,84,True,1.0,1.0,1.0,-0.40534497797489166,0.40534497797489166,False,"[0.290771484375, 0.1556396484375, 0.07867431640625]","[0.442626953125, 0.1259765625, 0.07733154296875]",rigid_object_root_pose_in_robot_frame,5da70e5190e75ede26d49b82bd15bde7731a94364c2aac9f66afcba565d6b1a8,fc559f0cfc5ca12d10657a1ad1680cef2b5702e443a114f6818291d9d72c7000,1.0,29.901,216.7,5,5.9802,25.444,55.345,/home/ali/projects/RoboLab/output/v1_cosmos_contrastive/RubiksCubeRightOfBowlMatchedTask/run_1.hdf5,/home/ali/projects/RoboLab/output/v1_cosmos_contrastive/RubiksCubeRightOfBowlMatchedTask/log_1_env0.json
cosmos_contrastive_static32,cosmos3_edge_droid_wam,WAM,contrastive_goal,post_interim_direct_stress,static,32,right,2,7202,True,True,290,True,64,True,64,True,194,True,1.0,1.0,1.0,-0.4183000475168228,0.4183000475168228,False,"[0.29052734375, 0.155517578125, 0.07867431640625]","[0.442626953125, 0.1260986328125, 0.07733154296875]",rigid_object_root_pose_in_robot_frame,5da70e5190e75ede26d49b82bd15bde7731a94364c2aac9f66afcba565d6b1a8,fc559f0cfc5ca12d10657a1ad1680cef2b5702e443a114f6818291d9d72c7000,1.0,60.001,206.9,10,6.0001,51.396,111.397,/home/ali/projects/RoboLab/output/v1_cosmos_contrastive/RubiksCubeRightOfBowlMatchedTask/run_2.hdf5,/home/ali/projects/RoboLab/output/v1_cosmos_contrastive/RubiksCubeRightOfBowlMatchedTask/log_2_env0.json
cosmos_contrastive_static32,cosmos3_edge_droid_wam,WAM,contrastive_goal,post_interim_direct_stress,static,32,right,3,7203,True,True,251,True,87,True,87,True,183,True,1.0,1.0,1.0,-0.43794310092926025,0.43794310092926025,False,"[0.29052734375, 0.155517578125, 0.07867431640625]","[0.4423828125, 0.1260986328125, 0.07733154296875]",rigid_object_root_pose_in_robot_frame,5da70e5190e75ede26d49b82bd15bde7731a94364c2aac9f66afcba565d6b1a8,fc559f0cfc5ca12d10657a1ad1680cef2b5702e443a114f6818291d9d72c7000,1.0,48.272,192.3,8,6.034,44.895,93.167,/home/ali/projects/RoboLab/output/v1_cosmos_contrastive/RubiksCubeRightOfBowlMatchedTask/run_3.hdf5,/home/ali/projects/RoboLab/output/v1_cosmos_contrastive/RubiksCubeRightOfBowlMatchedTask/log_3_env0.json
cosmos_contrastive_static32,cosmos3_edge_droid_wam,WAM,contrastive_goal,post_interim_direct_stress,static,32,right,4,7204,True,True,341,True,78,True,78,True,285,True,1.0,1.0,1.0,-0.3776019513607025,0.3776019513607025,False,"[0.29052734375, 0.155517578125, 0.07867431640625]","[0.44384765625, 0.126708984375, 0.07733154296875]",rigid_object_root_pose_in_robot_frame,5da70e5190e75ede26d49b82bd15bde7731a94364c2aac9f66afcba565d6b1a8,fc559f0cfc5ca12d10657a1ad1680cef2b5702e443a114f6818291d9d72c7000,1.0,66.307,194.4,11,6.027909090909091,59.76,126.067,/home/ali/projects/RoboLab/output/v1_cosmos_contrastive/RubiksCubeRightOfBowlMatchedTask/run_4.hdf5,/home/ali/projects/RoboLab/output/v1_cosmos_contrastive/RubiksCubeRightOfBowlMatchedTask/log_4_env0.json
cosmos_contrastive_static32,cosmos3_edge_droid_wam,WAM,contrastive_goal,post_interim_direct_stress,static,32,right,5,7205,True,True,124,True,71,True,71,True,89,True,1.0,1.0,1.0,-0.33477893471717834,0.33477893471717834,False,"[0.29052734375, 0.155517578125, 0.07867431640625]","[0.443359375, 0.126708984375, 0.07733154296875]",rigid_object_root_pose_in_robot_frame,5da70e5190e75ede26d49b82bd15bde7731a94364c2aac9f66afcba565d6b1a8,fc559f0cfc5ca12d10657a1ad1680cef2b5702e443a114f6818291d9d72c7000,1.0,24.151,194.8,4,6.03775,22.15,46.301,/home/ali/projects/RoboLab/output/v1_cosmos_contrastive/RubiksCubeRightOfBowlMatchedTask/run_5.hdf5,/home/ali/projects/RoboLab/output/v1_cosmos_contrastive/RubiksCubeRightOfBowlMatchedTask/log_5_env0.json
cosmos_contrastive_static32,cosmos3_edge_droid_wam,WAM,contrastive_goal,post_interim_direct_stress,static,32,right,6,7206,True,True,341,True,159,True,159,True,278,True,1.0,1.0,1.0,-0.3194452226161957,0.3194452226161957,False,"[0.29052734375, 0.155517578125, 0.07867431640625]","[0.443359375, 0.126708984375, 0.07733154296875]",rigid_object_root_pose_in_robot_frame,5da70e5190e75ede26d49b82bd15bde7731a94364c2aac9f66afcba565d6b1a8,fc559f0cfc5ca12d10657a1ad1680cef2b5702e443a114f6818291d9d72c7000,1.0,66.356,194.6,11,6.032363636363636,58.64,124.996,/home/ali/projects/RoboLab/output/v1_cosmos_contrastive/RubiksCubeRightOfBowlMatchedTask/run_6.hdf5,/home/ali/projects/RoboLab/output/v1_cosmos_contrastive/RubiksCubeRightOfBowlMatchedTask/log_6_env0.json
cosmos_contrastive_static32,cosmos3_edge_droid_wam,WAM,contrastive_goal,post_interim_direct_stress,static,32,right,7,7207,True,True,127,True,70,True,70,True,88,True,1.0,1.0,1.0,-0.40282660722732544,0.40282660722732544,False,"[0.29052734375, 0.155517578125, 0.07867431640625]","[0.442626953125, 0.1263427734375, 0.07733154296875]",rigid_object_root_pose_in_robot_frame,5da70e5190e75ede26d49b82bd15bde7731a94364c2aac9f66afcba565d6b1a8,fc559f0cfc5ca12d10657a1ad1680cef2b5702e443a114f6818291d9d72c7000,1.0,24.19,190.5,4,6.0475,22.143,46.332,/home/ali/projects/RoboLab/output/v1_cosmos_contrastive/RubiksCubeRightOfBowlMatchedTask/run_7.hdf5,/home/ali/projects/RoboLab/output/v1_cosmos_contrastive/RubiksCubeRightOfBowlMatchedTask/log_7_env0.json
cosmos_contrastive_static32,cosmos3_edge_droid_wam,WAM,contrastive_goal,post_interim_direct_stress,static,32,right,8,7208,True,True,222,True,73,True,73,True,185,True,1.0,1.0,1.0,-0.43483278155326843,0.43483278155326843,False,"[0.29052734375, 0.155517578125, 0.07867431640625]","[0.442626953125, 0.1263427734375, 0.07733154296875]",rigid_object_root_pose_in_robot_frame,5da70e5190e75ede26d49b82bd15bde7731a94364c2aac9f66afcba565d6b1a8,fc559f0cfc5ca12d10657a1ad1680cef2b5702e443a114f6818291d9d72c7000,1.0,42.28,190.5,7,6.04,39.143,81.424,/home/ali/projects/RoboLab/output/v1_cosmos_contrastive/RubiksCubeRightOfBowlMatchedTask/run_8.hdf5,/home/ali/projects/RoboLab/output/v1_cosmos_contrastive/RubiksCubeRightOfBowlMatchedTask/log_8_env0.json
cosmos_contrastive_static32,cosmos3_edge_droid_wam,WAM,contrastive_goal,post_interim_direct_stress,static,32,right,9,7209,True,True,121,True,60,True,60,True,80,True,1.0,1.0,1.0,-0.4216778427362442,0.4216778427362442,False,"[0.29052734375, 0.155517578125, 0.07867431640625]","[0.44287109375, 0.126708984375, 0.07733154296875]",rigid_object_root_pose_in_robot_frame,5da70e5190e75ede26d49b82bd15bde7731a94364c2aac9f66afcba565d6b1a8,fc559f0cfc5ca12d10657a1ad1680cef2b5702e443a114f6818291d9d72c7000,1.0,24.055,198.8,4,6.01375,22.028,46.083,/home/ali/projects/RoboLab/output/v1_cosmos_contrastive/RubiksCubeRightOfBowlMatchedTask/run_9.hdf5,/home/ali/projects/RoboLab/output/v1_cosmos_contrastive/RubiksCubeRightOfBowlMatchedTask/log_9_env0.json
