absolute_path,bytes,sha256
/home/ali/projects/RoboLab/output/v1_cosmos_canonical/RubiksCubeLeftOfBowlMatchedTask/env_cfg.json,43180,577bb3185b2dfe79163a2e436f560c98d03e03b7ff04375e7a9234f11fc94e27
/home/ali/projects/RoboLab/output/v1_cosmos_canonical/RubiksCubeLeftOfBowlMatchedTask/log_0_env0.json,2102,addc47b15248fb3683ccf1aec4fda0f9cebce998456de1972ee636ad5118bbee
/home/ali/projects/RoboLab/output/v1_cosmos_canonical/RubiksCubeLeftOfBowlMatchedTask/log_1_env0.json,1331,3f0dbd3ce30acfb487618793402a93ad869649c744f02d7e2a06fcd6e52205f8
/home/ali/projects/RoboLab/output/v1_cosmos_canonical/RubiksCubeLeftOfBowlMatchedTask/log_2_env0.json,2472,474c076787457831b58aea32207c810cb6207ca25572fbeaad26f6b5d8e93dd6
/home/ali/projects/RoboLab/output/v1_cosmos_canonical/RubiksCubeLeftOfBowlMatchedTask/log_3_env0.json,3127,a4b6ee40d1b3992407b9ebba73a9c61ee6a414e382c4299c61b071588e55b31b
/home/ali/projects/RoboLab/output/v1_cosmos_canonical/RubiksCubeLeftOfBowlMatchedTask/log_4_env0.json,1866,b86627277843e6c30f58a5afada1f740b1c7482e380c0df6a439d9ad4e7339ae
/home/ali/projects/RoboLab/output/v1_cosmos_canonical/RubiksCubeLeftOfBowlMatchedTask/log_5_env0.json,2320,f74cc16780c462fe80a4f92cf894b6b68a3a581bd1665f87f06df3ac337c2c93
/home/ali/projects/RoboLab/output/v1_cosmos_canonical/RubiksCubeLeftOfBowlMatchedTask/log_6_env0.json,1997,44eef1024c3fb8ec884d38250d9c519923630781aa1966bf8984d7c82297dcca
/home/ali/projects/RoboLab/output/v1_cosmos_canonical/RubiksCubeLeftOfBowlMatchedTask/log_7_env0.json,1450,a7e067ec4b9df99e2516b245f9dbff6ffca19773c17e5b44d0d80e219a04e4e1
/home/ali/projects/RoboLab/output/v1_cosmos_canonical/RubiksCubeLeftOfBowlMatchedTask/log_8_env0.json,2105,18792bfb43d836e492eb6c1ca0a069aa51fa1aebdc9cd460610d9dbdc1875755
/home/ali/projects/RoboLab/output/v1_cosmos_canonical/RubiksCubeLeftOfBowlMatchedTask/log_9_env0.json,1328,de2100086a77d6d767446406aa72c7d5037367132711c70f458692cff2b71baa
/home/ali/projects/RoboLab/output/v1_cosmos_canonical/RubiksCubeLeftOfBowlMatchedTask/predicted_chunks/episode_000/chunk_000/action.npy,1152,18b384763898cd7bcca3e5411e5f1d86a85353a315eb113299a1f91324469f80
/home/ali/projects/RoboLab/output/v1_cosmos_canonical/RubiksCubeLeftOfBowlMatchedTask/predicted_chunks/episode_000/chunk_000/conditioning.png,573226,642e5ad02bcf22bff79e50880988195e72ec22569ea0f3933c66801593d84c04
/home/ali/projects/RoboLab/output/v1_cosmos_canonical/RubiksCubeLeftOfBowlMatchedTask/predicted_chunks/episode_000/chunk_000/future.mp4,536272,2c7f003d487c2a82007ee227cbea5114bd327a1928552f477c5a197120d6f042
/home/ali/projects/RoboLab/output/v1_cosmos_canonical/RubiksCubeLeftOfBowlMatchedTask/predicted_chunks/episode_000/chunk_000/metadata.json,784,c0fae584d212fad14db547af12f1f6243ceeaf7c3ff7f03c8deaa05543bf4e53
/home/ali/projects/RoboLab/output/v1_cosmos_canonical/RubiksCubeLeftOfBowlMatchedTask/predicted_chunks/episode_000/chunk_001/action.npy,1152,a7b9be6cbfc27673e09982c531694d9c67b1e0cf5b6121a4e01e84705e47d67b
/home/ali/projects/RoboLab/output/v1_cosmos_canonical/RubiksCubeLeftOfBowlMatchedTask/predicted_chunks/episode_000/chunk_001/conditioning.png,548533,d88731dd128bbb413a37f02b4911364c6f97cc900c25756d4421287c01118964
/home/ali/projects/RoboLab/output/v1_cosmos_canonical/RubiksCubeLeftOfBowlMatchedTask/predicted_chunks/episode_000/chunk_001/future.mp4,480925,e51f1942478769bd71caf8d1cee28bb616829d924e67a0a0ee16cf49557811bb
/home/ali/projects/RoboLab/output/v1_cosmos_canonical/RubiksCubeLeftOfBowlMatchedTask/predicted_chunks/episode_000/chunk_001/metadata.json,868,9231a712b0686588acd9e2a9d417d7c51fe7cf90e809754b68badfea4e348c5c
/home/ali/projects/RoboLab/output/v1_cosmos_canonical/RubiksCubeLeftOfBowlMatchedTask/predicted_chunks/episode_000/chunk_002/action.npy,1152,05ef17e4848af58ed7fb83f2eac00e81ed31b30bddf9422b6465eb0874fbaa1b
/home/ali/projects/RoboLab/output/v1_cosmos_canonical/RubiksCubeLeftOfBowlMatchedTask/predicted_chunks/episode_000/chunk_002/conditioning.png,554793,db257e4071e13c39bd7fe3124cbd5f2ac652bd0a7227ac5beffef610fdab6488
/home/ali/projects/RoboLab/output/v1_cosmos_canonical/RubiksCubeLeftOfBowlMatchedTask/predicted_chunks/episode_000/chunk_002/future.mp4,518663,87ab7019a67eaa8dca908917f23949fa2a44171c30d79ff1d2c20949276af3dd
/home/ali/projects/RoboLab/output/v1_cosmos_canonical/RubiksCubeLeftOfBowlMatchedTask/predicted_chunks/episode_000/chunk_002/metadata.json,864,5e9cb289a39111c3c39afd9f10718444a767714bc3f019ef642e3008d67af78b
/home/ali/projects/RoboLab/output/v1_cosmos_canonical/RubiksCubeLeftOfBowlMatchedTask/predicted_chunks/episode_000/chunk_003/action.npy,1152,38971e89eb102925a2f675dc16754955b9180c655f16d53a4c65287683877224
/home/ali/projects/RoboLab/output/v1_cosmos_canonical/RubiksCubeLeftOfBowlMatchedTask/predicted_chunks/episode_000/chunk_003/conditioning.png,562670,bce6c634a5efea84ac2d8574cd4a8473953edce069dea3e49f3f24faaceacae8
/home/ali/projects/RoboLab/output/v1_cosmos_canonical/RubiksCubeLeftOfBowlMatchedTask/predicted_chunks/episode_000/chunk_003/future.mp4,478112,bfbaf69a887f57bfa9083c47738e2c6e765bb37c419af71746dd617391b5a45a
/home/ali/projects/RoboLab/output/v1_cosmos_canonical/RubiksCubeLeftOfBowlMatchedTask/predicted_chunks/episode_000/chunk_003/metadata.json,865,f2549d3cbfc10b561feb4a6e70e85274bcde2ed99e3076fe06b9486bbca3ee91
/home/ali/projects/RoboLab/output/v1_cosmos_canonical/RubiksCubeLeftOfBowlMatchedTask/predicted_chunks/episode_000/chunk_004/action.npy,1152,5e449618ffaba2006a6528bc998ab327bd7fd5f22c2b59a30da5a87f81c78c59
/home/ali/projects/RoboLab/output/v1_cosmos_canonical/RubiksCubeLeftOfBowlMatchedTask/predicted_chunks/episode_000/chunk_004/conditioning.png,537939,ce3e148709793973f7fce0797e9c5ef7b257ac93a8c06e606b5e332b64b378a4
/home/ali/projects/RoboLab/output/v1_cosmos_canonical/RubiksCubeLeftOfBowlMatchedTask/predicted_chunks/episode_000/chunk_004/future.mp4,501446,0a05796a9374c3d2944ea29c9ccd4323b529d18e3256987de247fb7ef6f2364f
/home/ali/projects/RoboLab/output/v1_cosmos_canonical/RubiksCubeLeftOfBowlMatchedTask/predicted_chunks/episode_000/chunk_004/metadata.json,865,a697b6b4b79d5d80ec5404b4c33237ba6119cdf455f003207ecf575f8dd92f4e
/home/ali/projects/RoboLab/output/v1_cosmos_canonical/RubiksCubeLeftOfBowlMatchedTask/predicted_chunks/episode_000/chunk_005/action.npy,1152,ed66effa13db29453b8efc11b1cf01dfec72335891cf18eced04e522316a2d01
/home/ali/projects/RoboLab/output/v1_cosmos_canonical/RubiksCubeLeftOfBowlMatchedTask/predicted_chunks/episode_000/chunk_005/conditioning.png,586932,c364e973a1642ad1a436d03bc8b3e22ab88792ba475d3f1912706ac7a216ac0d
/home/ali/projects/RoboLab/output/v1_cosmos_canonical/RubiksCubeLeftOfBowlMatchedTask/predicted_chunks/episode_000/chunk_005/future.mp4,558428,56e9efaa5ec5a8be957025e18887cf79c3baca592ecb7eb25ab24c7db1c22c3f
/home/ali/projects/RoboLab/output/v1_cosmos_canonical/RubiksCubeLeftOfBowlMatchedTask/predicted_chunks/episode_000/chunk_005/metadata.json,870,592eeb76450787196698e444a18d8d33a485a7b9a5618549fc8e224080f178a9
/home/ali/projects/RoboLab/output/v1_cosmos_canonical/RubiksCubeLeftOfBowlMatchedTask/predicted_chunks/episode_000/chunk_006/action.npy,1152,ad40017d5b4c77516e6c36806a62aa4c3f6e28e9259245c90edf94e66fa019d0
/home/ali/projects/RoboLab/output/v1_cosmos_canonical/RubiksCubeLeftOfBowlMatchedTask/predicted_chunks/episode_000/chunk_006/conditioning.png,560776,21ac720445e24d90d7c0cd7e88075b35b2077da6924e96f9e7ffb65bd52db2c1
/home/ali/projects/RoboLab/output/v1_cosmos_canonical/RubiksCubeLeftOfBowlMatchedTask/predicted_chunks/episode_000/chunk_006/future.mp4,420670,3b760a08fecf3aa86a7408c80ce9cfa129a8e1f81c97c4ce4b2b52e9dc6188e9
/home/ali/projects/RoboLab/output/v1_cosmos_canonical/RubiksCubeLeftOfBowlMatchedTask/predicted_chunks/episode_000/chunk_006/metadata.json,869,6725c6472c9c97848baff544a237998b2196f305531cc384e1ecbf96188d3c47
/home/ali/projects/RoboLab/output/v1_cosmos_canonical/RubiksCubeLeftOfBowlMatchedTask/predicted_chunks/episode_000/chunk_007/action.npy,1152,9c96ad4faf28db3ce003d977c811454b98ed470d9bb753658f37984cf3ff4ca5
/home/ali/projects/RoboLab/output/v1_cosmos_canonical/RubiksCubeLeftOfBowlMatchedTask/predicted_chunks/episode_000/chunk_007/conditioning.png,567623,2e14118ef69ea9c9f045575f0539348eccab98047247312f3d90957316f68847
/home/ali/projects/RoboLab/output/v1_cosmos_canonical/RubiksCubeLeftOfBowlMatchedTask/predicted_chunks/episode_000/chunk_007/future.mp4,433149,5aa9e87ed5afbd99baa7acdc62d12711233a1c126b33845cf62b429782a22f01
/home/ali/projects/RoboLab/output/v1_cosmos_canonical/RubiksCubeLeftOfBowlMatchedTask/predicted_chunks/episode_000/chunk_007/metadata.json,869,586c546712071cf57de5dba26510d70df927fc0a1adba9ffeb68c695e82ffef8
/home/ali/projects/RoboLab/output/v1_cosmos_canonical/RubiksCubeLeftOfBowlMatchedTask/predicted_chunks/episode_000/chunk_008/action.npy,1152,c1787f4519e8113250b68ce0d9ab164e8a1bdf9d2a4849bcedd0d203d680e4c3
/home/ali/projects/RoboLab/output/v1_cosmos_canonical/RubiksCubeLeftOfBowlMatchedTask/predicted_chunks/episode_000/chunk_008/conditioning.png,561795,958636521d48efc3aab8053bc78c951a9ba39679b35517ca7fc8f4dbb0866ef6
/home/ali/projects/RoboLab/output/v1_cosmos_canonical/RubiksCubeLeftOfBowlMatchedTask/predicted_chunks/episode_000/chunk_008/future.mp4,436465,6f2b1788a94c8e321e655e4da3c221196f7eecb12d3eca02ea38177c26b03fb2
/home/ali/projects/RoboLab/output/v1_cosmos_canonical/RubiksCubeLeftOfBowlMatchedTask/predicted_chunks/episode_000/chunk_008/metadata.json,868,cb92c1f3439c8e433382dfae9caf34220655aff1c7fc868a1f7719e7ee52a29d
/home/ali/projects/RoboLab/output/v1_cosmos_canonical/RubiksCubeLeftOfBowlMatchedTask/predicted_chunks/episode_000/chunk_009/action.npy,1152,d6d091c4f9202d02023ef2ec436d93e23b0c523168b7810f1cebae905665e44b
/home/ali/projects/RoboLab/output/v1_cosmos_canonical/RubiksCubeLeftOfBowlMatchedTask/predicted_chunks/episode_000/chunk_009/conditioning.png,564323,50463ae538d8967679701f6847840a6c01e2187e5e1edc7639f13220fea19f37
/home/ali/projects/RoboLab/output/v1_cosmos_canonical/RubiksCubeLeftOfBowlMatchedTask/predicted_chunks/episode_000/chunk_009/future.mp4,489442,46ebd04ede2574f6a01e4445ef7adef973c755e7ca1d8ecd8e511dab0ebca3a8
/home/ali/projects/RoboLab/output/v1_cosmos_canonical/RubiksCubeLeftOfBowlMatchedTask/predicted_chunks/episode_000/chunk_009/metadata.json,869,ac6a7551010f1fb4e890eb83720e954f4736ecd644d5acbdb189383faa84a82e
/home/ali/projects/RoboLab/output/v1_cosmos_canonical/RubiksCubeLeftOfBowlMatchedTask/predicted_chunks/episode_000/chunk_010/action.npy,1152,f97951a038ab3a89967f4702b636107082b2added60042bc56dd3eddb82ea7d2
/home/ali/projects/RoboLab/output/v1_cosmos_canonical/RubiksCubeLeftOfBowlMatchedTask/predicted_chunks/episode_000/chunk_010/conditioning.png,533669,523867c8f8f0ce0213c3e270cd8656d30037de4cb10dbc52f32b459efa1f0b71
/home/ali/projects/RoboLab/output/v1_cosmos_canonical/RubiksCubeLeftOfBowlMatchedTask/predicted_chunks/episode_000/chunk_010/future.mp4,347422,5559405d8c8078776b21081c903091caef8b56ca637ebd57b8e3a34388ea48d3
/home/ali/projects/RoboLab/output/v1_cosmos_canonical/RubiksCubeLeftOfBowlMatchedTask/predicted_chunks/episode_000/chunk_010/metadata.json,868,933a1cc4705bf775f4161380ec2b0e4173f53c6e66012556b35ff2e3fe04bc4a
/home/ali/projects/RoboLab/output/v1_cosmos_canonical/RubiksCubeLeftOfBowlMatchedTask/predicted_chunks/episode_001/chunk_000/action.npy,1152,e1ee6c1196fab7b4d1bd9b3a27fd4162231ec9ff5800a3413109dca783eba965
/home/ali/projects/RoboLab/output/v1_cosmos_canonical/RubiksCubeLeftOfBowlMatchedTask/predicted_chunks/episode_001/chunk_000/conditioning.png,572814,13fbca32876edc7a3b99bc4e1fcf30ab0926c38e3a3368ec1b042c1d57e30809
/home/ali/projects/RoboLab/output/v1_cosmos_canonical/RubiksCubeLeftOfBowlMatchedTask/predicted_chunks/episode_001/chunk_000/future.mp4,510328,74fb0eab1abe8244bfad21d25c094945e41ef4f14980e730d021ddc667283145
/home/ali/projects/RoboLab/output/v1_cosmos_canonical/RubiksCubeLeftOfBowlMatchedTask/predicted_chunks/episode_001/chunk_000/metadata.json,784,44f8c221b34929e3ccfd63983819e8630b2b2d9606cf6d34a67c6b3fd7acaa37
/home/ali/projects/RoboLab/output/v1_cosmos_canonical/RubiksCubeLeftOfBowlMatchedTask/predicted_chunks/episode_001/chunk_001/action.npy,1152,9c06eafc049a6b3ce9e0eef97622d36b994df272161600bfdfe7c10962300d67
/home/ali/projects/RoboLab/output/v1_cosmos_canonical/RubiksCubeLeftOfBowlMatchedTask/predicted_chunks/episode_001/chunk_001/conditioning.png,554523,5a34e8f5b603b70c5e1e13af39a20317475f569b81ef6ae27dfb719d7817637b
/home/ali/projects/RoboLab/output/v1_cosmos_canonical/RubiksCubeLeftOfBowlMatchedTask/predicted_chunks/episode_001/chunk_001/future.mp4,460987,f71c59b50d16228c573a47f90b55b41f0ec631bdcb91a7d26dd4a1a7555416c3
/home/ali/projects/RoboLab/output/v1_cosmos_canonical/RubiksCubeLeftOfBowlMatchedTask/predicted_chunks/episode_001/chunk_001/metadata.json,864,d6994f07706b8a8492907c4385c2650952139d221075de3139a18ed30dba6f77
/home/ali/projects/RoboLab/output/v1_cosmos_canonical/RubiksCubeLeftOfBowlMatchedTask/predicted_chunks/episode_001/chunk_002/action.npy,1152,b97d9edf932234ccdc4b4cb9f304cf4939082d0f49e181217b9066177d36adae
/home/ali/projects/RoboLab/output/v1_cosmos_canonical/RubiksCubeLeftOfBowlMatchedTask/predicted_chunks/episode_001/chunk_002/conditioning.png,537111,7c035d8e91ab7ead11dfa11e57318933ae25b50552773a13fd63c68f1dd4e65c
/home/ali/projects/RoboLab/output/v1_cosmos_canonical/RubiksCubeLeftOfBowlMatchedTask/predicted_chunks/episode_001/chunk_002/future.mp4,433735,2f491b7140d8542f21ab2fa028cd034ae45dbcb1bcce4aa14d85d06099cf82af
/home/ali/projects/RoboLab/output/v1_cosmos_canonical/RubiksCubeLeftOfBowlMatchedTask/predicted_chunks/episode_001/chunk_002/metadata.json,865,b3cbd3781822bca37bd3f3f650eb278902c1b78d2547222cec4d38db5b7fd390
/home/ali/projects/RoboLab/output/v1_cosmos_canonical/RubiksCubeLeftOfBowlMatchedTask/predicted_chunks/episode_001/chunk_003/action.npy,1152,27c1df2314ed677b7b8d5482a02f4bfc24462a4271020dd6c056de803846f985
/home/ali/projects/RoboLab/output/v1_cosmos_canonical/RubiksCubeLeftOfBowlMatchedTask/predicted_chunks/episode_001/chunk_003/conditioning.png,530948,d192c95fb325d36f556192e6799d5c0c1883ec00154731fc7574288bd17090c1
/home/ali/projects/RoboLab/output/v1_cosmos_canonical/RubiksCubeLeftOfBowlMatchedTask/predicted_chunks/episode_001/chunk_003/future.mp4,381215,d137c657c88c2b30e135bbf4ad8a841e31a0dfac39a904d84fce5d81016d2b14
/home/ali/projects/RoboLab/output/v1_cosmos_canonical/RubiksCubeLeftOfBowlMatchedTask/predicted_chunks/episode_001/chunk_003/metadata.json,868,a0e20920716dbbec3ef269d338188b0bf8d1e1691d99080b8673dae9467e12f7
/home/ali/projects/RoboLab/output/v1_cosmos_canonical/RubiksCubeLeftOfBowlMatchedTask/predicted_chunks/episode_001/chunk_004/action.npy,1152,3f27590ae0f2eef04e389ae28f0895dad0930cd70fcd8d87a418937a481e7cc4
/home/ali/projects/RoboLab/output/v1_cosmos_canonical/RubiksCubeLeftOfBowlMatchedTask/predicted_chunks/episode_001/chunk_004/conditioning.png,526157,1ae9124d3a67da863feeaca5261c409a8d6dd98497e2e22969dec8c602ab33fe
/home/ali/projects/RoboLab/output/v1_cosmos_canonical/RubiksCubeLeftOfBowlMatchedTask/predicted_chunks/episode_001/chunk_004/future.mp4,406045,2c776b4731f6cb72ddee0b6ecc99b264dbdc97b4748322f36838959c9c54e86b
/home/ali/projects/RoboLab/output/v1_cosmos_canonical/RubiksCubeLeftOfBowlMatchedTask/predicted_chunks/episode_001/chunk_004/metadata.json,865,95d077f9fd1c633cd462397b0bcce3338fd52b2d0ffb7c76db03d8292500337e
/home/ali/projects/RoboLab/output/v1_cosmos_canonical/RubiksCubeLeftOfBowlMatchedTask/predicted_chunks/episode_001/chunk_005/action.npy,1152,fe5fa2b853cb1b4bcdd04ac1692d27743d97e1825b014ebb3fea77f0e38cf208
/home/ali/projects/RoboLab/output/v1_cosmos_canonical/RubiksCubeLeftOfBowlMatchedTask/predicted_chunks/episode_001/chunk_005/conditioning.png,499719,5b342dc72020c865dbac004b4e8dcff0c6649ab15703c8d7c1a6d0d536293fac
/home/ali/projects/RoboLab/output/v1_cosmos_canonical/RubiksCubeLeftOfBowlMatchedTask/predicted_chunks/episode_001/chunk_005/future.mp4,385342,8797acb57364f0155f4206ebc1ed47c8a47f23b42d2858d0e1923c31c99d1b2b
/home/ali/projects/RoboLab/output/v1_cosmos_canonical/RubiksCubeLeftOfBowlMatchedTask/predicted_chunks/episode_001/chunk_005/metadata.json,847,a606a061be422c255bc8b78512365c22679234a72ad300f24bde507efd2161d3
/home/ali/projects/RoboLab/output/v1_cosmos_canonical/RubiksCubeLeftOfBowlMatchedTask/predicted_chunks/episode_001/chunk_006/action.npy,1152,5bf33bf416b00852d1d8e8a7f0971017d5bd7918a2876bdb9d3f1489a6ec3fd9
/home/ali/projects/RoboLab/output/v1_cosmos_canonical/RubiksCubeLeftOfBowlMatchedTask/predicted_chunks/episode_001/chunk_006/conditioning.png,469484,c3ff00ade32cabd37f42e18d4735ed7cf92b1fb25f70842585ea6ae879f9b6d5
/home/ali/projects/RoboLab/output/v1_cosmos_canonical/RubiksCubeLeftOfBowlMatchedTask/predicted_chunks/episode_001/chunk_006/future.mp4,438489,00079c7d3e380eb5520cf21c108163bc25c486e6a9dd00b513b549fdab427d8c
/home/ali/projects/RoboLab/output/v1_cosmos_canonical/RubiksCubeLeftOfBowlMatchedTask/predicted_chunks/episode_001/chunk_006/metadata.json,862,1ece3fc947cdde7f0f3cdb22f785d18b1e4f9db4bc15d09fe0d1d7f915fae4bc
/home/ali/projects/RoboLab/output/v1_cosmos_canonical/RubiksCubeLeftOfBowlMatchedTask/predicted_chunks/episode_001/chunk_007/action.npy,1152,4fae80450e1676ad0d4ae409b0ef373cdecfd27cef0acad813ada681f123ed55
/home/ali/projects/RoboLab/output/v1_cosmos_canonical/RubiksCubeLeftOfBowlMatchedTask/predicted_chunks/episode_001/chunk_007/conditioning.png,510998,ba1691869e0038d0ff65aa2bf139151a9499ac03eee9e9c95cae35e19ff44923
/home/ali/projects/RoboLab/output/v1_cosmos_canonical/RubiksCubeLeftOfBowlMatchedTask/predicted_chunks/episode_001/chunk_007/future.mp4,485302,3179d85bdd549d977249ed28aca26a0d8829f6321a87df87e130e186540f81c2
/home/ali/projects/RoboLab/output/v1_cosmos_canonical/RubiksCubeLeftOfBowlMatchedTask/predicted_chunks/episode_001/chunk_007/metadata.json,866,a3fb695db4dfb46b9fafd68e572e5deb7c4c128deed52b9af12a4c2db566961f
/home/ali/projects/RoboLab/output/v1_cosmos_canonical/RubiksCubeLeftOfBowlMatchedTask/predicted_chunks/episode_001/chunk_008/action.npy,1152,5e4cb97fdaa99241cb21a146fede1e3e5ecc81dc99b4e10534a561956cbba9ae
/home/ali/projects/RoboLab/output/v1_cosmos_canonical/RubiksCubeLeftOfBowlMatchedTask/predicted_chunks/episode_001/chunk_008/conditioning.png,474642,3d5946aec2b54ec7939df15235297eead20c80ba1493f79fd94459451c71f50a
/home/ali/projects/RoboLab/output/v1_cosmos_canonical/RubiksCubeLeftOfBowlMatchedTask/predicted_chunks/episode_001/chunk_008/future.mp4,450160,2978c5b6df9d112eb319d3f58dc8e893c9d76055f9b6ee7b2c7253ab5a5e307d
/home/ali/projects/RoboLab/output/v1_cosmos_canonical/RubiksCubeLeftOfBowlMatchedTask/predicted_chunks/episode_001/chunk_008/metadata.json,847,9a0639fcb5d5a4be90a1ad0ad165446221b642c737abe87443c9b236a421cc45
/home/ali/projects/RoboLab/output/v1_cosmos_canonical/RubiksCubeLeftOfBowlMatchedTask/predicted_chunks/episode_001/chunk_009/action.npy,1152,8d61497595e154ee60da3f459fff3310386fc133965809afeedce68c07050212
/home/ali/projects/RoboLab/output/v1_cosmos_canonical/RubiksCubeLeftOfBowlMatchedTask/predicted_chunks/episode_001/chunk_009/conditioning.png,548514,ca88d3b0ac8dbec7bb9cb6b1b499a9391278fb1808da0c7d8bd97018c5a7d110
/home/ali/projects/RoboLab/output/v1_cosmos_canonical/RubiksCubeLeftOfBowlMatchedTask/predicted_chunks/episode_001/chunk_009/future.mp4,459093,62fe8adc5d17c23604d2cba1c5c255115e55e715cd6e0f89590d766392143816
/home/ali/projects/RoboLab/output/v1_cosmos_canonical/RubiksCubeLeftOfBowlMatchedTask/predicted_chunks/episode_001/chunk_009/metadata.json,866,a98a018077a5e6dad17adaf496e73b14175ae1bd6b6aa3246e80bd045f7ad0c6
/home/ali/projects/RoboLab/output/v1_cosmos_canonical/RubiksCubeLeftOfBowlMatchedTask/predicted_chunks/episode_001/chunk_010/action.npy,1152,6b68e1f5313eb69a220a0d2c181672e6d35d5742fbe8247e0702efa0608c0920
/home/ali/projects/RoboLab/output/v1_cosmos_canonical/RubiksCubeLeftOfBowlMatchedTask/predicted_chunks/episode_001/chunk_010/conditioning.png,533845,f16cf24d58391cde2f9590c07ce2a43cec5751909fab53ccba6573c3baeedd09
/home/ali/projects/RoboLab/output/v1_cosmos_canonical/RubiksCubeLeftOfBowlMatchedTask/predicted_chunks/episode_001/chunk_010/future.mp4,363569,15bf4f6a9546604a9656839e2b3d103a55a243c4188524adf802d48291928582
/home/ali/projects/RoboLab/output/v1_cosmos_canonical/RubiksCubeLeftOfBowlMatchedTask/predicted_chunks/episode_001/chunk_010/metadata.json,867,f58c61daf12cd87c9c4ebe6dc3d4a97dcdbb6c0445f42ce0025137e00604caf2
/home/ali/projects/RoboLab/output/v1_cosmos_canonical/RubiksCubeLeftOfBowlMatchedTask/predicted_chunks/episode_002/chunk_000/action.npy,1152,2da52894a6b4510e66d51385f7b0f39eae5250fb4a12190ed5b2ed843ddd538d
/home/ali/projects/RoboLab/output/v1_cosmos_canonical/RubiksCubeLeftOfBowlMatchedTask/predicted_chunks/episode_002/chunk_000/conditioning.png,570688,5d908f674b671b2c30277cb1d72405abccaa4dbe104cd413ff294a76426ed96f
/home/ali/projects/RoboLab/output/v1_cosmos_canonical/RubiksCubeLeftOfBowlMatchedTask/predicted_chunks/episode_002/chunk_000/future.mp4,496888,00a813a3cd090c278703f5d86a3a89d8a14dd28222252207612ed368e14944e2
/home/ali/projects/RoboLab/output/v1_cosmos_canonical/RubiksCubeLeftOfBowlMatchedTask/predicted_chunks/episode_002/chunk_000/metadata.json,784,92882dd3126d0ad9e69f97ca63240fb16c14e8cb5c72536c3514ac92d71cd487
/home/ali/projects/RoboLab/output/v1_cosmos_canonical/RubiksCubeLeftOfBowlMatchedTask/predicted_chunks/episode_002/chunk_001/action.npy,1152,4f011cf7ab4abf7680c2276440ee8668a8ec33a89c2f8b6e2baa2cec030eb985
/home/ali/projects/RoboLab/output/v1_cosmos_canonical/RubiksCubeLeftOfBowlMatchedTask/predicted_chunks/episode_002/chunk_001/conditioning.png,562073,9911fbb662c026ee27ca6c681c8288126b48b8e85d607f0a8ad9b76ae3b5f046
/home/ali/projects/RoboLab/output/v1_cosmos_canonical/RubiksCubeLeftOfBowlMatchedTask/predicted_chunks/episode_002/chunk_001/future.mp4,452113,3c4c0c5935297f2beb6ce165e617b5400e96e776452ca7b65adef1e980f1abf5
/home/ali/projects/RoboLab/output/v1_cosmos_canonical/RubiksCubeLeftOfBowlMatchedTask/predicted_chunks/episode_002/chunk_001/metadata.json,867,5faef9789bbd28bd33c017297f230557f9d8f674bdd48205d651bc0d08710653
/home/ali/projects/RoboLab/output/v1_cosmos_canonical/RubiksCubeLeftOfBowlMatchedTask/predicted_chunks/episode_002/chunk_002/action.npy,1152,85774c93e7d44c095847a2d9d302d03c1d4462a9060a2d94881895e5b40699c9
/home/ali/projects/RoboLab/output/v1_cosmos_canonical/RubiksCubeLeftOfBowlMatchedTask/predicted_chunks/episode_002/chunk_002/conditioning.png,542772,fff6d729786623f4421cfc50a6600f1b29f359d535d8d88fb5d1e88a5d5bd130
/home/ali/projects/RoboLab/output/v1_cosmos_canonical/RubiksCubeLeftOfBowlMatchedTask/predicted_chunks/episode_002/chunk_002/future.mp4,509579,62de29809e5a10dd1f8d71e11521d5a845b2157979dcc67876ce9b262b32349a
/home/ali/projects/RoboLab/output/v1_cosmos_canonical/RubiksCubeLeftOfBowlMatchedTask/predicted_chunks/episode_002/chunk_002/metadata.json,845,d05931c56235a930c197108ed3f52c856d6aaea1acbd148f45ae5a9525e1546d
/home/ali/projects/RoboLab/output/v1_cosmos_canonical/RubiksCubeLeftOfBowlMatchedTask/predicted_chunks/episode_002/chunk_003/action.npy,1152,9ae077a055e16f8826385cf081ba0c527228e50f24e94e9440f2c7ce8a95ba71
/home/ali/projects/RoboLab/output/v1_cosmos_canonical/RubiksCubeLeftOfBowlMatchedTask/predicted_chunks/episode_002/chunk_003/conditioning.png,538366,1d0ffd888262b0c080d89fd7e01c8b36c49a5289f696e66a8b61ca753749c385
/home/ali/projects/RoboLab/output/v1_cosmos_canonical/RubiksCubeLeftOfBowlMatchedTask/predicted_chunks/episode_002/chunk_003/future.mp4,490667,6b69d895152dfa6026eaf3bc6a348ee3f94990eaa7dcda03ad0fbc608e07a209
/home/ali/projects/RoboLab/output/v1_cosmos_canonical/RubiksCubeLeftOfBowlMatchedTask/predicted_chunks/episode_002/chunk_003/metadata.json,845,4c0af155b266a2ccaa40710142930a29a3a559924cf7036e9799950efb17ee9b
/home/ali/projects/RoboLab/output/v1_cosmos_canonical/RubiksCubeLeftOfBowlMatchedTask/predicted_chunks/episode_002/chunk_004/action.npy,1152,004d55a538cac920dd63980f56e70cbca9d8daf41324ada4bceed424157035ef
/home/ali/projects/RoboLab/output/v1_cosmos_canonical/RubiksCubeLeftOfBowlMatchedTask/predicted_chunks/episode_002/chunk_004/conditioning.png,505607,aeec83307a08cf45e4bb4e77cee7786b45f76c6349d3b8203afdcfbf85b9bb14
/home/ali/projects/RoboLab/output/v1_cosmos_canonical/RubiksCubeLeftOfBowlMatchedTask/predicted_chunks/episode_002/chunk_004/future.mp4,385289,378a4e855f3d9178f1efb2edcc3c272c4df5f73ee6316998a51406852d1d67c5
/home/ali/projects/RoboLab/output/v1_cosmos_canonical/RubiksCubeLeftOfBowlMatchedTask/predicted_chunks/episode_002/chunk_004/metadata.json,847,cc6496d76305d954ba9cc4265b3a1467e9e0864992ea345a80dc4c4be93be773
/home/ali/projects/RoboLab/output/v1_cosmos_canonical/RubiksCubeLeftOfBowlMatchedTask/predicted_chunks/episode_002/chunk_005/action.npy,1152,da6dcdd13f660c17ef08293c3cd11767d7348822d77a8bf6396305b445f20ee8
/home/ali/projects/RoboLab/output/v1_cosmos_canonical/RubiksCubeLeftOfBowlMatchedTask/predicted_chunks/episode_002/chunk_005/conditioning.png,516892,27b0952aace044d507bbd79df6ab39662c65f76842bb6e039659fe28cac57eab
/home/ali/projects/RoboLab/output/v1_cosmos_canonical/RubiksCubeLeftOfBowlMatchedTask/predicted_chunks/episode_002/chunk_005/future.mp4,417151,d5e580834a04125c097108ff065d0b837266e87f833ebb47cffdb177ab86a8be
/home/ali/projects/RoboLab/output/v1_cosmos_canonical/RubiksCubeLeftOfBowlMatchedTask/predicted_chunks/episode_002/chunk_005/metadata.json,867,6969f709f22633ad240c805016a286c5135a41c50ecc934f6ce3387936a80078
/home/ali/projects/RoboLab/output/v1_cosmos_canonical/RubiksCubeLeftOfBowlMatchedTask/predicted_chunks/episode_002/chunk_006/action.npy,1152,7894b0e2304d90f0b823f2fd38295c59a2a0d8c5728c350aeb7a404c84ad002e
/home/ali/projects/RoboLab/output/v1_cosmos_canonical/RubiksCubeLeftOfBowlMatchedTask/predicted_chunks/episode_002/chunk_006/conditioning.png,522011,d00970dae81c21d1a3ee44e1c87157bfc22d34434d000ce1279233bc377725e5
/home/ali/projects/RoboLab/output/v1_cosmos_canonical/RubiksCubeLeftOfBowlMatchedTask/predicted_chunks/episode_002/chunk_006/future.mp4,472903,743a9c1afa310366401005b1926be232b4fc35671732eb91e6b3fd600d34e259
/home/ali/projects/RoboLab/output/v1_cosmos_canonical/RubiksCubeLeftOfBowlMatchedTask/predicted_chunks/episode_002/chunk_006/metadata.json,866,c3ed55d456b7d7aa2531364856a5c2cb2710482d4b4909f553c65e4ab7002a42
/home/ali/projects/RoboLab/output/v1_cosmos_canonical/RubiksCubeLeftOfBowlMatchedTask/predicted_chunks/episode_002/chunk_007/action.npy,1152,be9751b57e9d92f2bff35209ccbfb536907fec503aa48badc273b1035c6e2c83
/home/ali/projects/RoboLab/output/v1_cosmos_canonical/RubiksCubeLeftOfBowlMatchedTask/predicted_chunks/episode_002/chunk_007/conditioning.png,515549,5dce1141520d1ffcb37eca055c7f8c24b740e4f0308d1f12740c3fc5e1643fa2
/home/ali/projects/RoboLab/output/v1_cosmos_canonical/RubiksCubeLeftOfBowlMatchedTask/predicted_chunks/episode_002/chunk_007/future.mp4,382021,1f11cdbff3ec03aa53e16178315e71d03149597cbec127a5000dd6f738306ad8
/home/ali/projects/RoboLab/output/v1_cosmos_canonical/RubiksCubeLeftOfBowlMatchedTask/predicted_chunks/episode_002/chunk_007/metadata.json,866,065ad113e98bbc822f4f0be2f316251ad8df40cee8fe0ea089af70a5457a78ce
/home/ali/projects/RoboLab/output/v1_cosmos_canonical/RubiksCubeLeftOfBowlMatchedTask/predicted_chunks/episode_002/chunk_008/action.npy,1152,ab6520c905dc237d16da1dfc0e23911abda0d9d819ebc12f7086df43b84c6513
/home/ali/projects/RoboLab/output/v1_cosmos_canonical/RubiksCubeLeftOfBowlMatchedTask/predicted_chunks/episode_002/chunk_008/conditioning.png,524176,0e584cb1ca5479e7ff94a8d0e8648e7503b9fa705e8f55172eab1983ed901c17
/home/ali/projects/RoboLab/output/v1_cosmos_canonical/RubiksCubeLeftOfBowlMatchedTask/predicted_chunks/episode_002/chunk_008/future.mp4,492515,d49ec2887e75558cc91a8c28d9603404788ca7663c41f89913c12a396b71bfe2
/home/ali/projects/RoboLab/output/v1_cosmos_canonical/RubiksCubeLeftOfBowlMatchedTask/predicted_chunks/episode_002/chunk_008/metadata.json,847,cee32937968ec46391071de9899469c2ff65571bf4b9e6799b7ddff3bdd6d9ce
/home/ali/projects/RoboLab/output/v1_cosmos_canonical/RubiksCubeLeftOfBowlMatchedTask/predicted_chunks/episode_002/chunk_009/action.npy,1152,593e297959ae5d8d0f05e07b41b971ee65b9bb05f1902f06c12df106ce56fcb4
/home/ali/projects/RoboLab/output/v1_cosmos_canonical/RubiksCubeLeftOfBowlMatchedTask/predicted_chunks/episode_002/chunk_009/conditioning.png,551693,0e8b74ee45c4da98ebb079f6f26fb29216822c8065793eaff8e0bf22ce0c80f2
/home/ali/projects/RoboLab/output/v1_cosmos_canonical/RubiksCubeLeftOfBowlMatchedTask/predicted_chunks/episode_002/chunk_009/future.mp4,511903,33e3a617f33b9ca9441ef89668f97cbdfd70e30f33e5779eb364f3f681f1fb3f
/home/ali/projects/RoboLab/output/v1_cosmos_canonical/RubiksCubeLeftOfBowlMatchedTask/predicted_chunks/episode_002/chunk_009/metadata.json,863,0cf251b2e916c017e07b66cd702b121e22872d54c7befa217879e0852bfe0447
/home/ali/projects/RoboLab/output/v1_cosmos_canonical/RubiksCubeLeftOfBowlMatchedTask/predicted_chunks/episode_002/chunk_010/action.npy,1152,153e7dc7b0f0e6bd9aad1cc3e693b5a84f29440d0a09fb2f4fbfb9e740cb9f4c
/home/ali/projects/RoboLab/output/v1_cosmos_canonical/RubiksCubeLeftOfBowlMatchedTask/predicted_chunks/episode_002/chunk_010/conditioning.png,541021,aaf6c1d245db5f43994707536fdd9c76fc9c0cb709a5dace6fa0bcff0e338e91
/home/ali/projects/RoboLab/output/v1_cosmos_canonical/RubiksCubeLeftOfBowlMatchedTask/predicted_chunks/episode_002/chunk_010/future.mp4,513556,50e6abed2da41df5f81b6e6605158c391c501e57111a6a7e300a18a00c827f29
/home/ali/projects/RoboLab/output/v1_cosmos_canonical/RubiksCubeLeftOfBowlMatchedTask/predicted_chunks/episode_002/chunk_010/metadata.json,868,85e4c665e37bba96ebd5a636b4bbeb9d4d839922f32ab724fcc006b23c715e55
/home/ali/projects/RoboLab/output/v1_cosmos_canonical/RubiksCubeLeftOfBowlMatchedTask/predicted_chunks/episode_002/chunk_011/action.npy,1152,d0b5918a05cbf32d06affb2089a90a994f8f78502a78a11e489ac8100b165f45
/home/ali/projects/RoboLab/output/v1_cosmos_canonical/RubiksCubeLeftOfBowlMatchedTask/predicted_chunks/episode_002/chunk_011/conditioning.png,550152,9832b10db0dfb1d3d73102fcea3ad500ef411fd3ad6cb1a33a99b14590ed147d
/home/ali/projects/RoboLab/output/v1_cosmos_canonical/RubiksCubeLeftOfBowlMatchedTask/predicted_chunks/episode_002/chunk_011/future.mp4,382162,728951b697c33fe5a6dd9aa0d9d355388f2fa435bdc4a7c9fa44ac762e077dd5
/home/ali/projects/RoboLab/output/v1_cosmos_canonical/RubiksCubeLeftOfBowlMatchedTask/predicted_chunks/episode_002/chunk_011/metadata.json,869,9854397807f922bbf155f4cbffa0fcfc41ab33f41949f015b1e8942f927c6aa1
/home/ali/projects/RoboLab/output/v1_cosmos_canonical/RubiksCubeLeftOfBowlMatchedTask/predicted_chunks/episode_002/chunk_012/action.npy,1152,2fbf79b95b091093f094bdaa8e52a62ca1f54b92efeb523eb5b3fe26636a57db
/home/ali/projects/RoboLab/output/v1_cosmos_canonical/RubiksCubeLeftOfBowlMatchedTask/predicted_chunks/episode_002/chunk_012/conditioning.png,539209,6219e8b51ea7f2b00f1e90495f12fdab788df49422787b781923891167aa6041
/home/ali/projects/RoboLab/output/v1_cosmos_canonical/RubiksCubeLeftOfBowlMatchedTask/predicted_chunks/episode_002/chunk_012/future.mp4,450251,d73ae884c6fff2d01fb2045d0c5dd8ca21aa9dd3ea3cde879b8557ff9602d176
/home/ali/projects/RoboLab/output/v1_cosmos_canonical/RubiksCubeLeftOfBowlMatchedTask/predicted_chunks/episode_002/chunk_012/metadata.json,851,7db83b8f3bc755cffc588636b852b22199479e09deef0497f0c2be6f2cbe0180
/home/ali/projects/RoboLab/output/v1_cosmos_canonical/RubiksCubeLeftOfBowlMatchedTask/predicted_chunks/episode_002/chunk_013/action.npy,1152,f979586a2911f3bcfeb300aa61ba13e4eb7f1ab43cbe5d8435dea392e3122bd7
/home/ali/projects/RoboLab/output/v1_cosmos_canonical/RubiksCubeLeftOfBowlMatchedTask/predicted_chunks/episode_002/chunk_013/conditioning.png,568390,e041013910b9a1ff96fccdb8f6a6fe3ee73b65f2f99e9bbd94e7e85d7e63eeea
/home/ali/projects/RoboLab/output/v1_cosmos_canonical/RubiksCubeLeftOfBowlMatchedTask/predicted_chunks/episode_002/chunk_013/future.mp4,488813,05fd8b08220f2e351d829a2dd99b9c03a9d06dfb55214131012a69fb95895aab
/home/ali/projects/RoboLab/output/v1_cosmos_canonical/RubiksCubeLeftOfBowlMatchedTask/predicted_chunks/episode_002/chunk_013/metadata.json,852,42cc43f194298ff29e7ec31ca5f3e859b846537c28f618aff29aabf53ffb3124
/home/ali/projects/RoboLab/output/v1_cosmos_canonical/RubiksCubeLeftOfBowlMatchedTask/predicted_chunks/episode_002/chunk_014/action.npy,1152,05265d6d5000b404b86f922c6b987e05e87f193b012005489a0bc64e818582cb
/home/ali/projects/RoboLab/output/v1_cosmos_canonical/RubiksCubeLeftOfBowlMatchedTask/predicted_chunks/episode_002/chunk_014/conditioning.png,540334,027905b80c2faa4530cf3064338cd29db3ad2894af174161c976a59a6dbeeea4
/home/ali/projects/RoboLab/output/v1_cosmos_canonical/RubiksCubeLeftOfBowlMatchedTask/predicted_chunks/episode_002/chunk_014/future.mp4,419424,a0284d8477c5abc420f7fc7c7c262fb68a9c4918459be923d43aecb166c495c1
/home/ali/projects/RoboLab/output/v1_cosmos_canonical/RubiksCubeLeftOfBowlMatchedTask/predicted_chunks/episode_002/chunk_014/metadata.json,869,55d0003df056365d8f740adc56c0ee42b7b599aaf645dc3e54be59b19fb49bab
/home/ali/projects/RoboLab/output/v1_cosmos_canonical/RubiksCubeLeftOfBowlMatchedTask/predicted_chunks/episode_003/chunk_000/action.npy,1152,e5f693e5ce42e43135064f8ea75e979a0b55309c4fb8bf5b5b431b444fcaf94b
/home/ali/projects/RoboLab/output/v1_cosmos_canonical/RubiksCubeLeftOfBowlMatchedTask/predicted_chunks/episode_003/chunk_000/conditioning.png,570676,78fa7b5b16eb2041d54671364a977dcd2c49e43846e781b601ce5d62b2910974
/home/ali/projects/RoboLab/output/v1_cosmos_canonical/RubiksCubeLeftOfBowlMatchedTask/predicted_chunks/episode_003/chunk_000/future.mp4,523594,7995a2f9cd8224d1ca15c087fe7954446c378cc37057d875b162f710e38f8949
/home/ali/projects/RoboLab/output/v1_cosmos_canonical/RubiksCubeLeftOfBowlMatchedTask/predicted_chunks/episode_003/chunk_000/metadata.json,784,427cdeba2e221fb3154e9608301d038d63d287d33056e7acff16cdfffb858682
/home/ali/projects/RoboLab/output/v1_cosmos_canonical/RubiksCubeLeftOfBowlMatchedTask/predicted_chunks/episode_003/chunk_001/action.npy,1152,8a6859d1b6aa520cd8036b935a79e006c0a22ed336b95c2aa3d7acff5d6304b2
/home/ali/projects/RoboLab/output/v1_cosmos_canonical/RubiksCubeLeftOfBowlMatchedTask/predicted_chunks/episode_003/chunk_001/conditioning.png,555400,c861d87d467cbd1b4d936a2c3e2c2c8ff9c213b1ac381f0099261627c67f3b65
/home/ali/projects/RoboLab/output/v1_cosmos_canonical/RubiksCubeLeftOfBowlMatchedTask/predicted_chunks/episode_003/chunk_001/future.mp4,474703,e55ca547fb8ead9d42a250e22a1c0f13e3d41cac0ac6a736e77f1e85eb76550b
/home/ali/projects/RoboLab/output/v1_cosmos_canonical/RubiksCubeLeftOfBowlMatchedTask/predicted_chunks/episode_003/chunk_001/metadata.json,868,cdb10c65ba910f91061c9a646a54e022b850ff091c6ada2b10a2ea4603ab1837
/home/ali/projects/RoboLab/output/v1_cosmos_canonical/RubiksCubeLeftOfBowlMatchedTask/predicted_chunks/episode_003/chunk_002/action.npy,1152,b1fba2eae1a59463d6fae1387f4a7b44c99bf3d7a33ae172c9f37226f4c7862f
/home/ali/projects/RoboLab/output/v1_cosmos_canonical/RubiksCubeLeftOfBowlMatchedTask/predicted_chunks/episode_003/chunk_002/conditioning.png,552126,4928336056f1cf4e2dd156eba531e52b996b0b7f5b0749b0c0c27753b5fb06f2
/home/ali/projects/RoboLab/output/v1_cosmos_canonical/RubiksCubeLeftOfBowlMatchedTask/predicted_chunks/episode_003/chunk_002/future.mp4,445344,161b77394f0c61d8b1dc0163c4bafe827a981b2af0baccca01642dd03dea907e
/home/ali/projects/RoboLab/output/v1_cosmos_canonical/RubiksCubeLeftOfBowlMatchedTask/predicted_chunks/episode_003/chunk_002/metadata.json,865,6e6c9cba6e6c0a1ce00c54eda03b8875b602d7f69ef018f4f05e2800c34cad5f
/home/ali/projects/RoboLab/output/v1_cosmos_canonical/RubiksCubeLeftOfBowlMatchedTask/predicted_chunks/episode_003/chunk_003/action.npy,1152,d0f1a50b0c18f46f6a0f63587e54527ea4a8debd384016cd807c15743b0633a9
/home/ali/projects/RoboLab/output/v1_cosmos_canonical/RubiksCubeLeftOfBowlMatchedTask/predicted_chunks/episode_003/chunk_003/conditioning.png,515091,981b332ef6e727986db4301740a895154c8cadd03307061ed2980c7fd5bdb40d
/home/ali/projects/RoboLab/output/v1_cosmos_canonical/RubiksCubeLeftOfBowlMatchedTask/predicted_chunks/episode_003/chunk_003/future.mp4,468106,529d9a4a774056ba042312fcf81160b5735788faf468b2e890cc644f14cb0354
/home/ali/projects/RoboLab/output/v1_cosmos_canonical/RubiksCubeLeftOfBowlMatchedTask/predicted_chunks/episode_003/chunk_003/metadata.json,850,26aff730a2f61fde809262f69fde73b4fd385c7e8614599e81c2190c37413397
/home/ali/projects/RoboLab/output/v1_cosmos_canonical/RubiksCubeLeftOfBowlMatchedTask/predicted_chunks/episode_003/chunk_004/action.npy,1152,fcb74188cb4895b7e5e18405cfa2effb85813485c0bcb5565c1bbb242e848445
/home/ali/projects/RoboLab/output/v1_cosmos_canonical/RubiksCubeLeftOfBowlMatchedTask/predicted_chunks/episode_003/chunk_004/conditioning.png,529406,b2d90fe8990d12199ee6c40186c7c022079ac44f4ea5182588088fe12ea0d8f6
/home/ali/projects/RoboLab/output/v1_cosmos_canonical/RubiksCubeLeftOfBowlMatchedTask/predicted_chunks/episode_003/chunk_004/future.mp4,476839,2675eeafc00fb526a6f61ea2a0ac725f87673d43c795c77a97d18c158cf6839d
/home/ali/projects/RoboLab/output/v1_cosmos_canonical/RubiksCubeLeftOfBowlMatchedTask/predicted_chunks/episode_003/chunk_004/metadata.json,851,37f08a5c2fd963fc89aa5d4b3b2fcad46e981c955dc8129b06ad72ab790813e4
/home/ali/projects/RoboLab/output/v1_cosmos_canonical/RubiksCubeLeftOfBowlMatchedTask/predicted_chunks/episode_003/chunk_005/action.npy,1152,84f1d342bd32974a87364ab2346a6c304fb4e3b9ff171f26720d8bd7c088f4f9
/home/ali/projects/RoboLab/output/v1_cosmos_canonical/RubiksCubeLeftOfBowlMatchedTask/predicted_chunks/episode_003/chunk_005/conditioning.png,523301,1c0b0291430091263c6ca1e3f0e264dea948d7cc075917509414d37c79341b98
/home/ali/projects/RoboLab/output/v1_cosmos_canonical/RubiksCubeLeftOfBowlMatchedTask/predicted_chunks/episode_003/chunk_005/future.mp4,512638,f6262cb6f5ffdc463cd36f0b888044cc8307ba4128ec05e7414236ca04fec48d
/home/ali/projects/RoboLab/output/v1_cosmos_canonical/RubiksCubeLeftOfBowlMatchedTask/predicted_chunks/episode_003/chunk_005/metadata.json,850,654b7b48befb85e20db76a6bd393792898475cf4313e70cf5369f350bf983d2d
/home/ali/projects/RoboLab/output/v1_cosmos_canonical/RubiksCubeLeftOfBowlMatchedTask/predicted_chunks/episode_003/chunk_006/action.npy,1152,bb7e02eebfc1a61a4c052297058f9ea662a2ac9c4ec28cb4b3108ae12adf9ec5
/home/ali/projects/RoboLab/output/v1_cosmos_canonical/RubiksCubeLeftOfBowlMatchedTask/predicted_chunks/episode_003/chunk_006/conditioning.png,526937,1579551dd19bb68e39689de9228ce37c51eb819d392391ec2d114b12a48969e1
/home/ali/projects/RoboLab/output/v1_cosmos_canonical/RubiksCubeLeftOfBowlMatchedTask/predicted_chunks/episode_003/chunk_006/future.mp4,508526,9f484ac00a30aa3cd0f04bd2f7967d121c66893f63bcd420eeca4fce2ff69b58
/home/ali/projects/RoboLab/output/v1_cosmos_canonical/RubiksCubeLeftOfBowlMatchedTask/predicted_chunks/episode_003/chunk_006/metadata.json,867,6f6d62a29b2327ccb2856553f48d6db678d4a2cca752d7a1db10b264b9a082e9
/home/ali/projects/RoboLab/output/v1_cosmos_canonical/RubiksCubeLeftOfBowlMatchedTask/predicted_chunks/episode_003/chunk_007/action.npy,1152,1b0f5d7a49920285180aa146c91725110c01181306f6edb96612dfdde283e6e9
/home/ali/projects/RoboLab/output/v1_cosmos_canonical/RubiksCubeLeftOfBowlMatchedTask/predicted_chunks/episode_003/chunk_007/conditioning.png,530218,284bd8463525f6fad95e0f4094ed25914ca3d194f31391a276c079e6518b84fe
/home/ali/projects/RoboLab/output/v1_cosmos_canonical/RubiksCubeLeftOfBowlMatchedTask/predicted_chunks/episode_003/chunk_007/future.mp4,426813,837025c269d4b118f45f548631b583cff130316b21cb3d0ffebf786a72244e70
/home/ali/projects/RoboLab/output/v1_cosmos_canonical/RubiksCubeLeftOfBowlMatchedTask/predicted_chunks/episode_003/chunk_007/metadata.json,846,fdaec01424a952c797c21fe2992b5bed556ac20c23965c248b805ab7ef04b7d1
/home/ali/projects/RoboLab/output/v1_cosmos_canonical/RubiksCubeLeftOfBowlMatchedTask/predicted_chunks/episode_004/chunk_000/action.npy,1152,2a33aeeceee6f220d93d11895096328a2e2f88178e2b1e1849ac01a932c8f407
/home/ali/projects/RoboLab/output/v1_cosmos_canonical/RubiksCubeLeftOfBowlMatchedTask/predicted_chunks/episode_004/chunk_000/conditioning.png,562876,d63f8c44c801cb2856f0b73f29524871b32b72292ce2697ad87966f4e7c39d88
/home/ali/projects/RoboLab/output/v1_cosmos_canonical/RubiksCubeLeftOfBowlMatchedTask/predicted_chunks/episode_004/chunk_000/future.mp4,497903,2c244e6fda933d7ea73fea67dc4c9adc2609b062b68885884fd6b509432cba6a
/home/ali/projects/RoboLab/output/v1_cosmos_canonical/RubiksCubeLeftOfBowlMatchedTask/predicted_chunks/episode_004/chunk_000/metadata.json,784,2bdfa93fd7039c5da02ec42f6b9b26fb92848937a54a9e0065a7a99c09aa4e62
/home/ali/projects/RoboLab/output/v1_cosmos_canonical/RubiksCubeLeftOfBowlMatchedTask/predicted_chunks/episode_004/chunk_001/action.npy,1152,44eef5e43d82115f48093b65675fab1869432f3b08d9c5d27b1a7a3923a681b3
/home/ali/projects/RoboLab/output/v1_cosmos_canonical/RubiksCubeLeftOfBowlMatchedTask/predicted_chunks/episode_004/chunk_001/conditioning.png,565796,ef5f053c57b1de15c2a6f724e3afbc9cda40cd7edacc28da0b4d9491bdf5875a
/home/ali/projects/RoboLab/output/v1_cosmos_canonical/RubiksCubeLeftOfBowlMatchedTask/predicted_chunks/episode_004/chunk_001/future.mp4,457874,55a0d1a567ab4c5c513ae3f3e86e0acb83b5775e58dc51fe42460e310eefd95d
/home/ali/projects/RoboLab/output/v1_cosmos_canonical/RubiksCubeLeftOfBowlMatchedTask/predicted_chunks/episode_004/chunk_001/metadata.json,867,d1dee2a7cb8e03d5d261f4ce2972cc56b762b8baa9d6ea3508d90317b7944857
/home/ali/projects/RoboLab/output/v1_cosmos_canonical/RubiksCubeLeftOfBowlMatchedTask/predicted_chunks/episode_004/chunk_002/action.npy,1152,12b27d9e2b8a8f59b417c147a7f1b9b5ea54a47ee693c65042d81692d190ba63
/home/ali/projects/RoboLab/output/v1_cosmos_canonical/RubiksCubeLeftOfBowlMatchedTask/predicted_chunks/episode_004/chunk_002/conditioning.png,547977,b0a229f4f640b2d6eb9b4b7ac019859d15d2f808afa8690918171036f7c5af34
/home/ali/projects/RoboLab/output/v1_cosmos_canonical/RubiksCubeLeftOfBowlMatchedTask/predicted_chunks/episode_004/chunk_002/future.mp4,530565,f58a252038484c2f4da88db691d7c082dfcd59a831614130a21479f7ee98c1e6
/home/ali/projects/RoboLab/output/v1_cosmos_canonical/RubiksCubeLeftOfBowlMatchedTask/predicted_chunks/episode_004/chunk_002/metadata.json,850,1046e48e66ed700830811ff192c05291a7059d12cd136629668678d96fe72fdd
/home/ali/projects/RoboLab/output/v1_cosmos_canonical/RubiksCubeLeftOfBowlMatchedTask/predicted_chunks/episode_004/chunk_003/action.npy,1152,0180407375b0f7f391ddb56f9389d5169cbfdef4d4889b5dd84de4c42f7e0bb1
/home/ali/projects/RoboLab/output/v1_cosmos_canonical/RubiksCubeLeftOfBowlMatchedTask/predicted_chunks/episode_004/chunk_003/conditioning.png,553100,eb568fc7592553a20926e0c5f4751a13d7c938e734db0e0215ff363144e727d6
/home/ali/projects/RoboLab/output/v1_cosmos_canonical/RubiksCubeLeftOfBowlMatchedTask/predicted_chunks/episode_004/chunk_003/future.mp4,511490,2a691112c05ff20a5157ebbb6c2a64cc9d8baa27134e05a3d01d721d19d6f7da
/home/ali/projects/RoboLab/output/v1_cosmos_canonical/RubiksCubeLeftOfBowlMatchedTask/predicted_chunks/episode_004/chunk_003/metadata.json,873,f22c885072250f9f7faa2296f3c422bbed0bae7b1a953f1e25aa35fc4d5f1084
/home/ali/projects/RoboLab/output/v1_cosmos_canonical/RubiksCubeLeftOfBowlMatchedTask/predicted_chunks/episode_004/chunk_004/action.npy,1152,7f7c8e6ec44c94c621d8cbce06de4b498cfc806cfada9beea0f30cd9ec859ffe
/home/ali/projects/RoboLab/output/v1_cosmos_canonical/RubiksCubeLeftOfBowlMatchedTask/predicted_chunks/episode_004/chunk_004/conditioning.png,538568,e8bea703c0a7d62450995a23d4e534989c8a5ad082c5cbbb40f631e66f3cfb75
/home/ali/projects/RoboLab/output/v1_cosmos_canonical/RubiksCubeLeftOfBowlMatchedTask/predicted_chunks/episode_004/chunk_004/future.mp4,438490,8e17e7b58f6a83ab89b0c31e9edb94c3a6329daec3228ff4dfc4534db9528909
/home/ali/projects/RoboLab/output/v1_cosmos_canonical/RubiksCubeLeftOfBowlMatchedTask/predicted_chunks/episode_004/chunk_004/metadata.json,869,8e22399692840b4fc51fe8cdeaa8883745b9c7d30eb798d138d93d2ad7f18fe4
/home/ali/projects/RoboLab/output/v1_cosmos_canonical/RubiksCubeLeftOfBowlMatchedTask/predicted_chunks/episode_004/chunk_005/action.npy,1152,e8f2433a455ca56996c503d61121c74d2abbec1b18566dfd48db6f03548440e4
/home/ali/projects/RoboLab/output/v1_cosmos_canonical/RubiksCubeLeftOfBowlMatchedTask/predicted_chunks/episode_004/chunk_005/conditioning.png,517484,49c0589b5254dfa656c97df314565f6968a344d6062924365fd5b88e40454df7
/home/ali/projects/RoboLab/output/v1_cosmos_canonical/RubiksCubeLeftOfBowlMatchedTask/predicted_chunks/episode_004/chunk_005/future.mp4,453458,665350407a7f10f6f448e376ca6078ef7cdfbbf0962daecdd57373f353122e99
/home/ali/projects/RoboLab/output/v1_cosmos_canonical/RubiksCubeLeftOfBowlMatchedTask/predicted_chunks/episode_004/chunk_005/metadata.json,867,f05391c13982749194168b6ca69a6f8dff78c129dc2e457cf5a2aa8316f36002
/home/ali/projects/RoboLab/output/v1_cosmos_canonical/RubiksCubeLeftOfBowlMatchedTask/predicted_chunks/episode_004/chunk_006/action.npy,1152,661f72cbb5fa4134ac5d025d9af4e8805c47ab50b829369cdec98c022e33fae3
/home/ali/projects/RoboLab/output/v1_cosmos_canonical/RubiksCubeLeftOfBowlMatchedTask/predicted_chunks/episode_004/chunk_006/conditioning.png,510222,238cdc3c617949a4e1097c013cdd3a25b389b14d9a0c7e6678f251e3ff838680
/home/ali/projects/RoboLab/output/v1_cosmos_canonical/RubiksCubeLeftOfBowlMatchedTask/predicted_chunks/episode_004/chunk_006/future.mp4,385151,fbed6730d4a748c03743d1f6c949fc323a7115529f44b58563b68787229a0f30
/home/ali/projects/RoboLab/output/v1_cosmos_canonical/RubiksCubeLeftOfBowlMatchedTask/predicted_chunks/episode_004/chunk_006/metadata.json,849,e577a9a6a6485442fcae19260b44b12ea465ef23b547931f5dcde4d9e539c90c
/home/ali/projects/RoboLab/output/v1_cosmos_canonical/RubiksCubeLeftOfBowlMatchedTask/predicted_chunks/episode_004/chunk_007/action.npy,1152,222dd152769ddac1af33b903f34ca4e471eafceea63878133da0ddc7be04c76e
/home/ali/projects/RoboLab/output/v1_cosmos_canonical/RubiksCubeLeftOfBowlMatchedTask/predicted_chunks/episode_004/chunk_007/conditioning.png,517383,6568e9cf77db3ff4459510b886a21c37651d632b0bc444216da55539dfeed601
/home/ali/projects/RoboLab/output/v1_cosmos_canonical/RubiksCubeLeftOfBowlMatchedTask/predicted_chunks/episode_004/chunk_007/future.mp4,391763,363742ae9d522169ebdddf870c9e9f5802e7ee12e35c325c432deaba66a7f23d
/home/ali/projects/RoboLab/output/v1_cosmos_canonical/RubiksCubeLeftOfBowlMatchedTask/predicted_chunks/episode_004/chunk_007/metadata.json,865,cdf0b2acb63e33796d8d5146db1152d2afd684939a66f1d8af6fc4d49832a79b
/home/ali/projects/RoboLab/output/v1_cosmos_canonical/RubiksCubeLeftOfBowlMatchedTask/predicted_chunks/episode_004/chunk_008/action.npy,1152,354c063bca7c2c6c34a14d96309f9aa9000b20661771d441531ab393f32b5a63
/home/ali/projects/RoboLab/output/v1_cosmos_canonical/RubiksCubeLeftOfBowlMatchedTask/predicted_chunks/episode_004/chunk_008/conditioning.png,527680,10c31cd3f9f13f64ec1ef73c1c68f5a22c655f12dfcc15e558abea0b305ed251
/home/ali/projects/RoboLab/output/v1_cosmos_canonical/RubiksCubeLeftOfBowlMatchedTask/predicted_chunks/episode_004/chunk_008/future.mp4,420225,cf4441551a6d8918eb24083c8e82a3ac200f4a572220e898afa4beed7f74ecda
/home/ali/projects/RoboLab/output/v1_cosmos_canonical/RubiksCubeLeftOfBowlMatchedTask/predicted_chunks/episode_004/chunk_008/metadata.json,868,4f05aa0b39f62984156bf18a4b2a76f62fe0aa2577ad4d0d449649ef01c8975a
/home/ali/projects/RoboLab/output/v1_cosmos_canonical/RubiksCubeLeftOfBowlMatchedTask/predicted_chunks/episode_004/chunk_009/action.npy,1152,2c9b4434a6a493e2e39371c90165f2845ba71eedd25276c34ed8a887498b3b15
/home/ali/projects/RoboLab/output/v1_cosmos_canonical/RubiksCubeLeftOfBowlMatchedTask/predicted_chunks/episode_004/chunk_009/conditioning.png,551462,044c0b12dab2483fdc860462a3745cbb1b1a691b19ebdfc884c98bb535c3bb90
/home/ali/projects/RoboLab/output/v1_cosmos_canonical/RubiksCubeLeftOfBowlMatchedTask/predicted_chunks/episode_004/chunk_009/future.mp4,530158,497a4973506f21aa7eb12e965397bc78a3ced050745777c417405a7b70e1c514
/home/ali/projects/RoboLab/output/v1_cosmos_canonical/RubiksCubeLeftOfBowlMatchedTask/predicted_chunks/episode_004/chunk_009/metadata.json,864,a3c28437f69b70b39a4e245e9444924977073e200a2c36f799cfb7d752672039
/home/ali/projects/RoboLab/output/v1_cosmos_canonical/RubiksCubeLeftOfBowlMatchedTask/predicted_chunks/episode_004/chunk_010/action.npy,1152,9b4450f29187c8acaccac1fa0ba9e9392d0ca7b2d2ec72730d78afef731559b3
/home/ali/projects/RoboLab/output/v1_cosmos_canonical/RubiksCubeLeftOfBowlMatchedTask/predicted_chunks/episode_004/chunk_010/conditioning.png,571009,4261197bbcb0afd97a36c734069b0e89723362eb423d47cfb1434574a9bc646f
/home/ali/projects/RoboLab/output/v1_cosmos_canonical/RubiksCubeLeftOfBowlMatchedTask/predicted_chunks/episode_004/chunk_010/future.mp4,512686,9cfa2a192e2c1c2f09218886f579e89ff27dcd38b38db875e291c80676b1a3ad
/home/ali/projects/RoboLab/output/v1_cosmos_canonical/RubiksCubeLeftOfBowlMatchedTask/predicted_chunks/episode_004/chunk_010/metadata.json,863,ebff7dbcaa1d5c21fecf29ff61d970107a11c64b7939172425be5310da99defa
/home/ali/projects/RoboLab/output/v1_cosmos_canonical/RubiksCubeLeftOfBowlMatchedTask/predicted_chunks/episode_004/chunk_011/action.npy,1152,2fc06e7ca3d432d7da829e9c066e37a470db32ed804c0f02781bf1a2b0ea70bb
/home/ali/projects/RoboLab/output/v1_cosmos_canonical/RubiksCubeLeftOfBowlMatchedTask/predicted_chunks/episode_004/chunk_011/conditioning.png,540593,acb63afbfdfc6b4dcc46b1e85771c465c756a6830e07ddeda5df97100796126c
/home/ali/projects/RoboLab/output/v1_cosmos_canonical/RubiksCubeLeftOfBowlMatchedTask/predicted_chunks/episode_004/chunk_011/future.mp4,457476,c07f57dc1da64b9c5f4a4cb97eb1d0972a3db0fab79adcb675f67e15cb6a8552
/home/ali/projects/RoboLab/output/v1_cosmos_canonical/RubiksCubeLeftOfBowlMatchedTask/predicted_chunks/episode_004/chunk_011/metadata.json,867,94acdacc379bcb3622c666c11d1e94efe970ec5f9a69352cd67a58e841e67c6c
/home/ali/projects/RoboLab/output/v1_cosmos_canonical/RubiksCubeLeftOfBowlMatchedTask/predicted_chunks/episode_004/chunk_012/action.npy,1152,c5ba06ee1e22593894b6b2ea12e5752f4ffb6be38ba9a96d65b329aafcacdca2
/home/ali/projects/RoboLab/output/v1_cosmos_canonical/RubiksCubeLeftOfBowlMatchedTask/predicted_chunks/episode_004/chunk_012/conditioning.png,551431,3b63b806eebfe08d1113e9cfcdc4b40a365ae2dd226033d530a5c4c815f599b0
/home/ali/projects/RoboLab/output/v1_cosmos_canonical/RubiksCubeLeftOfBowlMatchedTask/predicted_chunks/episode_004/chunk_012/future.mp4,451766,24c8faad60e8141e890f663b54aa8568418bb0c37ee2bfc63a861caef0e6af8f
/home/ali/projects/RoboLab/output/v1_cosmos_canonical/RubiksCubeLeftOfBowlMatchedTask/predicted_chunks/episode_004/chunk_012/metadata.json,848,dac1988fb2a04e9ff5ce39562d63495482bd385257ecc793c37b7d3ccc412fd7
/home/ali/projects/RoboLab/output/v1_cosmos_canonical/RubiksCubeLeftOfBowlMatchedTask/predicted_chunks/episode_004/chunk_013/action.npy,1152,950fbe1464290ce059af777b022721829cae8b03291e15b1fa70cacd38054ff7
/home/ali/projects/RoboLab/output/v1_cosmos_canonical/RubiksCubeLeftOfBowlMatchedTask/predicted_chunks/episode_004/chunk_013/conditioning.png,557215,2e2244ea9f738cf566bfed1e9131fd6548151463122221e8239a5506159f222e
/home/ali/projects/RoboLab/output/v1_cosmos_canonical/RubiksCubeLeftOfBowlMatchedTask/predicted_chunks/episode_004/chunk_013/future.mp4,432487,eaf293422b4fc4ac1a025af816ce0b0def4b550cb5c03f0408b1d62fcf3164b8
/home/ali/projects/RoboLab/output/v1_cosmos_canonical/RubiksCubeLeftOfBowlMatchedTask/predicted_chunks/episode_004/chunk_013/metadata.json,869,d554b5d4c3bc91cb33b126664cb92826721f3d60a78def037fd12b0da999eb8d
/home/ali/projects/RoboLab/output/v1_cosmos_canonical/RubiksCubeLeftOfBowlMatchedTask/predicted_chunks/episode_004/chunk_014/action.npy,1152,978896c2fe227f9348216ae6f9f51e405e67fa1bb8447d30cbfb1c43e5a1b80a
/home/ali/projects/RoboLab/output/v1_cosmos_canonical/RubiksCubeLeftOfBowlMatchedTask/predicted_chunks/episode_004/chunk_014/conditioning.png,555484,7e0dd7504251aa71b7333daaf9733d490053a3f32d267fd461e397ddf2cead20
/home/ali/projects/RoboLab/output/v1_cosmos_canonical/RubiksCubeLeftOfBowlMatchedTask/predicted_chunks/episode_004/chunk_014/future.mp4,495543,46742f7dcdba0f9bf19dc2f8976d30ec1623c8a2db0b398d07e7d40159317b43
/home/ali/projects/RoboLab/output/v1_cosmos_canonical/RubiksCubeLeftOfBowlMatchedTask/predicted_chunks/episode_004/chunk_014/metadata.json,851,04edb1e48e0d3fb367ee2d2554151891f0254e8cb4a61080fab528b289e5f739
/home/ali/projects/RoboLab/output/v1_cosmos_canonical/RubiksCubeLeftOfBowlMatchedTask/predicted_chunks/episode_005/chunk_000/action.npy,1152,51af99b13c36998d6e6e5bd36974c07497657bcee37009b0d33f2e76df5da6e5
/home/ali/projects/RoboLab/output/v1_cosmos_canonical/RubiksCubeLeftOfBowlMatchedTask/predicted_chunks/episode_005/chunk_000/conditioning.png,572177,edc3f5c747b52717058e7af5f754c84707cce59901fbe1dc4dfddc52134b1ef7
/home/ali/projects/RoboLab/output/v1_cosmos_canonical/RubiksCubeLeftOfBowlMatchedTask/predicted_chunks/episode_005/chunk_000/future.mp4,524682,25411b22e0512a74f011a920358325ce2ba0caa5aaef4bb6fdc3cae6369d1ed6
/home/ali/projects/RoboLab/output/v1_cosmos_canonical/RubiksCubeLeftOfBowlMatchedTask/predicted_chunks/episode_005/chunk_000/metadata.json,784,b2c1cc9a83898ac260334cd5b82ec1736ed7c2f6a8bdb7f174659a32b09e14ce
/home/ali/projects/RoboLab/output/v1_cosmos_canonical/RubiksCubeLeftOfBowlMatchedTask/predicted_chunks/episode_005/chunk_001/action.npy,1152,c5f1397027c207e05c829f4c33e9675949e8667c909dbf37afd769f62576363b
/home/ali/projects/RoboLab/output/v1_cosmos_canonical/RubiksCubeLeftOfBowlMatchedTask/predicted_chunks/episode_005/chunk_001/conditioning.png,562727,c8f02fdcdb6024750e04278774341e9da395a4476c0a43c39a30a87fe1d97b4f
/home/ali/projects/RoboLab/output/v1_cosmos_canonical/RubiksCubeLeftOfBowlMatchedTask/predicted_chunks/episode_005/chunk_001/future.mp4,414803,6161b6fdc3c7d78c469a6639fd141feec8bd73bf0c677384e04213b79bb5325f
/home/ali/projects/RoboLab/output/v1_cosmos_canonical/RubiksCubeLeftOfBowlMatchedTask/predicted_chunks/episode_005/chunk_001/metadata.json,867,6ba8b82d613d5b310594e46f597270b8bd4f17adc62413be1abdcc0e5dc130a9
/home/ali/projects/RoboLab/output/v1_cosmos_canonical/RubiksCubeLeftOfBowlMatchedTask/predicted_chunks/episode_005/chunk_002/action.npy,1152,1131df9220ee0d8fc7f8ebca19ca483d3f6b2ab7494172bedae6ce07e5174dfc
/home/ali/projects/RoboLab/output/v1_cosmos_canonical/RubiksCubeLeftOfBowlMatchedTask/predicted_chunks/episode_005/chunk_002/conditioning.png,535998,47d3af16a4c5d6a63e79777857abd50aaf7d437fade88e10389509ba2f19b59a
/home/ali/projects/RoboLab/output/v1_cosmos_canonical/RubiksCubeLeftOfBowlMatchedTask/predicted_chunks/episode_005/chunk_002/future.mp4,451498,f3d7ea25aec3b9b1b8925503c143ff501c76015b6177ac70de80aca250ff8487
/home/ali/projects/RoboLab/output/v1_cosmos_canonical/RubiksCubeLeftOfBowlMatchedTask/predicted_chunks/episode_005/chunk_002/metadata.json,845,b273a462f1554289141c56bbae1684fa849d63bb63939e0396a6b7ec96b838a5
/home/ali/projects/RoboLab/output/v1_cosmos_canonical/RubiksCubeLeftOfBowlMatchedTask/predicted_chunks/episode_005/chunk_003/action.npy,1152,ddd638f0d6dd4ede8022177cc765c2be781e44a0f2b655066856e7888a8b1f23
/home/ali/projects/RoboLab/output/v1_cosmos_canonical/RubiksCubeLeftOfBowlMatchedTask/predicted_chunks/episode_005/chunk_003/conditioning.png,513860,5848edf0ccef07843f59ecfe1cd72bd6572bc29ba6f52826732bc0d47ca21fdc
/home/ali/projects/RoboLab/output/v1_cosmos_canonical/RubiksCubeLeftOfBowlMatchedTask/predicted_chunks/episode_005/chunk_003/future.mp4,455087,cf872d1a1ea3cac1be22c918f6698993f3390ce8593c0c919fb36cba4acd39a5
/home/ali/projects/RoboLab/output/v1_cosmos_canonical/RubiksCubeLeftOfBowlMatchedTask/predicted_chunks/episode_005/chunk_003/metadata.json,850,18cdf140bbb66df1fbcd671ed9d4376dc1c319619a72b4838e67b633d75f0d1a
/home/ali/projects/RoboLab/output/v1_cosmos_canonical/RubiksCubeLeftOfBowlMatchedTask/predicted_chunks/episode_005/chunk_004/action.npy,1152,b488f49e58eec0a42c001638cc98c8925e088cb3ee7753030aec920cc9cf5cf9
/home/ali/projects/RoboLab/output/v1_cosmos_canonical/RubiksCubeLeftOfBowlMatchedTask/predicted_chunks/episode_005/chunk_004/conditioning.png,542095,6c27265ef7cd22c274782474a34abe24cd90f41a2f4e3b4ed91f47c49415d3b4
/home/ali/projects/RoboLab/output/v1_cosmos_canonical/RubiksCubeLeftOfBowlMatchedTask/predicted_chunks/episode_005/chunk_004/future.mp4,544204,d7197fcb2c6b5f597f7590c1abc1c128a195e85ea14278da537ef361e4a57620
/home/ali/projects/RoboLab/output/v1_cosmos_canonical/RubiksCubeLeftOfBowlMatchedTask/predicted_chunks/episode_005/chunk_004/metadata.json,865,66aaeb3169322c3f954ca68ec9c3f66fe5d979f35efe6f6f263d250428207710
/home/ali/projects/RoboLab/output/v1_cosmos_canonical/RubiksCubeLeftOfBowlMatchedTask/predicted_chunks/episode_005/chunk_005/action.npy,1152,bf0aece260ac2f4a8d9e178a862a327c9382d4632b85726a317d33d5e4f4e34a
/home/ali/projects/RoboLab/output/v1_cosmos_canonical/RubiksCubeLeftOfBowlMatchedTask/predicted_chunks/episode_005/chunk_005/conditioning.png,570963,a1c13cbfe443f3e9cc544a105bbbbd333e34ed1fb38d415ac503ff8316fba2a9
/home/ali/projects/RoboLab/output/v1_cosmos_canonical/RubiksCubeLeftOfBowlMatchedTask/predicted_chunks/episode_005/chunk_005/future.mp4,472889,7daf598eb03c9cd63d465152b17260b2316af45d38450238220bca99887b41ed
/home/ali/projects/RoboLab/output/v1_cosmos_canonical/RubiksCubeLeftOfBowlMatchedTask/predicted_chunks/episode_005/chunk_005/metadata.json,851,30e062073d2670c92467c91aa0bdf830ccf87967b61193bfe82ab2a2181d2a5a
/home/ali/projects/RoboLab/output/v1_cosmos_canonical/RubiksCubeLeftOfBowlMatchedTask/predicted_chunks/episode_005/chunk_006/action.npy,1152,0d13034bf06570c4b290237c91a2302c6d5a7999ec887d332df673d6153dcd32
/home/ali/projects/RoboLab/output/v1_cosmos_canonical/RubiksCubeLeftOfBowlMatchedTask/predicted_chunks/episode_005/chunk_006/conditioning.png,507747,b805a12a7b385c0b30b7648c54e33008813cf8d0f39bac849a0fbbb6f5ac0743
/home/ali/projects/RoboLab/output/v1_cosmos_canonical/RubiksCubeLeftOfBowlMatchedTask/predicted_chunks/episode_005/chunk_006/future.mp4,464523,915df38ad366a9eccbbb66cf255b825d72ff1a82348aaa62db8cb4afdad05b7f
/home/ali/projects/RoboLab/output/v1_cosmos_canonical/RubiksCubeLeftOfBowlMatchedTask/predicted_chunks/episode_005/chunk_006/metadata.json,868,a9cd419760dacf856677957da14228f4ff36b37c1d1d37394f8ef9e737b9dcf4
/home/ali/projects/RoboLab/output/v1_cosmos_canonical/RubiksCubeLeftOfBowlMatchedTask/predicted_chunks/episode_005/chunk_007/action.npy,1152,38394a65580bf149501bc4d7f016983f596836ce35730c58e6cae25cf22296f3
/home/ali/projects/RoboLab/output/v1_cosmos_canonical/RubiksCubeLeftOfBowlMatchedTask/predicted_chunks/episode_005/chunk_007/conditioning.png,539353,1b16d26e02329fb79c475efa445d467a497437357da5d7b8355e14b85736b0bc
/home/ali/projects/RoboLab/output/v1_cosmos_canonical/RubiksCubeLeftOfBowlMatchedTask/predicted_chunks/episode_005/chunk_007/future.mp4,385524,cc2e0239fbf4839ae11767e6f7339eb6d0f6cd1ad7b3e48819b6d815250b43de
/home/ali/projects/RoboLab/output/v1_cosmos_canonical/RubiksCubeLeftOfBowlMatchedTask/predicted_chunks/episode_005/chunk_007/metadata.json,865,1479e50388882c4d85ba360dec3d86875d68ed394e8a244f27ce606479844827
/home/ali/projects/RoboLab/output/v1_cosmos_canonical/RubiksCubeLeftOfBowlMatchedTask/predicted_chunks/episode_006/chunk_000/action.npy,1152,a60b665fc7669a6c49c3cf9df0a763b2aba9aa6bd545676da4a127d82d2c1add
/home/ali/projects/RoboLab/output/v1_cosmos_canonical/RubiksCubeLeftOfBowlMatchedTask/predicted_chunks/episode_006/chunk_000/conditioning.png,572150,7d1f802522157d6191e8b48637e3db8f2f78828538b59f6c8f58c950cddce158
/home/ali/projects/RoboLab/output/v1_cosmos_canonical/RubiksCubeLeftOfBowlMatchedTask/predicted_chunks/episode_006/chunk_000/future.mp4,513317,27dde6a78d19928ae1bc308e2f2c28763beef64b4e60322a587759d4f0e50a04
/home/ali/projects/RoboLab/output/v1_cosmos_canonical/RubiksCubeLeftOfBowlMatchedTask/predicted_chunks/episode_006/chunk_000/metadata.json,784,78c003eeb6280a2a248443854ddf26f184d546f2796f2d5596119afa0f0f22a4
/home/ali/projects/RoboLab/output/v1_cosmos_canonical/RubiksCubeLeftOfBowlMatchedTask/predicted_chunks/episode_006/chunk_001/action.npy,1152,74da2244044a8f6ca0374293354042312560d048b044ee553a546268d0a02602
/home/ali/projects/RoboLab/output/v1_cosmos_canonical/RubiksCubeLeftOfBowlMatchedTask/predicted_chunks/episode_006/chunk_001/conditioning.png,557886,1bc1c1804e894f997769cb2a24061023b97f35d4ffacd1e5f8630105a747c400
/home/ali/projects/RoboLab/output/v1_cosmos_canonical/RubiksCubeLeftOfBowlMatchedTask/predicted_chunks/episode_006/chunk_001/future.mp4,408277,da978288d479e46c0eba28904745eb5f6554fb6e454882644f7f2fc3d98bc35d
/home/ali/projects/RoboLab/output/v1_cosmos_canonical/RubiksCubeLeftOfBowlMatchedTask/predicted_chunks/episode_006/chunk_001/metadata.json,868,946361d9a5cb31a8a6aeac4684e92865e9a2f771a3c66ca0aeee61bdd40bdea6
/home/ali/projects/RoboLab/output/v1_cosmos_canonical/RubiksCubeLeftOfBowlMatchedTask/predicted_chunks/episode_006/chunk_002/action.npy,1152,a0772035a0f5173db9337481541b74b27c723ce3b859a381d4d8cdaae94fce3f
/home/ali/projects/RoboLab/output/v1_cosmos_canonical/RubiksCubeLeftOfBowlMatchedTask/predicted_chunks/episode_006/chunk_002/conditioning.png,518381,dbad766baca356503331c06076c706c8a9f8e4e68e08d57438e67f26218049a1
/home/ali/projects/RoboLab/output/v1_cosmos_canonical/RubiksCubeLeftOfBowlMatchedTask/predicted_chunks/episode_006/chunk_002/future.mp4,479530,e655871558bc0614721cc6d3deeefb2c1b72af80ca67d368e7b37e268152befc
/home/ali/projects/RoboLab/output/v1_cosmos_canonical/RubiksCubeLeftOfBowlMatchedTask/predicted_chunks/episode_006/chunk_002/metadata.json,866,0476655fa3930d4c1c7f4be72ef1114f17f2264df698ca16c802f5bfcbc8249e
/home/ali/projects/RoboLab/output/v1_cosmos_canonical/RubiksCubeLeftOfBowlMatchedTask/predicted_chunks/episode_006/chunk_003/action.npy,1152,19474d2b089c327a8854fc33ddac5b1cefae9c7f0d3b44cd60c9d234ba8d265a
/home/ali/projects/RoboLab/output/v1_cosmos_canonical/RubiksCubeLeftOfBowlMatchedTask/predicted_chunks/episode_006/chunk_003/conditioning.png,571173,5376f82292c7c19caf57dca5f0560ab77419009da64d53421e4c9deab8d2247a
/home/ali/projects/RoboLab/output/v1_cosmos_canonical/RubiksCubeLeftOfBowlMatchedTask/predicted_chunks/episode_006/chunk_003/future.mp4,511552,3803d45b153c8b4a9c56783054f14ed1711f8171dd278ac928fcbb64a903eb6d
/home/ali/projects/RoboLab/output/v1_cosmos_canonical/RubiksCubeLeftOfBowlMatchedTask/predicted_chunks/episode_006/chunk_003/metadata.json,869,02ab4e2d6b434b4cc67b358fe91692431b5e2a511d73370031f471d639fe9c78
/home/ali/projects/RoboLab/output/v1_cosmos_canonical/RubiksCubeLeftOfBowlMatchedTask/predicted_chunks/episode_006/chunk_004/action.npy,1152,4e3bd1aa20f688bdf776b5213754a4cca5c63abbb7aa2f55c56225f06042ad82
/home/ali/projects/RoboLab/output/v1_cosmos_canonical/RubiksCubeLeftOfBowlMatchedTask/predicted_chunks/episode_006/chunk_004/conditioning.png,526360,2053e9feb1775aee7de7b14f79ced5466123ed6e8b069916dc5ba23fafa8cd33
/home/ali/projects/RoboLab/output/v1_cosmos_canonical/RubiksCubeLeftOfBowlMatchedTask/predicted_chunks/episode_006/chunk_004/future.mp4,431022,3c1303488043eca8d35b6a415173742f60c2fa2492a5ac3a50d77a7768ee3ef3
/home/ali/projects/RoboLab/output/v1_cosmos_canonical/RubiksCubeLeftOfBowlMatchedTask/predicted_chunks/episode_006/chunk_004/metadata.json,853,f08b6cda3eaa985d9600a84a71b9209f700ba7a4850e1f5abbd33119138e838b
/home/ali/projects/RoboLab/output/v1_cosmos_canonical/RubiksCubeLeftOfBowlMatchedTask/predicted_chunks/episode_006/chunk_005/action.npy,1152,3bb76829f4c2fd8e69e3cd1f1c30acc21c36865d66a9ded269e54ad897fa119f
/home/ali/projects/RoboLab/output/v1_cosmos_canonical/RubiksCubeLeftOfBowlMatchedTask/predicted_chunks/episode_006/chunk_005/conditioning.png,500772,83c265b7ddd0b69da9407eb2857e53d7c2150b48c7eaac35d41d58367fcfeded
/home/ali/projects/RoboLab/output/v1_cosmos_canonical/RubiksCubeLeftOfBowlMatchedTask/predicted_chunks/episode_006/chunk_005/future.mp4,493407,abec0ee3bc88885d436dc6e30e400ae3d07607baa650a83a6aca9166d9ad3fc9
/home/ali/projects/RoboLab/output/v1_cosmos_canonical/RubiksCubeLeftOfBowlMatchedTask/predicted_chunks/episode_006/chunk_005/metadata.json,869,6ccc9c42ed53010e7582676467c59dcf7ee9054ab9d2d6bced6e3e0a702c06f7
/home/ali/projects/RoboLab/output/v1_cosmos_canonical/RubiksCubeLeftOfBowlMatchedTask/predicted_chunks/episode_006/chunk_006/action.npy,1152,5ccab685fad4736b30319588f2367c91804ea9cccd4e6eb4804ea9f363f4df39
/home/ali/projects/RoboLab/output/v1_cosmos_canonical/RubiksCubeLeftOfBowlMatchedTask/predicted_chunks/episode_006/chunk_006/conditioning.png,580170,a06d06985ebe1063982a9a2b2b3a72e040cf63eebb334ad46cc55c80a13ec65e
/home/ali/projects/RoboLab/output/v1_cosmos_canonical/RubiksCubeLeftOfBowlMatchedTask/predicted_chunks/episode_006/chunk_006/future.mp4,508050,9e7cf10b424203da1ef0857d36724134fb314e78b7e413934065876f8f46a5a9
/home/ali/projects/RoboLab/output/v1_cosmos_canonical/RubiksCubeLeftOfBowlMatchedTask/predicted_chunks/episode_006/chunk_006/metadata.json,868,0a2e9e612740c797a474a2754156c848b9ef5b310a0785ab9af14d3b65e3d893
/home/ali/projects/RoboLab/output/v1_cosmos_canonical/RubiksCubeLeftOfBowlMatchedTask/predicted_chunks/episode_006/chunk_007/action.npy,1152,dbfcb419cdb4a07c29f3811497c66a9d2142463db642b4948b75ccb0589f26b0
/home/ali/projects/RoboLab/output/v1_cosmos_canonical/RubiksCubeLeftOfBowlMatchedTask/predicted_chunks/episode_006/chunk_007/conditioning.png,538140,a08a8ad3e5345065f90687b845c20ad46bd6a5a441fa651c12e9546fae0ee282
/home/ali/projects/RoboLab/output/v1_cosmos_canonical/RubiksCubeLeftOfBowlMatchedTask/predicted_chunks/episode_006/chunk_007/future.mp4,406620,6c350099a0082a4e7f57387e9866508c49cc40faeba543897455b55e46334f6d
/home/ali/projects/RoboLab/output/v1_cosmos_canonical/RubiksCubeLeftOfBowlMatchedTask/predicted_chunks/episode_006/chunk_007/metadata.json,870,208f93f0134193054e0e6583380e206e86bfdb35930187623960f6a73452d59c
/home/ali/projects/RoboLab/output/v1_cosmos_canonical/RubiksCubeLeftOfBowlMatchedTask/predicted_chunks/episode_006/chunk_008/action.npy,1152,5a267ebe3485e2db76fe7cc060c9c47f25a4f0e37945e1fcd1629d5bf135a00e
/home/ali/projects/RoboLab/output/v1_cosmos_canonical/RubiksCubeLeftOfBowlMatchedTask/predicted_chunks/episode_006/chunk_008/conditioning.png,529425,86d437115263870889d6be9702964695dc1d20a03e1d6309b1388331ba2ea19d
/home/ali/projects/RoboLab/output/v1_cosmos_canonical/RubiksCubeLeftOfBowlMatchedTask/predicted_chunks/episode_006/chunk_008/future.mp4,353919,2fe03aaaa4645979115b28192338e2baedb4d5a49de23ae3bda05eca01565893
/home/ali/projects/RoboLab/output/v1_cosmos_canonical/RubiksCubeLeftOfBowlMatchedTask/predicted_chunks/episode_006/chunk_008/metadata.json,866,e20136e73af65ae864e080487761c52507a72a2b58d62b8e496d4b348cb5b45f
/home/ali/projects/RoboLab/output/v1_cosmos_canonical/RubiksCubeLeftOfBowlMatchedTask/predicted_chunks/episode_006/chunk_009/action.npy,1152,7b364875155372177ba73290be1682b7721e45043caf27723e6daeb890b6214f
/home/ali/projects/RoboLab/output/v1_cosmos_canonical/RubiksCubeLeftOfBowlMatchedTask/predicted_chunks/episode_006/chunk_009/conditioning.png,536374,5cff2e732fd95a5a6b679350d77dcb3763f819e4adec560b6788e275fc2b965e
/home/ali/projects/RoboLab/output/v1_cosmos_canonical/RubiksCubeLeftOfBowlMatchedTask/predicted_chunks/episode_006/chunk_009/future.mp4,464229,95da355b656af055c9604ad8c86ea3e06f2536170de009785baaaf2e2bb50410
/home/ali/projects/RoboLab/output/v1_cosmos_canonical/RubiksCubeLeftOfBowlMatchedTask/predicted_chunks/episode_006/chunk_009/metadata.json,849,02a31d2aacf8236c976312d747997df17272eb74486e213ca5f22f3ab02e7174
/home/ali/projects/RoboLab/output/v1_cosmos_canonical/RubiksCubeLeftOfBowlMatchedTask/predicted_chunks/episode_006/chunk_010/action.npy,1152,2f8b2d92c2af6da5e7a90268e6214dc74c992c3655ffb1ab2d4afe83ae150be8
/home/ali/projects/RoboLab/output/v1_cosmos_canonical/RubiksCubeLeftOfBowlMatchedTask/predicted_chunks/episode_006/chunk_010/conditioning.png,553397,ce2386774a808676fad521ab2d6c7fa459516892e9e23f18f1df614c9f0f0c48
/home/ali/projects/RoboLab/output/v1_cosmos_canonical/RubiksCubeLeftOfBowlMatchedTask/predicted_chunks/episode_006/chunk_010/future.mp4,487342,963d0a0e5ef33871b48882668bb9b4750833d0be22a677cc11bdad75267865e6
/home/ali/projects/RoboLab/output/v1_cosmos_canonical/RubiksCubeLeftOfBowlMatchedTask/predicted_chunks/episode_006/chunk_010/metadata.json,867,2e8a5794907e7ea3b09d3b17fe2e533e138b581af19943828cdd6f5201bb3929
/home/ali/projects/RoboLab/output/v1_cosmos_canonical/RubiksCubeLeftOfBowlMatchedTask/predicted_chunks/episode_006/chunk_011/action.npy,1152,d75626280e4773c4342b76702932a0a869bda6c48b594729160a2da4f159746f
/home/ali/projects/RoboLab/output/v1_cosmos_canonical/RubiksCubeLeftOfBowlMatchedTask/predicted_chunks/episode_006/chunk_011/conditioning.png,537230,e2c72352351671d532feccd79d246f1759d095ccf178d58ae8f23a273a909fe3
/home/ali/projects/RoboLab/output/v1_cosmos_canonical/RubiksCubeLeftOfBowlMatchedTask/predicted_chunks/episode_006/chunk_011/future.mp4,437140,ad749a01135ecd4c75a9fe7398962249a80c51805901bde9f211acde64da2739
/home/ali/projects/RoboLab/output/v1_cosmos_canonical/RubiksCubeLeftOfBowlMatchedTask/predicted_chunks/episode_006/chunk_011/metadata.json,853,744065a5b640f7ca7c8e3c42ad411979ae4ed6afcbf3aef27c294b6945656a0d
/home/ali/projects/RoboLab/output/v1_cosmos_canonical/RubiksCubeLeftOfBowlMatchedTask/predicted_chunks/episode_006/chunk_012/action.npy,1152,8e0e3f4d2c6ae58c9e6fced56b5e7e1272a31b37a1f5728734bf012b09c4623d
/home/ali/projects/RoboLab/output/v1_cosmos_canonical/RubiksCubeLeftOfBowlMatchedTask/predicted_chunks/episode_006/chunk_012/conditioning.png,540428,8501d8e74d1e0a506352cb97a707ec8370008e3c2e220805c9c72d6a59c6fa47
/home/ali/projects/RoboLab/output/v1_cosmos_canonical/RubiksCubeLeftOfBowlMatchedTask/predicted_chunks/episode_006/chunk_012/future.mp4,494555,3948c45a88e3afc147c57c50d77115793e17ff112061eefe0f463786a443919d
/home/ali/projects/RoboLab/output/v1_cosmos_canonical/RubiksCubeLeftOfBowlMatchedTask/predicted_chunks/episode_006/chunk_012/metadata.json,852,00ccab1fdc2fd4f8294ac6e0e227780116e878dcf95758e05963baebdcf79bda
/home/ali/projects/RoboLab/output/v1_cosmos_canonical/RubiksCubeLeftOfBowlMatchedTask/predicted_chunks/episode_006/chunk_013/action.npy,1152,b1001ae3056da64e301d9181daf8ecdc3a3a6aeb635066a41ddda5fd56b57841
/home/ali/projects/RoboLab/output/v1_cosmos_canonical/RubiksCubeLeftOfBowlMatchedTask/predicted_chunks/episode_006/chunk_013/conditioning.png,561928,b2a076cc3f36be33adbf72ce4b75f00641079e0a1ae16e201ec159a7447e0c8e
/home/ali/projects/RoboLab/output/v1_cosmos_canonical/RubiksCubeLeftOfBowlMatchedTask/predicted_chunks/episode_006/chunk_013/future.mp4,407266,9b5b0361507e78ad269d1e92acd3bf573628959f90afbea8b15a6678751021b0
/home/ali/projects/RoboLab/output/v1_cosmos_canonical/RubiksCubeLeftOfBowlMatchedTask/predicted_chunks/episode_006/chunk_013/metadata.json,851,e306bf401c2822740d5e0c2647333e78ed7ae44236c4fe4d648478d6239678a9
/home/ali/projects/RoboLab/output/v1_cosmos_canonical/RubiksCubeLeftOfBowlMatchedTask/predicted_chunks/episode_006/chunk_014/action.npy,1152,4241710c064c18aa50ad6a38529c4311849fba9dc0195b07a0de924fe0ae0c10
/home/ali/projects/RoboLab/output/v1_cosmos_canonical/RubiksCubeLeftOfBowlMatchedTask/predicted_chunks/episode_006/chunk_014/conditioning.png,542813,c976fbe2bb157858fe08986d8e36d614814e99bbf3caece00ba642bbe8c37f9c
/home/ali/projects/RoboLab/output/v1_cosmos_canonical/RubiksCubeLeftOfBowlMatchedTask/predicted_chunks/episode_006/chunk_014/future.mp4,428589,6eeaa6b077ca8e8bc5851b4f4f90ddd0af5b0324480427b505a6cbd94a674989
/home/ali/projects/RoboLab/output/v1_cosmos_canonical/RubiksCubeLeftOfBowlMatchedTask/predicted_chunks/episode_006/chunk_014/metadata.json,868,b82a187b27822397be4d754f7883910a16624a28c78d1fdc2547a5beed03b6ec
/home/ali/projects/RoboLab/output/v1_cosmos_canonical/RubiksCubeLeftOfBowlMatchedTask/predicted_chunks/episode_007/chunk_000/action.npy,1152,887797128f9975991fdb01e49224e9d1207dcbc85dfa7aee449e955764d43efe
/home/ali/projects/RoboLab/output/v1_cosmos_canonical/RubiksCubeLeftOfBowlMatchedTask/predicted_chunks/episode_007/chunk_000/conditioning.png,569674,71c1f491092431af8b3ca10a0a6922c5687bd2ec4f2ec6cb7ea85ec22ffc665c
/home/ali/projects/RoboLab/output/v1_cosmos_canonical/RubiksCubeLeftOfBowlMatchedTask/predicted_chunks/episode_007/chunk_000/future.mp4,514847,0e42db70708da0ef33cd7bbe0ac5225fb2b9eda266e95a9691f50fc824c46d76
/home/ali/projects/RoboLab/output/v1_cosmos_canonical/RubiksCubeLeftOfBowlMatchedTask/predicted_chunks/episode_007/chunk_000/metadata.json,784,bd7e243c6bffdc4ffe47dc778049dc3e7695ba09e0e8c70827289d9b788d3958
/home/ali/projects/RoboLab/output/v1_cosmos_canonical/RubiksCubeLeftOfBowlMatchedTask/predicted_chunks/episode_007/chunk_001/action.npy,1152,50f059dd7b38632ad480d59b3a3f2e310cb1e748342846cab29b220e8e969f81
/home/ali/projects/RoboLab/output/v1_cosmos_canonical/RubiksCubeLeftOfBowlMatchedTask/predicted_chunks/episode_007/chunk_001/conditioning.png,557999,4d5127b4af888c5096306dfe040ec827ee87959f1152c9480d440f1d78d80540
/home/ali/projects/RoboLab/output/v1_cosmos_canonical/RubiksCubeLeftOfBowlMatchedTask/predicted_chunks/episode_007/chunk_001/future.mp4,419246,227c4e9522e1a06778382288abd228b9dc1eb6c74d15cb719a858837e32bbe16
/home/ali/projects/RoboLab/output/v1_cosmos_canonical/RubiksCubeLeftOfBowlMatchedTask/predicted_chunks/episode_007/chunk_001/metadata.json,869,ffa2764a4de4fa470357348a7d1e475ac7603e5ff1ad606fb45c8cbae046a835
/home/ali/projects/RoboLab/output/v1_cosmos_canonical/RubiksCubeLeftOfBowlMatchedTask/predicted_chunks/episode_007/chunk_002/action.npy,1152,e3fcfe255166b0218be73b61b0c200595c704857947436a3bdc563cc32379d45
/home/ali/projects/RoboLab/output/v1_cosmos_canonical/RubiksCubeLeftOfBowlMatchedTask/predicted_chunks/episode_007/chunk_002/conditioning.png,548074,6a77f4982ab829d551f65f976449294c2f0d720f6175ece7b500af5872ecd8d3
/home/ali/projects/RoboLab/output/v1_cosmos_canonical/RubiksCubeLeftOfBowlMatchedTask/predicted_chunks/episode_007/chunk_002/future.mp4,480662,2292a4624f91e190af994302d6a2b3d09a182e7c2fa5e0af892c7472cf66703b
/home/ali/projects/RoboLab/output/v1_cosmos_canonical/RubiksCubeLeftOfBowlMatchedTask/predicted_chunks/episode_007/chunk_002/metadata.json,866,d866d3aa762cabb1c868092bd3602c0faad4920eb43fdd689fb4139db57160bc
/home/ali/projects/RoboLab/output/v1_cosmos_canonical/RubiksCubeLeftOfBowlMatchedTask/predicted_chunks/episode_007/chunk_003/action.npy,1152,a98708e2285975885b52042276179ed1d99a68db37ad0a44cc6a5332342c2bf2
/home/ali/projects/RoboLab/output/v1_cosmos_canonical/RubiksCubeLeftOfBowlMatchedTask/predicted_chunks/episode_007/chunk_003/conditioning.png,560799,27f02d43d16dab1b744850d989ba55262fa43594c2655dc0baa2948759c16ac5
/home/ali/projects/RoboLab/output/v1_cosmos_canonical/RubiksCubeLeftOfBowlMatchedTask/predicted_chunks/episode_007/chunk_003/future.mp4,448435,a0566783771723e2b0a846be6cf8d8836581091155700f7dcb592903c8c3b3be
/home/ali/projects/RoboLab/output/v1_cosmos_canonical/RubiksCubeLeftOfBowlMatchedTask/predicted_chunks/episode_007/chunk_003/metadata.json,863,04f46122a8514941bd672ecc6e5a18503fc5dc7a935d5956d9a80bb429f186a4
/home/ali/projects/RoboLab/output/v1_cosmos_canonical/RubiksCubeLeftOfBowlMatchedTask/predicted_chunks/episode_008/chunk_000/action.npy,1152,8408032c1c6d31af4383b7f9a0bed5255bd6e485c7bc5abee10bd96499cb5642
/home/ali/projects/RoboLab/output/v1_cosmos_canonical/RubiksCubeLeftOfBowlMatchedTask/predicted_chunks/episode_008/chunk_000/conditioning.png,576509,2fc7e227f3fb4d966bfcba9723e7dd552eecac9bb891720ecd79c15824bb412d
/home/ali/projects/RoboLab/output/v1_cosmos_canonical/RubiksCubeLeftOfBowlMatchedTask/predicted_chunks/episode_008/chunk_000/future.mp4,508701,784c1db0c8917a7a4fcc8348269357ddab996ac8eaee62d9838062b09a4288d1
/home/ali/projects/RoboLab/output/v1_cosmos_canonical/RubiksCubeLeftOfBowlMatchedTask/predicted_chunks/episode_008/chunk_000/metadata.json,784,acec45f1840bb04c4821fd849d5c8b6839b7633f9d47c366d12b3f4c5d29976b
/home/ali/projects/RoboLab/output/v1_cosmos_canonical/RubiksCubeLeftOfBowlMatchedTask/predicted_chunks/episode_008/chunk_001/action.npy,1152,03b8fbec2678ea16246f3d63d82d676e0d7185243c9980864b30043754eacf84
/home/ali/projects/RoboLab/output/v1_cosmos_canonical/RubiksCubeLeftOfBowlMatchedTask/predicted_chunks/episode_008/chunk_001/conditioning.png,544154,bd06615c83509d5a9fa9181a622bd717576259cc98695025b62de3ff1f413c76
/home/ali/projects/RoboLab/output/v1_cosmos_canonical/RubiksCubeLeftOfBowlMatchedTask/predicted_chunks/episode_008/chunk_001/future.mp4,452407,ad90eecb9b28ef842667cb456ca56ec0abbe6c4e793331abf4455c7bbd11a885
/home/ali/projects/RoboLab/output/v1_cosmos_canonical/RubiksCubeLeftOfBowlMatchedTask/predicted_chunks/episode_008/chunk_001/metadata.json,867,08553dfb808931a25099260acbea6a50fa6a87148258d5b84f826a082920ea05
/home/ali/projects/RoboLab/output/v1_cosmos_canonical/RubiksCubeLeftOfBowlMatchedTask/predicted_chunks/episode_008/chunk_002/action.npy,1152,ac5f80e9fe85ea4eb048582244ab7c10ba10574eca431d6c296e7db00d963d4d
/home/ali/projects/RoboLab/output/v1_cosmos_canonical/RubiksCubeLeftOfBowlMatchedTask/predicted_chunks/episode_008/chunk_002/conditioning.png,520893,1a4ede03a3b46e991a77dde03cd04ddbd2e94a7b1b5133e0d505f6628830e157
/home/ali/projects/RoboLab/output/v1_cosmos_canonical/RubiksCubeLeftOfBowlMatchedTask/predicted_chunks/episode_008/chunk_002/future.mp4,448449,54485ab474ddc547019447c3fa12d76382af9cf2d45531e5a47214e8c64a8554
/home/ali/projects/RoboLab/output/v1_cosmos_canonical/RubiksCubeLeftOfBowlMatchedTask/predicted_chunks/episode_008/chunk_002/metadata.json,848,4decf970cff2256eb9d14bc76433379e41799f3bb53b0d072fda60aed60281f7
/home/ali/projects/RoboLab/output/v1_cosmos_canonical/RubiksCubeLeftOfBowlMatchedTask/predicted_chunks/episode_008/chunk_003/action.npy,1152,0a3aef5c1f1f96e73af925f10dd19f3c0af73cd564ae8664583471d7a0822fbf
/home/ali/projects/RoboLab/output/v1_cosmos_canonical/RubiksCubeLeftOfBowlMatchedTask/predicted_chunks/episode_008/chunk_003/conditioning.png,561764,bbc4a559bfe57e2cc1365d166730afb29cc1b9cfdb60b9069dfeee2c640d82e6
/home/ali/projects/RoboLab/output/v1_cosmos_canonical/RubiksCubeLeftOfBowlMatchedTask/predicted_chunks/episode_008/chunk_003/future.mp4,466303,2853b70cd671c7e56011a242f05ab77b55ade919d2fec63dc44cdc5d7a19729c
/home/ali/projects/RoboLab/output/v1_cosmos_canonical/RubiksCubeLeftOfBowlMatchedTask/predicted_chunks/episode_008/chunk_003/metadata.json,867,45de4b914c3a9df0fa3a744e251e68ddcd34a25e5a748198b8a6699881c2863c
/home/ali/projects/RoboLab/output/v1_cosmos_canonical/RubiksCubeLeftOfBowlMatchedTask/predicted_chunks/episode_008/chunk_004/action.npy,1152,d30fe9fce182c63c623d78c15075517b6418db430a5c1f951e4a96d6e3db6396
/home/ali/projects/RoboLab/output/v1_cosmos_canonical/RubiksCubeLeftOfBowlMatchedTask/predicted_chunks/episode_008/chunk_004/conditioning.png,550616,67dd8109305b162ca286f4088b3d572f26676788265ee0eadcb5e6fb371ec369
/home/ali/projects/RoboLab/output/v1_cosmos_canonical/RubiksCubeLeftOfBowlMatchedTask/predicted_chunks/episode_008/chunk_004/future.mp4,463936,23e736caacd5eb4e56700b44d324a1ecd02b45fcbdf1866f8f1784771e9862a8
/home/ali/projects/RoboLab/output/v1_cosmos_canonical/RubiksCubeLeftOfBowlMatchedTask/predicted_chunks/episode_008/chunk_004/metadata.json,867,797a0385eac6de5be1a6f46c53265e42a3579c1c93536f33b504c54387fe32cb
/home/ali/projects/RoboLab/output/v1_cosmos_canonical/RubiksCubeLeftOfBowlMatchedTask/predicted_chunks/episode_008/chunk_005/action.npy,1152,bf0c637615cfc160ebb9883e9b2c47761d18ef0f90d770566afd47d19051f6b2
/home/ali/projects/RoboLab/output/v1_cosmos_canonical/RubiksCubeLeftOfBowlMatchedTask/predicted_chunks/episode_008/chunk_005/conditioning.png,551440,5d995ff6669f07442008f945cc1357651c64c990081f8863905d0b58da54cd5d
/home/ali/projects/RoboLab/output/v1_cosmos_canonical/RubiksCubeLeftOfBowlMatchedTask/predicted_chunks/episode_008/chunk_005/future.mp4,339397,17b1369f3b81b5adab35553caf91aa091552ee982aa0830b2b7c60bf015d44b4
/home/ali/projects/RoboLab/output/v1_cosmos_canonical/RubiksCubeLeftOfBowlMatchedTask/predicted_chunks/episode_008/chunk_005/metadata.json,864,dd810077b74fc5ad868bd263b7d6551e6f0b1758594f1455b8d4942f95e6933f
/home/ali/projects/RoboLab/output/v1_cosmos_canonical/RubiksCubeLeftOfBowlMatchedTask/predicted_chunks/episode_008/chunk_006/action.npy,1152,dbfa644159e9f9c5cb41a5b234b56b014c3dcd8841afa5278dd2027ed403d88a
/home/ali/projects/RoboLab/output/v1_cosmos_canonical/RubiksCubeLeftOfBowlMatchedTask/predicted_chunks/episode_008/chunk_006/conditioning.png,556523,c913f2b2cafd62adc10791b77f6d4d73200fa2d3d3617c20c398df67f6d14408
/home/ali/projects/RoboLab/output/v1_cosmos_canonical/RubiksCubeLeftOfBowlMatchedTask/predicted_chunks/episode_008/chunk_006/future.mp4,414838,22af9a26e145b23c956dc8b63a57646d275acceac2482067ab9d1b457f7f6fbf
/home/ali/projects/RoboLab/output/v1_cosmos_canonical/RubiksCubeLeftOfBowlMatchedTask/predicted_chunks/episode_008/chunk_006/metadata.json,864,3bad88758da43fbf26317dfd633e601647279d3a57c4cd951c62f065ae94501a
/home/ali/projects/RoboLab/output/v1_cosmos_canonical/RubiksCubeLeftOfBowlMatchedTask/predicted_chunks/episode_009/chunk_000/action.npy,1152,0bab0e35b7096dceabc4cca2e531790b460116e66907fc078f584bd1154d9086
/home/ali/projects/RoboLab/output/v1_cosmos_canonical/RubiksCubeLeftOfBowlMatchedTask/predicted_chunks/episode_009/chunk_000/conditioning.png,578418,5caf9779b8722033954072bd8b1a5c6ee2c8d42e941d833107481479f569a136
/home/ali/projects/RoboLab/output/v1_cosmos_canonical/RubiksCubeLeftOfBowlMatchedTask/predicted_chunks/episode_009/chunk_000/future.mp4,489017,95d22416490e0579f752a16ddb3db2ae4fb9ff9f50befff8a5de8f42630f9487
/home/ali/projects/RoboLab/output/v1_cosmos_canonical/RubiksCubeLeftOfBowlMatchedTask/predicted_chunks/episode_009/chunk_000/metadata.json,784,ddc4094bcb1f4197fc5e9d044437c94b9e197745e2007fdf90eb991e053974cc
/home/ali/projects/RoboLab/output/v1_cosmos_canonical/RubiksCubeLeftOfBowlMatchedTask/predicted_chunks/episode_009/chunk_001/action.npy,1152,4c4f7a8e7fb95f51cd390798dd0ba5b5121a7f19902798cbd22e7f4d9fa1a3e6
/home/ali/projects/RoboLab/output/v1_cosmos_canonical/RubiksCubeLeftOfBowlMatchedTask/predicted_chunks/episode_009/chunk_001/conditioning.png,565541,465a5f2a872ebaebe84caa42be62742a1722f0b5d2110e3320fdb9a809191f11
/home/ali/projects/RoboLab/output/v1_cosmos_canonical/RubiksCubeLeftOfBowlMatchedTask/predicted_chunks/episode_009/chunk_001/future.mp4,461674,fc87a296ba7a3b06e7d61190048c71ecad74e26d6a09c7c32b2ff5c94726bbf3
/home/ali/projects/RoboLab/output/v1_cosmos_canonical/RubiksCubeLeftOfBowlMatchedTask/predicted_chunks/episode_009/chunk_001/metadata.json,869,ecfa79f7a34b483157a39d8186373ffec8a65a4a7b94fb6ef7d38da41ede8ed8
/home/ali/projects/RoboLab/output/v1_cosmos_canonical/RubiksCubeLeftOfBowlMatchedTask/predicted_chunks/episode_009/chunk_002/action.npy,1152,c6534973a1f20518605fa6eeff58cc377e9aab7bb19b6d9feed6c68344c5c03d
/home/ali/projects/RoboLab/output/v1_cosmos_canonical/RubiksCubeLeftOfBowlMatchedTask/predicted_chunks/episode_009/chunk_002/conditioning.png,542849,f18e1cf5f0efe521b57c772d5b1125f81383b19f907bf3e81ff8fd6b6c417995
/home/ali/projects/RoboLab/output/v1_cosmos_canonical/RubiksCubeLeftOfBowlMatchedTask/predicted_chunks/episode_009/chunk_002/future.mp4,358425,613927bf4adcfb68278c2c1cec036598646f616378870f0caa9356c11962e88a
/home/ali/projects/RoboLab/output/v1_cosmos_canonical/RubiksCubeLeftOfBowlMatchedTask/predicted_chunks/episode_009/chunk_002/metadata.json,864,795714c619165412870a813e5542a2dc33f455973a97b888506afdc7424d6497
/home/ali/projects/RoboLab/output/v1_cosmos_canonical/RubiksCubeLeftOfBowlMatchedTask/predicted_chunks/episode_009/chunk_003/action.npy,1152,7b0865c679653df5da30c30e3cf47709cd9feda9986381c7886125c6b7382bec
/home/ali/projects/RoboLab/output/v1_cosmos_canonical/RubiksCubeLeftOfBowlMatchedTask/predicted_chunks/episode_009/chunk_003/conditioning.png,562689,4b22a6218c40d1dbcfb5c47edaa8a3f566a3b1592b3f2a374ae2b2a91edee88c
/home/ali/projects/RoboLab/output/v1_cosmos_canonical/RubiksCubeLeftOfBowlMatchedTask/predicted_chunks/episode_009/chunk_003/future.mp4,447028,56d83f3db39edf4fa3c82c96fdb6418e98a97e36a10a03df650e704723eb690a
/home/ali/projects/RoboLab/output/v1_cosmos_canonical/RubiksCubeLeftOfBowlMatchedTask/predicted_chunks/episode_009/chunk_003/metadata.json,847,d4a695898b88bc054c64163d3ece08670511e932cc938e6a7717e83b18c7df85
/home/ali/projects/RoboLab/output/v1_cosmos_canonical/RubiksCubeLeftOfBowlMatchedTask/predicted_chunks/episode_009/chunk_004/action.npy,1152,6737132d2a8c4c05bdb78709ae4d0e377767dca3fb395d785ed8bb5014fdabd8
/home/ali/projects/RoboLab/output/v1_cosmos_canonical/RubiksCubeLeftOfBowlMatchedTask/predicted_chunks/episode_009/chunk_004/conditioning.png,557236,d7c25d85c979af393d8958ad0c8109cb76e97fac423ff3312dbf118b7374afdf
/home/ali/projects/RoboLab/output/v1_cosmos_canonical/RubiksCubeLeftOfBowlMatchedTask/predicted_chunks/episode_009/chunk_004/future.mp4,424487,391af289a3f13db872c87d6cb6099f0778b8626025955dc8d67afa30a8c59319
/home/ali/projects/RoboLab/output/v1_cosmos_canonical/RubiksCubeLeftOfBowlMatchedTask/predicted_chunks/episode_009/chunk_004/metadata.json,864,f14c9df4e332cce06dad57aa38b30d244d77f67b8595c5e4be30f155aa865700
/home/ali/projects/RoboLab/output/v1_cosmos_canonical/RubiksCubeLeftOfBowlMatchedTask/predicted_chunks/manifest.jsonl,72838,f224b0a3df407efd05de03a82fce8c7404e17fc0fe1cb4ff5888b7dded2925d0
/home/ali/projects/RoboLab/output/v1_cosmos_canonical/RubiksCubeLeftOfBowlMatchedTask/run_0.hdf5,301794,0ff3ff0612f9968670f3b171b90dce53eeb494e89630a52083cccbaee5b68854
/home/ali/projects/RoboLab/output/v1_cosmos_canonical/RubiksCubeLeftOfBowlMatchedTask/run_1.hdf5,305851,f128d795e22b900d84e9140552c91444226671625cb3373545411dfba1840611
/home/ali/projects/RoboLab/output/v1_cosmos_canonical/RubiksCubeLeftOfBowlMatchedTask/run_2.hdf5,339112,e70fe6d15f8507ea9ffea3c5a81063116435db2ce50cf803a08d66c24f566ba3
/home/ali/projects/RoboLab/output/v1_cosmos_canonical/RubiksCubeLeftOfBowlMatchedTask/run_3.hdf5,265714,9ea1c85276fc9305be0cc84ef815ffab99e7a2110c90df63bc55ca966a693df2
/home/ali/projects/RoboLab/output/v1_cosmos_canonical/RubiksCubeLeftOfBowlMatchedTask/run_4.hdf5,339180,b9d69ba0b8c11c822736770d5cf8ae4e5a31f465cb9ffdb856dde0b23fdf986b
/home/ali/projects/RoboLab/output/v1_cosmos_canonical/RubiksCubeLeftOfBowlMatchedTask/run_5.hdf5,267760,fd5249dde82fc85e372bb31b616b5c0092474b8a3a15b36e97c57ec023a0f3ae
/home/ali/projects/RoboLab/output/v1_cosmos_canonical/RubiksCubeLeftOfBowlMatchedTask/run_6.hdf5,340009,33e1460ff182c2967609438260f3be48f708dcf2e1808b2c17b9f36644ce255c
/home/ali/projects/RoboLab/output/v1_cosmos_canonical/RubiksCubeLeftOfBowlMatchedTask/run_7.hdf5,224858,5a178c2e394bec3eefd853250043a96d4b8205729c5831dc8ba331c08938501e
/home/ali/projects/RoboLab/output/v1_cosmos_canonical/RubiksCubeLeftOfBowlMatchedTask/run_8.hdf5,253715,b71e9b3f8cc83a7e7439b450d6384e28f271a0fceeebb15c4b04d0bc5c1eab8c
/home/ali/projects/RoboLab/output/v1_cosmos_canonical/RubiksCubeLeftOfBowlMatchedTask/run_9.hdf5,230122,35e4ed54b918f7ced22dbb2eb1e751c8486bf7125f4a91875c053575d61be0dd
/home/ali/projects/RoboLab/output/v1_cosmos_canonical/RubiksCubeRightOfBowlMatchedTask/env_cfg.json,43189,681a9ac75581e3ea36fcf71973fc3bbf5b0e84e1939dd597f3046e5d825273e7
/home/ali/projects/RoboLab/output/v1_cosmos_canonical/RubiksCubeRightOfBowlMatchedTask/log_0_env0.json,3602,a5f28f01f0279cbf61959d8fb881b8ace9037f1cbb95fe81da946705a6749085
/home/ali/projects/RoboLab/output/v1_cosmos_canonical/RubiksCubeRightOfBowlMatchedTask/log_1_env0.json,1865,e72e6c7f88e338677a59d0a3ab77ebad220c84da837e31c922c949217af852f1
/home/ali/projects/RoboLab/output/v1_cosmos_canonical/RubiksCubeRightOfBowlMatchedTask/log_2_env0.json,1446,a033add1425fc7d2b46c8d66991d27a999520d8f9412a426f40f0c01ddaaf342
/home/ali/projects/RoboLab/output/v1_cosmos_canonical/RubiksCubeRightOfBowlMatchedTask/log_3_env0.json,1771,402389c7e2fefcb938f0ad443d98860aa18d7e9b7a0acd8c3b8d376f54b2f0eb
/home/ali/projects/RoboLab/output/v1_cosmos_canonical/RubiksCubeRightOfBowlMatchedTask/log_4_env0.json,1454,8692ec347dcf8ef1130b2a98033f305e3666f9e07843dced455c891121e6dd7f
/home/ali/projects/RoboLab/output/v1_cosmos_canonical/RubiksCubeRightOfBowlMatchedTask/log_5_env0.json,2697,9b91d8f426884405bb62f3639a537afafde35534a5bbff3cf5bff48d09fe517f
/home/ali/projects/RoboLab/output/v1_cosmos_canonical/RubiksCubeRightOfBowlMatchedTask/log_6_env0.json,1317,22dff1f5bce23294b4a9a5d78103f7679c4f7ada5156fe70329c80bc1eb18517
/home/ali/projects/RoboLab/output/v1_cosmos_canonical/RubiksCubeRightOfBowlMatchedTask/log_7_env0.json,1318,9a4a709baa590adc12060270f3a48079bf107dc4bcffdc8210c69b64c44226cd
/home/ali/projects/RoboLab/output/v1_cosmos_canonical/RubiksCubeRightOfBowlMatchedTask/log_8_env0.json,1439,4c231deb2b9f5a6408f4f2c24cf8950dac8c25c6b89f01cc372d01ea4dcefb29
/home/ali/projects/RoboLab/output/v1_cosmos_canonical/RubiksCubeRightOfBowlMatchedTask/log_9_env0.json,2371,9e4cbf17eccdd1d8acda8cc0c651d5fdbce23e9fbd9b25a5bb4d9225a5de23af
/home/ali/projects/RoboLab/output/v1_cosmos_canonical/RubiksCubeRightOfBowlMatchedTask/predicted_chunks/episode_000/chunk_000/action.npy,1152,09a99e5c132136ff0ed8fa30ec0a9b17e27a8056e837d9f65a1734dc62040d15
/home/ali/projects/RoboLab/output/v1_cosmos_canonical/RubiksCubeRightOfBowlMatchedTask/predicted_chunks/episode_000/chunk_000/conditioning.png,568627,417d01de73e0acafda8973cc2a9a245080d5c4043dd2ec2151670508911fe0b0
/home/ali/projects/RoboLab/output/v1_cosmos_canonical/RubiksCubeRightOfBowlMatchedTask/predicted_chunks/episode_000/chunk_000/future.mp4,511440,83d36748d858c87b01887a4d0282de921c67b8a10aa66a53c66f22ae2fbf6d08
/home/ali/projects/RoboLab/output/v1_cosmos_canonical/RubiksCubeRightOfBowlMatchedTask/predicted_chunks/episode_000/chunk_000/metadata.json,786,12cb0d5b535acc407bc7c8c5e930d15ec0fe0810e84cfc14dd6a2ba15dd5fa32
/home/ali/projects/RoboLab/output/v1_cosmos_canonical/RubiksCubeRightOfBowlMatchedTask/predicted_chunks/episode_000/chunk_001/action.npy,1152,f4cc170b77a999bc63318adc5f7eebf86dbcc4b120d220598ce40844f73d2645
/home/ali/projects/RoboLab/output/v1_cosmos_canonical/RubiksCubeRightOfBowlMatchedTask/predicted_chunks/episode_000/chunk_001/conditioning.png,551092,3fc4a4b16105cbd582fbaab1c7ef5f1793613e57b53404cf8f391ceface5b15c
/home/ali/projects/RoboLab/output/v1_cosmos_canonical/RubiksCubeRightOfBowlMatchedTask/predicted_chunks/episode_000/chunk_001/future.mp4,459949,208060b34811d2d92414a0a62f7782fbf724d6d6747bc5e785c7a065b608b9f8
/home/ali/projects/RoboLab/output/v1_cosmos_canonical/RubiksCubeRightOfBowlMatchedTask/predicted_chunks/episode_000/chunk_001/metadata.json,869,eaf22ca69cb82bfb0d81edec82a262a5fe7cfdcbdd15dc9a4b7eccb88ee95919
/home/ali/projects/RoboLab/output/v1_cosmos_canonical/RubiksCubeRightOfBowlMatchedTask/predicted_chunks/episode_000/chunk_002/action.npy,1152,d2625dd05908ee15b70eb3f5d319332ef0b40ffe7a610c171c667e7d27a7f4ea
/home/ali/projects/RoboLab/output/v1_cosmos_canonical/RubiksCubeRightOfBowlMatchedTask/predicted_chunks/episode_000/chunk_002/conditioning.png,554212,c613b809df9bc349f2ac80174990e06389b5d7598bbe070ca13a21b8ce8c012b
/home/ali/projects/RoboLab/output/v1_cosmos_canonical/RubiksCubeRightOfBowlMatchedTask/predicted_chunks/episode_000/chunk_002/future.mp4,500656,8f8e651261dcafe787d449554a77ac824d0cd6af105f82c6faa8a017421062a0
/home/ali/projects/RoboLab/output/v1_cosmos_canonical/RubiksCubeRightOfBowlMatchedTask/predicted_chunks/episode_000/chunk_002/metadata.json,852,76b8aafd456931f60b923e6c3f9f2213811b7b4a291a16f14cc0d0029150c448
/home/ali/projects/RoboLab/output/v1_cosmos_canonical/RubiksCubeRightOfBowlMatchedTask/predicted_chunks/episode_000/chunk_003/action.npy,1152,4edd55f21732196166c168b0a118b388c8aa71a9ea7ec48e565c672a2e8720b8
/home/ali/projects/RoboLab/output/v1_cosmos_canonical/RubiksCubeRightOfBowlMatchedTask/predicted_chunks/episode_000/chunk_003/conditioning.png,569197,317205d3e8b3d2b1472d6a9c319bd5d72915de1cda323ac1aea7723572ebe1e3
/home/ali/projects/RoboLab/output/v1_cosmos_canonical/RubiksCubeRightOfBowlMatchedTask/predicted_chunks/episode_000/chunk_003/future.mp4,583185,f402e49b031d5f58de8936413a741888bee70b8c35edc9133fa744cab4b58ede
/home/ali/projects/RoboLab/output/v1_cosmos_canonical/RubiksCubeRightOfBowlMatchedTask/predicted_chunks/episode_000/chunk_003/metadata.json,870,73d2fa20d87a75c3db29c80eac4e9659915d6f76b38f8d81c4613a5e803c8774
/home/ali/projects/RoboLab/output/v1_cosmos_canonical/RubiksCubeRightOfBowlMatchedTask/predicted_chunks/episode_000/chunk_004/action.npy,1152,70208a1a17979e788bc44e2708f8709ba10c9278af8a464699937c049add83e8
/home/ali/projects/RoboLab/output/v1_cosmos_canonical/RubiksCubeRightOfBowlMatchedTask/predicted_chunks/episode_000/chunk_004/conditioning.png,551033,7f4dac9e8a69b6f9205614bf841dc1707be7f99410941eff9607dc1e1043b944
/home/ali/projects/RoboLab/output/v1_cosmos_canonical/RubiksCubeRightOfBowlMatchedTask/predicted_chunks/episode_000/chunk_004/future.mp4,431164,30f29e55db44ee8fd721956507051874eb7ebb71d8f037c35c52d1bc8ec3b51d
/home/ali/projects/RoboLab/output/v1_cosmos_canonical/RubiksCubeRightOfBowlMatchedTask/predicted_chunks/episode_000/chunk_004/metadata.json,870,165751bdd286b99dbce28ba2c4e138d2eeae6827e5cd5c448c329ce9b6dc6738
/home/ali/projects/RoboLab/output/v1_cosmos_canonical/RubiksCubeRightOfBowlMatchedTask/predicted_chunks/episode_000/chunk_005/action.npy,1152,37d4962004856e884e36a8d3d76a6867432f001334d6e44743530850fb498552
/home/ali/projects/RoboLab/output/v1_cosmos_canonical/RubiksCubeRightOfBowlMatchedTask/predicted_chunks/episode_000/chunk_005/conditioning.png,556907,0a0a604d04374ae1b32537f6f756723d0a588db9a6ad9492e7cebdc05abbecf9
/home/ali/projects/RoboLab/output/v1_cosmos_canonical/RubiksCubeRightOfBowlMatchedTask/predicted_chunks/episode_000/chunk_005/future.mp4,427767,b4b2ef14f33a25466e7183b74e84d2d6314ec45fa7d9a0c5fa193305fa734ec5
/home/ali/projects/RoboLab/output/v1_cosmos_canonical/RubiksCubeRightOfBowlMatchedTask/predicted_chunks/episode_000/chunk_005/metadata.json,850,87b4a618c242b098773b17c50ba69647317d8c897c8e3320991945ad6cb9ac95
/home/ali/projects/RoboLab/output/v1_cosmos_canonical/RubiksCubeRightOfBowlMatchedTask/predicted_chunks/episode_000/chunk_006/action.npy,1152,eaeef9f55a5891752da266ec2c843092e763d836101409348c02652f050b29f1
/home/ali/projects/RoboLab/output/v1_cosmos_canonical/RubiksCubeRightOfBowlMatchedTask/predicted_chunks/episode_000/chunk_006/conditioning.png,520845,4cbfa3c4a30547496b951f0de313d9ef6a99b813f665b690ad5c736df16cea7f
/home/ali/projects/RoboLab/output/v1_cosmos_canonical/RubiksCubeRightOfBowlMatchedTask/predicted_chunks/episode_000/chunk_006/future.mp4,560460,7eb5d2cfab6192b8202992337c8397d5b3943cfb04b97c76a710e40eba52b354
/home/ali/projects/RoboLab/output/v1_cosmos_canonical/RubiksCubeRightOfBowlMatchedTask/predicted_chunks/episode_000/chunk_006/metadata.json,852,3576ecee985594e7ca0232fbbac8fa79c1cb1cd1ea9e313ff9b28b7d520488ad
/home/ali/projects/RoboLab/output/v1_cosmos_canonical/RubiksCubeRightOfBowlMatchedTask/predicted_chunks/episode_000/chunk_007/action.npy,1152,e5ee3671f45013f7ddf642b6ea64f74b5d37d9e8d06690790463c79fa02ab77e
/home/ali/projects/RoboLab/output/v1_cosmos_canonical/RubiksCubeRightOfBowlMatchedTask/predicted_chunks/episode_000/chunk_007/conditioning.png,543329,926027a44bedf2bff64831351d35687cc0ebfb6eb9929d7fc82fd3ccc118ad40
/home/ali/projects/RoboLab/output/v1_cosmos_canonical/RubiksCubeRightOfBowlMatchedTask/predicted_chunks/episode_000/chunk_007/future.mp4,583400,a1be4c1d51c233eaa3152279c35ac4e745d64597bc15947bebc8dcea551c7548
/home/ali/projects/RoboLab/output/v1_cosmos_canonical/RubiksCubeRightOfBowlMatchedTask/predicted_chunks/episode_000/chunk_007/metadata.json,853,3716a56353cb23c39e9b76af8dfe69d25116b4fd5852af07dd0b9f46b8352b33
/home/ali/projects/RoboLab/output/v1_cosmos_canonical/RubiksCubeRightOfBowlMatchedTask/predicted_chunks/episode_000/chunk_008/action.npy,1152,a7e9c1ea70f26a08f32abe8ce33e797ca6f2d680879ed6fb2d9c91bf11841734
/home/ali/projects/RoboLab/output/v1_cosmos_canonical/RubiksCubeRightOfBowlMatchedTask/predicted_chunks/episode_000/chunk_008/conditioning.png,552982,e3c0834bbba2012b1f1594874bb8aef8220ca9335e93a95fff2d453c1f7d0923
/home/ali/projects/RoboLab/output/v1_cosmos_canonical/RubiksCubeRightOfBowlMatchedTask/predicted_chunks/episode_000/chunk_008/future.mp4,505801,4580bbb7a73d867597edd353746519c60e338d64335e7fa300915658b71ee328
/home/ali/projects/RoboLab/output/v1_cosmos_canonical/RubiksCubeRightOfBowlMatchedTask/predicted_chunks/episode_000/chunk_008/metadata.json,857,504f7314e1f5a8822f962554271b8676e02c024897424c9c8a26543449dbf812
/home/ali/projects/RoboLab/output/v1_cosmos_canonical/RubiksCubeRightOfBowlMatchedTask/predicted_chunks/episode_000/chunk_009/action.npy,1152,b3c183707d71e9330ff7deb387d72879f118e9e43b2744090f5972dd7e2a08e8
/home/ali/projects/RoboLab/output/v1_cosmos_canonical/RubiksCubeRightOfBowlMatchedTask/predicted_chunks/episode_000/chunk_009/conditioning.png,508401,9c35caa5e03fd50e6e11055699a8b63d5027beb6e3edba80289a98422f4fe22d
/home/ali/projects/RoboLab/output/v1_cosmos_canonical/RubiksCubeRightOfBowlMatchedTask/predicted_chunks/episode_000/chunk_009/future.mp4,428038,a8f1da461a6e92859ef8261676c8e3e096575b3abdcbe7e902fa02b36c921942
/home/ali/projects/RoboLab/output/v1_cosmos_canonical/RubiksCubeRightOfBowlMatchedTask/predicted_chunks/episode_000/chunk_009/metadata.json,873,7b17fe57439afefb470698f260108e04ebb1c0328aaf580034a6ba18a48b52d0
/home/ali/projects/RoboLab/output/v1_cosmos_canonical/RubiksCubeRightOfBowlMatchedTask/predicted_chunks/episode_000/chunk_010/action.npy,1152,80fdbaccb97135b2650abbe5ea4dc5fb49988509ac8e08836d7c9a01d97fbf8d
/home/ali/projects/RoboLab/output/v1_cosmos_canonical/RubiksCubeRightOfBowlMatchedTask/predicted_chunks/episode_000/chunk_010/conditioning.png,522955,c9d17ab06e13d04429cbd4777a61d3a18ec1fc1079b919c3dc96cf5318e1953d
/home/ali/projects/RoboLab/output/v1_cosmos_canonical/RubiksCubeRightOfBowlMatchedTask/predicted_chunks/episode_000/chunk_010/future.mp4,447831,bc6fa30a74ec247d255a2097b0c65cf4bbe3c83552954dff3ce8108abb6993c6
/home/ali/projects/RoboLab/output/v1_cosmos_canonical/RubiksCubeRightOfBowlMatchedTask/predicted_chunks/episode_000/chunk_010/metadata.json,871,1bc1c36ccf0257e4560b39fe0885633a464f1b73a7234d765b62c29d7872454f
/home/ali/projects/RoboLab/output/v1_cosmos_canonical/RubiksCubeRightOfBowlMatchedTask/predicted_chunks/episode_000/chunk_011/action.npy,1152,9b5406b2baa27e1195813075cf85058767e3c6cc4fcdbfd60da15164d8bc97c4
/home/ali/projects/RoboLab/output/v1_cosmos_canonical/RubiksCubeRightOfBowlMatchedTask/predicted_chunks/episode_000/chunk_011/conditioning.png,525864,0443d5ada3d3ecf6e47ee4031aed268479adf237ee5840d67be11d7c0d056b2b
/home/ali/projects/RoboLab/output/v1_cosmos_canonical/RubiksCubeRightOfBowlMatchedTask/predicted_chunks/episode_000/chunk_011/future.mp4,470806,bfbddebf131f8ae5c8c97f8ff5973ca1b458856524aee534e3c42bd096078872
/home/ali/projects/RoboLab/output/v1_cosmos_canonical/RubiksCubeRightOfBowlMatchedTask/predicted_chunks/episode_000/chunk_011/metadata.json,868,edb66f8046e1d1ea27eca8b1566f58067a37007c93a83361d4f426875c94ea12
/home/ali/projects/RoboLab/output/v1_cosmos_canonical/RubiksCubeRightOfBowlMatchedTask/predicted_chunks/episode_001/chunk_000/action.npy,1152,37e1fd2a7c0166ad8a8404e9ed8c81d15a403b957f6ed0e016534b4f8808c0cc
/home/ali/projects/RoboLab/output/v1_cosmos_canonical/RubiksCubeRightOfBowlMatchedTask/predicted_chunks/episode_001/chunk_000/conditioning.png,574505,4d3aa4c2ed7aff3efbee12b47613b2b459e93bcdbe08f337e9910315157779cd
/home/ali/projects/RoboLab/output/v1_cosmos_canonical/RubiksCubeRightOfBowlMatchedTask/predicted_chunks/episode_001/chunk_000/future.mp4,536930,c5c4c68bb6df263266078e75f8ed292c61bc1951ee9ba865c71a0d4faf9c6a50
/home/ali/projects/RoboLab/output/v1_cosmos_canonical/RubiksCubeRightOfBowlMatchedTask/predicted_chunks/episode_001/chunk_000/metadata.json,786,a0711817bc00ed0ed0a38c9a550e296e2c27d9d2d88fc1842710b55ba7cbe54f
/home/ali/projects/RoboLab/output/v1_cosmos_canonical/RubiksCubeRightOfBowlMatchedTask/predicted_chunks/episode_001/chunk_001/action.npy,1152,cb7fc77df208d44934316d932f5fd65f57f14f3a38d7f8951773c291778c0f69
/home/ali/projects/RoboLab/output/v1_cosmos_canonical/RubiksCubeRightOfBowlMatchedTask/predicted_chunks/episode_001/chunk_001/conditioning.png,556257,2377cf4d114725cc2f8cbff77159dffe004ef24375ba2bcc5c38e61abfa31684
/home/ali/projects/RoboLab/output/v1_cosmos_canonical/RubiksCubeRightOfBowlMatchedTask/predicted_chunks/episode_001/chunk_001/future.mp4,444274,73367e7c082f8b1090770c60b1f76178977c61d4a8086de1f872be21b9b58723
/home/ali/projects/RoboLab/output/v1_cosmos_canonical/RubiksCubeRightOfBowlMatchedTask/predicted_chunks/episode_001/chunk_001/metadata.json,871,55bb841acda92515cb2164c2e477e59fc9e6989ec0a82472f5c2fe2308ce31cb
/home/ali/projects/RoboLab/output/v1_cosmos_canonical/RubiksCubeRightOfBowlMatchedTask/predicted_chunks/episode_001/chunk_002/action.npy,1152,a72d462572401029186b3c23cb7df0e3dbc12e581ad54e38f9c796988140c2ef
/home/ali/projects/RoboLab/output/v1_cosmos_canonical/RubiksCubeRightOfBowlMatchedTask/predicted_chunks/episode_001/chunk_002/conditioning.png,534265,e0e480fd8fc1f4c80aff032d2f6439ccb735c3ad1ff2676238e09e14c94215fb
/home/ali/projects/RoboLab/output/v1_cosmos_canonical/RubiksCubeRightOfBowlMatchedTask/predicted_chunks/episode_001/chunk_002/future.mp4,493624,618dfb00ee2c584e4b18bdc2f4ee107edbadd1d5912994e9c4f7b1ecf9353b0a
/home/ali/projects/RoboLab/output/v1_cosmos_canonical/RubiksCubeRightOfBowlMatchedTask/predicted_chunks/episode_001/chunk_002/metadata.json,865,c5b69a13b3315bcd5814cecaead0fe68195638b4c08f0808695ddbfc5d8e364a
/home/ali/projects/RoboLab/output/v1_cosmos_canonical/RubiksCubeRightOfBowlMatchedTask/predicted_chunks/episode_001/chunk_003/action.npy,1152,22b8b5358aad6e60e7b7403eb1bce51174280531376ed94fee05bb54987f7e4a
/home/ali/projects/RoboLab/output/v1_cosmos_canonical/RubiksCubeRightOfBowlMatchedTask/predicted_chunks/episode_001/chunk_003/conditioning.png,536572,0690b21228c60af6bfbccd7a104302bb5d8435fb2b8502fde0f34e8f216bc002
/home/ali/projects/RoboLab/output/v1_cosmos_canonical/RubiksCubeRightOfBowlMatchedTask/predicted_chunks/episode_001/chunk_003/future.mp4,582700,623b135a4db2a186a22cfdd278a66b015637fa43c11e503fccb3dcec79a670aa
/home/ali/projects/RoboLab/output/v1_cosmos_canonical/RubiksCubeRightOfBowlMatchedTask/predicted_chunks/episode_001/chunk_003/metadata.json,868,5ac3d9ef99d119ebc383a0d1d8eae002bc11ea433daa0a3190d6f0c76f944177
/home/ali/projects/RoboLab/output/v1_cosmos_canonical/RubiksCubeRightOfBowlMatchedTask/predicted_chunks/episode_001/chunk_004/action.npy,1152,7cbc3539d84cd0f8b81a91cab92c130ca47fea81c3eb06ea06f00509dafdf3ba
/home/ali/projects/RoboLab/output/v1_cosmos_canonical/RubiksCubeRightOfBowlMatchedTask/predicted_chunks/episode_001/chunk_004/conditioning.png,514160,d4e2a2f56464d3d257e54c3f0b1f5c8b03d716dcb91952806b35a970e15c8322
/home/ali/projects/RoboLab/output/v1_cosmos_canonical/RubiksCubeRightOfBowlMatchedTask/predicted_chunks/episode_001/chunk_004/future.mp4,558439,e35c1eed58000a77f06ff7751f9c3b5e6faadabd7992a589443eb57f87f0b979
/home/ali/projects/RoboLab/output/v1_cosmos_canonical/RubiksCubeRightOfBowlMatchedTask/predicted_chunks/episode_001/chunk_004/metadata.json,866,85105343312249e339edb70ffb446217a7b883f6188bde77e00e7e21c1c8b07f
/home/ali/projects/RoboLab/output/v1_cosmos_canonical/RubiksCubeRightOfBowlMatchedTask/predicted_chunks/episode_001/chunk_005/action.npy,1152,83bb3330d619a376a2caade93d71d8cdd836349977b158a871a91235abafd489
/home/ali/projects/RoboLab/output/v1_cosmos_canonical/RubiksCubeRightOfBowlMatchedTask/predicted_chunks/episode_001/chunk_005/conditioning.png,498600,5cc84e6441e8777440e9263c4777c7476bba0b148e0466cd03bd21636ae8187d
/home/ali/projects/RoboLab/output/v1_cosmos_canonical/RubiksCubeRightOfBowlMatchedTask/predicted_chunks/episode_001/chunk_005/future.mp4,392262,baa2a748f1aeef02baba823df6ef9599dacf0d767a2c560d69469dbc9a344ce8
/home/ali/projects/RoboLab/output/v1_cosmos_canonical/RubiksCubeRightOfBowlMatchedTask/predicted_chunks/episode_001/chunk_005/metadata.json,869,fdbd7b2713cb973f8b8d80a954a4c3a13a4e22f116a7c0fc6f287b09b2565d11
/home/ali/projects/RoboLab/output/v1_cosmos_canonical/RubiksCubeRightOfBowlMatchedTask/predicted_chunks/episode_002/chunk_000/action.npy,1152,7295629ffca9c0eb68015f20cefca89530b7b6ad8d3056162165347c5a0d054a
/home/ali/projects/RoboLab/output/v1_cosmos_canonical/RubiksCubeRightOfBowlMatchedTask/predicted_chunks/episode_002/chunk_000/conditioning.png,572652,2232e8a58590d3542b7b1aed3957cf88661cd797732be97aacfc03bd6441a84e
/home/ali/projects/RoboLab/output/v1_cosmos_canonical/RubiksCubeRightOfBowlMatchedTask/predicted_chunks/episode_002/chunk_000/future.mp4,496562,d06db13c26acf4b93e16f38721e9a732bceabd918051d88187cc59958e39efbd
/home/ali/projects/RoboLab/output/v1_cosmos_canonical/RubiksCubeRightOfBowlMatchedTask/predicted_chunks/episode_002/chunk_000/metadata.json,786,1bb7c014d7559da898e7aa1c08e88f15aece8af1057889703d45e195501954bf
/home/ali/projects/RoboLab/output/v1_cosmos_canonical/RubiksCubeRightOfBowlMatchedTask/predicted_chunks/episode_002/chunk_001/action.npy,1152,5707ed75f5d7d9f419772e5700294d8c4a0a42c8f6dc21559e0d3107901137d0
/home/ali/projects/RoboLab/output/v1_cosmos_canonical/RubiksCubeRightOfBowlMatchedTask/predicted_chunks/episode_002/chunk_001/conditioning.png,561002,c9d38b0288a694e1bf5f26d83867dc8b9adb0fb71d5490e413f7689ccc5e58a9
/home/ali/projects/RoboLab/output/v1_cosmos_canonical/RubiksCubeRightOfBowlMatchedTask/predicted_chunks/episode_002/chunk_001/future.mp4,451829,66e4f1368b54d5a5bb8f7521854f9d7bdb6f4c9f91e165ec93a7b9b665f74b8e
/home/ali/projects/RoboLab/output/v1_cosmos_canonical/RubiksCubeRightOfBowlMatchedTask/predicted_chunks/episode_002/chunk_001/metadata.json,869,ce0ce69e4d38675ac2f72f4f38d4edf353e21c9683e32adf4bd515349ed31230
/home/ali/projects/RoboLab/output/v1_cosmos_canonical/RubiksCubeRightOfBowlMatchedTask/predicted_chunks/episode_002/chunk_002/action.npy,1152,4b9af95f7dfd3c0c951f78a9ccb7d6c0ad2ad033c02413836ded64cc2fc87ce8
/home/ali/projects/RoboLab/output/v1_cosmos_canonical/RubiksCubeRightOfBowlMatchedTask/predicted_chunks/episode_002/chunk_002/conditioning.png,546021,5efd48f341ad2517f6dd83934c9f75c6f9026410e56bfeae75693256a2a094b7
/home/ali/projects/RoboLab/output/v1_cosmos_canonical/RubiksCubeRightOfBowlMatchedTask/predicted_chunks/episode_002/chunk_002/future.mp4,565972,366d0c56a70e3c386df14103e75fce7086fd3147081c28c4ac2378ae2dd1b5f4
/home/ali/projects/RoboLab/output/v1_cosmos_canonical/RubiksCubeRightOfBowlMatchedTask/predicted_chunks/episode_002/chunk_002/metadata.json,849,3d0ece24524d5ef97213fbe488101ef8247e18b83b50fdf7041051c499559ecd
/home/ali/projects/RoboLab/output/v1_cosmos_canonical/RubiksCubeRightOfBowlMatchedTask/predicted_chunks/episode_002/chunk_003/action.npy,1152,7181cf8e4bf37df25afb720129ecb582031da155a967dea48fbcb94653be023f
/home/ali/projects/RoboLab/output/v1_cosmos_canonical/RubiksCubeRightOfBowlMatchedTask/predicted_chunks/episode_002/chunk_003/conditioning.png,540728,1f8ded1ed528b40ac8b25997e6d7e090939cddfe6131ea6cb50c3443799a8e11
/home/ali/projects/RoboLab/output/v1_cosmos_canonical/RubiksCubeRightOfBowlMatchedTask/predicted_chunks/episode_002/chunk_003/future.mp4,646435,9eec2582cc6e76fa2f41310990bc231a4bcb3eca12e8493919f342fe2bf022d8
/home/ali/projects/RoboLab/output/v1_cosmos_canonical/RubiksCubeRightOfBowlMatchedTask/predicted_chunks/episode_002/chunk_003/metadata.json,873,d1836ca379ea3744bf9bc4af68a7e81e019e6d8bb5d6b905f4b7904b82969ad5
/home/ali/projects/RoboLab/output/v1_cosmos_canonical/RubiksCubeRightOfBowlMatchedTask/predicted_chunks/episode_002/chunk_004/action.npy,1152,11e9f5d8da3c1db71c431e0614e9cb0d6de136ded052db4b2a119d96f96b76a9
/home/ali/projects/RoboLab/output/v1_cosmos_canonical/RubiksCubeRightOfBowlMatchedTask/predicted_chunks/episode_002/chunk_004/conditioning.png,554451,d3cb5d9026e8b6d2ec0c81e01d42ea0155e3abfbb9ca4afe9be186fad1bb16e6
/home/ali/projects/RoboLab/output/v1_cosmos_canonical/RubiksCubeRightOfBowlMatchedTask/predicted_chunks/episode_002/chunk_004/future.mp4,499851,9f22618ab4e5215b25da128c58a780daaee51cf0ba8af6282123f26c2a3e372c
/home/ali/projects/RoboLab/output/v1_cosmos_canonical/RubiksCubeRightOfBowlMatchedTask/predicted_chunks/episode_002/chunk_004/metadata.json,874,f938aa83e099c8c07256cb2d1949120a493731fdad9f403968a24e2207f8ac23
/home/ali/projects/RoboLab/output/v1_cosmos_canonical/RubiksCubeRightOfBowlMatchedTask/predicted_chunks/episode_002/chunk_005/action.npy,1152,7707a6afaf97d24f056cd6af239154506914fb004f9ac1ae0e0684670b1b06af
/home/ali/projects/RoboLab/output/v1_cosmos_canonical/RubiksCubeRightOfBowlMatchedTask/predicted_chunks/episode_002/chunk_005/conditioning.png,546158,85ea741b87d830f5695b53b7bd4dac3383858018f195052263b3edf086ea345a
/home/ali/projects/RoboLab/output/v1_cosmos_canonical/RubiksCubeRightOfBowlMatchedTask/predicted_chunks/episode_002/chunk_005/future.mp4,501826,afb098931c611dc34e8143455ca5ebacb6ee486d04864877d90f35f5b723469c
/home/ali/projects/RoboLab/output/v1_cosmos_canonical/RubiksCubeRightOfBowlMatchedTask/predicted_chunks/episode_002/chunk_005/metadata.json,870,f3f624d59ea9027a13ee6c0c013ba4d78182376578e089500f77b305f7724cc6
/home/ali/projects/RoboLab/output/v1_cosmos_canonical/RubiksCubeRightOfBowlMatchedTask/predicted_chunks/episode_002/chunk_006/action.npy,1152,0e33418102ba53601316928c7db9ca3fa37d9aac7a824f3774c6553058f7a817
/home/ali/projects/RoboLab/output/v1_cosmos_canonical/RubiksCubeRightOfBowlMatchedTask/predicted_chunks/episode_002/chunk_006/conditioning.png,567919,53c53be4074fdbeffb0a11ffb054410962b393e0e4fe1680aa3a4fa9cd01045a
/home/ali/projects/RoboLab/output/v1_cosmos_canonical/RubiksCubeRightOfBowlMatchedTask/predicted_chunks/episode_002/chunk_006/future.mp4,566707,4101800355549465704a9ebabf813246255a64bd32e2421b2f12f4c8c3ee1738
/home/ali/projects/RoboLab/output/v1_cosmos_canonical/RubiksCubeRightOfBowlMatchedTask/predicted_chunks/episode_002/chunk_006/metadata.json,871,54b196ad35f5d2cfcec1451ed15d9d6490d4813a48194bf50ddaa6e2317d9008
/home/ali/projects/RoboLab/output/v1_cosmos_canonical/RubiksCubeRightOfBowlMatchedTask/predicted_chunks/episode_002/chunk_007/action.npy,1152,7fb254b8e9dfed879c0d96296afc1ab67938f2b1f139a2a37b1127229a3cfa9c
/home/ali/projects/RoboLab/output/v1_cosmos_canonical/RubiksCubeRightOfBowlMatchedTask/predicted_chunks/episode_002/chunk_007/conditioning.png,546405,d86cd9e57d493feedcdc7682ed3c0ca8662cef208fbfd13551857e9e99cc73cb
/home/ali/projects/RoboLab/output/v1_cosmos_canonical/RubiksCubeRightOfBowlMatchedTask/predicted_chunks/episode_002/chunk_007/future.mp4,416098,5b5f36177cf75a311d80bc7b35c205a847f37b3ba82de7cb78568ed6e1999d19
/home/ali/projects/RoboLab/output/v1_cosmos_canonical/RubiksCubeRightOfBowlMatchedTask/predicted_chunks/episode_002/chunk_007/metadata.json,866,858134143cad54e484f0f2c278b190bdc19873e97222b14ec966b541d0ea0179
/home/ali/projects/RoboLab/output/v1_cosmos_canonical/RubiksCubeRightOfBowlMatchedTask/predicted_chunks/episode_003/chunk_000/action.npy,1152,edb80a1848601b6916e2965910ea51306dd727521035ebb9c32e0e3e7874d917
/home/ali/projects/RoboLab/output/v1_cosmos_canonical/RubiksCubeRightOfBowlMatchedTask/predicted_chunks/episode_003/chunk_000/conditioning.png,570408,a2ba48402d4504fa5b74c40d379155fb7bb1f2bc4c9ad566f2afb6fc7d22811c
/home/ali/projects/RoboLab/output/v1_cosmos_canonical/RubiksCubeRightOfBowlMatchedTask/predicted_chunks/episode_003/chunk_000/future.mp4,513089,3d7ad20723855af05c5c0744e0a6cfaa5a75725b92dad3d0c919983cf6c2d00e
/home/ali/projects/RoboLab/output/v1_cosmos_canonical/RubiksCubeRightOfBowlMatchedTask/predicted_chunks/episode_003/chunk_000/metadata.json,786,cb1e16f5e6f907a1a2d4a448042e764129d5684811bcd6270e2c636f4360fa30
/home/ali/projects/RoboLab/output/v1_cosmos_canonical/RubiksCubeRightOfBowlMatchedTask/predicted_chunks/episode_003/chunk_001/action.npy,1152,899bd849975a6103305c73071609d08130e68da6f6df1c449d1ad5e7d942ce7a
/home/ali/projects/RoboLab/output/v1_cosmos_canonical/RubiksCubeRightOfBowlMatchedTask/predicted_chunks/episode_003/chunk_001/conditioning.png,560621,184562185cf75f38c7e5bf9aa8c7c9f62491d8cd6b525f3af3c3f4eb25aa1b7f
/home/ali/projects/RoboLab/output/v1_cosmos_canonical/RubiksCubeRightOfBowlMatchedTask/predicted_chunks/episode_003/chunk_001/future.mp4,492498,fc8e11cf75dd68a6275fd1c1368abae8b1d2c35786097435e88fda486e98bca1
/home/ali/projects/RoboLab/output/v1_cosmos_canonical/RubiksCubeRightOfBowlMatchedTask/predicted_chunks/episode_003/chunk_001/metadata.json,869,ab4fa453be18020a70fe8cd64946d392e787551510e0533c3093401bd25d49b5
/home/ali/projects/RoboLab/output/v1_cosmos_canonical/RubiksCubeRightOfBowlMatchedTask/predicted_chunks/episode_003/chunk_002/action.npy,1152,d3895741a54a7be107ad53d41ea85f82c38c1d9a8d1454f519c7eb535d40d9e4
/home/ali/projects/RoboLab/output/v1_cosmos_canonical/RubiksCubeRightOfBowlMatchedTask/predicted_chunks/episode_003/chunk_002/conditioning.png,543147,82871c9f6f92213d3599cf3a484b135597cb31a88f87a87988654db51cfae2f4
/home/ali/projects/RoboLab/output/v1_cosmos_canonical/RubiksCubeRightOfBowlMatchedTask/predicted_chunks/episode_003/chunk_002/future.mp4,544452,0b1ffc87015482bac121658c1cc4c45b2b6f8713949dff3f0cc6688e4e7950eb
/home/ali/projects/RoboLab/output/v1_cosmos_canonical/RubiksCubeRightOfBowlMatchedTask/predicted_chunks/episode_003/chunk_002/metadata.json,867,4b70df327875e7630297f8832399eaed0aa90e7ccf81ebea161dfbb6c93e1631
/home/ali/projects/RoboLab/output/v1_cosmos_canonical/RubiksCubeRightOfBowlMatchedTask/predicted_chunks/episode_003/chunk_003/action.npy,1152,5fc5f7e59fc109955db0808a8666c6fe0bfae673993b6bfcc335862ec27ddc6f
/home/ali/projects/RoboLab/output/v1_cosmos_canonical/RubiksCubeRightOfBowlMatchedTask/predicted_chunks/episode_003/chunk_003/conditioning.png,539725,d70e9a0069974f83d58eac41f06c47d88582317f09516ffd3a0a0e772748078b
/home/ali/projects/RoboLab/output/v1_cosmos_canonical/RubiksCubeRightOfBowlMatchedTask/predicted_chunks/episode_003/chunk_003/future.mp4,608522,6110aa715c01c2835b839ee0239879eaa5680209519dc9619c5be5bfd60b62e9
/home/ali/projects/RoboLab/output/v1_cosmos_canonical/RubiksCubeRightOfBowlMatchedTask/predicted_chunks/episode_003/chunk_003/metadata.json,853,d43bc20252d1a6842d58ffb7a30d93d9fa3046e75944834e208fc3b321ee08e4
/home/ali/projects/RoboLab/output/v1_cosmos_canonical/RubiksCubeRightOfBowlMatchedTask/predicted_chunks/episode_003/chunk_004/action.npy,1152,7140c366bc309918ee90475c28f8776a095898ea470f7263a0c2597311d0d0d2
/home/ali/projects/RoboLab/output/v1_cosmos_canonical/RubiksCubeRightOfBowlMatchedTask/predicted_chunks/episode_003/chunk_004/conditioning.png,572977,f5dfa8cb940767cdf88490d878f18470fbd79fafc70e8af0b4c5abdeca8d123c
/home/ali/projects/RoboLab/output/v1_cosmos_canonical/RubiksCubeRightOfBowlMatchedTask/predicted_chunks/episode_003/chunk_004/future.mp4,511207,0d60f243e6f92c93fe95b6cf10cacccd2d36aec02b8ccf7d480ca2724407dcf1
/home/ali/projects/RoboLab/output/v1_cosmos_canonical/RubiksCubeRightOfBowlMatchedTask/predicted_chunks/episode_003/chunk_004/metadata.json,870,08b470375f36972c965100d56a5f08e722b4b364b7c4f73a0c83c9c2479f1d27
/home/ali/projects/RoboLab/output/v1_cosmos_canonical/RubiksCubeRightOfBowlMatchedTask/predicted_chunks/episode_003/chunk_005/action.npy,1152,445e4bb15b12f4ff05909437d0aea91352cd059bcb42d50b611a6f75b413c55b
/home/ali/projects/RoboLab/output/v1_cosmos_canonical/RubiksCubeRightOfBowlMatchedTask/predicted_chunks/episode_003/chunk_005/conditioning.png,560228,621bbe1d125b84344ce08e358a1dc1b2ad3f8a7181d98d2b9d418a26a43bb347
/home/ali/projects/RoboLab/output/v1_cosmos_canonical/RubiksCubeRightOfBowlMatchedTask/predicted_chunks/episode_003/chunk_005/future.mp4,505917,7d49ce439b0b54e742a04b1ba07c28752f136d6479e5c146ad0b55d89a121a97
/home/ali/projects/RoboLab/output/v1_cosmos_canonical/RubiksCubeRightOfBowlMatchedTask/predicted_chunks/episode_003/chunk_005/metadata.json,867,23c71b33b5fdaf114198bc988526d7af547903c7dd0f446edd6112f77d79d7b1
/home/ali/projects/RoboLab/output/v1_cosmos_canonical/RubiksCubeRightOfBowlMatchedTask/predicted_chunks/episode_003/chunk_006/action.npy,1152,36e45d113e15ae54be51d2be04b4bb7c68f2a5b5c088f5ad8fcdc9eb38e11e9d
/home/ali/projects/RoboLab/output/v1_cosmos_canonical/RubiksCubeRightOfBowlMatchedTask/predicted_chunks/episode_003/chunk_006/conditioning.png,552343,30cbbe8a0262967d14af12353896504daed14021c82980967364ad011ca57c33
/home/ali/projects/RoboLab/output/v1_cosmos_canonical/RubiksCubeRightOfBowlMatchedTask/predicted_chunks/episode_003/chunk_006/future.mp4,591951,25902de0e977f076ac322406026a3c3a6cd3d584923f7d187a7f41d67202420e
/home/ali/projects/RoboLab/output/v1_cosmos_canonical/RubiksCubeRightOfBowlMatchedTask/predicted_chunks/episode_003/chunk_006/metadata.json,864,9654e6da832ff4cdb64a5950a56b5fff1d8e837c678c0efe52a14b2c5eeb6ffc
/home/ali/projects/RoboLab/output/v1_cosmos_canonical/RubiksCubeRightOfBowlMatchedTask/predicted_chunks/episode_003/chunk_007/action.npy,1152,d7904e69f4c7b16839878ce97bb1f6d867db0726c43c0aa212a66b56d7b5b777
/home/ali/projects/RoboLab/output/v1_cosmos_canonical/RubiksCubeRightOfBowlMatchedTask/predicted_chunks/episode_003/chunk_007/conditioning.png,484162,0a57c042d3ceebe6e91c29ea2cefb954102348a47e2b9562f076450094912363
/home/ali/projects/RoboLab/output/v1_cosmos_canonical/RubiksCubeRightOfBowlMatchedTask/predicted_chunks/episode_003/chunk_007/future.mp4,455122,85d3d9ddd6fb45c2b98f264136cdd7d4f0b5a6c627d8dc502b613a18e09858d0
/home/ali/projects/RoboLab/output/v1_cosmos_canonical/RubiksCubeRightOfBowlMatchedTask/predicted_chunks/episode_003/chunk_007/metadata.json,869,770f9d5c2522338e0e3349acb1487dd92645ca5d472cf55f5164bb864f27c217
/home/ali/projects/RoboLab/output/v1_cosmos_canonical/RubiksCubeRightOfBowlMatchedTask/predicted_chunks/episode_004/chunk_000/action.npy,1152,2487402f2debfa0a7d7025f99cca0e9e31367284d56e4722eb427af9c73f8818
/home/ali/projects/RoboLab/output/v1_cosmos_canonical/RubiksCubeRightOfBowlMatchedTask/predicted_chunks/episode_004/chunk_000/conditioning.png,573804,13ae88f6e4be5d261d828ef0c282689147e53602cb0a26c105276d1a6453095e
/home/ali/projects/RoboLab/output/v1_cosmos_canonical/RubiksCubeRightOfBowlMatchedTask/predicted_chunks/episode_004/chunk_000/future.mp4,502489,db668e1e4c74b6a570c32029e794c654e93fe45564ee2a5c557e725ccafa2d35
/home/ali/projects/RoboLab/output/v1_cosmos_canonical/RubiksCubeRightOfBowlMatchedTask/predicted_chunks/episode_004/chunk_000/metadata.json,786,327cef31d91f32d8d8099826593c80a21d8d40c3c080b814fe88f1375fcbc3c4
/home/ali/projects/RoboLab/output/v1_cosmos_canonical/RubiksCubeRightOfBowlMatchedTask/predicted_chunks/episode_004/chunk_001/action.npy,1152,32dff954f979dd0d0a67f6a8869f23fb96a04c3e7d8de180122959a7fba06fbc
/home/ali/projects/RoboLab/output/v1_cosmos_canonical/RubiksCubeRightOfBowlMatchedTask/predicted_chunks/episode_004/chunk_001/conditioning.png,565499,f3bdb9fc384cf7e0f70c29d1c1c8076bc905532dd0a35a4acf47fd61b1f3fa35
/home/ali/projects/RoboLab/output/v1_cosmos_canonical/RubiksCubeRightOfBowlMatchedTask/predicted_chunks/episode_004/chunk_001/future.mp4,438842,d5b4d771e5ec68772bd7c3af940f2ef71acc5232434d9935573cb057ee7e4c2e
/home/ali/projects/RoboLab/output/v1_cosmos_canonical/RubiksCubeRightOfBowlMatchedTask/predicted_chunks/episode_004/chunk_001/metadata.json,871,db5164f97f00ca23e676ee0e2ed747e5e1a5eafe30e8778eb8964ae8807c84a3
/home/ali/projects/RoboLab/output/v1_cosmos_canonical/RubiksCubeRightOfBowlMatchedTask/predicted_chunks/episode_004/chunk_002/action.npy,1152,e8d91d66c5397c5f26a21694a03dc4a01786f879d80c337d23602798903b6470
/home/ali/projects/RoboLab/output/v1_cosmos_canonical/RubiksCubeRightOfBowlMatchedTask/predicted_chunks/episode_004/chunk_002/conditioning.png,555047,5bc7280c37c76e3f4a1d7ab3917c5b0c02384f47efffe3fb11104e6d81ccd2ad
/home/ali/projects/RoboLab/output/v1_cosmos_canonical/RubiksCubeRightOfBowlMatchedTask/predicted_chunks/episode_004/chunk_002/future.mp4,448472,d59fb6e7b2b498d98fadd2eef6c6b7b1bbedcd4510bcbcfd5eb6809a782ca83c
/home/ali/projects/RoboLab/output/v1_cosmos_canonical/RubiksCubeRightOfBowlMatchedTask/predicted_chunks/episode_004/chunk_002/metadata.json,853,6520a6aade6e010f0dd90a9d04253bbdefe0b66037b2a15e2725ac08b2515a60
/home/ali/projects/RoboLab/output/v1_cosmos_canonical/RubiksCubeRightOfBowlMatchedTask/predicted_chunks/episode_004/chunk_003/action.npy,1152,4c42f461c72b11ea8f80896c159380961d01a64e71dd3395cb59775377fb240d
/home/ali/projects/RoboLab/output/v1_cosmos_canonical/RubiksCubeRightOfBowlMatchedTask/predicted_chunks/episode_004/chunk_003/conditioning.png,534846,39c74f8896097ca26e4312c9c9d023c060b4677d8fc02b8edd7df94a5532e5fe
/home/ali/projects/RoboLab/output/v1_cosmos_canonical/RubiksCubeRightOfBowlMatchedTask/predicted_chunks/episode_004/chunk_003/future.mp4,531864,61ebefa431dfa86572e49003fb2fed11028705d2a1a6a6c1daf177a0a88db9f0
/home/ali/projects/RoboLab/output/v1_cosmos_canonical/RubiksCubeRightOfBowlMatchedTask/predicted_chunks/episode_004/chunk_003/metadata.json,866,3bf091eec824cb87b58852c29e042cc4a045e7d026c2eec18dc4df60ff1260a1
/home/ali/projects/RoboLab/output/v1_cosmos_canonical/RubiksCubeRightOfBowlMatchedTask/predicted_chunks/episode_004/chunk_004/action.npy,1152,91110175ff24822d4891984f43de3c40c716211a4a2fa9d102fcbc86a6fd13f9
/home/ali/projects/RoboLab/output/v1_cosmos_canonical/RubiksCubeRightOfBowlMatchedTask/predicted_chunks/episode_004/chunk_004/conditioning.png,531217,42562412944aaf9475769540f28222a5a75db545f4acf963efafbe2308d6d38e
/home/ali/projects/RoboLab/output/v1_cosmos_canonical/RubiksCubeRightOfBowlMatchedTask/predicted_chunks/episode_004/chunk_004/future.mp4,520412,fe57fa5741d9dedd261a5f6844c20e0c6a865bce7a5fc048e1dea8f14eac3419
/home/ali/projects/RoboLab/output/v1_cosmos_canonical/RubiksCubeRightOfBowlMatchedTask/predicted_chunks/episode_004/chunk_004/metadata.json,869,12bcec7f3e09c17a04f17c67abf090d12ed2df8865bbf2fa5ec6da33e25b53c0
/home/ali/projects/RoboLab/output/v1_cosmos_canonical/RubiksCubeRightOfBowlMatchedTask/predicted_chunks/episode_005/chunk_000/action.npy,1152,d466abd0c684653e5fbdcd0b11919862b17c2dd6c2d6a71d8903ee452fdb7f7f
/home/ali/projects/RoboLab/output/v1_cosmos_canonical/RubiksCubeRightOfBowlMatchedTask/predicted_chunks/episode_005/chunk_000/conditioning.png,577684,8d911f06e9f7a84866a005c063a835a6b3d202286792dc78e343bef3d8d6a4bc
/home/ali/projects/RoboLab/output/v1_cosmos_canonical/RubiksCubeRightOfBowlMatchedTask/predicted_chunks/episode_005/chunk_000/future.mp4,512329,819c02068fac02a7f583b8930bbbdf6a1e5243f1520ec46e5fcb5c345a71cfac
/home/ali/projects/RoboLab/output/v1_cosmos_canonical/RubiksCubeRightOfBowlMatchedTask/predicted_chunks/episode_005/chunk_000/metadata.json,786,4c1d72b3fa74f0029c67c31f7f158f6128c0cec37a8440794345ea37ed753db6
/home/ali/projects/RoboLab/output/v1_cosmos_canonical/RubiksCubeRightOfBowlMatchedTask/predicted_chunks/episode_005/chunk_001/action.npy,1152,e15e43a46cbbba1e782227cc90eeb8098bdd760307ae57668660f0d2908d3645
/home/ali/projects/RoboLab/output/v1_cosmos_canonical/RubiksCubeRightOfBowlMatchedTask/predicted_chunks/episode_005/chunk_001/conditioning.png,563837,d492e628cdfa1b6e425cc03ab71c65da6f8755871fc9d2c5fe988a2d54e60032
/home/ali/projects/RoboLab/output/v1_cosmos_canonical/RubiksCubeRightOfBowlMatchedTask/predicted_chunks/episode_005/chunk_001/future.mp4,415538,c7218131f4692d6179c3c0a18334b71e08d8cfe7ecbbc0ea0f371cf0391d9464
/home/ali/projects/RoboLab/output/v1_cosmos_canonical/RubiksCubeRightOfBowlMatchedTask/predicted_chunks/episode_005/chunk_001/metadata.json,868,49d6b990f9d6e2d9a0d3fda6ca8ca191dd0ba10defedf064979c09d41110a782
/home/ali/projects/RoboLab/output/v1_cosmos_canonical/RubiksCubeRightOfBowlMatchedTask/predicted_chunks/episode_005/chunk_002/action.npy,1152,6e2e89b13fa7dfa282cc93e5b76a63475a6c0034889992d5acdeedeb8fd468db
/home/ali/projects/RoboLab/output/v1_cosmos_canonical/RubiksCubeRightOfBowlMatchedTask/predicted_chunks/episode_005/chunk_002/conditioning.png,550247,06a6a31178b32ddbeccfee752b4949f6a4718e4a6edc0d613e74dd654012e2cd
/home/ali/projects/RoboLab/output/v1_cosmos_canonical/RubiksCubeRightOfBowlMatchedTask/predicted_chunks/episode_005/chunk_002/future.mp4,598664,625163c56663c290ce70f778293e54c60f0266527b242bfbcc4791ffe5421081
/home/ali/projects/RoboLab/output/v1_cosmos_canonical/RubiksCubeRightOfBowlMatchedTask/predicted_chunks/episode_005/chunk_002/metadata.json,869,5bc3bb1b3d35f7c6ad5ae788a57b47f420a37dd65ea06c8c5ecbc30be4e70767
/home/ali/projects/RoboLab/output/v1_cosmos_canonical/RubiksCubeRightOfBowlMatchedTask/predicted_chunks/episode_005/chunk_003/action.npy,1152,bef27903df3f4e3e4eca4f89dc4a88639e20de64fd334c213c3f946b48a7daed
/home/ali/projects/RoboLab/output/v1_cosmos_canonical/RubiksCubeRightOfBowlMatchedTask/predicted_chunks/episode_005/chunk_003/conditioning.png,558935,4c038ad6a777e192a50bc2e82171f36128d1101ea6207501ff272fc2c34fce91
/home/ali/projects/RoboLab/output/v1_cosmos_canonical/RubiksCubeRightOfBowlMatchedTask/predicted_chunks/episode_005/chunk_003/future.mp4,598308,7b6fefa91f2f7159ebc669f361578bdf5051e728769955d4cbb6957186b3f772
/home/ali/projects/RoboLab/output/v1_cosmos_canonical/RubiksCubeRightOfBowlMatchedTask/predicted_chunks/episode_005/chunk_003/metadata.json,852,c0b69b9b4e3ecd3a40a192c7cd9b9a85f66ebf0dc349725091c20d7e033ff6ca
/home/ali/projects/RoboLab/output/v1_cosmos_canonical/RubiksCubeRightOfBowlMatchedTask/predicted_chunks/episode_005/chunk_004/action.npy,1152,29e906a840c7df499f30f5fdea1ce2faae8f4155508ab5623862d0fde7971329
/home/ali/projects/RoboLab/output/v1_cosmos_canonical/RubiksCubeRightOfBowlMatchedTask/predicted_chunks/episode_005/chunk_004/conditioning.png,580507,9c6b6fb13aa96dfe2e1a8299792edff97922e0adfc37dc855da6e865698e52f3
/home/ali/projects/RoboLab/output/v1_cosmos_canonical/RubiksCubeRightOfBowlMatchedTask/predicted_chunks/episode_005/chunk_004/future.mp4,520801,05c1a08f80792ad43e82d0ba0c0faa43311a02bfef02f1b0a6fe81b6e6345929
/home/ali/projects/RoboLab/output/v1_cosmos_canonical/RubiksCubeRightOfBowlMatchedTask/predicted_chunks/episode_005/chunk_004/metadata.json,872,e8f2d7ebcc1ac56f9b663800a03d98d1fee4a827407d30c8362515968caf5ef0
/home/ali/projects/RoboLab/output/v1_cosmos_canonical/RubiksCubeRightOfBowlMatchedTask/predicted_chunks/episode_005/chunk_005/action.npy,1152,79d4b52f139a533e4fdceb83add7c41786a3905b307029c1e4ec805a1d49da1f
/home/ali/projects/RoboLab/output/v1_cosmos_canonical/RubiksCubeRightOfBowlMatchedTask/predicted_chunks/episode_005/chunk_005/conditioning.png,569064,af70c24fd35da95af87f49b8602e15f4e55266495af6b0bc59d349070a197d59
/home/ali/projects/RoboLab/output/v1_cosmos_canonical/RubiksCubeRightOfBowlMatchedTask/predicted_chunks/episode_005/chunk_005/future.mp4,415715,121373c9400f93ce0a23650e866675f5202896e02fc6cc5cf72540470a918774
/home/ali/projects/RoboLab/output/v1_cosmos_canonical/RubiksCubeRightOfBowlMatchedTask/predicted_chunks/episode_005/chunk_005/metadata.json,854,b29fe1d6d2c407df04db019ef639c977edcabeb8583787781ec703646e89f032
/home/ali/projects/RoboLab/output/v1_cosmos_canonical/RubiksCubeRightOfBowlMatchedTask/predicted_chunks/episode_005/chunk_006/action.npy,1152,dc884f50caa912f8ff97fd18f625ad60a782939cca2f5a30ed025df72bc16f42
/home/ali/projects/RoboLab/output/v1_cosmos_canonical/RubiksCubeRightOfBowlMatchedTask/predicted_chunks/episode_005/chunk_006/conditioning.png,563789,d45a783c2c858854799b04344c57e759913e6fbca6b85b96d2fc5a9f9c49b9b3
/home/ali/projects/RoboLab/output/v1_cosmos_canonical/RubiksCubeRightOfBowlMatchedTask/predicted_chunks/episode_005/chunk_006/future.mp4,525820,bece38054f568964eeef81b4dd046d309c7ad2b40873262d398047117419093e
/home/ali/projects/RoboLab/output/v1_cosmos_canonical/RubiksCubeRightOfBowlMatchedTask/predicted_chunks/episode_005/chunk_006/metadata.json,868,9457c1345810f84ed90ead7cfffda1472c0cf8364115a6c786669aa79aae890f
/home/ali/projects/RoboLab/output/v1_cosmos_canonical/RubiksCubeRightOfBowlMatchedTask/predicted_chunks/episode_005/chunk_007/action.npy,1152,e05b12f80fdf5481b1116ca45830595f92e7d22824031496acb954785f8d0638
/home/ali/projects/RoboLab/output/v1_cosmos_canonical/RubiksCubeRightOfBowlMatchedTask/predicted_chunks/episode_005/chunk_007/conditioning.png,535241,0c5068e41cfb203a07e65ab61ce7c8a08e15afefbbc52c441d1635cc68678bb8
/home/ali/projects/RoboLab/output/v1_cosmos_canonical/RubiksCubeRightOfBowlMatchedTask/predicted_chunks/episode_005/chunk_007/future.mp4,565281,bfbf6b19ed1451aba845aaad1a50c14a556438193268d1477ebeb21176d37a00
/home/ali/projects/RoboLab/output/v1_cosmos_canonical/RubiksCubeRightOfBowlMatchedTask/predicted_chunks/episode_005/chunk_007/metadata.json,870,ae31c40931134a28a4f270f979cc2190ec237505fe3b68eafa75b7e4c6c08af8
/home/ali/projects/RoboLab/output/v1_cosmos_canonical/RubiksCubeRightOfBowlMatchedTask/predicted_chunks/episode_005/chunk_008/action.npy,1152,a0e797229aa640b7510ea959443faf0c942e0d099156d240011986ec04e8e9ec
/home/ali/projects/RoboLab/output/v1_cosmos_canonical/RubiksCubeRightOfBowlMatchedTask/predicted_chunks/episode_005/chunk_008/conditioning.png,499919,0a6bb5263f3a9d6a60bbe22c50726578ef19deff4c4e1870a1db08bf2c852105
/home/ali/projects/RoboLab/output/v1_cosmos_canonical/RubiksCubeRightOfBowlMatchedTask/predicted_chunks/episode_005/chunk_008/future.mp4,374079,e9555215742ea5e1ef3926cb1e95d6a18a1c3c81a7137135d15e59d9839488e0
/home/ali/projects/RoboLab/output/v1_cosmos_canonical/RubiksCubeRightOfBowlMatchedTask/predicted_chunks/episode_005/chunk_008/metadata.json,854,bce03fdb181c7a6d308c21f1a18a2ea155a5338d8fdefd1fef4df4010a227fcf
/home/ali/projects/RoboLab/output/v1_cosmos_canonical/RubiksCubeRightOfBowlMatchedTask/predicted_chunks/episode_005/chunk_009/action.npy,1152,9043ed5706a09ee9c48964c63d0c3251e9369e31c27f830ca194dcea02158399
/home/ali/projects/RoboLab/output/v1_cosmos_canonical/RubiksCubeRightOfBowlMatchedTask/predicted_chunks/episode_005/chunk_009/conditioning.png,464403,003cf4d60fcae11b4919d21cac27d13b8ed43335d81e2af3e032e8c3f4a60785
/home/ali/projects/RoboLab/output/v1_cosmos_canonical/RubiksCubeRightOfBowlMatchedTask/predicted_chunks/episode_005/chunk_009/future.mp4,321555,cae56e781c1d3bc8d47bdf5118d2e58590d08159da87155f097ce7391d039766
/home/ali/projects/RoboLab/output/v1_cosmos_canonical/RubiksCubeRightOfBowlMatchedTask/predicted_chunks/episode_005/chunk_009/metadata.json,867,657a5b9292169e930bc10bc38b4c4b854266e593a08f26e00d63637ecc73dab9
/home/ali/projects/RoboLab/output/v1_cosmos_canonical/RubiksCubeRightOfBowlMatchedTask/predicted_chunks/episode_005/chunk_010/action.npy,1152,658472386cb7b9f6cf4315b55f013f9ba6c5beb514f0231a8f67c54ab758c006
/home/ali/projects/RoboLab/output/v1_cosmos_canonical/RubiksCubeRightOfBowlMatchedTask/predicted_chunks/episode_005/chunk_010/conditioning.png,464879,44ee6c236a232c876a5a0f51d0dcf320e0670dcb2e729f76e36a2a1e7cd5a3c1
/home/ali/projects/RoboLab/output/v1_cosmos_canonical/RubiksCubeRightOfBowlMatchedTask/predicted_chunks/episode_005/chunk_010/future.mp4,398707,d7f5006854a7d769b839f8081ef373a7ea52c5f10ba464dc4d9b381d673d1f7a
/home/ali/projects/RoboLab/output/v1_cosmos_canonical/RubiksCubeRightOfBowlMatchedTask/predicted_chunks/episode_005/chunk_010/metadata.json,852,e810f1a3821c80988ec40cce7c56823afad2a12edbb85171e1d81438b4583b48
/home/ali/projects/RoboLab/output/v1_cosmos_canonical/RubiksCubeRightOfBowlMatchedTask/predicted_chunks/episode_005/chunk_011/action.npy,1152,6769b0b4f3c054172ded7da21963f842013adf54e13d9546131a656b6948ad61
/home/ali/projects/RoboLab/output/v1_cosmos_canonical/RubiksCubeRightOfBowlMatchedTask/predicted_chunks/episode_005/chunk_011/conditioning.png,448297,fee00ad9ecdffb50853b273e7346706ead5cd21b17bdc933b32637a7162af296
/home/ali/projects/RoboLab/output/v1_cosmos_canonical/RubiksCubeRightOfBowlMatchedTask/predicted_chunks/episode_005/chunk_011/future.mp4,319064,739b8429815c560bd5f81380e808e353f962f14698fc28f90bd60f8236c06a78
/home/ali/projects/RoboLab/output/v1_cosmos_canonical/RubiksCubeRightOfBowlMatchedTask/predicted_chunks/episode_005/chunk_011/metadata.json,853,bd14201934d1d9f63001cb27c588cbe84bbf3851954f6ca0bde8d57319e410a0
/home/ali/projects/RoboLab/output/v1_cosmos_canonical/RubiksCubeRightOfBowlMatchedTask/predicted_chunks/episode_005/chunk_012/action.npy,1152,fc89ca1a7a6d9902f5cb780d80a97831598036a9bcf77f0f0fe693c07d4b5801
/home/ali/projects/RoboLab/output/v1_cosmos_canonical/RubiksCubeRightOfBowlMatchedTask/predicted_chunks/episode_005/chunk_012/conditioning.png,430865,6d61336599337de3a2ea63c8c2ff02d707cefeca5c062b84f8ccb0cc107775da
/home/ali/projects/RoboLab/output/v1_cosmos_canonical/RubiksCubeRightOfBowlMatchedTask/predicted_chunks/episode_005/chunk_012/future.mp4,352335,78fd515e549bc49cb197474e7e287b33ae938f8ef962e74d79c00105ceadcc70
/home/ali/projects/RoboLab/output/v1_cosmos_canonical/RubiksCubeRightOfBowlMatchedTask/predicted_chunks/episode_005/chunk_012/metadata.json,852,37e0bba96188ac6af3e7390cc2296167ad5aea0dcd7409db68c40ddd4a36f3b8
/home/ali/projects/RoboLab/output/v1_cosmos_canonical/RubiksCubeRightOfBowlMatchedTask/predicted_chunks/episode_005/chunk_013/action.npy,1152,bfc5f4a84a401a45ced5a4b6f7ad982c1ef02c4508e1dd20a41b90cb7c7c8b31
/home/ali/projects/RoboLab/output/v1_cosmos_canonical/RubiksCubeRightOfBowlMatchedTask/predicted_chunks/episode_005/chunk_013/conditioning.png,429791,af9bf6d83e98d0d7ad726f8bb94c88b338a47e64b2e881b773bf4e7d9b55699f
/home/ali/projects/RoboLab/output/v1_cosmos_canonical/RubiksCubeRightOfBowlMatchedTask/predicted_chunks/episode_005/chunk_013/future.mp4,318572,e5adb33944dc0b1f4d3ac421eacd20942dfc2a9c7a218298cc64cb69c25d5ae8
/home/ali/projects/RoboLab/output/v1_cosmos_canonical/RubiksCubeRightOfBowlMatchedTask/predicted_chunks/episode_005/chunk_013/metadata.json,853,bd6e4b5bff7521431611a201b9b1587553bc86c120760ddd854e38c8469e1c66
/home/ali/projects/RoboLab/output/v1_cosmos_canonical/RubiksCubeRightOfBowlMatchedTask/predicted_chunks/episode_005/chunk_014/action.npy,1152,4aa14bc058bfce02f61890f0d1eaa8120eaa413600d0647c6615224e4bffb61a
/home/ali/projects/RoboLab/output/v1_cosmos_canonical/RubiksCubeRightOfBowlMatchedTask/predicted_chunks/episode_005/chunk_014/conditioning.png,427299,032224f8686a9dd0d8198e6b20a6d23c38ca9e7c79bac09e3fde6f38223c90f0
/home/ali/projects/RoboLab/output/v1_cosmos_canonical/RubiksCubeRightOfBowlMatchedTask/predicted_chunks/episode_005/chunk_014/future.mp4,329364,339f4b66b4212a27bdbbbd63f2bdb5d696fd88396feeb0afdaa7dc9a5a29382c
/home/ali/projects/RoboLab/output/v1_cosmos_canonical/RubiksCubeRightOfBowlMatchedTask/predicted_chunks/episode_005/chunk_014/metadata.json,865,a86c8d892ff9564bdb0c775dabe535fa51c95080f54e55901a0573ac08f4509b
/home/ali/projects/RoboLab/output/v1_cosmos_canonical/RubiksCubeRightOfBowlMatchedTask/predicted_chunks/episode_006/chunk_000/action.npy,1152,2c9e01472310ec2534e8c93ee1487747db02241354d87cadd6adcf140462b37c
/home/ali/projects/RoboLab/output/v1_cosmos_canonical/RubiksCubeRightOfBowlMatchedTask/predicted_chunks/episode_006/chunk_000/conditioning.png,572161,6e4f432039099878c24631750aa73923547a0d5788232d6be54a082910693051
/home/ali/projects/RoboLab/output/v1_cosmos_canonical/RubiksCubeRightOfBowlMatchedTask/predicted_chunks/episode_006/chunk_000/future.mp4,503415,f95c8d6206963ba576592a6b82ee999f789b8764a89dc0ee53188ac8520c707d
/home/ali/projects/RoboLab/output/v1_cosmos_canonical/RubiksCubeRightOfBowlMatchedTask/predicted_chunks/episode_006/chunk_000/metadata.json,786,7ee570f7567ed609196b2404f8b673a95be28a83df696ba8c238bdcf69540b7e
/home/ali/projects/RoboLab/output/v1_cosmos_canonical/RubiksCubeRightOfBowlMatchedTask/predicted_chunks/episode_006/chunk_001/action.npy,1152,3018c8c2d50ec554ab7a85186d16ffa2316a6bcc46f74dfe6f0cce5e0832d3da
/home/ali/projects/RoboLab/output/v1_cosmos_canonical/RubiksCubeRightOfBowlMatchedTask/predicted_chunks/episode_006/chunk_001/conditioning.png,551356,8fb81eb0d61c457977791eb29d04af71e8fcbcd28a31ed29a8d3734945792310
/home/ali/projects/RoboLab/output/v1_cosmos_canonical/RubiksCubeRightOfBowlMatchedTask/predicted_chunks/episode_006/chunk_001/future.mp4,395613,e5a53019a520d1a830f01db65f2b7965557b4dcdefc32caf8d7515dc49aef00d
/home/ali/projects/RoboLab/output/v1_cosmos_canonical/RubiksCubeRightOfBowlMatchedTask/predicted_chunks/episode_006/chunk_001/metadata.json,870,7831d40387ddc466f9db1730f0a9c33081f12b0b3ca39617b3aa4a021355464a
/home/ali/projects/RoboLab/output/v1_cosmos_canonical/RubiksCubeRightOfBowlMatchedTask/predicted_chunks/episode_006/chunk_002/action.npy,1152,107eab0bac16dd93413f905e12e82b33c52365e4aeb24cf116f48b8962a2b912
/home/ali/projects/RoboLab/output/v1_cosmos_canonical/RubiksCubeRightOfBowlMatchedTask/predicted_chunks/episode_006/chunk_002/conditioning.png,522482,504409fca951b0745a619cd860b6cf0e50e32cb14c2adb043298b71f9afaae64
/home/ali/projects/RoboLab/output/v1_cosmos_canonical/RubiksCubeRightOfBowlMatchedTask/predicted_chunks/episode_006/chunk_002/future.mp4,563708,d98118c832227c1c3faafd0c0c526bfe331792dc930620f4376373ca2f3b4923
/home/ali/projects/RoboLab/output/v1_cosmos_canonical/RubiksCubeRightOfBowlMatchedTask/predicted_chunks/episode_006/chunk_002/metadata.json,866,5aa2e64d1bf0edcf20f9ab9c73991afd67e7690887f0a6edfa1e1d9ea2cb9c90
/home/ali/projects/RoboLab/output/v1_cosmos_canonical/RubiksCubeRightOfBowlMatchedTask/predicted_chunks/episode_006/chunk_003/action.npy,1152,4dd82bd2c42b2e04c9b9eb6cb63164f61f8f686e20f7998b4d892de35ace4514
/home/ali/projects/RoboLab/output/v1_cosmos_canonical/RubiksCubeRightOfBowlMatchedTask/predicted_chunks/episode_006/chunk_003/conditioning.png,574675,b3f194d5eb5b15aef9a94766b71658e7f85387cc64c67a3392a2ec0e764a19ba
/home/ali/projects/RoboLab/output/v1_cosmos_canonical/RubiksCubeRightOfBowlMatchedTask/predicted_chunks/episode_006/chunk_003/future.mp4,536830,75308bad7e692a550ec0c206d7f2eb134a452520eb9b33b01c10a8750723e415
/home/ali/projects/RoboLab/output/v1_cosmos_canonical/RubiksCubeRightOfBowlMatchedTask/predicted_chunks/episode_006/chunk_003/metadata.json,868,ffd93255ba81a9da99e853842664df6696057f69f2cdcdb39ae49b22c7f36da4
/home/ali/projects/RoboLab/output/v1_cosmos_canonical/RubiksCubeRightOfBowlMatchedTask/predicted_chunks/episode_006/chunk_004/action.npy,1152,4f2a1c7569b74c8b25f4951a50d55db9ea66b8999ab71bebf1f963046f01f644
/home/ali/projects/RoboLab/output/v1_cosmos_canonical/RubiksCubeRightOfBowlMatchedTask/predicted_chunks/episode_006/chunk_004/conditioning.png,567990,a07ef88facf13b0cf6bea04d0ad50a83e55da0d1e36a3a317f2bdaa6021560d0
/home/ali/projects/RoboLab/output/v1_cosmos_canonical/RubiksCubeRightOfBowlMatchedTask/predicted_chunks/episode_006/chunk_004/future.mp4,498686,07f13d6659611dc4408921408d67e23964af1968bb971b263e7bf3ecdad7a2a0
/home/ali/projects/RoboLab/output/v1_cosmos_canonical/RubiksCubeRightOfBowlMatchedTask/predicted_chunks/episode_006/chunk_004/metadata.json,871,6f6202fa00ab925756eb219cfb91cb18a1d306462e002ba8cc972b5ef2b4035e
/home/ali/projects/RoboLab/output/v1_cosmos_canonical/RubiksCubeRightOfBowlMatchedTask/predicted_chunks/episode_006/chunk_005/action.npy,1152,4c3e6c94081032d293ffe1ff770baf4a6b925d3180ae347135babf26b2ee2315
/home/ali/projects/RoboLab/output/v1_cosmos_canonical/RubiksCubeRightOfBowlMatchedTask/predicted_chunks/episode_006/chunk_005/conditioning.png,544739,e08d27fda0d9bcf82694b721e510e07d0951a84b2f79337378bda69d56195be3
/home/ali/projects/RoboLab/output/v1_cosmos_canonical/RubiksCubeRightOfBowlMatchedTask/predicted_chunks/episode_006/chunk_005/future.mp4,620067,c7f2dcd43310d610c7dfd6c2c5725fe2ff4334fd13478659bdb268d96dfc2cf8
/home/ali/projects/RoboLab/output/v1_cosmos_canonical/RubiksCubeRightOfBowlMatchedTask/predicted_chunks/episode_006/chunk_005/metadata.json,852,f129f07f113487d114c176e4ac51c03be1bb18cab70c5f62a2595ab2e5515246
/home/ali/projects/RoboLab/output/v1_cosmos_canonical/RubiksCubeRightOfBowlMatchedTask/predicted_chunks/episode_007/chunk_000/action.npy,1152,0e4631a61065a5b6aed61bb33184021008a83ecfc5d31aec0969eeebbcf1bf34
/home/ali/projects/RoboLab/output/v1_cosmos_canonical/RubiksCubeRightOfBowlMatchedTask/predicted_chunks/episode_007/chunk_000/conditioning.png,567631,eb0a59291d6b0e723dbe06d389e60b3cd12b3f058cacc7ef41dfb292285f951e
/home/ali/projects/RoboLab/output/v1_cosmos_canonical/RubiksCubeRightOfBowlMatchedTask/predicted_chunks/episode_007/chunk_000/future.mp4,483501,f1742d182b69f4841246c386b73655a0d82a706a516b869b8bba9cbbe3d1b7a9
/home/ali/projects/RoboLab/output/v1_cosmos_canonical/RubiksCubeRightOfBowlMatchedTask/predicted_chunks/episode_007/chunk_000/metadata.json,786,63e2356629b8e880b97b5d0d6f5d5869af0e9c742a24893729f520c804477b48
/home/ali/projects/RoboLab/output/v1_cosmos_canonical/RubiksCubeRightOfBowlMatchedTask/predicted_chunks/episode_007/chunk_001/action.npy,1152,a3d9ef5d39673c7e4007653f56247b80299b82a3ae697154d1578a3abb23e304
/home/ali/projects/RoboLab/output/v1_cosmos_canonical/RubiksCubeRightOfBowlMatchedTask/predicted_chunks/episode_007/chunk_001/conditioning.png,560883,b2f1c83cc1d0e6974bab9877e4d6c7e703680cce1b5807eeffeebf4ac5cb26c0
/home/ali/projects/RoboLab/output/v1_cosmos_canonical/RubiksCubeRightOfBowlMatchedTask/predicted_chunks/episode_007/chunk_001/future.mp4,438902,47f4b5641afe0dfa43cc7c16103b8f355ee55b2c73df237150907bde0017fe3c
/home/ali/projects/RoboLab/output/v1_cosmos_canonical/RubiksCubeRightOfBowlMatchedTask/predicted_chunks/episode_007/chunk_001/metadata.json,871,5228510211ae5a08954a7d450702adeb904efc8f34e694b4146fc52e63d6716b
/home/ali/projects/RoboLab/output/v1_cosmos_canonical/RubiksCubeRightOfBowlMatchedTask/predicted_chunks/episode_007/chunk_002/action.npy,1152,4a221b5ff269901cb7fabedb029c93008d0ff2972a23d4aa8b212bc3de9f5791
/home/ali/projects/RoboLab/output/v1_cosmos_canonical/RubiksCubeRightOfBowlMatchedTask/predicted_chunks/episode_007/chunk_002/conditioning.png,541815,6c2b9ffdb4e97e1d3eb57ed4720645fad8927ff05a1caac86befbdadd379b92c
/home/ali/projects/RoboLab/output/v1_cosmos_canonical/RubiksCubeRightOfBowlMatchedTask/predicted_chunks/episode_007/chunk_002/future.mp4,513755,a0d54b376db0c08240d7c2ea5567d7e407e877144b3af9b05d4d252c288bbdc0
/home/ali/projects/RoboLab/output/v1_cosmos_canonical/RubiksCubeRightOfBowlMatchedTask/predicted_chunks/episode_007/chunk_002/metadata.json,872,b28a964f16f32619a4c63e05a06e383dd46129c9b8d6f9abdd8175d7d39fbb96
/home/ali/projects/RoboLab/output/v1_cosmos_canonical/RubiksCubeRightOfBowlMatchedTask/predicted_chunks/episode_007/chunk_003/action.npy,1152,3cd730b2804270ef48012c359807fd5e0e086813d558208820ea4a2328bbac9f
/home/ali/projects/RoboLab/output/v1_cosmos_canonical/RubiksCubeRightOfBowlMatchedTask/predicted_chunks/episode_007/chunk_003/conditioning.png,554081,ef36ebed343ad285b6e9a069888b986a4808c82e19a987ff24b88fd71b83bf67
/home/ali/projects/RoboLab/output/v1_cosmos_canonical/RubiksCubeRightOfBowlMatchedTask/predicted_chunks/episode_007/chunk_003/future.mp4,544510,f9bae7f3590940757b10370f793c9213ea99c75c593d08f9569e1e2102eace46
/home/ali/projects/RoboLab/output/v1_cosmos_canonical/RubiksCubeRightOfBowlMatchedTask/predicted_chunks/episode_007/chunk_003/metadata.json,870,9bf0c2a8b3ea27987048488385ad4aed4a596a13f09c9facbbc159dc8e1758a1
/home/ali/projects/RoboLab/output/v1_cosmos_canonical/RubiksCubeRightOfBowlMatchedTask/predicted_chunks/episode_007/chunk_004/action.npy,1152,e87b44c7a11f25f92e86250bfca61d98feffd72339ab0c8fa1bac0e49c6fa074
/home/ali/projects/RoboLab/output/v1_cosmos_canonical/RubiksCubeRightOfBowlMatchedTask/predicted_chunks/episode_007/chunk_004/conditioning.png,506693,da15a97d180fdcb0a6c83966687de873710b2fbb7bce0721a49125e7310bdf9f
/home/ali/projects/RoboLab/output/v1_cosmos_canonical/RubiksCubeRightOfBowlMatchedTask/predicted_chunks/episode_007/chunk_004/future.mp4,368775,00d4f9e171ca2cff214539a7d2cbe3d2d64aa31b149c3f6c0a2b73081258627a
/home/ali/projects/RoboLab/output/v1_cosmos_canonical/RubiksCubeRightOfBowlMatchedTask/predicted_chunks/episode_007/chunk_004/metadata.json,864,252a8012847cf4e589fb59e95affa66961d8bbb9c996fb6acbd3a2a669d529a7
/home/ali/projects/RoboLab/output/v1_cosmos_canonical/RubiksCubeRightOfBowlMatchedTask/predicted_chunks/episode_008/chunk_000/action.npy,1152,a68f1602f3716679571826c1fec92aff524108fd45ae70a7bb4d3651bffa8b24
/home/ali/projects/RoboLab/output/v1_cosmos_canonical/RubiksCubeRightOfBowlMatchedTask/predicted_chunks/episode_008/chunk_000/conditioning.png,576433,ce4b4a0c9c93c76c03cdcc7c9ea245cf9ba87852a414310b54aaf377b36e4c52
/home/ali/projects/RoboLab/output/v1_cosmos_canonical/RubiksCubeRightOfBowlMatchedTask/predicted_chunks/episode_008/chunk_000/future.mp4,510392,ce479bf6d8b8ef80962819a0f7429343b26497cdb21ac0a834aae0272977f80a
/home/ali/projects/RoboLab/output/v1_cosmos_canonical/RubiksCubeRightOfBowlMatchedTask/predicted_chunks/episode_008/chunk_000/metadata.json,786,3fa7762149ea0b230ecc660f5f81b1d1fc10463adf916e62ad58f30449dfdfa9
/home/ali/projects/RoboLab/output/v1_cosmos_canonical/RubiksCubeRightOfBowlMatchedTask/predicted_chunks/episode_008/chunk_001/action.npy,1152,c2c8b9c21e1afa8c3f0b65b801126c46de2bbad0ef81ecea553054fea038b090
/home/ali/projects/RoboLab/output/v1_cosmos_canonical/RubiksCubeRightOfBowlMatchedTask/predicted_chunks/episode_008/chunk_001/conditioning.png,552722,52c59012c1a0c022966d0a4e1464218e24e45ce6cb03d2992c5742ef4cc7aa91
/home/ali/projects/RoboLab/output/v1_cosmos_canonical/RubiksCubeRightOfBowlMatchedTask/predicted_chunks/episode_008/chunk_001/future.mp4,436159,efa5183510f55efc1c53db27255c4a533b8cb89d0791e04d4d5b3237281dd3c3
/home/ali/projects/RoboLab/output/v1_cosmos_canonical/RubiksCubeRightOfBowlMatchedTask/predicted_chunks/episode_008/chunk_001/metadata.json,871,39c3ba87e9939fc4488d1ca4a60e94075a6f98836a49162c13c12324e4f0c14e
/home/ali/projects/RoboLab/output/v1_cosmos_canonical/RubiksCubeRightOfBowlMatchedTask/predicted_chunks/episode_008/chunk_002/action.npy,1152,9d2f58ad6641c00804508e20b016be96b1df17b524c8c9e8e4cddf398f81cb8f
/home/ali/projects/RoboLab/output/v1_cosmos_canonical/RubiksCubeRightOfBowlMatchedTask/predicted_chunks/episode_008/chunk_002/conditioning.png,553550,380c913c3641a06774a242a7e42aaec1eb643900f26697cf173e38a6a8d259a1
/home/ali/projects/RoboLab/output/v1_cosmos_canonical/RubiksCubeRightOfBowlMatchedTask/predicted_chunks/episode_008/chunk_002/future.mp4,412969,3c26c8107b976ade693dd2b04f27fdad33017132f0cbecc331344138b187d89d
/home/ali/projects/RoboLab/output/v1_cosmos_canonical/RubiksCubeRightOfBowlMatchedTask/predicted_chunks/episode_008/chunk_002/metadata.json,869,223fce7c096ae21ad225e771f17d2f28071c07194aa2934d07aa19096ac669d3
/home/ali/projects/RoboLab/output/v1_cosmos_canonical/RubiksCubeRightOfBowlMatchedTask/predicted_chunks/episode_008/chunk_003/action.npy,1152,1d94004171bdbb5c12336988c24d08c330e6c2236750e20a4bbd0f98210cf590
/home/ali/projects/RoboLab/output/v1_cosmos_canonical/RubiksCubeRightOfBowlMatchedTask/predicted_chunks/episode_008/chunk_003/conditioning.png,495411,782dc9d97d997b38257a4a5e2532ab6a9b6a7d299b8d33b138f0d3b6deb6db57
/home/ali/projects/RoboLab/output/v1_cosmos_canonical/RubiksCubeRightOfBowlMatchedTask/predicted_chunks/episode_008/chunk_003/future.mp4,440590,7d16da1499804b860c6441bd20bb320aceb25ea21bab7a09019b4d472cee42b1
/home/ali/projects/RoboLab/output/v1_cosmos_canonical/RubiksCubeRightOfBowlMatchedTask/predicted_chunks/episode_008/chunk_003/metadata.json,865,e05b00e4ed30c8af44a559f596fde1fdb5579b947382f4f73ab01d51f369f5dd
/home/ali/projects/RoboLab/output/v1_cosmos_canonical/RubiksCubeRightOfBowlMatchedTask/predicted_chunks/episode_008/chunk_004/action.npy,1152,e7d7adcb256de7da0f6a5e1eb2be1eee399683e8d4cfa45b7cbf2c2c7b1ebcbf
/home/ali/projects/RoboLab/output/v1_cosmos_canonical/RubiksCubeRightOfBowlMatchedTask/predicted_chunks/episode_008/chunk_004/conditioning.png,542849,6115baada4e695ed1d2e86b6a1b8d36ee82324452cb83dba3b3beb7eb603d43d
/home/ali/projects/RoboLab/output/v1_cosmos_canonical/RubiksCubeRightOfBowlMatchedTask/predicted_chunks/episode_008/chunk_004/future.mp4,577062,59a953476023f459bbfc2153320c7f24e546ef1693e8b157e1d5cdc0a9119068
/home/ali/projects/RoboLab/output/v1_cosmos_canonical/RubiksCubeRightOfBowlMatchedTask/predicted_chunks/episode_008/chunk_004/metadata.json,870,f1170d5d2b28ea1d83fd2e7176d433345e332c66a7a66c59b2ac16e01d7a2538
/home/ali/projects/RoboLab/output/v1_cosmos_canonical/RubiksCubeRightOfBowlMatchedTask/predicted_chunks/episode_008/chunk_005/action.npy,1152,7fcdd7b75d07cd99d02034e25a04a5753400b3ba31cc8b500d130001ece4db56
/home/ali/projects/RoboLab/output/v1_cosmos_canonical/RubiksCubeRightOfBowlMatchedTask/predicted_chunks/episode_008/chunk_005/conditioning.png,504470,ecca1c9360f8db59a892eb686e84bee8c6a056cb98902dcf4ae96edef851c655
/home/ali/projects/RoboLab/output/v1_cosmos_canonical/RubiksCubeRightOfBowlMatchedTask/predicted_chunks/episode_008/chunk_005/future.mp4,470928,bbd67ecf59d41c41d813f3f413a32a1ec69a4858d921f1147e44d5cc982827cd
/home/ali/projects/RoboLab/output/v1_cosmos_canonical/RubiksCubeRightOfBowlMatchedTask/predicted_chunks/episode_008/chunk_005/metadata.json,869,aa3bde0092af6b5af89b9e00091f2e082d6461298eab075b08bb501a00bcf673
/home/ali/projects/RoboLab/output/v1_cosmos_canonical/RubiksCubeRightOfBowlMatchedTask/predicted_chunks/episode_009/chunk_000/action.npy,1152,c596998660d1fb5cbdf28eddb5ac8109a3f99b1ffc5a3e89beaa7664471fa52c
/home/ali/projects/RoboLab/output/v1_cosmos_canonical/RubiksCubeRightOfBowlMatchedTask/predicted_chunks/episode_009/chunk_000/conditioning.png,575903,f979de0e131a4be7e4445c04c014078071c685d2edc606ea2ddeea182f66c663
/home/ali/projects/RoboLab/output/v1_cosmos_canonical/RubiksCubeRightOfBowlMatchedTask/predicted_chunks/episode_009/chunk_000/future.mp4,477915,1cc688ebb9917eafde2bfe54d008f7ad45f1ba7a46392a6134ad8d47909035d7
/home/ali/projects/RoboLab/output/v1_cosmos_canonical/RubiksCubeRightOfBowlMatchedTask/predicted_chunks/episode_009/chunk_000/metadata.json,786,0d3524a5cb735c1108ce17e37e74b38f264d1e487d9f64834e283e92ffc61e87
/home/ali/projects/RoboLab/output/v1_cosmos_canonical/RubiksCubeRightOfBowlMatchedTask/predicted_chunks/episode_009/chunk_001/action.npy,1152,2cdbc39cbdb531636b33a9fc7ab85fda40dd848ce87f8f2873d9bc395dad4f9e
/home/ali/projects/RoboLab/output/v1_cosmos_canonical/RubiksCubeRightOfBowlMatchedTask/predicted_chunks/episode_009/chunk_001/conditioning.png,565528,5c468d141e95958e8c156b849a4445ba3fa5f83f0201967c19e29e0833161421
/home/ali/projects/RoboLab/output/v1_cosmos_canonical/RubiksCubeRightOfBowlMatchedTask/predicted_chunks/episode_009/chunk_001/future.mp4,434739,d26e1b6993f08a7bf066ca09db8c5c7de6aaf2bb86f2049a71665e0a11c6c3b5
/home/ali/projects/RoboLab/output/v1_cosmos_canonical/RubiksCubeRightOfBowlMatchedTask/predicted_chunks/episode_009/chunk_001/metadata.json,869,8ccc01d42f61a9f8d8f03bbdf9c5c71020caa3be8764d3b3bcc6d481808b7bb2
/home/ali/projects/RoboLab/output/v1_cosmos_canonical/RubiksCubeRightOfBowlMatchedTask/predicted_chunks/episode_009/chunk_002/action.npy,1152,b5d9c6e32661e036cc3ce05777ca9d8e0e1c1cb1795e4f23c7c982f90b839fba
/home/ali/projects/RoboLab/output/v1_cosmos_canonical/RubiksCubeRightOfBowlMatchedTask/predicted_chunks/episode_009/chunk_002/conditioning.png,550567,d77bdb71b6e4f955041c7628bff245ff88679b33a43c0f631e8b9d012a5d01de
/home/ali/projects/RoboLab/output/v1_cosmos_canonical/RubiksCubeRightOfBowlMatchedTask/predicted_chunks/episode_009/chunk_002/future.mp4,464860,ad09d190834366ad1c2f1ae86e49040a5519bf828b83f9bc1e7f6868aaad1853
/home/ali/projects/RoboLab/output/v1_cosmos_canonical/RubiksCubeRightOfBowlMatchedTask/predicted_chunks/episode_009/chunk_002/metadata.json,868,07684f2f52f8a66337264e07d63729284cd03cf1152f272cb49a3ea93ce3b5a0
/home/ali/projects/RoboLab/output/v1_cosmos_canonical/RubiksCubeRightOfBowlMatchedTask/predicted_chunks/episode_009/chunk_003/action.npy,1152,764e156f2c4320472e5cdf949f560834d8fdca80de9b796e0f297cb90e1ee0a1
/home/ali/projects/RoboLab/output/v1_cosmos_canonical/RubiksCubeRightOfBowlMatchedTask/predicted_chunks/episode_009/chunk_003/conditioning.png,561094,66ff112eb568145ec27aace42df0274a19aee7cd00533e2dbffc95b00b843958
/home/ali/projects/RoboLab/output/v1_cosmos_canonical/RubiksCubeRightOfBowlMatchedTask/predicted_chunks/episode_009/chunk_003/future.mp4,580340,129a114b7e0470f0f79a157ce177300aba6b01fda929af0cf95f1a4233473ee6
/home/ali/projects/RoboLab/output/v1_cosmos_canonical/RubiksCubeRightOfBowlMatchedTask/predicted_chunks/episode_009/chunk_003/metadata.json,870,681b7cbc9296d78f89e6b5ff5de2958e0537b91d08138506e00c29c6a3596ec7
/home/ali/projects/RoboLab/output/v1_cosmos_canonical/RubiksCubeRightOfBowlMatchedTask/predicted_chunks/episode_009/chunk_004/action.npy,1152,733c29c9237fdc3d48bd7cb5c4208426b20e8b8299503686ca880345814a1916
/home/ali/projects/RoboLab/output/v1_cosmos_canonical/RubiksCubeRightOfBowlMatchedTask/predicted_chunks/episode_009/chunk_004/conditioning.png,491854,d0d5f2d0338253a1bf21f0fd431311c0043140ce9b42057d1b0080c3cf039d0f
/home/ali/projects/RoboLab/output/v1_cosmos_canonical/RubiksCubeRightOfBowlMatchedTask/predicted_chunks/episode_009/chunk_004/future.mp4,486630,e1d947807f4bc1ec91df76fa62d27076864394576f5524004e0ab4592c627a6c
/home/ali/projects/RoboLab/output/v1_cosmos_canonical/RubiksCubeRightOfBowlMatchedTask/predicted_chunks/episode_009/chunk_004/metadata.json,867,88f5f0f60add2543e8ab0def2de1ea73ed2c44a6cf2b75003d959fc82c9d0f4f
/home/ali/projects/RoboLab/output/v1_cosmos_canonical/RubiksCubeRightOfBowlMatchedTask/predicted_chunks/episode_009/chunk_005/action.npy,1152,df0c1f76aa1570682dcc8ccdf1362799d2409de5d8b3868870f7c6a5b7829a1d
/home/ali/projects/RoboLab/output/v1_cosmos_canonical/RubiksCubeRightOfBowlMatchedTask/predicted_chunks/episode_009/chunk_005/conditioning.png,581819,b9eceb38a9faacdb0cf353dcd68d4fbeabc6bd075e45bf4476c8af9780567a30
/home/ali/projects/RoboLab/output/v1_cosmos_canonical/RubiksCubeRightOfBowlMatchedTask/predicted_chunks/episode_009/chunk_005/future.mp4,625852,bbd7f5f36bdcf696bda200eda94259745c49adb2b91ec62c5b60e950e1804305
/home/ali/projects/RoboLab/output/v1_cosmos_canonical/RubiksCubeRightOfBowlMatchedTask/predicted_chunks/episode_009/chunk_005/metadata.json,856,291d8679f8396a76f47dc991a3b6394d8cfd42d2ed20d169b87542d45a06fe2b
/home/ali/projects/RoboLab/output/v1_cosmos_canonical/RubiksCubeRightOfBowlMatchedTask/predicted_chunks/episode_009/chunk_006/action.npy,1152,652d1b713a9e785708ed4dc0ac5a7d3ba35681e68dadb32e1b0d9b53bd2da1d9
/home/ali/projects/RoboLab/output/v1_cosmos_canonical/RubiksCubeRightOfBowlMatchedTask/predicted_chunks/episode_009/chunk_006/conditioning.png,549233,d79d3c79e67154c462e6c26f5dbfa1fe95d0c7bed0893ca6513ccb2e73ff34bb
/home/ali/projects/RoboLab/output/v1_cosmos_canonical/RubiksCubeRightOfBowlMatchedTask/predicted_chunks/episode_009/chunk_006/future.mp4,442866,1d419ced5462babdad419823c40ae5a9f02e2a8fb282c3d1b5ca841c21502ba9
/home/ali/projects/RoboLab/output/v1_cosmos_canonical/RubiksCubeRightOfBowlMatchedTask/predicted_chunks/episode_009/chunk_006/metadata.json,868,5eb6d4d8d8885cdb79d6ee0ffc54c1365b328d36357b5b943ae496ddd28a5eb2
/home/ali/projects/RoboLab/output/v1_cosmos_canonical/RubiksCubeRightOfBowlMatchedTask/predicted_chunks/episode_009/chunk_007/action.npy,1152,e9281c6ea6461bfd7065c38a6124c20d0ecc10d87308c33e8f2dea4ad22a6368
/home/ali/projects/RoboLab/output/v1_cosmos_canonical/RubiksCubeRightOfBowlMatchedTask/predicted_chunks/episode_009/chunk_007/conditioning.png,527385,d9fd3e95500f809aa45ca2664e5ec2cdef8e748cddd7cce49b5ebbaf3181c9e0
/home/ali/projects/RoboLab/output/v1_cosmos_canonical/RubiksCubeRightOfBowlMatchedTask/predicted_chunks/episode_009/chunk_007/future.mp4,448463,9c6d57f20ea1b3c374bbcf1ee1ba3f3bdb1d16843c4bf9528f693ec73b1b44a8
/home/ali/projects/RoboLab/output/v1_cosmos_canonical/RubiksCubeRightOfBowlMatchedTask/predicted_chunks/episode_009/chunk_007/metadata.json,868,68042494f9e49ff5b0775a0ec161e00aede89bfc262a8c97d0efbf7c558e7239
/home/ali/projects/RoboLab/output/v1_cosmos_canonical/RubiksCubeRightOfBowlMatchedTask/predicted_chunks/episode_009/chunk_008/action.npy,1152,428b373a8b40092e7f9307ceb0806a1d44cdf946a5e9bd0e986418308b9384c1
/home/ali/projects/RoboLab/output/v1_cosmos_canonical/RubiksCubeRightOfBowlMatchedTask/predicted_chunks/episode_009/chunk_008/conditioning.png,515538,cf12f259acd4ace5b9436a8706206100513089c1d87020c02457dbff058b5644
/home/ali/projects/RoboLab/output/v1_cosmos_canonical/RubiksCubeRightOfBowlMatchedTask/predicted_chunks/episode_009/chunk_008/future.mp4,526033,b77e2ff7d654c7b2ea40a55bec54c13baec8f864a97eb4b1c1ef243a84f32e4a
/home/ali/projects/RoboLab/output/v1_cosmos_canonical/RubiksCubeRightOfBowlMatchedTask/predicted_chunks/episode_009/chunk_008/metadata.json,869,5b832878b0ad2766d639089299bebc74e439b0ae22b33425a8f4795ae3bac704
/home/ali/projects/RoboLab/output/v1_cosmos_canonical/RubiksCubeRightOfBowlMatchedTask/predicted_chunks/episode_009/chunk_009/action.npy,1152,858f88fa46d3824cf24607a559164de2cff873268e2c8d5cc919e1db64ef7b39
/home/ali/projects/RoboLab/output/v1_cosmos_canonical/RubiksCubeRightOfBowlMatchedTask/predicted_chunks/episode_009/chunk_009/conditioning.png,568340,f31dc4e208c8ed80b9e63fa7d9c2e10ee87d26b2ef28114fe840cbd1b4419c6e
/home/ali/projects/RoboLab/output/v1_cosmos_canonical/RubiksCubeRightOfBowlMatchedTask/predicted_chunks/episode_009/chunk_009/future.mp4,666319,8f2fa850649cc2b8552ceaf9e32b8cb1c2df64e25000f2ca27b8a086d496e039
/home/ali/projects/RoboLab/output/v1_cosmos_canonical/RubiksCubeRightOfBowlMatchedTask/predicted_chunks/episode_009/chunk_009/metadata.json,869,95bd5d126fc989577f7fc77dacc50a92596179b2a5d7beb56ee3f0730a62ccd0
/home/ali/projects/RoboLab/output/v1_cosmos_canonical/RubiksCubeRightOfBowlMatchedTask/predicted_chunks/episode_009/chunk_010/action.npy,1152,22641462c4235d17bac2af390fc96ea927319b92632c05c24c7f45941c76d7e2
/home/ali/projects/RoboLab/output/v1_cosmos_canonical/RubiksCubeRightOfBowlMatchedTask/predicted_chunks/episode_009/chunk_010/conditioning.png,587102,6f5ef828559fb298e56afc794d14132583a70aec19c192c40b61a5d39faf2298
/home/ali/projects/RoboLab/output/v1_cosmos_canonical/RubiksCubeRightOfBowlMatchedTask/predicted_chunks/episode_009/chunk_010/future.mp4,601758,7eb1eff4015837dedaf9d99d04a05f458ceab2dc7f213a6efb7c5f074d4819fa
/home/ali/projects/RoboLab/output/v1_cosmos_canonical/RubiksCubeRightOfBowlMatchedTask/predicted_chunks/episode_009/chunk_010/metadata.json,874,0fd4d41c08463d77ec3faf3d86a06630f097c99ac61d4cc8e555ab96a86c34e0
/home/ali/projects/RoboLab/output/v1_cosmos_canonical/RubiksCubeRightOfBowlMatchedTask/predicted_chunks/episode_009/chunk_011/action.npy,1152,9a7c3edbe19ea4e192fd27ec027ba11644dfe3680bf5496bb3ab2a4c282dde65
/home/ali/projects/RoboLab/output/v1_cosmos_canonical/RubiksCubeRightOfBowlMatchedTask/predicted_chunks/episode_009/chunk_011/conditioning.png,533130,363dcd31a83dddb110fc1a0793b9128276e7ab4493c0c0f418f53de662a01a4d
/home/ali/projects/RoboLab/output/v1_cosmos_canonical/RubiksCubeRightOfBowlMatchedTask/predicted_chunks/episode_009/chunk_011/future.mp4,418832,fb6ba71854052b749650605b4b5217a92371a4272bd21fdd5b150966aa6781f6
/home/ali/projects/RoboLab/output/v1_cosmos_canonical/RubiksCubeRightOfBowlMatchedTask/predicted_chunks/episode_009/chunk_011/metadata.json,873,567183558cdcef3b9b4dd092e274cf86171dfbe78ce06dd67848ada9c736806f
/home/ali/projects/RoboLab/output/v1_cosmos_canonical/RubiksCubeRightOfBowlMatchedTask/predicted_chunks/episode_009/chunk_012/action.npy,1152,3435c89aeaca87bad2b3a09d187e795b6fdd84df21fc3af9394acd3b4f06c70d
/home/ali/projects/RoboLab/output/v1_cosmos_canonical/RubiksCubeRightOfBowlMatchedTask/predicted_chunks/episode_009/chunk_012/conditioning.png,507987,b8fce651e3fb17889b362dc8c351280025402dcd4c358bb98c27c81e41afd2a5
/home/ali/projects/RoboLab/output/v1_cosmos_canonical/RubiksCubeRightOfBowlMatchedTask/predicted_chunks/episode_009/chunk_012/future.mp4,461290,d8f77efd208334468d7cd716a7cd0883591760d4e77bcd39295ef04dfaa59493
/home/ali/projects/RoboLab/output/v1_cosmos_canonical/RubiksCubeRightOfBowlMatchedTask/predicted_chunks/episode_009/chunk_012/metadata.json,870,41e9c07d0337016b9f1b7bba0be09154965e17dd9242abb483111e9b73ad62e1
/home/ali/projects/RoboLab/output/v1_cosmos_canonical/RubiksCubeRightOfBowlMatchedTask/predicted_chunks/episode_009/chunk_013/action.npy,1152,aeeb0a5510ea3f08146e86e340717088d0421a0141f6986c9048a30b7b825a63
/home/ali/projects/RoboLab/output/v1_cosmos_canonical/RubiksCubeRightOfBowlMatchedTask/predicted_chunks/episode_009/chunk_013/conditioning.png,535796,69af41431b88e3bb515b6c648dd4a167c83fd3667d93199712bfc428ce507d1c
/home/ali/projects/RoboLab/output/v1_cosmos_canonical/RubiksCubeRightOfBowlMatchedTask/predicted_chunks/episode_009/chunk_013/future.mp4,546762,9cb795dcaa2f6121b001a843579451ec0bbb3e712d5aae41001701da1be1a37d
/home/ali/projects/RoboLab/output/v1_cosmos_canonical/RubiksCubeRightOfBowlMatchedTask/predicted_chunks/episode_009/chunk_013/metadata.json,870,312868d5bfe61962d77b1d503f2141f6627a8ee28f76bdb401c7e086718048a5
/home/ali/projects/RoboLab/output/v1_cosmos_canonical/RubiksCubeRightOfBowlMatchedTask/predicted_chunks/episode_009/chunk_014/action.npy,1152,18c4ac4f104b27c3371f38649f1052716844be473fd671beddeefc177786d540
/home/ali/projects/RoboLab/output/v1_cosmos_canonical/RubiksCubeRightOfBowlMatchedTask/predicted_chunks/episode_009/chunk_014/conditioning.png,521002,5cfe99f7f4372661f4f9248a95e2273dc2d3f43c841962004658095c2036e38b
/home/ali/projects/RoboLab/output/v1_cosmos_canonical/RubiksCubeRightOfBowlMatchedTask/predicted_chunks/episode_009/chunk_014/future.mp4,402775,6454e7328415064db790ee9852f12fac1927412c9ea6c04d6808744d3abf1962
/home/ali/projects/RoboLab/output/v1_cosmos_canonical/RubiksCubeRightOfBowlMatchedTask/predicted_chunks/episode_009/chunk_014/metadata.json,866,50354dbfcb26a4b4aea7b371e8cbf023b1dce315db017d8d67f7416e435d6e84
/home/ali/projects/RoboLab/output/v1_cosmos_canonical/RubiksCubeRightOfBowlMatchedTask/predicted_chunks/manifest.jsonl,63480,0a5c1ef61b39275847fc318f167b64a70269d009139a8c8302689388339c83fa
/home/ali/projects/RoboLab/output/v1_cosmos_canonical/RubiksCubeRightOfBowlMatchedTask/run_0.hdf5,308071,54f40e2c5725b9d9c1f051cd2c866ce3183997ef642299320508775409047e57
/home/ali/projects/RoboLab/output/v1_cosmos_canonical/RubiksCubeRightOfBowlMatchedTask/run_1.hdf5,240113,60e5b8604a258cb3d1c38edf775333bfc4f932ce7ded09513ad6caa940056963
/home/ali/projects/RoboLab/output/v1_cosmos_canonical/RubiksCubeRightOfBowlMatchedTask/run_2.hdf5,267914,d6044ac35cee2cbdeee819fc13138950253a9f7eca1884908dd606240fec9558
/home/ali/projects/RoboLab/output/v1_cosmos_canonical/RubiksCubeRightOfBowlMatchedTask/run_3.hdf5,269058,458376be92ea87257e5f15c585819838590f4e179eb87beae9d78cfef13436c5
/home/ali/projects/RoboLab/output/v1_cosmos_canonical/RubiksCubeRightOfBowlMatchedTask/run_4.hdf5,235135,4e7f47f2fd94bbcb53eabeb21cdd048ab349b5a910803a2f9fff0623b35fd007
/home/ali/projects/RoboLab/output/v1_cosmos_canonical/RubiksCubeRightOfBowlMatchedTask/run_5.hdf5,334431,67408f661b6af7f223f2d18080ee2549b53a968aa3d0a0f77ef715400e6f6db7
/home/ali/projects/RoboLab/output/v1_cosmos_canonical/RubiksCubeRightOfBowlMatchedTask/run_6.hdf5,243332,c62c786666464c54f6d6a423e6f7a719907414456e384ceffbfc88daa6767e7e
/home/ali/projects/RoboLab/output/v1_cosmos_canonical/RubiksCubeRightOfBowlMatchedTask/run_7.hdf5,228677,068c9e810fe62819a127256c0eaf2b27d3126e67925495d5b5c06436546ef311
/home/ali/projects/RoboLab/output/v1_cosmos_canonical/RubiksCubeRightOfBowlMatchedTask/run_8.hdf5,249145,5c3684d88373975fe5dee697b7257669507afb45350dc3b894045c5bfd0de0a9
/home/ali/projects/RoboLab/output/v1_cosmos_canonical/RubiksCubeRightOfBowlMatchedTask/run_9.hdf5,334688,1aef7ffd40c6a2c338aa8422ffb06d2198ded4964a77623342adb1c958431994
/home/ali/projects/RoboLab/output/v1_cosmos_canonical/episode_results.jsonl,24588,9c7a445384cf548c09e48342f816faf4e81601bc4e7a88ff1c21b91ca8fbefb3
/home/ali/projects/RoboLab/output/v1_cosmos_contrastive/RubiksCubeLeftOfBowlMatchedTask/env_cfg.json,43376,e782b344af83107fc7e592251c6be08c681deb4d556cd753db88b9520042c4da
/home/ali/projects/RoboLab/output/v1_cosmos_contrastive/RubiksCubeLeftOfBowlMatchedTask/log_0_env0.json,3151,307745ff14ff973c221c1ed07d92da95d098866ef47580cbe71c284016ac21ff
/home/ali/projects/RoboLab/output/v1_cosmos_contrastive/RubiksCubeLeftOfBowlMatchedTask/log_1_env0.json,1531,0902f5ea88d0cc472e3e390739676ae1cd6a9b3e12687ff67563c2a2163e83e8
/home/ali/projects/RoboLab/output/v1_cosmos_contrastive/RubiksCubeLeftOfBowlMatchedTask/log_2_env0.json,6460,81e3b57771403a91a52a1a102a2519a893942d2b55ab74323acb630188770504
/home/ali/projects/RoboLab/output/v1_cosmos_contrastive/RubiksCubeLeftOfBowlMatchedTask/log_3_env0.json,3879,720f2ddabef1ab80ca6e16b88a2fffba518e269f1966cfd455b4ad3d8225334b
/home/ali/projects/RoboLab/output/v1_cosmos_contrastive/RubiksCubeLeftOfBowlMatchedTask/log_4_env0.json,2135,66f0e78a7a446983a0d9b63d84aea8176c2a8354848a6d0bcb1e7fb7f82368a3
/home/ali/projects/RoboLab/output/v1_cosmos_contrastive/RubiksCubeLeftOfBowlMatchedTask/log_5_env0.json,3329,bfb75d3f14dff56292d477eb5970ea0b23b48d7716182780590818a64b85d714
/home/ali/projects/RoboLab/output/v1_cosmos_contrastive/RubiksCubeLeftOfBowlMatchedTask/log_6_env0.json,3271,7531892b874429d649d61362cab1388944cbe7f1d3b0a862421b3aa3aa277fd9
/home/ali/projects/RoboLab/output/v1_cosmos_contrastive/RubiksCubeLeftOfBowlMatchedTask/log_7_env0.json,3154,816ee6fbcf3697dddf91c6e0ee7eccd07e25cb7bdbccca7f800a2246dd1b7b1d
/home/ali/projects/RoboLab/output/v1_cosmos_contrastive/RubiksCubeLeftOfBowlMatchedTask/log_8_env0.json,4136,4f3a31e0ef6eb16206286058c63cece7b2c73f38f9bd87f797d2ea34b764f891
/home/ali/projects/RoboLab/output/v1_cosmos_contrastive/RubiksCubeLeftOfBowlMatchedTask/log_9_env0.json,2014,90e5919c8cd71477eceada9499540e602d239986da30048377ffd1e75ca0c59c
/home/ali/projects/RoboLab/output/v1_cosmos_contrastive/RubiksCubeLeftOfBowlMatchedTask/predicted_chunks/episode_000/chunk_000/action.npy,1152,a28b5443967cd2c6b05bc87dd81a8d7a9eaf97dc043a23b895ee561adba35dc0
/home/ali/projects/RoboLab/output/v1_cosmos_contrastive/RubiksCubeLeftOfBowlMatchedTask/predicted_chunks/episode_000/chunk_000/conditioning.png,573508,8844efbf3fc89d5f9cf4395d2b2fbd08451ffd118d6be2a53b412fb3271670a3
/home/ali/projects/RoboLab/output/v1_cosmos_contrastive/RubiksCubeLeftOfBowlMatchedTask/predicted_chunks/episode_000/chunk_000/future.mp4,504862,73f423bdcc972987e323dcebfb46aaa84447eb4facd1d0a87383f326b5136f22
/home/ali/projects/RoboLab/output/v1_cosmos_contrastive/RubiksCubeLeftOfBowlMatchedTask/predicted_chunks/episode_000/chunk_000/metadata.json,816,8ec114f1a14c6f4b2ea1e4d7bdf162e97dc8504d1bbd745a58bd70fd52206492
/home/ali/projects/RoboLab/output/v1_cosmos_contrastive/RubiksCubeLeftOfBowlMatchedTask/predicted_chunks/episode_000/chunk_001/action.npy,1152,5660d762dfc024f48c11b1565503e1ec3428aac8f6a8addeb929ef77844b1296
/home/ali/projects/RoboLab/output/v1_cosmos_contrastive/RubiksCubeLeftOfBowlMatchedTask/predicted_chunks/episode_000/chunk_001/conditioning.png,565487,9bc11fec707fc0c78a0a3a865625d881ba6b2a16e4d88d52c219d8fe044c3cd6
/home/ali/projects/RoboLab/output/v1_cosmos_contrastive/RubiksCubeLeftOfBowlMatchedTask/predicted_chunks/episode_000/chunk_001/future.mp4,423695,49a846a33f1fbe072cc71f741ffbb945fb7050e293ff4a7f737d80405005e0b1
/home/ali/projects/RoboLab/output/v1_cosmos_contrastive/RubiksCubeLeftOfBowlMatchedTask/predicted_chunks/episode_000/chunk_001/metadata.json,901,11fedd71e814d5e15f1d180b72a10d97d0a3357f5d685919c7b13830cb4b5370
/home/ali/projects/RoboLab/output/v1_cosmos_contrastive/RubiksCubeLeftOfBowlMatchedTask/predicted_chunks/episode_000/chunk_002/action.npy,1152,43282cd536ebb66109f8fdfb94919b10841e3164adf3168d132213ecf9e48fdf
/home/ali/projects/RoboLab/output/v1_cosmos_contrastive/RubiksCubeLeftOfBowlMatchedTask/predicted_chunks/episode_000/chunk_002/conditioning.png,551685,e78bda98f4122a85d589d1c40d2183f936410ba2598a64559c4729847c53b1a1
/home/ali/projects/RoboLab/output/v1_cosmos_contrastive/RubiksCubeLeftOfBowlMatchedTask/predicted_chunks/episode_000/chunk_002/future.mp4,392841,dc1fb060cac448522263458ae6e684147e74f716919f48a31693e8cde6cc3d92
/home/ali/projects/RoboLab/output/v1_cosmos_contrastive/RubiksCubeLeftOfBowlMatchedTask/predicted_chunks/episode_000/chunk_002/metadata.json,897,f0a645195de4f36cb7928b52685201f7cd864ad4ba31a00b31bdb0638a92e9a4
/home/ali/projects/RoboLab/output/v1_cosmos_contrastive/RubiksCubeLeftOfBowlMatchedTask/predicted_chunks/episode_000/chunk_003/action.npy,1152,7d953ed94075c7704d40e2b8eb6462af6ed07d19901be378dc2d92a65be6949c
/home/ali/projects/RoboLab/output/v1_cosmos_contrastive/RubiksCubeLeftOfBowlMatchedTask/predicted_chunks/episode_000/chunk_003/conditioning.png,554245,7a20c16a578be9ff12db71b70194587574677d363e2e7784dd954d05ba0985e2
/home/ali/projects/RoboLab/output/v1_cosmos_contrastive/RubiksCubeLeftOfBowlMatchedTask/predicted_chunks/episode_000/chunk_003/future.mp4,385617,86c586a96623d271d12c6bac50b40466334528253cdd15dc25d02835bddc6329
/home/ali/projects/RoboLab/output/v1_cosmos_contrastive/RubiksCubeLeftOfBowlMatchedTask/predicted_chunks/episode_000/chunk_003/metadata.json,899,c3a50ac87d8a26f423e0bf50ff031e7cba8883dce5fcb3d5ddcbcb4009e4aa56
/home/ali/projects/RoboLab/output/v1_cosmos_contrastive/RubiksCubeLeftOfBowlMatchedTask/predicted_chunks/episode_000/chunk_004/action.npy,1152,28a1ab401d0891273b9f7209b9ff701c28d7d17ac1a398b5570b1e5d7eaf4478
/home/ali/projects/RoboLab/output/v1_cosmos_contrastive/RubiksCubeLeftOfBowlMatchedTask/predicted_chunks/episode_000/chunk_004/conditioning.png,549074,cf26338f168db0fe0a7c266dad3b31f59b71d2282db120a8b3f1ce2c749f1100
/home/ali/projects/RoboLab/output/v1_cosmos_contrastive/RubiksCubeLeftOfBowlMatchedTask/predicted_chunks/episode_000/chunk_004/future.mp4,474722,55a3770f10bb4ebdb23b463a81c4701ef40ec3ece6d1d8d0544263b10ccd9cbd
/home/ali/projects/RoboLab/output/v1_cosmos_contrastive/RubiksCubeLeftOfBowlMatchedTask/predicted_chunks/episode_000/chunk_004/metadata.json,880,24fa35fee045287ce0d4cd7a10bddd7d7507a3db9c755b050782a6115487609a
/home/ali/projects/RoboLab/output/v1_cosmos_contrastive/RubiksCubeLeftOfBowlMatchedTask/predicted_chunks/episode_000/chunk_005/action.npy,1152,c07e22be1ff2164cb415a1401bbfa63b1a77af14fec9b6acfb8c3d83a4f0eec1
/home/ali/projects/RoboLab/output/v1_cosmos_contrastive/RubiksCubeLeftOfBowlMatchedTask/predicted_chunks/episode_000/chunk_005/conditioning.png,556479,761ab28a904a2263b92426d5adaeb2bbf2c71894aa41ea7f8e24a67008a30aa1
/home/ali/projects/RoboLab/output/v1_cosmos_contrastive/RubiksCubeLeftOfBowlMatchedTask/predicted_chunks/episode_000/chunk_005/future.mp4,549113,b5faceb9c46cd020348bf2783eff2539b906d2c7915f62a6584ea52837adc425
/home/ali/projects/RoboLab/output/v1_cosmos_contrastive/RubiksCubeLeftOfBowlMatchedTask/predicted_chunks/episode_000/chunk_005/metadata.json,898,32992fe195ed6acdf048e99eadfc99c4cba8e6314ed309a998fa265340366dd6
/home/ali/projects/RoboLab/output/v1_cosmos_contrastive/RubiksCubeLeftOfBowlMatchedTask/predicted_chunks/episode_000/chunk_006/action.npy,1152,47aacfa9e2e148b28a775b44ce4a45c50c3277366b61f1bbbd3b3102f56187f2
/home/ali/projects/RoboLab/output/v1_cosmos_contrastive/RubiksCubeLeftOfBowlMatchedTask/predicted_chunks/episode_000/chunk_006/conditioning.png,546427,9fc69e8c341bdf9272ebf78224ad89f1f49977d25c376ad9e5972d7007ac1eb2
/home/ali/projects/RoboLab/output/v1_cosmos_contrastive/RubiksCubeLeftOfBowlMatchedTask/predicted_chunks/episode_000/chunk_006/future.mp4,548185,ae49c358d019166717dd71184b48b6651213343b730abefda0a5f2ad1691e124
/home/ali/projects/RoboLab/output/v1_cosmos_contrastive/RubiksCubeLeftOfBowlMatchedTask/predicted_chunks/episode_000/chunk_006/metadata.json,898,9a4d0f62fd53957431767187114a6ca0d90befd48dd1f2ed1e4f8e9aa30b11fb
/home/ali/projects/RoboLab/output/v1_cosmos_contrastive/RubiksCubeLeftOfBowlMatchedTask/predicted_chunks/episode_000/chunk_007/action.npy,1152,868937a1df11b296d9bd74796fb960f2d1aac8ab73a43e939aab5cac8baa2b1b
/home/ali/projects/RoboLab/output/v1_cosmos_contrastive/RubiksCubeLeftOfBowlMatchedTask/predicted_chunks/episode_000/chunk_007/conditioning.png,579275,f3c2927a0a8ca81e9f83641d9afad2a90df8f43c342575cb6ae0903ba1325bdd
/home/ali/projects/RoboLab/output/v1_cosmos_contrastive/RubiksCubeLeftOfBowlMatchedTask/predicted_chunks/episode_000/chunk_007/future.mp4,466151,a8c930979440296eef85c327a6d6b1f946ba0b57035432d71fdac24f58d09fbb
/home/ali/projects/RoboLab/output/v1_cosmos_contrastive/RubiksCubeLeftOfBowlMatchedTask/predicted_chunks/episode_000/chunk_007/metadata.json,899,f75dc1f9f3ba3cdee7e8d686e6ffc340c71e3fad7bb2ca7bcbc0e2eb5f2ce9e0
/home/ali/projects/RoboLab/output/v1_cosmos_contrastive/RubiksCubeLeftOfBowlMatchedTask/predicted_chunks/episode_000/chunk_008/action.npy,1152,c584fb4ffbc8d1cc72d7bada7aa7b10eac925bdab34e402e397741f3bb0902d8
/home/ali/projects/RoboLab/output/v1_cosmos_contrastive/RubiksCubeLeftOfBowlMatchedTask/predicted_chunks/episode_000/chunk_008/conditioning.png,554616,a59918d7859125da1440e544a8323edace849f89cbb0eb49bde55b75309cb1ab
/home/ali/projects/RoboLab/output/v1_cosmos_contrastive/RubiksCubeLeftOfBowlMatchedTask/predicted_chunks/episode_000/chunk_008/future.mp4,412909,92aae554c7b75405cb23e555d7ed3b41a0e13431c9a305eb0a14f8f215083423
/home/ali/projects/RoboLab/output/v1_cosmos_contrastive/RubiksCubeLeftOfBowlMatchedTask/predicted_chunks/episode_000/chunk_008/metadata.json,903,43f069ac78bd1e2e8adc252262b4090640ba99fbd9501e827bfbf1596a0b928d
/home/ali/projects/RoboLab/output/v1_cosmos_contrastive/RubiksCubeLeftOfBowlMatchedTask/predicted_chunks/episode_000/chunk_009/action.npy,1152,eeeb99489beea018da56374970ce2a2fdccf03ebb5c6fc870fb2941b6cb0b953
/home/ali/projects/RoboLab/output/v1_cosmos_contrastive/RubiksCubeLeftOfBowlMatchedTask/predicted_chunks/episode_000/chunk_009/conditioning.png,552182,61a8273c0b78da55d7613e7224228e8a3638d89b996621eaa68a4f0df975e304
/home/ali/projects/RoboLab/output/v1_cosmos_contrastive/RubiksCubeLeftOfBowlMatchedTask/predicted_chunks/episode_000/chunk_009/future.mp4,461086,b5a538935936cd01444b398d40f00b7c583ec4a203aab59047128259d65140e2
/home/ali/projects/RoboLab/output/v1_cosmos_contrastive/RubiksCubeLeftOfBowlMatchedTask/predicted_chunks/episode_000/chunk_009/metadata.json,897,4e1f274f547b782504e12c4ae8c60fcb537b2d218bd53339cd9992ee203f74dc
/home/ali/projects/RoboLab/output/v1_cosmos_contrastive/RubiksCubeLeftOfBowlMatchedTask/predicted_chunks/episode_000/chunk_010/action.npy,1152,3c917127065d902395ddb9aae7983ae0f4daa55ebc8648bb35c59a0ceb4b7f5a
/home/ali/projects/RoboLab/output/v1_cosmos_contrastive/RubiksCubeLeftOfBowlMatchedTask/predicted_chunks/episode_000/chunk_010/conditioning.png,571954,1fdacb39facd7eda5c58d71f4cbc3f1b1b2edcab70cd87f2684accc2b76c993b
/home/ali/projects/RoboLab/output/v1_cosmos_contrastive/RubiksCubeLeftOfBowlMatchedTask/predicted_chunks/episode_000/chunk_010/future.mp4,435637,4fc4c2f134ea525e16bd58c42fcc1714249f62f89f2f50b83a757f723a8bbae1
/home/ali/projects/RoboLab/output/v1_cosmos_contrastive/RubiksCubeLeftOfBowlMatchedTask/predicted_chunks/episode_000/chunk_010/metadata.json,883,d799298ecc8b82c099f01fa52c7a66597c3637e2cd12995b339b3c1a08b3d2a2
/home/ali/projects/RoboLab/output/v1_cosmos_contrastive/RubiksCubeLeftOfBowlMatchedTask/predicted_chunks/episode_000/chunk_011/action.npy,1152,f60033043c505fe02f9214930613ffe7b2cfde96b2e691bad4b1c8bca292d192
/home/ali/projects/RoboLab/output/v1_cosmos_contrastive/RubiksCubeLeftOfBowlMatchedTask/predicted_chunks/episode_000/chunk_011/conditioning.png,552894,9fb5b99c230c72f302628fee7910bd3e5dc0f1cfe31f1d99939922110a46e585
/home/ali/projects/RoboLab/output/v1_cosmos_contrastive/RubiksCubeLeftOfBowlMatchedTask/predicted_chunks/episode_000/chunk_011/future.mp4,391082,d9f2e4e85460b3edb5a7082dfaaa32b1ae99ffcdf06fc7dd6ea200dd0a5e37f7
/home/ali/projects/RoboLab/output/v1_cosmos_contrastive/RubiksCubeLeftOfBowlMatchedTask/predicted_chunks/episode_000/chunk_011/metadata.json,884,c19ff69eb22be2e51a6507292e00502a3f1bbcb8d84b58b265baf2081b182181
/home/ali/projects/RoboLab/output/v1_cosmos_contrastive/RubiksCubeLeftOfBowlMatchedTask/predicted_chunks/episode_000/chunk_012/action.npy,1152,0be4b4eae5a83991eb29305ff9c21220c9a9394dacc28eee6a578be21806c559
/home/ali/projects/RoboLab/output/v1_cosmos_contrastive/RubiksCubeLeftOfBowlMatchedTask/predicted_chunks/episode_000/chunk_012/conditioning.png,545601,be3298da85b0a92ea9a468a1b4c6ad44a829365ab00bed06f7482df21721ef4f
/home/ali/projects/RoboLab/output/v1_cosmos_contrastive/RubiksCubeLeftOfBowlMatchedTask/predicted_chunks/episode_000/chunk_012/future.mp4,406310,15d9dab1f513f7db6e5d92ff60a7f7453a42340598fde8f30a9364f5416c1553
/home/ali/projects/RoboLab/output/v1_cosmos_contrastive/RubiksCubeLeftOfBowlMatchedTask/predicted_chunks/episode_000/chunk_012/metadata.json,901,7b3a5e19a1d8eda5b06c7f421e41be12834e6b56f3ff75ccd9bde6af59b5aa33
/home/ali/projects/RoboLab/output/v1_cosmos_contrastive/RubiksCubeLeftOfBowlMatchedTask/predicted_chunks/episode_000/chunk_013/action.npy,1152,62fdffb7c354fe147554af050131411733a6da4d15d69a95ce2bbf001334122d
/home/ali/projects/RoboLab/output/v1_cosmos_contrastive/RubiksCubeLeftOfBowlMatchedTask/predicted_chunks/episode_000/chunk_013/conditioning.png,562211,2a9ef28eee279f9fc8ed06117cdb0c947955b77943c99f7a366a36b0f733f595
/home/ali/projects/RoboLab/output/v1_cosmos_contrastive/RubiksCubeLeftOfBowlMatchedTask/predicted_chunks/episode_000/chunk_013/future.mp4,429556,7cde6257a689a0c4e639b8ac491750b68ce313fed1201974dfeea1b23e8ad4b4
/home/ali/projects/RoboLab/output/v1_cosmos_contrastive/RubiksCubeLeftOfBowlMatchedTask/predicted_chunks/episode_000/chunk_013/metadata.json,881,98da2407634447cbb1aa3ee40412e2765ad504aa09c152d52c5a420b91295eb2
/home/ali/projects/RoboLab/output/v1_cosmos_contrastive/RubiksCubeLeftOfBowlMatchedTask/predicted_chunks/episode_000/chunk_014/action.npy,1152,6ef802b31af3912996372ae3bbd36aade932547eb1d4f068d1520eddac528e2a
/home/ali/projects/RoboLab/output/v1_cosmos_contrastive/RubiksCubeLeftOfBowlMatchedTask/predicted_chunks/episode_000/chunk_014/conditioning.png,542445,7b252d922d8e07001dd5e09c7236ff2f9be00a7d1918b9e9d099dfd30186c054
/home/ali/projects/RoboLab/output/v1_cosmos_contrastive/RubiksCubeLeftOfBowlMatchedTask/predicted_chunks/episode_000/chunk_014/future.mp4,541713,7f1df944cd8a66dd0ff6546b924382142fc3efde30325f126651d4f5e9a43605
/home/ali/projects/RoboLab/output/v1_cosmos_contrastive/RubiksCubeLeftOfBowlMatchedTask/predicted_chunks/episode_000/chunk_014/metadata.json,899,70da019c3e4d5c2a1a0e9e5dba14a97ada2833f1aa518a892f02cebb0886165a
/home/ali/projects/RoboLab/output/v1_cosmos_contrastive/RubiksCubeLeftOfBowlMatchedTask/predicted_chunks/episode_001/chunk_000/action.npy,1152,801ef362b8ff78400853563e9e6ebbeacee42ded483300c70b386729315bc3bf
/home/ali/projects/RoboLab/output/v1_cosmos_contrastive/RubiksCubeLeftOfBowlMatchedTask/predicted_chunks/episode_001/chunk_000/conditioning.png,572196,a9c6104f8d73b17ac4f354340b907f45ed95ca7699baec5a9bff464cbf2ae894
/home/ali/projects/RoboLab/output/v1_cosmos_contrastive/RubiksCubeLeftOfBowlMatchedTask/predicted_chunks/episode_001/chunk_000/future.mp4,531424,28a076d55438bbd2b197951e30e40b422de807c76f8c53f50e45cd1d00cb38da
/home/ali/projects/RoboLab/output/v1_cosmos_contrastive/RubiksCubeLeftOfBowlMatchedTask/predicted_chunks/episode_001/chunk_000/metadata.json,816,29990fbebddb87d940379209602efc4bf4e91bb54f3ea937d443911237dcd492
/home/ali/projects/RoboLab/output/v1_cosmos_contrastive/RubiksCubeLeftOfBowlMatchedTask/predicted_chunks/episode_001/chunk_001/action.npy,1152,746448c04d3659d4bac4457065d04d271bbfef73835dffe43ddee9467fecea14
/home/ali/projects/RoboLab/output/v1_cosmos_contrastive/RubiksCubeLeftOfBowlMatchedTask/predicted_chunks/episode_001/chunk_001/conditioning.png,561797,93ac2e06039d888c7c971023afe6bb5f33e2264023f8553518e6a2314ef42866
/home/ali/projects/RoboLab/output/v1_cosmos_contrastive/RubiksCubeLeftOfBowlMatchedTask/predicted_chunks/episode_001/chunk_001/future.mp4,424628,ebf47188036c374a78a1fa61bc691be6207efbfa446ca4bf18b411d187edbd96
/home/ali/projects/RoboLab/output/v1_cosmos_contrastive/RubiksCubeLeftOfBowlMatchedTask/predicted_chunks/episode_001/chunk_001/metadata.json,897,6d03f9445f2ff1085d96a6e477046e88fd552a485f058c3c35ab9ad37f0e08df
/home/ali/projects/RoboLab/output/v1_cosmos_contrastive/RubiksCubeLeftOfBowlMatchedTask/predicted_chunks/episode_001/chunk_002/action.npy,1152,7c47a8f531a50baec25aa30dbc3cfa9a61157aa142b54caa339663c09095cf09
/home/ali/projects/RoboLab/output/v1_cosmos_contrastive/RubiksCubeLeftOfBowlMatchedTask/predicted_chunks/episode_001/chunk_002/conditioning.png,547247,c76f24ce3f57e7405296392a76f9182bf6adcfe98126194541943003885406f5
/home/ali/projects/RoboLab/output/v1_cosmos_contrastive/RubiksCubeLeftOfBowlMatchedTask/predicted_chunks/episode_001/chunk_002/future.mp4,515426,07d068eb37a6b776b3fa5385f5714e0aee2a6d3c85f5bd3b7dfcf97f320f1620
/home/ali/projects/RoboLab/output/v1_cosmos_contrastive/RubiksCubeLeftOfBowlMatchedTask/predicted_chunks/episode_001/chunk_002/metadata.json,900,0932b166e50f60bb67a0f524ac740e6390db31d874d0286cffbe977ca5472706
/home/ali/projects/RoboLab/output/v1_cosmos_contrastive/RubiksCubeLeftOfBowlMatchedTask/predicted_chunks/episode_001/chunk_003/action.npy,1152,b735bbd3d6862b0a02d25b3ee87e4f19d61ce0af983299e2879c0a3ce0fa83d7
/home/ali/projects/RoboLab/output/v1_cosmos_contrastive/RubiksCubeLeftOfBowlMatchedTask/predicted_chunks/episode_001/chunk_003/conditioning.png,561362,927d84dd1b70f9af1f9c47ce5107cfae68c597320ca63adc699e1ff0ead9eaf6
/home/ali/projects/RoboLab/output/v1_cosmos_contrastive/RubiksCubeLeftOfBowlMatchedTask/predicted_chunks/episode_001/chunk_003/future.mp4,574554,769d729ca8848df5c468b0b2d3483962efa9bab69f167139100f0aeea18e301e
/home/ali/projects/RoboLab/output/v1_cosmos_contrastive/RubiksCubeLeftOfBowlMatchedTask/predicted_chunks/episode_001/chunk_003/metadata.json,903,05cd45b6cfe81d880a0a10065370212231048cac7411cf74ba20f543c81db09b
/home/ali/projects/RoboLab/output/v1_cosmos_contrastive/RubiksCubeLeftOfBowlMatchedTask/predicted_chunks/episode_001/chunk_004/action.npy,1152,6782efc9c1805473c9015901f632ab4a8da85390e7b8ee3360360be5b7b9e92b
/home/ali/projects/RoboLab/output/v1_cosmos_contrastive/RubiksCubeLeftOfBowlMatchedTask/predicted_chunks/episode_001/chunk_004/conditioning.png,569978,b220d5d97aac0b984ed08cea7794389d3217391dbb6e8fb0baf66135a7652c87
/home/ali/projects/RoboLab/output/v1_cosmos_contrastive/RubiksCubeLeftOfBowlMatchedTask/predicted_chunks/episode_001/chunk_004/future.mp4,494943,823ce3a8dd7ab9ee60a16418c5cb48806d6a994d6bef255191d62fa44d14e4dc
/home/ali/projects/RoboLab/output/v1_cosmos_contrastive/RubiksCubeLeftOfBowlMatchedTask/predicted_chunks/episode_001/chunk_004/metadata.json,900,0212b69834caed456c0025afb3266f84ca0fcc1c4858e981cead3076e93a77c0
/home/ali/projects/RoboLab/output/v1_cosmos_contrastive/RubiksCubeLeftOfBowlMatchedTask/predicted_chunks/episode_001/chunk_005/action.npy,1152,5b9df8e0e2680352ba82b2134b328b73a9cdb254914e7f069b8a6e15007c9317
/home/ali/projects/RoboLab/output/v1_cosmos_contrastive/RubiksCubeLeftOfBowlMatchedTask/predicted_chunks/episode_001/chunk_005/conditioning.png,539971,20cadf976c4e4be5ee711de8220c5254b73a8e11d57aab82c9900534ea2b69e0
/home/ali/projects/RoboLab/output/v1_cosmos_contrastive/RubiksCubeLeftOfBowlMatchedTask/predicted_chunks/episode_001/chunk_005/future.mp4,461842,f111e44c6382b26cd8b4968786b7bc84051b549b4689ae5627ea6e4e7324d7c5
/home/ali/projects/RoboLab/output/v1_cosmos_contrastive/RubiksCubeLeftOfBowlMatchedTask/predicted_chunks/episode_001/chunk_005/metadata.json,899,c6cb11ac82e52ec6f1cc680ffdf7a16e10f4ec4922a951e3c85f93338728bb44
/home/ali/projects/RoboLab/output/v1_cosmos_contrastive/RubiksCubeLeftOfBowlMatchedTask/predicted_chunks/episode_001/chunk_006/action.npy,1152,832df6136ab58ac043ec85e57c7c2de7fda31dc175e5b6b42df045d3a11e36dc
/home/ali/projects/RoboLab/output/v1_cosmos_contrastive/RubiksCubeLeftOfBowlMatchedTask/predicted_chunks/episode_001/chunk_006/conditioning.png,549063,c2d6b39ad527d727cedc926ca3afbc32c3b6c4e37711a325a57b63ca353b1a6d
/home/ali/projects/RoboLab/output/v1_cosmos_contrastive/RubiksCubeLeftOfBowlMatchedTask/predicted_chunks/episode_001/chunk_006/future.mp4,425802,cfd66b020ce27b3146ac89131cfa4937e5b1cb9ea38d2b9556aa1eed61172f93
/home/ali/projects/RoboLab/output/v1_cosmos_contrastive/RubiksCubeLeftOfBowlMatchedTask/predicted_chunks/episode_001/chunk_006/metadata.json,882,d2f378ff1196e2760dcbea26661089a6007b7d892850193e846b061f7e93751a
/home/ali/projects/RoboLab/output/v1_cosmos_contrastive/RubiksCubeLeftOfBowlMatchedTask/predicted_chunks/episode_001/chunk_007/action.npy,1152,cf1045e01435ac52977a660df8bef09d3f9b47e3ae5743a187e098fd74739a30
/home/ali/projects/RoboLab/output/v1_cosmos_contrastive/RubiksCubeLeftOfBowlMatchedTask/predicted_chunks/episode_001/chunk_007/conditioning.png,532533,99e025f37d81d631384ea2bec72ce1bf935289cd0360134b1469b7d6615f1540
/home/ali/projects/RoboLab/output/v1_cosmos_contrastive/RubiksCubeLeftOfBowlMatchedTask/predicted_chunks/episode_001/chunk_007/future.mp4,474301,b74c705dc87b3840bad1bc6f0b77018e4d197fc7ef257990eaa464805336686f
/home/ali/projects/RoboLab/output/v1_cosmos_contrastive/RubiksCubeLeftOfBowlMatchedTask/predicted_chunks/episode_001/chunk_007/metadata.json,901,868f3bdd3fdc7a6facb2aa6537d993717386791ddcbafbd5285eeae19140bf16
/home/ali/projects/RoboLab/output/v1_cosmos_contrastive/RubiksCubeLeftOfBowlMatchedTask/predicted_chunks/episode_001/chunk_008/action.npy,1152,ee5db9e8d20ed177687fcf9a7fb25c2ab33c9d4404c63b142cd4e244cdd181ad
/home/ali/projects/RoboLab/output/v1_cosmos_contrastive/RubiksCubeLeftOfBowlMatchedTask/predicted_chunks/episode_001/chunk_008/conditioning.png,528111,4cf8c0d677331c9740e71a266004954f71a4b1a9354d13bb5e7c648d65bc1f7e
/home/ali/projects/RoboLab/output/v1_cosmos_contrastive/RubiksCubeLeftOfBowlMatchedTask/predicted_chunks/episode_001/chunk_008/future.mp4,400052,8cee25911b26c2b7d91b2017b946ed180be5c9844009870ba81ef24580d81e90
/home/ali/projects/RoboLab/output/v1_cosmos_contrastive/RubiksCubeLeftOfBowlMatchedTask/predicted_chunks/episode_001/chunk_008/metadata.json,895,234bc00dca82510d22e64273ec1757e119db416c50422ef386210bcd88fbffce
/home/ali/projects/RoboLab/output/v1_cosmos_contrastive/RubiksCubeLeftOfBowlMatchedTask/predicted_chunks/episode_001/chunk_009/action.npy,1152,037d2d123f99777ce2802017969a618deee29e61653912949fad160e31e5a8da
/home/ali/projects/RoboLab/output/v1_cosmos_contrastive/RubiksCubeLeftOfBowlMatchedTask/predicted_chunks/episode_001/chunk_009/conditioning.png,558749,bfd461940c416c877823b1f04e8a0ba193f7ab313b4dca9c9c5b38b603eb23ab
/home/ali/projects/RoboLab/output/v1_cosmos_contrastive/RubiksCubeLeftOfBowlMatchedTask/predicted_chunks/episode_001/chunk_009/future.mp4,415113,1b67b5662075bc1cf7158eb82dfc63a47a6f5f0f409bd349edc46acaa09f0d54
/home/ali/projects/RoboLab/output/v1_cosmos_contrastive/RubiksCubeLeftOfBowlMatchedTask/predicted_chunks/episode_001/chunk_009/metadata.json,881,33fb8b8b5c00e31cd52743c13d5e2593bf815b18fc8eb2bb58ee7eaa80a278c5
/home/ali/projects/RoboLab/output/v1_cosmos_contrastive/RubiksCubeLeftOfBowlMatchedTask/predicted_chunks/episode_001/chunk_010/action.npy,1152,d68182412e5238f6413ae946c0b6df80537a6791e49cfce8a296e302093ffdab
/home/ali/projects/RoboLab/output/v1_cosmos_contrastive/RubiksCubeLeftOfBowlMatchedTask/predicted_chunks/episode_001/chunk_010/conditioning.png,542951,b50633d7172a13005ae02ffa58162e04be75c07b631f9cb1d7e306443ceb4bdb
/home/ali/projects/RoboLab/output/v1_cosmos_contrastive/RubiksCubeLeftOfBowlMatchedTask/predicted_chunks/episode_001/chunk_010/future.mp4,448483,57a380a9ce3cf929b156f3625fd2103b5d9e63aa32602c93a04ecf264590efa3
/home/ali/projects/RoboLab/output/v1_cosmos_contrastive/RubiksCubeLeftOfBowlMatchedTask/predicted_chunks/episode_001/chunk_010/metadata.json,884,4b1bc90d1c4f94df31a06553bacca4f0b351da42ba960796e0e2c4d154fc9001
/home/ali/projects/RoboLab/output/v1_cosmos_contrastive/RubiksCubeLeftOfBowlMatchedTask/predicted_chunks/episode_002/chunk_000/action.npy,1152,4d7d04bbc84fc20d291afb051de876b5ab9ead1c8a47e302a835418ede23b660
/home/ali/projects/RoboLab/output/v1_cosmos_contrastive/RubiksCubeLeftOfBowlMatchedTask/predicted_chunks/episode_002/chunk_000/conditioning.png,575719,9c2d24d3c64414393c01babccce88becd0160da31c058e8dfdab3cfb339f41ac
/home/ali/projects/RoboLab/output/v1_cosmos_contrastive/RubiksCubeLeftOfBowlMatchedTask/predicted_chunks/episode_002/chunk_000/future.mp4,511838,08ca2581494e43f4129183be84fd09341f905712c96a3d8915974baa628e85f8
/home/ali/projects/RoboLab/output/v1_cosmos_contrastive/RubiksCubeLeftOfBowlMatchedTask/predicted_chunks/episode_002/chunk_000/metadata.json,816,b8db67d7610ffc94d8da312830b09ffab26b6ed8c51454419851e4c5bc3e18de
/home/ali/projects/RoboLab/output/v1_cosmos_contrastive/RubiksCubeLeftOfBowlMatchedTask/predicted_chunks/episode_002/chunk_001/action.npy,1152,085b62d91a8388a49f30716fb70137043edbf9ed163a94603881ef6663c975b0
/home/ali/projects/RoboLab/output/v1_cosmos_contrastive/RubiksCubeLeftOfBowlMatchedTask/predicted_chunks/episode_002/chunk_001/conditioning.png,558532,fe7ca658951b90f41a22ead803031c5ef3428c8082ed50655e294e4c4724066c
/home/ali/projects/RoboLab/output/v1_cosmos_contrastive/RubiksCubeLeftOfBowlMatchedTask/predicted_chunks/episode_002/chunk_001/future.mp4,467949,a1f5d304dbc0e02b80735cb2ac2e88a77841282c671deaa9edbe68a092eb2855
/home/ali/projects/RoboLab/output/v1_cosmos_contrastive/RubiksCubeLeftOfBowlMatchedTask/predicted_chunks/episode_002/chunk_001/metadata.json,894,cf8aa364bb127f551b3fa2305ea023ef735ed1499c6acf495e5bc7328360a6e2
/home/ali/projects/RoboLab/output/v1_cosmos_contrastive/RubiksCubeLeftOfBowlMatchedTask/predicted_chunks/episode_002/chunk_002/action.npy,1152,cfe5123d4b99d4c00d5aeb784603b74cddc5fb9dc83a5effc13b46b2560c5d48
/home/ali/projects/RoboLab/output/v1_cosmos_contrastive/RubiksCubeLeftOfBowlMatchedTask/predicted_chunks/episode_002/chunk_002/conditioning.png,540456,618e7974245038ca0a8853742a3064d792312d6615ab5646451c9a9fb98b9530
/home/ali/projects/RoboLab/output/v1_cosmos_contrastive/RubiksCubeLeftOfBowlMatchedTask/predicted_chunks/episode_002/chunk_002/future.mp4,502001,b991f3c1074e2e95304e93ae7609bda7a6251eb5e0b013054b56f58f56ba6d27
/home/ali/projects/RoboLab/output/v1_cosmos_contrastive/RubiksCubeLeftOfBowlMatchedTask/predicted_chunks/episode_002/chunk_002/metadata.json,881,47a32fd8821b7ec8c74348570c850b73109017009620840550b167f8ab546480
/home/ali/projects/RoboLab/output/v1_cosmos_contrastive/RubiksCubeLeftOfBowlMatchedTask/predicted_chunks/episode_002/chunk_003/action.npy,1152,5f89c0131c70f7bf19ce5f22fb00f84d5904b2e342ebdef83eb7d3052d337806
/home/ali/projects/RoboLab/output/v1_cosmos_contrastive/RubiksCubeLeftOfBowlMatchedTask/predicted_chunks/episode_002/chunk_003/conditioning.png,557635,85112f79098697c3bdd10b46812bab1a34eb47ad68a59420e33fb2985a94bfce
/home/ali/projects/RoboLab/output/v1_cosmos_contrastive/RubiksCubeLeftOfBowlMatchedTask/predicted_chunks/episode_002/chunk_003/future.mp4,468308,6f4f668fb4a75b24d1587f1078f5a60262f5993da9549926bf6d7e6a55509c41
/home/ali/projects/RoboLab/output/v1_cosmos_contrastive/RubiksCubeLeftOfBowlMatchedTask/predicted_chunks/episode_002/chunk_003/metadata.json,901,e570aba4d2f13cc12dcda79b74a79a50ff6874cd34771315500d38c1cdef6451
/home/ali/projects/RoboLab/output/v1_cosmos_contrastive/RubiksCubeLeftOfBowlMatchedTask/predicted_chunks/episode_002/chunk_004/action.npy,1152,71c9a6655fc1b929bd920811e5df3dbf2fb98e1cbdc4ee5970b8ff9c9d91fa1b
/home/ali/projects/RoboLab/output/v1_cosmos_contrastive/RubiksCubeLeftOfBowlMatchedTask/predicted_chunks/episode_002/chunk_004/conditioning.png,545794,1faf028d0aa3251ac1765a041ac9e943d615b823cc7eb08ee963c303e1e97af0
/home/ali/projects/RoboLab/output/v1_cosmos_contrastive/RubiksCubeLeftOfBowlMatchedTask/predicted_chunks/episode_002/chunk_004/future.mp4,489771,70809c6ed64ff4019fdf87caa8ea44192698fa332b98a56b373f63957ce086d7
/home/ali/projects/RoboLab/output/v1_cosmos_contrastive/RubiksCubeLeftOfBowlMatchedTask/predicted_chunks/episode_002/chunk_004/metadata.json,885,42ebc6fed162a254bad63fe2b2da1bdebb7162c4748bfdfd8d467ee286b01aa0
/home/ali/projects/RoboLab/output/v1_cosmos_contrastive/RubiksCubeLeftOfBowlMatchedTask/predicted_chunks/episode_002/chunk_005/action.npy,1152,ed8e8ac85d22563d347718ef4ba5090d2d018058cb855fe3b6ef996361865e93
/home/ali/projects/RoboLab/output/v1_cosmos_contrastive/RubiksCubeLeftOfBowlMatchedTask/predicted_chunks/episode_002/chunk_005/conditioning.png,540269,2452282ddcd3b041f57fa422e44ca82519bdf904cadee107648c1a2b31168ff4
/home/ali/projects/RoboLab/output/v1_cosmos_contrastive/RubiksCubeLeftOfBowlMatchedTask/predicted_chunks/episode_002/chunk_005/future.mp4,464069,392a8b3a533512e84138dc2bb8e74cc7ca2506fda15d709b85fb11a55c7b7081
/home/ali/projects/RoboLab/output/v1_cosmos_contrastive/RubiksCubeLeftOfBowlMatchedTask/predicted_chunks/episode_002/chunk_005/metadata.json,883,bb80df81c089d7bdd980965b56295bad1c9dc4fa42cf0f3c3503947917a95ba7
/home/ali/projects/RoboLab/output/v1_cosmos_contrastive/RubiksCubeLeftOfBowlMatchedTask/predicted_chunks/episode_002/chunk_006/action.npy,1152,42ee2c0345680ead9d46e18af34034d6bf59d17fb015b0b0bb2003506c5c6f0f
/home/ali/projects/RoboLab/output/v1_cosmos_contrastive/RubiksCubeLeftOfBowlMatchedTask/predicted_chunks/episode_002/chunk_006/conditioning.png,500131,38de4551dc2d8056636d746f6f0c85adac933a23f365cdbeb003d137b1caec01
/home/ali/projects/RoboLab/output/v1_cosmos_contrastive/RubiksCubeLeftOfBowlMatchedTask/predicted_chunks/episode_002/chunk_006/future.mp4,367011,e00b1becc43c984d1a1a8c45f4812a6ef9889cf0a9dd4247fcea1e49e1799406
/home/ali/projects/RoboLab/output/v1_cosmos_contrastive/RubiksCubeLeftOfBowlMatchedTask/predicted_chunks/episode_002/chunk_006/metadata.json,885,1475d79641fcf436604f733bea4bcbd8e47035cf6feeb5dcd81811409648a709
/home/ali/projects/RoboLab/output/v1_cosmos_contrastive/RubiksCubeLeftOfBowlMatchedTask/predicted_chunks/episode_002/chunk_007/action.npy,1152,4fc74ffaf60be31827f1e119bcfe2cdddc9d6bfc03d6576596c85eb3af22c28d
/home/ali/projects/RoboLab/output/v1_cosmos_contrastive/RubiksCubeLeftOfBowlMatchedTask/predicted_chunks/episode_002/chunk_007/conditioning.png,516106,164bad07d812ebb983b67f43df86fed0d096f9e78af70f25f24d059210c3f0bf
/home/ali/projects/RoboLab/output/v1_cosmos_contrastive/RubiksCubeLeftOfBowlMatchedTask/predicted_chunks/episode_002/chunk_007/future.mp4,390615,d4fe07273b42d82c9c48e463860f0cf8fe53d8e67873174eef8e99d8d40eae2b
/home/ali/projects/RoboLab/output/v1_cosmos_contrastive/RubiksCubeLeftOfBowlMatchedTask/predicted_chunks/episode_002/chunk_007/metadata.json,878,4d2ca4c0f456317ada365f48963e558a0bd841ba59c1daf3bddc1e0657800672
/home/ali/projects/RoboLab/output/v1_cosmos_contrastive/RubiksCubeLeftOfBowlMatchedTask/predicted_chunks/episode_002/chunk_008/action.npy,1152,ae81133473b82bc4e449acff4964223d8ca7932b24617495414150485fa155f1
/home/ali/projects/RoboLab/output/v1_cosmos_contrastive/RubiksCubeLeftOfBowlMatchedTask/predicted_chunks/episode_002/chunk_008/conditioning.png,525782,731457452708d76fbf67344583943bba6a9e9686269386f91a0e5043ba7abe1e
/home/ali/projects/RoboLab/output/v1_cosmos_contrastive/RubiksCubeLeftOfBowlMatchedTask/predicted_chunks/episode_002/chunk_008/future.mp4,385384,a1a918c9053bda4fe13162b0c70f350aaef7a8dd6d1bc9d6e703230729f7a48f
/home/ali/projects/RoboLab/output/v1_cosmos_contrastive/RubiksCubeLeftOfBowlMatchedTask/predicted_chunks/episode_002/chunk_008/metadata.json,881,be2891412f4b4d1b3233e4d188e616b314dca7e689b0614bce87656e189a5043
/home/ali/projects/RoboLab/output/v1_cosmos_contrastive/RubiksCubeLeftOfBowlMatchedTask/predicted_chunks/episode_002/chunk_009/action.npy,1152,5c413fb27f1a070996af0c1693b200f7227daaabf3efc818d84703eb2a320d8d
/home/ali/projects/RoboLab/output/v1_cosmos_contrastive/RubiksCubeLeftOfBowlMatchedTask/predicted_chunks/episode_002/chunk_009/conditioning.png,532681,f942a2631a99e8e42103c9d64958a35fbfdc0352c673502480cd75e41afc78d3
/home/ali/projects/RoboLab/output/v1_cosmos_contrastive/RubiksCubeLeftOfBowlMatchedTask/predicted_chunks/episode_002/chunk_009/future.mp4,426500,996818527301860b8512194a96b8d339d4dc385404ef441409e4d0e2a9316f13
/home/ali/projects/RoboLab/output/v1_cosmos_contrastive/RubiksCubeLeftOfBowlMatchedTask/predicted_chunks/episode_002/chunk_009/metadata.json,881,e8ae60415323fe551a655277736830e013936aedadd70a00ec408ce7cba2ab0d
/home/ali/projects/RoboLab/output/v1_cosmos_contrastive/RubiksCubeLeftOfBowlMatchedTask/predicted_chunks/episode_002/chunk_010/action.npy,1152,4ea2a9fdc0885d2216bc12ac4db2229dc43c6f998461afcb732ce1e3ce71dfdc
/home/ali/projects/RoboLab/output/v1_cosmos_contrastive/RubiksCubeLeftOfBowlMatchedTask/predicted_chunks/episode_002/chunk_010/conditioning.png,544771,e05a8b5cf0a2820693e35391c037ed9c9ad4357b48ce8a6c433be4224472b8a0
/home/ali/projects/RoboLab/output/v1_cosmos_contrastive/RubiksCubeLeftOfBowlMatchedTask/predicted_chunks/episode_002/chunk_010/future.mp4,470678,ff28ee2e6ec9a05d906f8ca89cfa96a8476c082063b709442f38c3809b109b49
/home/ali/projects/RoboLab/output/v1_cosmos_contrastive/RubiksCubeLeftOfBowlMatchedTask/predicted_chunks/episode_002/chunk_010/metadata.json,881,cff4cfac17c458f8e462e9e256a8c23c2e2865b05b98906665f12bc8df20a193
/home/ali/projects/RoboLab/output/v1_cosmos_contrastive/RubiksCubeLeftOfBowlMatchedTask/predicted_chunks/episode_002/chunk_011/action.npy,1152,74423ad51dce3c47fad46bb4e324a378d6241a877d29c7c7a8d4b7deac5f222f
/home/ali/projects/RoboLab/output/v1_cosmos_contrastive/RubiksCubeLeftOfBowlMatchedTask/predicted_chunks/episode_002/chunk_011/conditioning.png,526303,8d07c4f8db6fbfad833f20321e0119f51a8b0949afbba22bba95c5e8ea49562d
/home/ali/projects/RoboLab/output/v1_cosmos_contrastive/RubiksCubeLeftOfBowlMatchedTask/predicted_chunks/episode_002/chunk_011/future.mp4,458471,7475cb20d14dd410ded7b937e4b0ba682845cf86b884a5a8711bbc3d882253ec
/home/ali/projects/RoboLab/output/v1_cosmos_contrastive/RubiksCubeLeftOfBowlMatchedTask/predicted_chunks/episode_002/chunk_011/metadata.json,881,e7f947a7aae5413dcfd110e5300ad33fc0ea68debef93ca75e56cb5207c81ed9
/home/ali/projects/RoboLab/output/v1_cosmos_contrastive/RubiksCubeLeftOfBowlMatchedTask/predicted_chunks/episode_002/chunk_012/action.npy,1152,ef4c5c06223734fc2879aa0ed14494943520e986b5f49d2164d7fd60ba2d47e3
/home/ali/projects/RoboLab/output/v1_cosmos_contrastive/RubiksCubeLeftOfBowlMatchedTask/predicted_chunks/episode_002/chunk_012/conditioning.png,538677,81b1e294bff1c4b392a52743df4acd7ccdfa60bb02c8ec737942b44d95a7e80c
/home/ali/projects/RoboLab/output/v1_cosmos_contrastive/RubiksCubeLeftOfBowlMatchedTask/predicted_chunks/episode_002/chunk_012/future.mp4,433384,b83d4726d04bccdaf2bd98b5b155497a2826e9887cb216eca5b3003b7da1ed7b
/home/ali/projects/RoboLab/output/v1_cosmos_contrastive/RubiksCubeLeftOfBowlMatchedTask/predicted_chunks/episode_002/chunk_012/metadata.json,896,8ba8b466c3fe157a74ff6c6dc8986ac04965ea842b86e89b64f4f3372061e69d
/home/ali/projects/RoboLab/output/v1_cosmos_contrastive/RubiksCubeLeftOfBowlMatchedTask/predicted_chunks/episode_002/chunk_013/action.npy,1152,03d8808d755ea6e0b1a326f3c761ef11388cbae807aa6a77b06487e1ce539646
/home/ali/projects/RoboLab/output/v1_cosmos_contrastive/RubiksCubeLeftOfBowlMatchedTask/predicted_chunks/episode_002/chunk_013/conditioning.png,549968,38fb118fbf609bcf7e8132f66dce39a8a70445641e7e138672f813cf87eb46cc
/home/ali/projects/RoboLab/output/v1_cosmos_contrastive/RubiksCubeLeftOfBowlMatchedTask/predicted_chunks/episode_002/chunk_013/future.mp4,448311,a2d6edebd6f8a59465abaf5b429962c9b1eef2cbaaf1ae563de49efe49413323
/home/ali/projects/RoboLab/output/v1_cosmos_contrastive/RubiksCubeLeftOfBowlMatchedTask/predicted_chunks/episode_002/chunk_013/metadata.json,894,ddbda5df10d0fd5c1eb23c465569b3d591d96f52f642ca9d082bd4464d62830c
/home/ali/projects/RoboLab/output/v1_cosmos_contrastive/RubiksCubeLeftOfBowlMatchedTask/predicted_chunks/episode_002/chunk_014/action.npy,1152,662681e41b60b4ee6a539b7648064a27eb6c9d0e89ebe75c3b178e8dd7b188de
/home/ali/projects/RoboLab/output/v1_cosmos_contrastive/RubiksCubeLeftOfBowlMatchedTask/predicted_chunks/episode_002/chunk_014/conditioning.png,537293,cea0ecf2ca2b0938bacc99788c314818410d47607002c5254e9339d56160b9e9
/home/ali/projects/RoboLab/output/v1_cosmos_contrastive/RubiksCubeLeftOfBowlMatchedTask/predicted_chunks/episode_002/chunk_014/future.mp4,396993,67a64c72bf587ac559c6790cfb7a544e5ee87a79edb023958f0f194c050d7626
/home/ali/projects/RoboLab/output/v1_cosmos_contrastive/RubiksCubeLeftOfBowlMatchedTask/predicted_chunks/episode_002/chunk_014/metadata.json,898,0cea5e2598d7d5956663c908209b27cdaaaae562a0aded427333684e443778b2
/home/ali/projects/RoboLab/output/v1_cosmos_contrastive/RubiksCubeLeftOfBowlMatchedTask/predicted_chunks/episode_003/chunk_000/action.npy,1152,04636d4649a438213d236620178c52068f153f411c771cd7254b37bf452be77c
/home/ali/projects/RoboLab/output/v1_cosmos_contrastive/RubiksCubeLeftOfBowlMatchedTask/predicted_chunks/episode_003/chunk_000/conditioning.png,573762,be5b59e7781bbf12312d378388fc8fb3ecfaf5eeb52dd3f2416e6aa3c1bc0d19
/home/ali/projects/RoboLab/output/v1_cosmos_contrastive/RubiksCubeLeftOfBowlMatchedTask/predicted_chunks/episode_003/chunk_000/future.mp4,507436,64f9345bee25f376883d59559a5ea3e7fa7a8e54f5c49353177c4633b0c1d3b4
/home/ali/projects/RoboLab/output/v1_cosmos_contrastive/RubiksCubeLeftOfBowlMatchedTask/predicted_chunks/episode_003/chunk_000/metadata.json,816,0fbdd07bb1c83ce7931eff7f5b1d309078144f272eb5ad695d5685850359304e
/home/ali/projects/RoboLab/output/v1_cosmos_contrastive/RubiksCubeLeftOfBowlMatchedTask/predicted_chunks/episode_003/chunk_001/action.npy,1152,ebc3c43e32fff5f413037b70cf88c116747da6fc7b95ac1789d8a85a39538ce5
/home/ali/projects/RoboLab/output/v1_cosmos_contrastive/RubiksCubeLeftOfBowlMatchedTask/predicted_chunks/episode_003/chunk_001/conditioning.png,554035,3e3050008582969c814e20d2ff2951a47ca518b66181f76a19042a3b1967724b
/home/ali/projects/RoboLab/output/v1_cosmos_contrastive/RubiksCubeLeftOfBowlMatchedTask/predicted_chunks/episode_003/chunk_001/future.mp4,450221,c12269046f48867510212ea45c3e69217731ead4e37070a400367773b60bb0c1
/home/ali/projects/RoboLab/output/v1_cosmos_contrastive/RubiksCubeLeftOfBowlMatchedTask/predicted_chunks/episode_003/chunk_001/metadata.json,899,71955fbeecd7bcfbb4c36336323112ff35efbb923ab374057332836ead764efb
/home/ali/projects/RoboLab/output/v1_cosmos_contrastive/RubiksCubeLeftOfBowlMatchedTask/predicted_chunks/episode_003/chunk_002/action.npy,1152,42887754a54247bbf67f09e4d0e068925c6bec48e426fd540738cc229e7ff61f
/home/ali/projects/RoboLab/output/v1_cosmos_contrastive/RubiksCubeLeftOfBowlMatchedTask/predicted_chunks/episode_003/chunk_002/conditioning.png,544046,8712b0cffc476b324cd9cae6e9d7882e0fcd3a2f7217767ccc4612e0de82059c
/home/ali/projects/RoboLab/output/v1_cosmos_contrastive/RubiksCubeLeftOfBowlMatchedTask/predicted_chunks/episode_003/chunk_002/future.mp4,501484,e1f624ec7a02bfaa770bb8c1a56f98706b4398dc77483e8e9f4466c9f7e2246d
/home/ali/projects/RoboLab/output/v1_cosmos_contrastive/RubiksCubeLeftOfBowlMatchedTask/predicted_chunks/episode_003/chunk_002/metadata.json,880,95fcc6527744741fc693b02323945a6d39efffa6264ae90a07a8cc1f1c4f3d2e
/home/ali/projects/RoboLab/output/v1_cosmos_contrastive/RubiksCubeLeftOfBowlMatchedTask/predicted_chunks/episode_003/chunk_003/action.npy,1152,036ea3198c1c0a4466d1fed88505c3198312d2dfe1450718dc785f016bc0e149
/home/ali/projects/RoboLab/output/v1_cosmos_contrastive/RubiksCubeLeftOfBowlMatchedTask/predicted_chunks/episode_003/chunk_003/conditioning.png,531966,ad80ba1842fca65748a6e2633b2e69beedf6f8dd7138dfe51fca8607f97f732f
/home/ali/projects/RoboLab/output/v1_cosmos_contrastive/RubiksCubeLeftOfBowlMatchedTask/predicted_chunks/episode_003/chunk_003/future.mp4,635540,1a9675f9b88cb0f56bdef267fe5272bb6ce2b7599d3cd45e74b9ff668c363ac2
/home/ali/projects/RoboLab/output/v1_cosmos_contrastive/RubiksCubeLeftOfBowlMatchedTask/predicted_chunks/episode_003/chunk_003/metadata.json,902,4ffe062ffe5c59c33f5739a650529089ad0dbead9cb89c3169e896e09c23ef5b
/home/ali/projects/RoboLab/output/v1_cosmos_contrastive/RubiksCubeLeftOfBowlMatchedTask/predicted_chunks/episode_003/chunk_004/action.npy,1152,47389da2ac12ff8f217b571f46f301b37a6685fd546a10ef499cfa1da42ab56b
/home/ali/projects/RoboLab/output/v1_cosmos_contrastive/RubiksCubeLeftOfBowlMatchedTask/predicted_chunks/episode_003/chunk_004/conditioning.png,553245,df764a781663f28af0e2cd9c64e94852712182ae3ac12995643e53aaab84f923
/home/ali/projects/RoboLab/output/v1_cosmos_contrastive/RubiksCubeLeftOfBowlMatchedTask/predicted_chunks/episode_003/chunk_004/future.mp4,426060,a8434d2a4db5b1ead564652b1d653e945faa7e24ae82b75465af80b3d48a24f3
/home/ali/projects/RoboLab/output/v1_cosmos_contrastive/RubiksCubeLeftOfBowlMatchedTask/predicted_chunks/episode_003/chunk_004/metadata.json,897,e774a77bb6e867a488ea9c8b0321e9ce07ef1da7a6348d607485bbe42cbdab30
/home/ali/projects/RoboLab/output/v1_cosmos_contrastive/RubiksCubeLeftOfBowlMatchedTask/predicted_chunks/episode_003/chunk_005/action.npy,1152,a43ea22af63a24e1482222d80ad39afbe105dc9392683447f8f9f757ee43f714
/home/ali/projects/RoboLab/output/v1_cosmos_contrastive/RubiksCubeLeftOfBowlMatchedTask/predicted_chunks/episode_003/chunk_005/conditioning.png,543866,3a7d9d7f3498895332a808d400f8e568c3bdb6ed042e27880a57476c5ad897e2
/home/ali/projects/RoboLab/output/v1_cosmos_contrastive/RubiksCubeLeftOfBowlMatchedTask/predicted_chunks/episode_003/chunk_005/future.mp4,442565,0a1b6e144f414167dfacc203ef6eaeaa0103f601f8f6288321ab879df1133fd0
/home/ali/projects/RoboLab/output/v1_cosmos_contrastive/RubiksCubeLeftOfBowlMatchedTask/predicted_chunks/episode_003/chunk_005/metadata.json,896,152e047d8c7a5d290d27fe95827c99fa127bff240312582af20cc70f9eeb1a86
/home/ali/projects/RoboLab/output/v1_cosmos_contrastive/RubiksCubeLeftOfBowlMatchedTask/predicted_chunks/episode_003/chunk_006/action.npy,1152,52bae65a668e8b74b84abb599b59b5d51723a664e0d67c5e0f3c6f561a273a76
/home/ali/projects/RoboLab/output/v1_cosmos_contrastive/RubiksCubeLeftOfBowlMatchedTask/predicted_chunks/episode_003/chunk_006/conditioning.png,554160,6a1e227434765f98f97f588f7bb423ff43becb4f76e539ff2bd87ec328277a8c
/home/ali/projects/RoboLab/output/v1_cosmos_contrastive/RubiksCubeLeftOfBowlMatchedTask/predicted_chunks/episode_003/chunk_006/future.mp4,434638,d9d3d21f9398b00b852df82ddb7aea258f35a2bef97f880b5946ed65db11aeb5
/home/ali/projects/RoboLab/output/v1_cosmos_contrastive/RubiksCubeLeftOfBowlMatchedTask/predicted_chunks/episode_003/chunk_006/metadata.json,900,527522392f18fb912080d74f92d6ddd517a495482b965154beb33f759faf6572
/home/ali/projects/RoboLab/output/v1_cosmos_contrastive/RubiksCubeLeftOfBowlMatchedTask/predicted_chunks/episode_003/chunk_007/action.npy,1152,92ffaf5b3784ac2c3f5be89aa7703353b39a04404a3358cd4e9159ef11821b11
/home/ali/projects/RoboLab/output/v1_cosmos_contrastive/RubiksCubeLeftOfBowlMatchedTask/predicted_chunks/episode_003/chunk_007/conditioning.png,545218,245bf63eb3a3304ae3ea2ea86526b49070b10951a80eeea418417a9803be8936
/home/ali/projects/RoboLab/output/v1_cosmos_contrastive/RubiksCubeLeftOfBowlMatchedTask/predicted_chunks/episode_003/chunk_007/future.mp4,396874,28b6fa565e727fd025af3435406cbe84100a08b8cbef7213b47e8e13cf4c790a
/home/ali/projects/RoboLab/output/v1_cosmos_contrastive/RubiksCubeLeftOfBowlMatchedTask/predicted_chunks/episode_003/chunk_007/metadata.json,896,f65b037b243fcf2e785d43bb6a70457f950b9e681a7781fc557b654edf1ba9f3
/home/ali/projects/RoboLab/output/v1_cosmos_contrastive/RubiksCubeLeftOfBowlMatchedTask/predicted_chunks/episode_003/chunk_008/action.npy,1152,d08aacd2e87ac021c0f4d938fc046eaab708ccd72f52910e7fc866e942e8e091
/home/ali/projects/RoboLab/output/v1_cosmos_contrastive/RubiksCubeLeftOfBowlMatchedTask/predicted_chunks/episode_003/chunk_008/conditioning.png,561134,2eb15a74a284deb9608d266f06fcba57cbbff0cfe188140bce4aa75ae5e4d75d
/home/ali/projects/RoboLab/output/v1_cosmos_contrastive/RubiksCubeLeftOfBowlMatchedTask/predicted_chunks/episode_003/chunk_008/future.mp4,471316,709828cfdabcfbf426a68644fff1f3845ca08568538b10af73ad855459197764
/home/ali/projects/RoboLab/output/v1_cosmos_contrastive/RubiksCubeLeftOfBowlMatchedTask/predicted_chunks/episode_003/chunk_008/metadata.json,894,594f206d3014a61f9ff96b42421d502b1bf14ff32c14f34ecb9259ce43c01a71
/home/ali/projects/RoboLab/output/v1_cosmos_contrastive/RubiksCubeLeftOfBowlMatchedTask/predicted_chunks/episode_003/chunk_009/action.npy,1152,010c71698331f93689014ca1da97263be1af06ddd704e68bea754600ac2ab1c5
/home/ali/projects/RoboLab/output/v1_cosmos_contrastive/RubiksCubeLeftOfBowlMatchedTask/predicted_chunks/episode_003/chunk_009/conditioning.png,529799,a3a5d26a89036a20da1ce63e82e54a2de09e56acc2cd03dcd55a74d317e836e4
/home/ali/projects/RoboLab/output/v1_cosmos_contrastive/RubiksCubeLeftOfBowlMatchedTask/predicted_chunks/episode_003/chunk_009/future.mp4,459770,b472930d32d03d485193e088804331d4159185dd2c7862e5bfdf3cec9844e3e3
/home/ali/projects/RoboLab/output/v1_cosmos_contrastive/RubiksCubeLeftOfBowlMatchedTask/predicted_chunks/episode_003/chunk_009/metadata.json,897,d7e89d35112e9efcbf62cc93a069b417e6b141fe17642ccbca2f35e257fb04d6
/home/ali/projects/RoboLab/output/v1_cosmos_contrastive/RubiksCubeLeftOfBowlMatchedTask/predicted_chunks/episode_003/chunk_010/action.npy,1152,af7ca0cbff7db7f63bee29065ee5f0c833d81a939aa76393906600da643599e2
/home/ali/projects/RoboLab/output/v1_cosmos_contrastive/RubiksCubeLeftOfBowlMatchedTask/predicted_chunks/episode_003/chunk_010/conditioning.png,555195,7d7feaf9da657dcb1f357ad5254a86c12ba015ac98fb0d36a14dc8e61dd54e06
/home/ali/projects/RoboLab/output/v1_cosmos_contrastive/RubiksCubeLeftOfBowlMatchedTask/predicted_chunks/episode_003/chunk_010/future.mp4,444918,547ab64ac7c7395fd5f2cc5189ece41d3ea94bd82ddfd6afe5c3cfb7716ea9f2
/home/ali/projects/RoboLab/output/v1_cosmos_contrastive/RubiksCubeLeftOfBowlMatchedTask/predicted_chunks/episode_003/chunk_010/metadata.json,898,85ca8333ebe440d7b0255169ddfa7ea03dd30750efeeb02a42855945cb6319e5
/home/ali/projects/RoboLab/output/v1_cosmos_contrastive/RubiksCubeLeftOfBowlMatchedTask/predicted_chunks/episode_003/chunk_011/action.npy,1152,b09b98de7ffedd2a7894f4125a53bfa5cba09671a2d65ce409f7864f64b0a9b1
/home/ali/projects/RoboLab/output/v1_cosmos_contrastive/RubiksCubeLeftOfBowlMatchedTask/predicted_chunks/episode_003/chunk_011/conditioning.png,536103,62c5981544a97a561a6b3d952ef3736fe768687a3b995867e3de2a739fbae454
/home/ali/projects/RoboLab/output/v1_cosmos_contrastive/RubiksCubeLeftOfBowlMatchedTask/predicted_chunks/episode_003/chunk_011/future.mp4,381731,d533fbe602288c7312cfca05c6e576c4e52e288e8cbbcca849b31b0af3978c65
/home/ali/projects/RoboLab/output/v1_cosmos_contrastive/RubiksCubeLeftOfBowlMatchedTask/predicted_chunks/episode_003/chunk_011/metadata.json,902,ebcb7fc8312509e3431892c4b474519705dc4bb6dbb46d96119647243988486a
/home/ali/projects/RoboLab/output/v1_cosmos_contrastive/RubiksCubeLeftOfBowlMatchedTask/predicted_chunks/episode_003/chunk_012/action.npy,1152,fcd52875fe6f4309737890276a51a26131a5306579aea59211d7777422a9d6ec
/home/ali/projects/RoboLab/output/v1_cosmos_contrastive/RubiksCubeLeftOfBowlMatchedTask/predicted_chunks/episode_003/chunk_012/conditioning.png,552075,c86eb9035442db0b757d3a6383244d39980fefb886bba717020dddc9f8d4d00d
/home/ali/projects/RoboLab/output/v1_cosmos_contrastive/RubiksCubeLeftOfBowlMatchedTask/predicted_chunks/episode_003/chunk_012/future.mp4,373062,0ec0dce4af2b711ee15b6886cc78eb31c61f5c317455320317de57e9d1705cf0
/home/ali/projects/RoboLab/output/v1_cosmos_contrastive/RubiksCubeLeftOfBowlMatchedTask/predicted_chunks/episode_003/chunk_012/metadata.json,900,06376036e08a2a946813974dd2a6a7879bbe68761029efadd6b50e1b8a931ca4
/home/ali/projects/RoboLab/output/v1_cosmos_contrastive/RubiksCubeLeftOfBowlMatchedTask/predicted_chunks/episode_003/chunk_013/action.npy,1152,0a54cd7f3774b92ac2a0a3c702c44c0eb1b8d62c7834aede8c9ee67698145adb
/home/ali/projects/RoboLab/output/v1_cosmos_contrastive/RubiksCubeLeftOfBowlMatchedTask/predicted_chunks/episode_003/chunk_013/conditioning.png,542291,d97b7566b43ce2079f4043b81447062167bb7cff40d0b833e4e7924a51fef1cf
/home/ali/projects/RoboLab/output/v1_cosmos_contrastive/RubiksCubeLeftOfBowlMatchedTask/predicted_chunks/episode_003/chunk_013/future.mp4,516037,1dbc1e7e813b100983dd418a27e02b5513b2eaf0703dacb1d6fb776e10ce0cdc
/home/ali/projects/RoboLab/output/v1_cosmos_contrastive/RubiksCubeLeftOfBowlMatchedTask/predicted_chunks/episode_003/chunk_013/metadata.json,905,185cdde41107f108df1f8afdaa6db233537ceb4a19df7a6ab7f7730bc93b661c
/home/ali/projects/RoboLab/output/v1_cosmos_contrastive/RubiksCubeLeftOfBowlMatchedTask/predicted_chunks/episode_003/chunk_014/action.npy,1152,7a448b674040c2b67212ed4e6747477a4204b54e15f2bcca589d1b4db8cca791
/home/ali/projects/RoboLab/output/v1_cosmos_contrastive/RubiksCubeLeftOfBowlMatchedTask/predicted_chunks/episode_003/chunk_014/conditioning.png,528069,b1e632fe5e3e1efa9a1418cbe15264c8247d34f0b39ff828f074adc664bb9500
/home/ali/projects/RoboLab/output/v1_cosmos_contrastive/RubiksCubeLeftOfBowlMatchedTask/predicted_chunks/episode_003/chunk_014/future.mp4,524054,23da02671853f972c57ba8b2e482f025c88294a1bca9104f0481793ab74a2e87
/home/ali/projects/RoboLab/output/v1_cosmos_contrastive/RubiksCubeLeftOfBowlMatchedTask/predicted_chunks/episode_003/chunk_014/metadata.json,899,87e5b609c2bc0e506a46c2bb27148117bb6395e06336338251e3bef8bff68fcd
/home/ali/projects/RoboLab/output/v1_cosmos_contrastive/RubiksCubeLeftOfBowlMatchedTask/predicted_chunks/episode_004/chunk_000/action.npy,1152,f8941c2911861c295407378589391098c03c50e39b7c9a4eed1f264c50b5ac12
/home/ali/projects/RoboLab/output/v1_cosmos_contrastive/RubiksCubeLeftOfBowlMatchedTask/predicted_chunks/episode_004/chunk_000/conditioning.png,566447,06b2e7d0bd3594e99d77955e550f40af2f4ffec3b19d8238c143653b8cf59b09
/home/ali/projects/RoboLab/output/v1_cosmos_contrastive/RubiksCubeLeftOfBowlMatchedTask/predicted_chunks/episode_004/chunk_000/future.mp4,493777,c0ea7c7d6c0865169423cbf4dcaaef5cbb0ef104ce744501d9ca58bd3bc0a30a
/home/ali/projects/RoboLab/output/v1_cosmos_contrastive/RubiksCubeLeftOfBowlMatchedTask/predicted_chunks/episode_004/chunk_000/metadata.json,816,ca9c9385d219ee744963f7513b2b562c01eb6fc36b901327f32bb1283fd20d1b
/home/ali/projects/RoboLab/output/v1_cosmos_contrastive/RubiksCubeLeftOfBowlMatchedTask/predicted_chunks/episode_004/chunk_001/action.npy,1152,72bc263ab7ce3987de06d71baca64e6787a80f1073833d69ed477a0c621e2a1a
/home/ali/projects/RoboLab/output/v1_cosmos_contrastive/RubiksCubeLeftOfBowlMatchedTask/predicted_chunks/episode_004/chunk_001/conditioning.png,567510,cd035d9752ac895a7e77c7a48877665f4d95284c6039716d69ef68bbcb62f615
/home/ali/projects/RoboLab/output/v1_cosmos_contrastive/RubiksCubeLeftOfBowlMatchedTask/predicted_chunks/episode_004/chunk_001/future.mp4,501157,f5796743d34cebe79cee83bf2362e350ac8fc2b1d088b99b217e0d729346a8b7
/home/ali/projects/RoboLab/output/v1_cosmos_contrastive/RubiksCubeLeftOfBowlMatchedTask/predicted_chunks/episode_004/chunk_001/metadata.json,900,9572f70517f925502351f1d1a8e1fcf14974a983f13383c45b387a606c22ced5
/home/ali/projects/RoboLab/output/v1_cosmos_contrastive/RubiksCubeLeftOfBowlMatchedTask/predicted_chunks/episode_004/chunk_002/action.npy,1152,7fcdad4fa663984c4e3e88e5f0142910a5895bdd7acd207c1ecd2317c54d8696
/home/ali/projects/RoboLab/output/v1_cosmos_contrastive/RubiksCubeLeftOfBowlMatchedTask/predicted_chunks/episode_004/chunk_002/conditioning.png,554649,87f50063ef30bf5f657ebb9126f25b99147bff020a4253acae5ee26a925ad06d
/home/ali/projects/RoboLab/output/v1_cosmos_contrastive/RubiksCubeLeftOfBowlMatchedTask/predicted_chunks/episode_004/chunk_002/future.mp4,554830,a8d9d391ad566d4047bc0d07623bb8d31e87485a1da8cd7f2e4c6846cb42bda7
/home/ali/projects/RoboLab/output/v1_cosmos_contrastive/RubiksCubeLeftOfBowlMatchedTask/predicted_chunks/episode_004/chunk_002/metadata.json,882,218410a5bd89f01fd5881f615dfe9d47b393ee59449aa9cdfaae68a5516a719e
/home/ali/projects/RoboLab/output/v1_cosmos_contrastive/RubiksCubeLeftOfBowlMatchedTask/predicted_chunks/episode_004/chunk_003/action.npy,1152,2fc9994a7cab3e2340602649ae030a9528ce28e41fce4656a435aae205480969
/home/ali/projects/RoboLab/output/v1_cosmos_contrastive/RubiksCubeLeftOfBowlMatchedTask/predicted_chunks/episode_004/chunk_003/conditioning.png,549433,292e412d694dc079d1bd8511faa84e046ad062d508fdd50d61f7db850a8bd4e6
/home/ali/projects/RoboLab/output/v1_cosmos_contrastive/RubiksCubeLeftOfBowlMatchedTask/predicted_chunks/episode_004/chunk_003/future.mp4,571735,bb790121cba90e9c6a594fa46ba8b31f72ec62fffb17d6b14c6d2c2a4bf95e78
/home/ali/projects/RoboLab/output/v1_cosmos_contrastive/RubiksCubeLeftOfBowlMatchedTask/predicted_chunks/episode_004/chunk_003/metadata.json,899,c72886a820d1e4b30b6e320ae90af10b71dfd8070985ce7d2c836bb19d47c55e
/home/ali/projects/RoboLab/output/v1_cosmos_contrastive/RubiksCubeLeftOfBowlMatchedTask/predicted_chunks/episode_004/chunk_004/action.npy,1152,d963d85a6c73a0948bc143f4a4ce6895bf6a79df36262b96fe241e217c484976
/home/ali/projects/RoboLab/output/v1_cosmos_contrastive/RubiksCubeLeftOfBowlMatchedTask/predicted_chunks/episode_004/chunk_004/conditioning.png,515320,f57a7b8fdb1c2559040bc5bfbe7d792e2d8d70b878242d3eedfb8394907dc8c7
/home/ali/projects/RoboLab/output/v1_cosmos_contrastive/RubiksCubeLeftOfBowlMatchedTask/predicted_chunks/episode_004/chunk_004/future.mp4,473627,1e4e307f48ed9e995ab12322ba7a7b5271c0f0e4831f80c81f9c251ab398d114
/home/ali/projects/RoboLab/output/v1_cosmos_contrastive/RubiksCubeLeftOfBowlMatchedTask/predicted_chunks/episode_004/chunk_004/metadata.json,904,795c49ed40890191f1e1632d60eb7c884255fd9de80696fef4082f7d66c73eaa
/home/ali/projects/RoboLab/output/v1_cosmos_contrastive/RubiksCubeLeftOfBowlMatchedTask/predicted_chunks/episode_004/chunk_005/action.npy,1152,e6e5be365eb06c38a59b6e3618b2aa55fc472676e890846ec13d87872e03b935
/home/ali/projects/RoboLab/output/v1_cosmos_contrastive/RubiksCubeLeftOfBowlMatchedTask/predicted_chunks/episode_004/chunk_005/conditioning.png,535348,dd1335e32434e8e5905bf0d3f3918bf1c9c9a253defd4ef9382ab35bdc8c2623
/home/ali/projects/RoboLab/output/v1_cosmos_contrastive/RubiksCubeLeftOfBowlMatchedTask/predicted_chunks/episode_004/chunk_005/future.mp4,472614,fe04fe30a680d0867767f995c81d7c00f67b018cfa09940e85e3919976bdb370
/home/ali/projects/RoboLab/output/v1_cosmos_contrastive/RubiksCubeLeftOfBowlMatchedTask/predicted_chunks/episode_004/chunk_005/metadata.json,882,f4dbf75412e014fc751a08496030431f033cd751ec8f81059e2cc2e6a6e4c980
/home/ali/projects/RoboLab/output/v1_cosmos_contrastive/RubiksCubeLeftOfBowlMatchedTask/predicted_chunks/episode_004/chunk_006/action.npy,1152,e88a4f6becbe4272691f63c311614f368a8d05575a25e5d682d2d9648e469fd2
/home/ali/projects/RoboLab/output/v1_cosmos_contrastive/RubiksCubeLeftOfBowlMatchedTask/predicted_chunks/episode_004/chunk_006/conditioning.png,561878,6f63810375d0e0b72d2d1962f75000ec779ea35827a5bb14841c502e7985b993
/home/ali/projects/RoboLab/output/v1_cosmos_contrastive/RubiksCubeLeftOfBowlMatchedTask/predicted_chunks/episode_004/chunk_006/future.mp4,573076,f9d898764dfa8ecdd3e802c1badfe024879538c4cb40997551ae9a13ba1eb4d7
/home/ali/projects/RoboLab/output/v1_cosmos_contrastive/RubiksCubeLeftOfBowlMatchedTask/predicted_chunks/episode_004/chunk_006/metadata.json,900,d90f1499704f46c548d35afec2d524da4f95385a644970595ed29abe1b436bce
/home/ali/projects/RoboLab/output/v1_cosmos_contrastive/RubiksCubeLeftOfBowlMatchedTask/predicted_chunks/episode_004/chunk_007/action.npy,1152,84e9b05b5ac082f2d439f3be5a56933194f0910de260d6a7fa345252cba39e0b
/home/ali/projects/RoboLab/output/v1_cosmos_contrastive/RubiksCubeLeftOfBowlMatchedTask/predicted_chunks/episode_004/chunk_007/conditioning.png,565254,77443b3a34adc94e7fee21dfaa9ba911340bf2a3eee559a63cc8558dcdbd9d11
/home/ali/projects/RoboLab/output/v1_cosmos_contrastive/RubiksCubeLeftOfBowlMatchedTask/predicted_chunks/episode_004/chunk_007/future.mp4,491069,08a20477cac8d3ecdfb16a71a3344a1cf55702e333288ed0fe6b2ef08d2eea59
/home/ali/projects/RoboLab/output/v1_cosmos_contrastive/RubiksCubeLeftOfBowlMatchedTask/predicted_chunks/episode_004/chunk_007/metadata.json,898,bd1d81009a248166dd00876d2a67e23dd18a21b0409ffa5118def9a4581bf602
/home/ali/projects/RoboLab/output/v1_cosmos_contrastive/RubiksCubeLeftOfBowlMatchedTask/predicted_chunks/episode_004/chunk_008/action.npy,1152,910ef564c81bb5eecb2a2a1c0566d1f69b6608bdbbe454f32aa6625d95803b45
/home/ali/projects/RoboLab/output/v1_cosmos_contrastive/RubiksCubeLeftOfBowlMatchedTask/predicted_chunks/episode_004/chunk_008/conditioning.png,510695,3c107530609d97cbd50745808a725a269e0de0c9b431e5ba9b545be7d8f70aae
/home/ali/projects/RoboLab/output/v1_cosmos_contrastive/RubiksCubeLeftOfBowlMatchedTask/predicted_chunks/episode_004/chunk_008/future.mp4,417876,b6e7cf578e8731984433a68b1e74686eef98ab166c52e62436aaa448134274e8
/home/ali/projects/RoboLab/output/v1_cosmos_contrastive/RubiksCubeLeftOfBowlMatchedTask/predicted_chunks/episode_004/chunk_008/metadata.json,900,65bd6a05890b93e5d4bdef95c58d913550310c5f446ba1ef8584b9436c95c080
/home/ali/projects/RoboLab/output/v1_cosmos_contrastive/RubiksCubeLeftOfBowlMatchedTask/predicted_chunks/episode_004/chunk_009/action.npy,1152,21bd40feac177a612081fa0c50704639aa09d027e4e0a1d10d9fd491b1a995b6
/home/ali/projects/RoboLab/output/v1_cosmos_contrastive/RubiksCubeLeftOfBowlMatchedTask/predicted_chunks/episode_004/chunk_009/conditioning.png,541830,7dddb069f9f9d1fcca86104547e1c472f76ac9a077588187afdb2d90d94d288f
/home/ali/projects/RoboLab/output/v1_cosmos_contrastive/RubiksCubeLeftOfBowlMatchedTask/predicted_chunks/episode_004/chunk_009/future.mp4,461469,17db8a28d8ae6d43e295c59d0f9b7b7aa068f858e55863783f330a41fc6ed6fa
/home/ali/projects/RoboLab/output/v1_cosmos_contrastive/RubiksCubeLeftOfBowlMatchedTask/predicted_chunks/episode_004/chunk_009/metadata.json,903,4efb56aa0c303e44771ee1039fec76a23a90e431fe0844b45efc030e470bb795
/home/ali/projects/RoboLab/output/v1_cosmos_contrastive/RubiksCubeLeftOfBowlMatchedTask/predicted_chunks/episode_004/chunk_010/action.npy,1152,2bbad4f7dbee1896ef1b7d57c4e990d5b0cdb5af5ab241a8b9b377756b4d1a56
/home/ali/projects/RoboLab/output/v1_cosmos_contrastive/RubiksCubeLeftOfBowlMatchedTask/predicted_chunks/episode_004/chunk_010/conditioning.png,531376,5c1b709a1f8e6127561d5cb887808b1a0f0ae52f058107e745dca1cd90f16c28
/home/ali/projects/RoboLab/output/v1_cosmos_contrastive/RubiksCubeLeftOfBowlMatchedTask/predicted_chunks/episode_004/chunk_010/future.mp4,419903,d964bdde7bfab44efcf2aa5947e0554a08b4de50760921b2d36ee0a2692aa6be
/home/ali/projects/RoboLab/output/v1_cosmos_contrastive/RubiksCubeLeftOfBowlMatchedTask/predicted_chunks/episode_004/chunk_010/metadata.json,883,a5cb11deb7dc2146f9a1d8dcf87756c5a51d07ce8a606551be086d798084e063
/home/ali/projects/RoboLab/output/v1_cosmos_contrastive/RubiksCubeLeftOfBowlMatchedTask/predicted_chunks/episode_004/chunk_011/action.npy,1152,01ea2b3f68841040ab655afff325d1f135f2daa2df06661b589c2a846bb6e1b1
/home/ali/projects/RoboLab/output/v1_cosmos_contrastive/RubiksCubeLeftOfBowlMatchedTask/predicted_chunks/episode_004/chunk_011/conditioning.png,514132,61a44a351f2f1b8eebb8273a33d53f36536409af993748969858243ecb0a1420
/home/ali/projects/RoboLab/output/v1_cosmos_contrastive/RubiksCubeLeftOfBowlMatchedTask/predicted_chunks/episode_004/chunk_011/future.mp4,397670,6ea2d52245158f9519f14524f23397f0e06680cae875037bc7fd1258087e1f36
/home/ali/projects/RoboLab/output/v1_cosmos_contrastive/RubiksCubeLeftOfBowlMatchedTask/predicted_chunks/episode_004/chunk_011/metadata.json,884,474eb72f70361da39de6ea7b711f74f0bfc2d5ef33b7ba016124497a60444657
/home/ali/projects/RoboLab/output/v1_cosmos_contrastive/RubiksCubeLeftOfBowlMatchedTask/predicted_chunks/episode_004/chunk_012/action.npy,1152,3e341872f8c71a5f01d48d28d1c7e447d5da382936a97c6a54cbc0711e2317e1
/home/ali/projects/RoboLab/output/v1_cosmos_contrastive/RubiksCubeLeftOfBowlMatchedTask/predicted_chunks/episode_004/chunk_012/conditioning.png,515435,c50e1fd57157a2299c9d13b865517ac03bd41de4e4594df83675ac04d5300b49
/home/ali/projects/RoboLab/output/v1_cosmos_contrastive/RubiksCubeLeftOfBowlMatchedTask/predicted_chunks/episode_004/chunk_012/future.mp4,398000,f3fad46285a2f7f1d93d539867216295ed16093522c728d29012b6d79fbc3b11
/home/ali/projects/RoboLab/output/v1_cosmos_contrastive/RubiksCubeLeftOfBowlMatchedTask/predicted_chunks/episode_004/chunk_012/metadata.json,904,b3a3b42084597f1dc1a8e9e258404b00b6869a4d2217dde44f8439f62831663f
/home/ali/projects/RoboLab/output/v1_cosmos_contrastive/RubiksCubeLeftOfBowlMatchedTask/predicted_chunks/episode_004/chunk_013/action.npy,1152,db2821d1fee62fa15c0c30f781e75267521c4fd4e1cd3ed377a326b773378c01
/home/ali/projects/RoboLab/output/v1_cosmos_contrastive/RubiksCubeLeftOfBowlMatchedTask/predicted_chunks/episode_004/chunk_013/conditioning.png,498224,eb35424e32af0bb9d837b6c3d22553b678acc9cb183425462f953bec90744266
/home/ali/projects/RoboLab/output/v1_cosmos_contrastive/RubiksCubeLeftOfBowlMatchedTask/predicted_chunks/episode_004/chunk_013/future.mp4,510597,c8e96998e8dfb0f66f01aaff8bba2f3e07ced3e73f309bcb59dca14629915c91
/home/ali/projects/RoboLab/output/v1_cosmos_contrastive/RubiksCubeLeftOfBowlMatchedTask/predicted_chunks/episode_004/chunk_013/metadata.json,897,fb03f3415eac7dd90642697cca7ec9c3f7613728cd5db35dc7858ae9f88bc179
/home/ali/projects/RoboLab/output/v1_cosmos_contrastive/RubiksCubeLeftOfBowlMatchedTask/predicted_chunks/episode_004/chunk_014/action.npy,1152,ab3ec6285f7b4994d54e9b7aa16ba4b6a4f0886459a6629540964ab29dbd0ae4
/home/ali/projects/RoboLab/output/v1_cosmos_contrastive/RubiksCubeLeftOfBowlMatchedTask/predicted_chunks/episode_004/chunk_014/conditioning.png,578494,5fc260e727f8d7d8c30be9b81e9b929f22d0d8bd661aac5f71558ccd856d968b
/home/ali/projects/RoboLab/output/v1_cosmos_contrastive/RubiksCubeLeftOfBowlMatchedTask/predicted_chunks/episode_004/chunk_014/future.mp4,525195,c07c185a99593d4e2f72cd54933dd6ca6c621c3b10552a2e19df15a761548244
/home/ali/projects/RoboLab/output/v1_cosmos_contrastive/RubiksCubeLeftOfBowlMatchedTask/predicted_chunks/episode_004/chunk_014/metadata.json,882,dd8a1699f83127cb7ce8ff2a4eaf67f60f575172c78d5d34572dacb1ee8d3b30
/home/ali/projects/RoboLab/output/v1_cosmos_contrastive/RubiksCubeLeftOfBowlMatchedTask/predicted_chunks/episode_005/chunk_000/action.npy,1152,7f4030c355adae6a97f9eb2cf395d6102e36b5c9fa40ee493025b9626a96cec3
/home/ali/projects/RoboLab/output/v1_cosmos_contrastive/RubiksCubeLeftOfBowlMatchedTask/predicted_chunks/episode_005/chunk_000/conditioning.png,578993,d6fe0fec8d0f6bed430911c5255cfcc357a4be802f4885858df91bad53206b25
/home/ali/projects/RoboLab/output/v1_cosmos_contrastive/RubiksCubeLeftOfBowlMatchedTask/predicted_chunks/episode_005/chunk_000/future.mp4,497443,3cec49bbcb61599d070c6f6d9d8a16ae48e2c31421c29bc29beaf6143f8c1caa
/home/ali/projects/RoboLab/output/v1_cosmos_contrastive/RubiksCubeLeftOfBowlMatchedTask/predicted_chunks/episode_005/chunk_000/metadata.json,816,b58f84527c5e058e4f45da47fb75e52743b3d3af24ea0339648c9fb9422669fe
/home/ali/projects/RoboLab/output/v1_cosmos_contrastive/RubiksCubeLeftOfBowlMatchedTask/predicted_chunks/episode_005/chunk_001/action.npy,1152,b2e3e315d158a7a2382ee4c3c80176f57cb0e69e9f6e8c2793d6f84b5c16a81b
/home/ali/projects/RoboLab/output/v1_cosmos_contrastive/RubiksCubeLeftOfBowlMatchedTask/predicted_chunks/episode_005/chunk_001/conditioning.png,554516,f021c824c9d58fac94601ec072530f61d278df77dc4e3ad2f59c4c3f79e82c18
/home/ali/projects/RoboLab/output/v1_cosmos_contrastive/RubiksCubeLeftOfBowlMatchedTask/predicted_chunks/episode_005/chunk_001/future.mp4,450290,d604a0d2afa7cfaf3fe0dfdc1af2abbecb7c433c87cb660bddbffdf4f60889b5
/home/ali/projects/RoboLab/output/v1_cosmos_contrastive/RubiksCubeLeftOfBowlMatchedTask/predicted_chunks/episode_005/chunk_001/metadata.json,899,9289a42baa7c41b1fa49f7799132cd8887809f34d34c86dc2e7266e4eabca9f0
/home/ali/projects/RoboLab/output/v1_cosmos_contrastive/RubiksCubeLeftOfBowlMatchedTask/predicted_chunks/episode_005/chunk_002/action.npy,1152,7cc46d36f1fede5d2f1bca7ce451514853961fbb60f50a52f8de656335fbf6d6
/home/ali/projects/RoboLab/output/v1_cosmos_contrastive/RubiksCubeLeftOfBowlMatchedTask/predicted_chunks/episode_005/chunk_002/conditioning.png,542945,4014dfe67dd462bcd68c67ef367f9ddccb8cc49ec165cdd062fe9e8f072b5127
/home/ali/projects/RoboLab/output/v1_cosmos_contrastive/RubiksCubeLeftOfBowlMatchedTask/predicted_chunks/episode_005/chunk_002/future.mp4,506847,891c5524298e6a0b1e7b7fa14d7d4088fe54343abdd9ac44f52e6fcdf40c721c
/home/ali/projects/RoboLab/output/v1_cosmos_contrastive/RubiksCubeLeftOfBowlMatchedTask/predicted_chunks/episode_005/chunk_002/metadata.json,901,344fa235bf16b2c1938488114e3deab3f2c1399fb61930083fee05e525501189
/home/ali/projects/RoboLab/output/v1_cosmos_contrastive/RubiksCubeLeftOfBowlMatchedTask/predicted_chunks/episode_005/chunk_003/action.npy,1152,5f0c9874713715d88d3a00f30832d02e8dbdec0030c9f3593583db1712f59df5
/home/ali/projects/RoboLab/output/v1_cosmos_contrastive/RubiksCubeLeftOfBowlMatchedTask/predicted_chunks/episode_005/chunk_003/conditioning.png,567244,70a9ab6682fd0d1aa05e7f51724be91da9a2bb101784aa2086f58f50f7455652
/home/ali/projects/RoboLab/output/v1_cosmos_contrastive/RubiksCubeLeftOfBowlMatchedTask/predicted_chunks/episode_005/chunk_003/future.mp4,519680,60efc118f77170ff06bac3c712a081e36996d82c57c5b73f868d8ea7114035c5
/home/ali/projects/RoboLab/output/v1_cosmos_contrastive/RubiksCubeLeftOfBowlMatchedTask/predicted_chunks/episode_005/chunk_003/metadata.json,899,ac9606fba19da56c3c4515052ef2cf281366dc125e681245f1cab819e1d19bfd
/home/ali/projects/RoboLab/output/v1_cosmos_contrastive/RubiksCubeLeftOfBowlMatchedTask/predicted_chunks/episode_005/chunk_004/action.npy,1152,a62e541b7e9d129f6fc1f11871ef0c7f1f4b9189712c69fff96a13f3159f908d
/home/ali/projects/RoboLab/output/v1_cosmos_contrastive/RubiksCubeLeftOfBowlMatchedTask/predicted_chunks/episode_005/chunk_004/conditioning.png,554857,479ef545fcc2897f976a0f9423bacc9d6cbc51a171659a366a90f93ced14d670
/home/ali/projects/RoboLab/output/v1_cosmos_contrastive/RubiksCubeLeftOfBowlMatchedTask/predicted_chunks/episode_005/chunk_004/future.mp4,546682,594ac0b5275be1f376098806f121f4c64c4c33e9651de23568dcfc96c961528a
/home/ali/projects/RoboLab/output/v1_cosmos_contrastive/RubiksCubeLeftOfBowlMatchedTask/predicted_chunks/episode_005/chunk_004/metadata.json,880,e1d16ef880e835b522c8c6192e2ec896082a7af83c1326983fdcba0124c038ca
/home/ali/projects/RoboLab/output/v1_cosmos_contrastive/RubiksCubeLeftOfBowlMatchedTask/predicted_chunks/episode_005/chunk_005/action.npy,1152,79750823ba3e0cc2a80555d4db883118f716384d6bd5a4950f2cb40d9366b146
/home/ali/projects/RoboLab/output/v1_cosmos_contrastive/RubiksCubeLeftOfBowlMatchedTask/predicted_chunks/episode_005/chunk_005/conditioning.png,532539,2fc334ace5d4f2610dc8da0fe3dbe10a32b0a50da04f15fbcb87ae92385b0be3
/home/ali/projects/RoboLab/output/v1_cosmos_contrastive/RubiksCubeLeftOfBowlMatchedTask/predicted_chunks/episode_005/chunk_005/future.mp4,361649,eb41af667c166ac9fb0881df1755cb67ba4c3e5cf71103bc10bafadc691e5392
/home/ali/projects/RoboLab/output/v1_cosmos_contrastive/RubiksCubeLeftOfBowlMatchedTask/predicted_chunks/episode_005/chunk_005/metadata.json,879,4d257e6f74a5d626b8df7f7df9e678680735fec71bb1f1b30ff71b0409c2a71d
/home/ali/projects/RoboLab/output/v1_cosmos_contrastive/RubiksCubeLeftOfBowlMatchedTask/predicted_chunks/episode_005/chunk_006/action.npy,1152,149c9dee3b02abea087af49bee4997e646709bd81743ef1562916d09f55aaed6
/home/ali/projects/RoboLab/output/v1_cosmos_contrastive/RubiksCubeLeftOfBowlMatchedTask/predicted_chunks/episode_005/chunk_006/conditioning.png,539851,b7a1af5473959694c456d0647a64dc1cb216d2d6a745067ee2c29f1e780f2848
/home/ali/projects/RoboLab/output/v1_cosmos_contrastive/RubiksCubeLeftOfBowlMatchedTask/predicted_chunks/episode_005/chunk_006/future.mp4,419983,ff5195eecbb700a2333263d994eb78099de5dd7d451ed5c472f739f92f6315f7
/home/ali/projects/RoboLab/output/v1_cosmos_contrastive/RubiksCubeLeftOfBowlMatchedTask/predicted_chunks/episode_005/chunk_006/metadata.json,894,69e93d42bcf6a6f2d6ac503c632b8fc6c0168e4da7bebf09b5b2e53b8f1fceb1
/home/ali/projects/RoboLab/output/v1_cosmos_contrastive/RubiksCubeLeftOfBowlMatchedTask/predicted_chunks/episode_005/chunk_007/action.npy,1152,831ddad8cc889143927b4e011e835ae5841d8c836c8712a9c28deff0022c7918
/home/ali/projects/RoboLab/output/v1_cosmos_contrastive/RubiksCubeLeftOfBowlMatchedTask/predicted_chunks/episode_005/chunk_007/conditioning.png,545310,ccf7dee13c3fe274621053fae22cc15d1a56db5a5f45addbc6d506134df01c86
/home/ali/projects/RoboLab/output/v1_cosmos_contrastive/RubiksCubeLeftOfBowlMatchedTask/predicted_chunks/episode_005/chunk_007/future.mp4,509861,7f49ec5b6ca1b53be698e9959b0344399499b0b97e5f31f496803c31606fd24a
/home/ali/projects/RoboLab/output/v1_cosmos_contrastive/RubiksCubeLeftOfBowlMatchedTask/predicted_chunks/episode_005/chunk_007/metadata.json,898,5fda0bd0cc1c4bfdb842f4f8fd3329d03d625a768e8939b038418020ad1e4624
/home/ali/projects/RoboLab/output/v1_cosmos_contrastive/RubiksCubeLeftOfBowlMatchedTask/predicted_chunks/episode_005/chunk_008/action.npy,1152,c610bd403b413dc382a6fbe0008572ff39a58e0fb4d3baeb33bf9b054620ed69
/home/ali/projects/RoboLab/output/v1_cosmos_contrastive/RubiksCubeLeftOfBowlMatchedTask/predicted_chunks/episode_005/chunk_008/conditioning.png,556226,2857e82b2421223f48e913dd79397752959af487f9d84e85242de2d4e01fa357
/home/ali/projects/RoboLab/output/v1_cosmos_contrastive/RubiksCubeLeftOfBowlMatchedTask/predicted_chunks/episode_005/chunk_008/future.mp4,532759,e504cebe1a6575387e96cde915b543a641606451d7c604643c90051ca5cac259
/home/ali/projects/RoboLab/output/v1_cosmos_contrastive/RubiksCubeLeftOfBowlMatchedTask/predicted_chunks/episode_005/chunk_008/metadata.json,899,1c675d2b5997866801d9e30f16f34e3f8c38236f1e171f79d23a62e0c78d161b
/home/ali/projects/RoboLab/output/v1_cosmos_contrastive/RubiksCubeLeftOfBowlMatchedTask/predicted_chunks/episode_005/chunk_009/action.npy,1152,42313de85d24ac640a61b38c8c5ca05c4103072638b1b6ac60a31a3c68fa8533
/home/ali/projects/RoboLab/output/v1_cosmos_contrastive/RubiksCubeLeftOfBowlMatchedTask/predicted_chunks/episode_005/chunk_009/conditioning.png,563627,e10fb3dc7cc6165d2d95e5ab2ddaca7d1a866c2fb1f070dcd53590218ac3a9e8
/home/ali/projects/RoboLab/output/v1_cosmos_contrastive/RubiksCubeLeftOfBowlMatchedTask/predicted_chunks/episode_005/chunk_009/future.mp4,481643,7d7ceed5faf111c6e2704954b9b34ad421dd2c71b9315c2e366c863931e095e0
/home/ali/projects/RoboLab/output/v1_cosmos_contrastive/RubiksCubeLeftOfBowlMatchedTask/predicted_chunks/episode_005/chunk_009/metadata.json,901,e4c500e4a545057a8339c4dc00ca5775fdb4938369b543d6c7eb499297f25802
/home/ali/projects/RoboLab/output/v1_cosmos_contrastive/RubiksCubeLeftOfBowlMatchedTask/predicted_chunks/episode_005/chunk_010/action.npy,1152,31f551974aea2f29fc5874cdbda58d8d56d367f59ba67a3fb8b43fc2ee09fce0
/home/ali/projects/RoboLab/output/v1_cosmos_contrastive/RubiksCubeLeftOfBowlMatchedTask/predicted_chunks/episode_005/chunk_010/conditioning.png,533722,dc35e5d5c91fe87809386b10675d1315c80b2a04b9474da16fef960eb5cc0784
/home/ali/projects/RoboLab/output/v1_cosmos_contrastive/RubiksCubeLeftOfBowlMatchedTask/predicted_chunks/episode_005/chunk_010/future.mp4,500865,114fca2682cb68c965bce80078250a2768fd2e21acd738a91267010c8231b0f4
/home/ali/projects/RoboLab/output/v1_cosmos_contrastive/RubiksCubeLeftOfBowlMatchedTask/predicted_chunks/episode_005/chunk_010/metadata.json,897,804f2233dded7f89027c8f19b3af694a0853088989360a64cb74fc73c731c578
/home/ali/projects/RoboLab/output/v1_cosmos_contrastive/RubiksCubeLeftOfBowlMatchedTask/predicted_chunks/episode_005/chunk_011/action.npy,1152,d603a570cfc6166fac98c23b20ed0e003ebe166879656c5b2ff43ce11db9a573
/home/ali/projects/RoboLab/output/v1_cosmos_contrastive/RubiksCubeLeftOfBowlMatchedTask/predicted_chunks/episode_005/chunk_011/conditioning.png,575898,f960aa9aa66e21a41fab751482207349725079cb67e3090a7a74b2d4dc6c1ff2
/home/ali/projects/RoboLab/output/v1_cosmos_contrastive/RubiksCubeLeftOfBowlMatchedTask/predicted_chunks/episode_005/chunk_011/future.mp4,482110,d5685c0c1d4582640c2332e221fb52644eb035125d393c28e7420ee6b024cb5e
/home/ali/projects/RoboLab/output/v1_cosmos_contrastive/RubiksCubeLeftOfBowlMatchedTask/predicted_chunks/episode_005/chunk_011/metadata.json,901,f4e0f0b32fd84e69bf67a3811be2a41ec724679975813ae454fb685cc82e61de
/home/ali/projects/RoboLab/output/v1_cosmos_contrastive/RubiksCubeLeftOfBowlMatchedTask/predicted_chunks/episode_005/chunk_012/action.npy,1152,11e29d55dd2768e7a8bc267e21fcd3b07aff43800df45650377c0e95e4df069e
/home/ali/projects/RoboLab/output/v1_cosmos_contrastive/RubiksCubeLeftOfBowlMatchedTask/predicted_chunks/episode_005/chunk_012/conditioning.png,556494,cc8cc3964b85d6a01116a9cecd6045056acdefccf6e9a52bc854d4132e98315c
/home/ali/projects/RoboLab/output/v1_cosmos_contrastive/RubiksCubeLeftOfBowlMatchedTask/predicted_chunks/episode_005/chunk_012/future.mp4,562983,660287a26ff3122d4013715a66c3232f2b1cdcd72ca36160444caffa0242c5db
/home/ali/projects/RoboLab/output/v1_cosmos_contrastive/RubiksCubeLeftOfBowlMatchedTask/predicted_chunks/episode_005/chunk_012/metadata.json,902,844abd917253a9bc395478ba6b264b127ad19464131db87709e1d35280a90ec1
/home/ali/projects/RoboLab/output/v1_cosmos_contrastive/RubiksCubeLeftOfBowlMatchedTask/predicted_chunks/episode_005/chunk_013/action.npy,1152,f0071350d82d41511dde777a6d9dccaf9b0cf4912a998663badcb94704bd0894
/home/ali/projects/RoboLab/output/v1_cosmos_contrastive/RubiksCubeLeftOfBowlMatchedTask/predicted_chunks/episode_005/chunk_013/conditioning.png,563347,85e353f27fe7aba9a04c5a4234fa1c9d69b53bacaeb2c9a3352ad06af4c6764f
/home/ali/projects/RoboLab/output/v1_cosmos_contrastive/RubiksCubeLeftOfBowlMatchedTask/predicted_chunks/episode_005/chunk_013/future.mp4,442485,b86e4b5ad3e79742f778c01006b350c507cdcdbfefd5fcb7f8c5f1364d89084b
/home/ali/projects/RoboLab/output/v1_cosmos_contrastive/RubiksCubeLeftOfBowlMatchedTask/predicted_chunks/episode_005/chunk_013/metadata.json,900,1b23aaa75ded306bfcd2a1c4be1ef200f03eb8794bd4f5d1fd8b8c621adb4353
/home/ali/projects/RoboLab/output/v1_cosmos_contrastive/RubiksCubeLeftOfBowlMatchedTask/predicted_chunks/episode_005/chunk_014/action.npy,1152,6e1203a28dc557cb87285397683e709722634912f50e9e59019edf8a5963d69e
/home/ali/projects/RoboLab/output/v1_cosmos_contrastive/RubiksCubeLeftOfBowlMatchedTask/predicted_chunks/episode_005/chunk_014/conditioning.png,563938,7874bb1993043c9861a5615a732f06d28b0071b38df52c9ffd2582a4f6e8870d
/home/ali/projects/RoboLab/output/v1_cosmos_contrastive/RubiksCubeLeftOfBowlMatchedTask/predicted_chunks/episode_005/chunk_014/future.mp4,481771,bc2ffacca5ac2674154c479dab4d0ab22fc1658c7f2b5359723c40bfbcbcaca6
/home/ali/projects/RoboLab/output/v1_cosmos_contrastive/RubiksCubeLeftOfBowlMatchedTask/predicted_chunks/episode_005/chunk_014/metadata.json,900,fb2dc0988d9345851e50067dace71c2c0486a1db7f549cbf50ab7dd7f7c54d86
/home/ali/projects/RoboLab/output/v1_cosmos_contrastive/RubiksCubeLeftOfBowlMatchedTask/predicted_chunks/episode_006/chunk_000/action.npy,1152,ba8d4e2a7bc4f115a7686d929f98e17bb2990c80645ad34b8c43ea06428310c9
/home/ali/projects/RoboLab/output/v1_cosmos_contrastive/RubiksCubeLeftOfBowlMatchedTask/predicted_chunks/episode_006/chunk_000/conditioning.png,578454,de454b2df6769af56c72c5a092fb76f1b075fd491bedf6b0c1ba11c4e9956c9e
/home/ali/projects/RoboLab/output/v1_cosmos_contrastive/RubiksCubeLeftOfBowlMatchedTask/predicted_chunks/episode_006/chunk_000/future.mp4,503940,682b18b0a6b6eee78a47fa52bd56bcf168ad957dd2243123584c5330b01f52d1
/home/ali/projects/RoboLab/output/v1_cosmos_contrastive/RubiksCubeLeftOfBowlMatchedTask/predicted_chunks/episode_006/chunk_000/metadata.json,816,342900ddcb26c82ea2d0f04f73d69f0eb2a9943a4073f4332a64bcfc78460d59
/home/ali/projects/RoboLab/output/v1_cosmos_contrastive/RubiksCubeLeftOfBowlMatchedTask/predicted_chunks/episode_006/chunk_001/action.npy,1152,a45f453a95a0a4ee107e6b1ca193c4341496c5bbb92770d2fd9b15501a8816e9
/home/ali/projects/RoboLab/output/v1_cosmos_contrastive/RubiksCubeLeftOfBowlMatchedTask/predicted_chunks/episode_006/chunk_001/conditioning.png,547743,3a3e2d70aa905ef1729768c798026b23d23a4de867dbc5589efd6a4d60893624
/home/ali/projects/RoboLab/output/v1_cosmos_contrastive/RubiksCubeLeftOfBowlMatchedTask/predicted_chunks/episode_006/chunk_001/future.mp4,417811,1488416d83d3d6ffa27963826676aeef0403ced3e4cb35e39aae5e3bca6ee58c
/home/ali/projects/RoboLab/output/v1_cosmos_contrastive/RubiksCubeLeftOfBowlMatchedTask/predicted_chunks/episode_006/chunk_001/metadata.json,899,47152168ec7c3c30ff78b9002ba338908061449699ba3c928618b014beb79f20
/home/ali/projects/RoboLab/output/v1_cosmos_contrastive/RubiksCubeLeftOfBowlMatchedTask/predicted_chunks/episode_006/chunk_002/action.npy,1152,0bae7652a843e3f423913f89076614401bca12ad168d6cf69e6997df0f7556be
/home/ali/projects/RoboLab/output/v1_cosmos_contrastive/RubiksCubeLeftOfBowlMatchedTask/predicted_chunks/episode_006/chunk_002/conditioning.png,519349,053a461f2238f0e6b28396dc7e862aee2adcf7872764abab0492ca2b5bc924a8
/home/ali/projects/RoboLab/output/v1_cosmos_contrastive/RubiksCubeLeftOfBowlMatchedTask/predicted_chunks/episode_006/chunk_002/future.mp4,502067,9d516b8fc00179121765e2969657a85444d76b059841c66936132d84e2d52e7c
/home/ali/projects/RoboLab/output/v1_cosmos_contrastive/RubiksCubeLeftOfBowlMatchedTask/predicted_chunks/episode_006/chunk_002/metadata.json,897,4000960b7c49b4d8e0b1139d88dc48971bebcf86b167dd16a5505c88885a65c3
/home/ali/projects/RoboLab/output/v1_cosmos_contrastive/RubiksCubeLeftOfBowlMatchedTask/predicted_chunks/episode_006/chunk_003/action.npy,1152,615416e3d9f87042548b4547459841a1c1e463a1463f43baa897eef627765fc1
/home/ali/projects/RoboLab/output/v1_cosmos_contrastive/RubiksCubeLeftOfBowlMatchedTask/predicted_chunks/episode_006/chunk_003/conditioning.png,567628,107167b3eeb7d830db68aed999d5e03fbf11c22f117da458e476411efadc790e
/home/ali/projects/RoboLab/output/v1_cosmos_contrastive/RubiksCubeLeftOfBowlMatchedTask/predicted_chunks/episode_006/chunk_003/future.mp4,612094,9db910cc414bee9e455a963d911076bf0547cc4b0de1b5f4e346c98154f477ed
/home/ali/projects/RoboLab/output/v1_cosmos_contrastive/RubiksCubeLeftOfBowlMatchedTask/predicted_chunks/episode_006/chunk_003/metadata.json,881,77019938edb03dacba662887c2cfeac7e745b6a03d4586d1290ff2b0593e90af
/home/ali/projects/RoboLab/output/v1_cosmos_contrastive/RubiksCubeLeftOfBowlMatchedTask/predicted_chunks/episode_006/chunk_004/action.npy,1152,a871c3c56342b222ebef239e08ce068fd1329776f68b1c15741401175551fdc7
/home/ali/projects/RoboLab/output/v1_cosmos_contrastive/RubiksCubeLeftOfBowlMatchedTask/predicted_chunks/episode_006/chunk_004/conditioning.png,560428,f49c97cf83c4eced9550697dbd71b5431d289475e5c2f2e9a18e1ee8199986e4
/home/ali/projects/RoboLab/output/v1_cosmos_contrastive/RubiksCubeLeftOfBowlMatchedTask/predicted_chunks/episode_006/chunk_004/future.mp4,462858,d4431b399709472a8232091faf57eded9af6e8b9ddcbd32f9787b10bd0c4fa4e
/home/ali/projects/RoboLab/output/v1_cosmos_contrastive/RubiksCubeLeftOfBowlMatchedTask/predicted_chunks/episode_006/chunk_004/metadata.json,900,0926b5f139ad02d00f47713dffaf2efc84696b6ab05fba2c795d5b4950056e33
/home/ali/projects/RoboLab/output/v1_cosmos_contrastive/RubiksCubeLeftOfBowlMatchedTask/predicted_chunks/episode_006/chunk_005/action.npy,1152,fa948d0259d717cd9c745af6ffdea900e30b2ef8d24e545776fac4f90184eccf
/home/ali/projects/RoboLab/output/v1_cosmos_contrastive/RubiksCubeLeftOfBowlMatchedTask/predicted_chunks/episode_006/chunk_005/conditioning.png,533824,42d44fd60903228613262e73236a6efc7b014a64c2481d0650771e2a86a03eb5
/home/ali/projects/RoboLab/output/v1_cosmos_contrastive/RubiksCubeLeftOfBowlMatchedTask/predicted_chunks/episode_006/chunk_005/future.mp4,402413,3e87b05f6f0d1ac1acd0c6f5e2faa8115288fcecb381c7a747bcc32766cf5858
/home/ali/projects/RoboLab/output/v1_cosmos_contrastive/RubiksCubeLeftOfBowlMatchedTask/predicted_chunks/episode_006/chunk_005/metadata.json,899,6949bc8ab03834173197f6e36e505541e5f413e0ac83cb15a81c43505b6e6931
/home/ali/projects/RoboLab/output/v1_cosmos_contrastive/RubiksCubeLeftOfBowlMatchedTask/predicted_chunks/episode_006/chunk_006/action.npy,1152,9b7368d57b2fde01d75325ba487c1c271ca3b37f048261dbda362243e87656c4
/home/ali/projects/RoboLab/output/v1_cosmos_contrastive/RubiksCubeLeftOfBowlMatchedTask/predicted_chunks/episode_006/chunk_006/conditioning.png,539043,4f5e91fba58a3d7c257b880577ad5eb2bea5a29b2a59b48bd64999255b182a80
/home/ali/projects/RoboLab/output/v1_cosmos_contrastive/RubiksCubeLeftOfBowlMatchedTask/predicted_chunks/episode_006/chunk_006/future.mp4,451546,1167c40cdfeeb8fafdf5cecef9b59beeac1b7d73aca24bacefe2fc7653f20b0d
/home/ali/projects/RoboLab/output/v1_cosmos_contrastive/RubiksCubeLeftOfBowlMatchedTask/predicted_chunks/episode_006/chunk_006/metadata.json,899,c26e7b49fde981052c65596c56f704653455a2bf3875df1b9d7dda8c8864178c
/home/ali/projects/RoboLab/output/v1_cosmos_contrastive/RubiksCubeLeftOfBowlMatchedTask/predicted_chunks/episode_006/chunk_007/action.npy,1152,37eb8261a488f0f333f416c9d96f7ddd61dd3c711975dd07a77466baa8b08ff0
/home/ali/projects/RoboLab/output/v1_cosmos_contrastive/RubiksCubeLeftOfBowlMatchedTask/predicted_chunks/episode_006/chunk_007/conditioning.png,541775,92f35e639347daebefdb99f9ffbae35882f3f022b2d56f5b8960dcc9a61c08b3
/home/ali/projects/RoboLab/output/v1_cosmos_contrastive/RubiksCubeLeftOfBowlMatchedTask/predicted_chunks/episode_006/chunk_007/future.mp4,432785,451c2c5b6bcf0673f349db02ea12ffd657e7af6914e71001acd1e81b8263109b
/home/ali/projects/RoboLab/output/v1_cosmos_contrastive/RubiksCubeLeftOfBowlMatchedTask/predicted_chunks/episode_006/chunk_007/metadata.json,882,05a7d6f60dcd258a880a76c1f2f1ef4c19ee6880b4079da4a7e5c63d610b8a01
/home/ali/projects/RoboLab/output/v1_cosmos_contrastive/RubiksCubeLeftOfBowlMatchedTask/predicted_chunks/episode_006/chunk_008/action.npy,1152,4ef961670d635f22d7f7705e53b09780df3510c3b6986a6398ba9e0e9d70d3bc
/home/ali/projects/RoboLab/output/v1_cosmos_contrastive/RubiksCubeLeftOfBowlMatchedTask/predicted_chunks/episode_006/chunk_008/conditioning.png,533759,8c20e7cb94b7986ff90660dc6c058009bf2825d351debbe03643a6e4c5f2f41b
/home/ali/projects/RoboLab/output/v1_cosmos_contrastive/RubiksCubeLeftOfBowlMatchedTask/predicted_chunks/episode_006/chunk_008/future.mp4,377872,2c9d3fbb886cdc6aafc22d5c4b3488e2d015064ef65fa97c37fd2b4582cd0b03
/home/ali/projects/RoboLab/output/v1_cosmos_contrastive/RubiksCubeLeftOfBowlMatchedTask/predicted_chunks/episode_006/chunk_008/metadata.json,897,a0838f0338c6440b2b0d3b453b755431e6bb8d27a0aa402dba7f3233b8e1d5d9
/home/ali/projects/RoboLab/output/v1_cosmos_contrastive/RubiksCubeLeftOfBowlMatchedTask/predicted_chunks/episode_006/chunk_009/action.npy,1152,d95fb0c1df68394e11f329e5e1cbb6c01872a6a5eecc79934653215eb0421dc2
/home/ali/projects/RoboLab/output/v1_cosmos_contrastive/RubiksCubeLeftOfBowlMatchedTask/predicted_chunks/episode_006/chunk_009/conditioning.png,549136,fc5f725736bcdbf0283fb1e63d05d62f5222e13a7b89a70686694f1b1e35c662
/home/ali/projects/RoboLab/output/v1_cosmos_contrastive/RubiksCubeLeftOfBowlMatchedTask/predicted_chunks/episode_006/chunk_009/future.mp4,397603,1889016fe0b6deaa0c3a748b9ad9015492d567cec40c296cfac176f57e250d97
/home/ali/projects/RoboLab/output/v1_cosmos_contrastive/RubiksCubeLeftOfBowlMatchedTask/predicted_chunks/episode_006/chunk_009/metadata.json,882,8d5d1abe7a3e026cc8dadd619f2898a381fe0a57190b2b7b69e79d97fe72bead
/home/ali/projects/RoboLab/output/v1_cosmos_contrastive/RubiksCubeLeftOfBowlMatchedTask/predicted_chunks/episode_006/chunk_010/action.npy,1152,f692b422799920abc6eba554dc82263da9c2b61fd415c09e52c684cb5ab03533
/home/ali/projects/RoboLab/output/v1_cosmos_contrastive/RubiksCubeLeftOfBowlMatchedTask/predicted_chunks/episode_006/chunk_010/conditioning.png,521104,2a4aa2cc663d17887344995ffb44347e547b94e1aa3dbcd9ef1f077ed852db5c
/home/ali/projects/RoboLab/output/v1_cosmos_contrastive/RubiksCubeLeftOfBowlMatchedTask/predicted_chunks/episode_006/chunk_010/future.mp4,399210,f9b242982d3a6566caf3d5e9e1bb94b3a5f5eb7e15c555da06948e180c80a315
/home/ali/projects/RoboLab/output/v1_cosmos_contrastive/RubiksCubeLeftOfBowlMatchedTask/predicted_chunks/episode_006/chunk_010/metadata.json,899,8f0566e537c0f0e86467e91017a6753edf519f16e202998b7b37afc8ccd4d729
/home/ali/projects/RoboLab/output/v1_cosmos_contrastive/RubiksCubeLeftOfBowlMatchedTask/predicted_chunks/episode_006/chunk_011/action.npy,1152,10a06ac94d050c738bc91dfdc2cae2fd4aeedf1c230da066c68072daa73728c5
/home/ali/projects/RoboLab/output/v1_cosmos_contrastive/RubiksCubeLeftOfBowlMatchedTask/predicted_chunks/episode_006/chunk_011/conditioning.png,503805,97a7223c9078a0d3f061584e529555411cb727a0464443a22027a9dbd8ce8da3
/home/ali/projects/RoboLab/output/v1_cosmos_contrastive/RubiksCubeLeftOfBowlMatchedTask/predicted_chunks/episode_006/chunk_011/future.mp4,467173,5850dc56afa34cee8a44b35387008a356fb1edd7b3d591f7921cffed55db4365
/home/ali/projects/RoboLab/output/v1_cosmos_contrastive/RubiksCubeLeftOfBowlMatchedTask/predicted_chunks/episode_006/chunk_011/metadata.json,900,44e3c8ff1eddfaf0c85def95dcb5879952975ab829afe557715fa83d4fe6ecc6
/home/ali/projects/RoboLab/output/v1_cosmos_contrastive/RubiksCubeLeftOfBowlMatchedTask/predicted_chunks/episode_006/chunk_012/action.npy,1152,9c1eec82052e83443f0ea9a76695c59c6066a3fb9d52a0fd643cf941ed3f115f
/home/ali/projects/RoboLab/output/v1_cosmos_contrastive/RubiksCubeLeftOfBowlMatchedTask/predicted_chunks/episode_006/chunk_012/conditioning.png,567095,0432c76fb4beedc9009cd3efc62d265033ca75c185d4e193d911efb826686b52
/home/ali/projects/RoboLab/output/v1_cosmos_contrastive/RubiksCubeLeftOfBowlMatchedTask/predicted_chunks/episode_006/chunk_012/future.mp4,428116,ccb84e1dc610152ed3e89d1cc5774fa7c3479cc77ee58d0a8ce43075cbd4dd2f
/home/ali/projects/RoboLab/output/v1_cosmos_contrastive/RubiksCubeLeftOfBowlMatchedTask/predicted_chunks/episode_006/chunk_012/metadata.json,900,7863fc35d2e6951a8d17e1f0fb9de056e6496e000299628b10bcdda1a9e6250b
/home/ali/projects/RoboLab/output/v1_cosmos_contrastive/RubiksCubeLeftOfBowlMatchedTask/predicted_chunks/episode_006/chunk_013/action.npy,1152,bb72742f78e1434563fd4cd91777d0e9b861f83dd7449adecbd9cf103f363259
/home/ali/projects/RoboLab/output/v1_cosmos_contrastive/RubiksCubeLeftOfBowlMatchedTask/predicted_chunks/episode_006/chunk_013/conditioning.png,556780,c956ae58b93075bc033d111cd45788502982d3a1a1de07a0157fa8317dabcdb3
/home/ali/projects/RoboLab/output/v1_cosmos_contrastive/RubiksCubeLeftOfBowlMatchedTask/predicted_chunks/episode_006/chunk_013/future.mp4,449177,a2b34d8e02af937eb2e0bda3e4630ba951861863b567a9daa96eeb9e840c7f3c
/home/ali/projects/RoboLab/output/v1_cosmos_contrastive/RubiksCubeLeftOfBowlMatchedTask/predicted_chunks/episode_006/chunk_013/metadata.json,903,06023c092e0c40c96ec19f5e04a0b81dbec7052c08282c326f2e16210f31abef
/home/ali/projects/RoboLab/output/v1_cosmos_contrastive/RubiksCubeLeftOfBowlMatchedTask/predicted_chunks/episode_006/chunk_014/action.npy,1152,c6476a7b40c5aacc9fa44ae03af28b1caa28d2807449615f5551c35e04501b0c
/home/ali/projects/RoboLab/output/v1_cosmos_contrastive/RubiksCubeLeftOfBowlMatchedTask/predicted_chunks/episode_006/chunk_014/conditioning.png,577074,dbccd47dda267b03d7e125caf7e2ff62d81880402859ef4336ce0312ee0e2d87
/home/ali/projects/RoboLab/output/v1_cosmos_contrastive/RubiksCubeLeftOfBowlMatchedTask/predicted_chunks/episode_006/chunk_014/future.mp4,487790,60bd2440610d525cfbcccf54be8295d6e4dbb403f0f65a6662b542e36d7bfc96
/home/ali/projects/RoboLab/output/v1_cosmos_contrastive/RubiksCubeLeftOfBowlMatchedTask/predicted_chunks/episode_006/chunk_014/metadata.json,887,f4095fc9ca2f79ccb35a885d6270f5162e9738774e5b7916794fbaeca05b3bbf
/home/ali/projects/RoboLab/output/v1_cosmos_contrastive/RubiksCubeLeftOfBowlMatchedTask/predicted_chunks/episode_007/chunk_000/action.npy,1152,cb6ad1331d4d7276096d9b147621a20abf60e1499866bed0653d8baef8faced6
/home/ali/projects/RoboLab/output/v1_cosmos_contrastive/RubiksCubeLeftOfBowlMatchedTask/predicted_chunks/episode_007/chunk_000/conditioning.png,580340,28e7f6199659f7e56e1843eb479a4f56c5d9396736840fefbf838cc3d7a9bac9
/home/ali/projects/RoboLab/output/v1_cosmos_contrastive/RubiksCubeLeftOfBowlMatchedTask/predicted_chunks/episode_007/chunk_000/future.mp4,522041,2c0c9803b6f553a0ec6080e284347772b908b9d64a23e74b40b55ecf7196d409
/home/ali/projects/RoboLab/output/v1_cosmos_contrastive/RubiksCubeLeftOfBowlMatchedTask/predicted_chunks/episode_007/chunk_000/metadata.json,816,c606e9bd944dd5e48a98ffa76fe214766dbf3a577a2e821dc057c01b8decf7f6
/home/ali/projects/RoboLab/output/v1_cosmos_contrastive/RubiksCubeLeftOfBowlMatchedTask/predicted_chunks/episode_007/chunk_001/action.npy,1152,17e0906e6fd401ddf05b62763abfed5dd003df0a2e8a07da8d825b83c2d2e0fb
/home/ali/projects/RoboLab/output/v1_cosmos_contrastive/RubiksCubeLeftOfBowlMatchedTask/predicted_chunks/episode_007/chunk_001/conditioning.png,555693,a75b6e64ec6f82d5e8376f1b92053bd3f0917638f1d104f911cf4cd8bf2a8922
/home/ali/projects/RoboLab/output/v1_cosmos_contrastive/RubiksCubeLeftOfBowlMatchedTask/predicted_chunks/episode_007/chunk_001/future.mp4,450444,6f0510a4f746b07c571d8afaa9a0cd08e33dc149f48921107022b3cbf81c7cdc
/home/ali/projects/RoboLab/output/v1_cosmos_contrastive/RubiksCubeLeftOfBowlMatchedTask/predicted_chunks/episode_007/chunk_001/metadata.json,901,aec7b257e002a3075ae3516d4af7b10de1576b65052473e9b8fd17fc6181472b
/home/ali/projects/RoboLab/output/v1_cosmos_contrastive/RubiksCubeLeftOfBowlMatchedTask/predicted_chunks/episode_007/chunk_002/action.npy,1152,7adbdd35d74e7704ae272c575f738064d5f81e84c334debf9303b6409db9c607
/home/ali/projects/RoboLab/output/v1_cosmos_contrastive/RubiksCubeLeftOfBowlMatchedTask/predicted_chunks/episode_007/chunk_002/conditioning.png,548342,299470ab129046ad11ac7be064849b0483039bd950b620028f1890c741aff70b
/home/ali/projects/RoboLab/output/v1_cosmos_contrastive/RubiksCubeLeftOfBowlMatchedTask/predicted_chunks/episode_007/chunk_002/future.mp4,461763,d99caee52b8b738c58c99735266f60be1e6fd1de137377f3f0a455dac05ac67d
/home/ali/projects/RoboLab/output/v1_cosmos_contrastive/RubiksCubeLeftOfBowlMatchedTask/predicted_chunks/episode_007/chunk_002/metadata.json,883,b379f197caffccd16744acdf6581213fb060438f76d73bb11b3614c96f54b8c5
/home/ali/projects/RoboLab/output/v1_cosmos_contrastive/RubiksCubeLeftOfBowlMatchedTask/predicted_chunks/episode_007/chunk_003/action.npy,1152,23ff95ff53a729cae8d99ed62866cf130ce332bc0d0cce4dcbc3f90f21040a6f
/home/ali/projects/RoboLab/output/v1_cosmos_contrastive/RubiksCubeLeftOfBowlMatchedTask/predicted_chunks/episode_007/chunk_003/conditioning.png,557118,010946838cb1b5af192f1a61a1c6251559e7c81fb0bbe6f689478c535f3b6850
/home/ali/projects/RoboLab/output/v1_cosmos_contrastive/RubiksCubeLeftOfBowlMatchedTask/predicted_chunks/episode_007/chunk_003/future.mp4,484852,42ba20ff9312dc10d2ba979f31668db73d2536cb8e41381f9a393ddb7b658679
/home/ali/projects/RoboLab/output/v1_cosmos_contrastive/RubiksCubeLeftOfBowlMatchedTask/predicted_chunks/episode_007/chunk_003/metadata.json,900,68e3e45131785a5e7380aac8056cbd46e2457921754150e6d1bb3887ddcb1086
/home/ali/projects/RoboLab/output/v1_cosmos_contrastive/RubiksCubeLeftOfBowlMatchedTask/predicted_chunks/episode_007/chunk_004/action.npy,1152,c96cc70a7c0e359f31374c6a6f6a5cbe1569e82e8ecdefccfad47451a91eae24
/home/ali/projects/RoboLab/output/v1_cosmos_contrastive/RubiksCubeLeftOfBowlMatchedTask/predicted_chunks/episode_007/chunk_004/conditioning.png,527840,9806f7adc0782dbb5836d2cead54c90b6ab74f2012948e0a30093e3973d42d9d
/home/ali/projects/RoboLab/output/v1_cosmos_contrastive/RubiksCubeLeftOfBowlMatchedTask/predicted_chunks/episode_007/chunk_004/future.mp4,433987,701fd6a5a86f236772b4239fbd7bfef437eb8e77bf1bd56ee6381b0e02372865
/home/ali/projects/RoboLab/output/v1_cosmos_contrastive/RubiksCubeLeftOfBowlMatchedTask/predicted_chunks/episode_007/chunk_004/metadata.json,903,339659cb7961b3b79baeb28a6eb659403bf6eb785d7911cbc80c0b4ca4eb2320
/home/ali/projects/RoboLab/output/v1_cosmos_contrastive/RubiksCubeLeftOfBowlMatchedTask/predicted_chunks/episode_007/chunk_005/action.npy,1152,a76d594564863bca953f8de759780260ee3f938da7145d19206aadafbccd5c17
/home/ali/projects/RoboLab/output/v1_cosmos_contrastive/RubiksCubeLeftOfBowlMatchedTask/predicted_chunks/episode_007/chunk_005/conditioning.png,525649,5015a8677a37df4786fee70f60e0339c14116b99fc46def9bbc2b8a9965d17cd
/home/ali/projects/RoboLab/output/v1_cosmos_contrastive/RubiksCubeLeftOfBowlMatchedTask/predicted_chunks/episode_007/chunk_005/future.mp4,472004,afd8424571d4d242e58db73b327ba98017f41e546048fc2e4ec8707d6e8cc4ef
/home/ali/projects/RoboLab/output/v1_cosmos_contrastive/RubiksCubeLeftOfBowlMatchedTask/predicted_chunks/episode_007/chunk_005/metadata.json,881,f19799e1404659218a70e5ce00cbbaf5715bd4fcc116b21ff46383319819c0e3
/home/ali/projects/RoboLab/output/v1_cosmos_contrastive/RubiksCubeLeftOfBowlMatchedTask/predicted_chunks/episode_007/chunk_006/action.npy,1152,9d5950ccd346464c63299993ae32440f6d654c162fa17ead2deda3fc581109c8
/home/ali/projects/RoboLab/output/v1_cosmos_contrastive/RubiksCubeLeftOfBowlMatchedTask/predicted_chunks/episode_007/chunk_006/conditioning.png,525176,4a594b05e8dcbd26c8f5dba36e694306d3e256714772c81fc8b1cb2ff8b105c3
/home/ali/projects/RoboLab/output/v1_cosmos_contrastive/RubiksCubeLeftOfBowlMatchedTask/predicted_chunks/episode_007/chunk_006/future.mp4,366445,b8cde0c9c32fb86fe6847b60a14ec98a1d793981afbfea706262e9b42a449a0e
/home/ali/projects/RoboLab/output/v1_cosmos_contrastive/RubiksCubeLeftOfBowlMatchedTask/predicted_chunks/episode_007/chunk_006/metadata.json,899,66f0028e808e0b1caa03a2f657acfd3047034d64b940635f90b369f29a9b62a1
/home/ali/projects/RoboLab/output/v1_cosmos_contrastive/RubiksCubeLeftOfBowlMatchedTask/predicted_chunks/episode_007/chunk_007/action.npy,1152,98febda1eac8bfd7b4f21d98c16ebcb3821098490d62df8f302ca5c86c97a2ab
/home/ali/projects/RoboLab/output/v1_cosmos_contrastive/RubiksCubeLeftOfBowlMatchedTask/predicted_chunks/episode_007/chunk_007/conditioning.png,520411,ae200d08290a18feb1da82b5765fe07e8ca9ae4289b63755a9dbdcd5a3b335d4
/home/ali/projects/RoboLab/output/v1_cosmos_contrastive/RubiksCubeLeftOfBowlMatchedTask/predicted_chunks/episode_007/chunk_007/future.mp4,408953,61a406f433205036919f7b2d0060aad64f211e2a3e7774dda5c1e41d934ffb40
/home/ali/projects/RoboLab/output/v1_cosmos_contrastive/RubiksCubeLeftOfBowlMatchedTask/predicted_chunks/episode_007/chunk_007/metadata.json,896,896f310f75d5de4475036a636dc1de7f9305cc95573ab276a693151d17baf59b
/home/ali/projects/RoboLab/output/v1_cosmos_contrastive/RubiksCubeLeftOfBowlMatchedTask/predicted_chunks/episode_007/chunk_008/action.npy,1152,35dd779499fcd3cd6da535756c9c0c1b33f464c329ec05965d1b5a7d91b37728
/home/ali/projects/RoboLab/output/v1_cosmos_contrastive/RubiksCubeLeftOfBowlMatchedTask/predicted_chunks/episode_007/chunk_008/conditioning.png,528580,932719548fba9a28c523508c091ba7cba3c3549713f2e993ad135e63259081f2
/home/ali/projects/RoboLab/output/v1_cosmos_contrastive/RubiksCubeLeftOfBowlMatchedTask/predicted_chunks/episode_007/chunk_008/future.mp4,387486,21ab592e4b12847a0d96341016d828c28a66b8390fe881c1e72fa3d18a117507
/home/ali/projects/RoboLab/output/v1_cosmos_contrastive/RubiksCubeLeftOfBowlMatchedTask/predicted_chunks/episode_007/chunk_008/metadata.json,896,1d74b9e6938f9c34ebfd4630fe9caf28b76a37ba280953fbeed542d3f3e265a8
/home/ali/projects/RoboLab/output/v1_cosmos_contrastive/RubiksCubeLeftOfBowlMatchedTask/predicted_chunks/episode_007/chunk_009/action.npy,1152,921c2a1a05847a17dcc40ea6016570cfdbc557098c12ff1437e6762da082cf20
/home/ali/projects/RoboLab/output/v1_cosmos_contrastive/RubiksCubeLeftOfBowlMatchedTask/predicted_chunks/episode_007/chunk_009/conditioning.png,521196,2644ed5c9bd169c33a01d9b1ded931d777b86efc2f5a4e8e4bc4467157479631
/home/ali/projects/RoboLab/output/v1_cosmos_contrastive/RubiksCubeLeftOfBowlMatchedTask/predicted_chunks/episode_007/chunk_009/future.mp4,465087,75987a6d8f6ca33cfa25bcc2676fd97f1598b54bfccd0408013c34ab281549bc
/home/ali/projects/RoboLab/output/v1_cosmos_contrastive/RubiksCubeLeftOfBowlMatchedTask/predicted_chunks/episode_007/chunk_009/metadata.json,894,f2e4d83720dd79ccc9ebff3eef4b411618171f0d9792bc472776c11d1f03dd4f
/home/ali/projects/RoboLab/output/v1_cosmos_contrastive/RubiksCubeLeftOfBowlMatchedTask/predicted_chunks/episode_007/chunk_010/action.npy,1152,116e5b63912a357e14f60f18326aeb6b12d43ed9717a282dee59ed07da3d3185
/home/ali/projects/RoboLab/output/v1_cosmos_contrastive/RubiksCubeLeftOfBowlMatchedTask/predicted_chunks/episode_007/chunk_010/conditioning.png,539746,d5e2058c510361cb519fb606c15f0194eb8d5b3df8baa67c0b33d2d3396af7ba
/home/ali/projects/RoboLab/output/v1_cosmos_contrastive/RubiksCubeLeftOfBowlMatchedTask/predicted_chunks/episode_007/chunk_010/future.mp4,478950,2f67ae17589221717baa98429cc5ce6d3b8b6ca4722532df05e71065118d53ff
/home/ali/projects/RoboLab/output/v1_cosmos_contrastive/RubiksCubeLeftOfBowlMatchedTask/predicted_chunks/episode_007/chunk_010/metadata.json,897,a6bfe5c57e1922ade3f65d9d86544d5b8b8e6c2bd6948c8f85d9190270937d7d
/home/ali/projects/RoboLab/output/v1_cosmos_contrastive/RubiksCubeLeftOfBowlMatchedTask/predicted_chunks/episode_007/chunk_011/action.npy,1152,499a48f1a85269d6ee518a3d639a5f9533058cb70f61e11026f56d26689c9074
/home/ali/projects/RoboLab/output/v1_cosmos_contrastive/RubiksCubeLeftOfBowlMatchedTask/predicted_chunks/episode_007/chunk_011/conditioning.png,539101,2df01a845df5ab0c8932aca524a91c80dba9dc55830a984cf43b19fb47f4c009
/home/ali/projects/RoboLab/output/v1_cosmos_contrastive/RubiksCubeLeftOfBowlMatchedTask/predicted_chunks/episode_007/chunk_011/future.mp4,530122,3ff3bdda6ca7264d1f96aae00a1d2ed2186463276c80bb9e9d87e9eb1dd8263a
/home/ali/projects/RoboLab/output/v1_cosmos_contrastive/RubiksCubeLeftOfBowlMatchedTask/predicted_chunks/episode_007/chunk_011/metadata.json,897,14063c75f74db15ab8e50cefa0d7dc6ac171f5c5a2874fad0576a39919667a36
/home/ali/projects/RoboLab/output/v1_cosmos_contrastive/RubiksCubeLeftOfBowlMatchedTask/predicted_chunks/episode_007/chunk_012/action.npy,1152,efa0c96057da64f84e95c1f87914df92a02443f8d6672c9d817923fc43e94cc1
/home/ali/projects/RoboLab/output/v1_cosmos_contrastive/RubiksCubeLeftOfBowlMatchedTask/predicted_chunks/episode_007/chunk_012/conditioning.png,553790,e711bd25e5b490d5fc3c468f1cedcceb7e8f2d38ceb1bdf13aaf1d4a4a612339
/home/ali/projects/RoboLab/output/v1_cosmos_contrastive/RubiksCubeLeftOfBowlMatchedTask/predicted_chunks/episode_007/chunk_012/future.mp4,506110,4ab8726cf6a59a86028b7bbe41cc0e08fd917aa5f92f268b0d8d2c4fdffecff7
/home/ali/projects/RoboLab/output/v1_cosmos_contrastive/RubiksCubeLeftOfBowlMatchedTask/predicted_chunks/episode_007/chunk_012/metadata.json,898,78687e3c775dbc06a1dee04b088e8b4c703487d817670beed00c7477eefe40a2
/home/ali/projects/RoboLab/output/v1_cosmos_contrastive/RubiksCubeLeftOfBowlMatchedTask/predicted_chunks/episode_007/chunk_013/action.npy,1152,d5a24b8e00b6f8c11723be3b4a01f3d3eb4463e27c11112f71ad6309aa65626e
/home/ali/projects/RoboLab/output/v1_cosmos_contrastive/RubiksCubeLeftOfBowlMatchedTask/predicted_chunks/episode_007/chunk_013/conditioning.png,500226,9bc692bb9a5e18f04d186d9868083215a952320c8f3559d229053575875f9a9a
/home/ali/projects/RoboLab/output/v1_cosmos_contrastive/RubiksCubeLeftOfBowlMatchedTask/predicted_chunks/episode_007/chunk_013/future.mp4,492213,09039ba22e7c7351808b67a07ae4eec44f9b001c6a311f728b111ece77b9a655
/home/ali/projects/RoboLab/output/v1_cosmos_contrastive/RubiksCubeLeftOfBowlMatchedTask/predicted_chunks/episode_007/chunk_013/metadata.json,883,6488af0603ba8dc25cc2a941313f2fd17f1615e9bbc787b7657645c8d7753ccf
/home/ali/projects/RoboLab/output/v1_cosmos_contrastive/RubiksCubeLeftOfBowlMatchedTask/predicted_chunks/episode_007/chunk_014/action.npy,1152,ce096f28af0c39b06e4219f43fda10be9312b3c1088b2deedbfacedbba5ab634
/home/ali/projects/RoboLab/output/v1_cosmos_contrastive/RubiksCubeLeftOfBowlMatchedTask/predicted_chunks/episode_007/chunk_014/conditioning.png,491220,71aa9a903418e91ffecec64fc7bbdbe4decd1745cc4a0161601bc47af45cfbd1
/home/ali/projects/RoboLab/output/v1_cosmos_contrastive/RubiksCubeLeftOfBowlMatchedTask/predicted_chunks/episode_007/chunk_014/future.mp4,399445,9c76005c0d4e4ca2cac9963d2be9b64c24fbed2e0420a57af693afee29b5646a
/home/ali/projects/RoboLab/output/v1_cosmos_contrastive/RubiksCubeLeftOfBowlMatchedTask/predicted_chunks/episode_007/chunk_014/metadata.json,887,29f458cfc77bc7c7da1f58c09b95a7d46f7cdce315c9851eef180998c43182d2
/home/ali/projects/RoboLab/output/v1_cosmos_contrastive/RubiksCubeLeftOfBowlMatchedTask/predicted_chunks/episode_008/chunk_000/action.npy,1152,62a3263de7c914a141165d715cba6f3c553a6a7961e250905874ee6575aab8f8
/home/ali/projects/RoboLab/output/v1_cosmos_contrastive/RubiksCubeLeftOfBowlMatchedTask/predicted_chunks/episode_008/chunk_000/conditioning.png,568552,b69fda934c92dbbd5cce3c2533e88947f21c7e6fedfea26e237f7b9878bfd96d
/home/ali/projects/RoboLab/output/v1_cosmos_contrastive/RubiksCubeLeftOfBowlMatchedTask/predicted_chunks/episode_008/chunk_000/future.mp4,496310,a506191648dbab79e8ae482449fa601c466ba8e11d5077364f52aaaff6b8c767
/home/ali/projects/RoboLab/output/v1_cosmos_contrastive/RubiksCubeLeftOfBowlMatchedTask/predicted_chunks/episode_008/chunk_000/metadata.json,816,f3f4308973567f532afdc7bbefc8b6a8880e38aef9350bf9657048ca9d0a9422
/home/ali/projects/RoboLab/output/v1_cosmos_contrastive/RubiksCubeLeftOfBowlMatchedTask/predicted_chunks/episode_008/chunk_001/action.npy,1152,0a92688a1273061efc25ba3af2311352ed85f0dc9f2506d5c9b5f4f5c2ee32b0
/home/ali/projects/RoboLab/output/v1_cosmos_contrastive/RubiksCubeLeftOfBowlMatchedTask/predicted_chunks/episode_008/chunk_001/conditioning.png,562782,6a38f6893da96b65e0eb3da496972ef40b6d36f06617590c33313d755a73a3c4
/home/ali/projects/RoboLab/output/v1_cosmos_contrastive/RubiksCubeLeftOfBowlMatchedTask/predicted_chunks/episode_008/chunk_001/future.mp4,444602,8dff1972f92d57bb5033886b989eda322fb80958b863013eb507cffa0ffd8f14
/home/ali/projects/RoboLab/output/v1_cosmos_contrastive/RubiksCubeLeftOfBowlMatchedTask/predicted_chunks/episode_008/chunk_001/metadata.json,899,15039a04ff9464d9e332a5f663ff0ddaf3444aae4f749ae3505f23050bab3e85
/home/ali/projects/RoboLab/output/v1_cosmos_contrastive/RubiksCubeLeftOfBowlMatchedTask/predicted_chunks/episode_008/chunk_002/action.npy,1152,df401b45af97862b61d7a938b4baebcfda90f27ece7603edb10a098f39375639
/home/ali/projects/RoboLab/output/v1_cosmos_contrastive/RubiksCubeLeftOfBowlMatchedTask/predicted_chunks/episode_008/chunk_002/conditioning.png,554223,4b90d807e50085d69b06b168a9634964209f9d22e9bfa50db62ca8566bd468a6
/home/ali/projects/RoboLab/output/v1_cosmos_contrastive/RubiksCubeLeftOfBowlMatchedTask/predicted_chunks/episode_008/chunk_002/future.mp4,542447,46cdc03f17f3bba19b1e48153474489423c41da98955c3d349f6cfc1c63dae72
/home/ali/projects/RoboLab/output/v1_cosmos_contrastive/RubiksCubeLeftOfBowlMatchedTask/predicted_chunks/episode_008/chunk_002/metadata.json,883,7c4ac8cafca39608454c0a48593fd3fae21e99c5359198f9d03ba003c247415e
/home/ali/projects/RoboLab/output/v1_cosmos_contrastive/RubiksCubeLeftOfBowlMatchedTask/predicted_chunks/episode_008/chunk_003/action.npy,1152,06c0051b0736e68e0dcc0dcdce9a68ec5e3f5afac9d439931dc74195592a4188
/home/ali/projects/RoboLab/output/v1_cosmos_contrastive/RubiksCubeLeftOfBowlMatchedTask/predicted_chunks/episode_008/chunk_003/conditioning.png,566518,7d47b8c2f9b908afd005dccf3883812098d921a674183ae03a7f14e41782f186
/home/ali/projects/RoboLab/output/v1_cosmos_contrastive/RubiksCubeLeftOfBowlMatchedTask/predicted_chunks/episode_008/chunk_003/future.mp4,527260,d07441e6ce4e367d218a69078a6ff5e88ce6c3e5ce3d396c70e91906cc305e52
/home/ali/projects/RoboLab/output/v1_cosmos_contrastive/RubiksCubeLeftOfBowlMatchedTask/predicted_chunks/episode_008/chunk_003/metadata.json,899,dfcb8bb059b1673dd603c408e4da15c40a2c50a7cf720c3d4f5e01b571f3ad49
/home/ali/projects/RoboLab/output/v1_cosmos_contrastive/RubiksCubeLeftOfBowlMatchedTask/predicted_chunks/episode_008/chunk_004/action.npy,1152,67d4d84330aeb54af411657a3c60ec77afd079a2b3c06346661f3c62f28cda99
/home/ali/projects/RoboLab/output/v1_cosmos_contrastive/RubiksCubeLeftOfBowlMatchedTask/predicted_chunks/episode_008/chunk_004/conditioning.png,544821,fd9459613cf41a6cb8d0c7e8fd6e66a8c4b64a6a392edb5dc803a4729c46f832
/home/ali/projects/RoboLab/output/v1_cosmos_contrastive/RubiksCubeLeftOfBowlMatchedTask/predicted_chunks/episode_008/chunk_004/future.mp4,482431,2aad2878d28975d2b02fa1eacb7ce655ecf47e57f451b49392a4fe46c95cc49c
/home/ali/projects/RoboLab/output/v1_cosmos_contrastive/RubiksCubeLeftOfBowlMatchedTask/predicted_chunks/episode_008/chunk_004/metadata.json,899,4afe3ffbe26706fe6e6419d2bd85cab6f3365f36efa2f7f7ca4b25562acbe093
/home/ali/projects/RoboLab/output/v1_cosmos_contrastive/RubiksCubeLeftOfBowlMatchedTask/predicted_chunks/episode_008/chunk_005/action.npy,1152,0c4442ab4100b1c00785917ea0b21362c5eb7aea8917c74e95dba4fafc880841
/home/ali/projects/RoboLab/output/v1_cosmos_contrastive/RubiksCubeLeftOfBowlMatchedTask/predicted_chunks/episode_008/chunk_005/conditioning.png,543114,579828de7bbdff48fb9ac7a24ae42ebe3c479f812be8a5d6c4159a869ee10c7e
/home/ali/projects/RoboLab/output/v1_cosmos_contrastive/RubiksCubeLeftOfBowlMatchedTask/predicted_chunks/episode_008/chunk_005/future.mp4,381102,960301cff81d6a26b41861df9cb32bf1624600ea7886ded0168d285bcb9ee3bd
/home/ali/projects/RoboLab/output/v1_cosmos_contrastive/RubiksCubeLeftOfBowlMatchedTask/predicted_chunks/episode_008/chunk_005/metadata.json,882,10d2bb41232b7b87162037c066942d658f83fbf2199bed63186120f92be32a5a
/home/ali/projects/RoboLab/output/v1_cosmos_contrastive/RubiksCubeLeftOfBowlMatchedTask/predicted_chunks/episode_008/chunk_006/action.npy,1152,5bfb81d9056c0442d1a49ba1a521887d407aac5be692c53d0dd4597979408ac5
/home/ali/projects/RoboLab/output/v1_cosmos_contrastive/RubiksCubeLeftOfBowlMatchedTask/predicted_chunks/episode_008/chunk_006/conditioning.png,529194,2adade395cdb826dd58257082099bd60a8fd17324b8ca5623f2b85649f475583
/home/ali/projects/RoboLab/output/v1_cosmos_contrastive/RubiksCubeLeftOfBowlMatchedTask/predicted_chunks/episode_008/chunk_006/future.mp4,392994,ef159b5b4a0d717d9d6e38de62d434e92850f9f3c6b5cf1096bed44a53826a53
/home/ali/projects/RoboLab/output/v1_cosmos_contrastive/RubiksCubeLeftOfBowlMatchedTask/predicted_chunks/episode_008/chunk_006/metadata.json,899,0015044fbe3396378c6223ae4e836f191a12870d812356e2357a676f8fdf45ee
/home/ali/projects/RoboLab/output/v1_cosmos_contrastive/RubiksCubeLeftOfBowlMatchedTask/predicted_chunks/episode_008/chunk_007/action.npy,1152,08ca1d2d38d0d0d9d926805585a83ad223592558c6bf5888aa5679ab8e54eb60
/home/ali/projects/RoboLab/output/v1_cosmos_contrastive/RubiksCubeLeftOfBowlMatchedTask/predicted_chunks/episode_008/chunk_007/conditioning.png,551503,aff7943e14f81e788fa8a21009c8d7ec589a486c372969e7b2de3f423517b66a
/home/ali/projects/RoboLab/output/v1_cosmos_contrastive/RubiksCubeLeftOfBowlMatchedTask/predicted_chunks/episode_008/chunk_007/future.mp4,441279,a937801b82d5cfd7bc61e2371612379eb9cb6d3ad64b4b48a4502c72cae8b5c0
/home/ali/projects/RoboLab/output/v1_cosmos_contrastive/RubiksCubeLeftOfBowlMatchedTask/predicted_chunks/episode_008/chunk_007/metadata.json,902,a82654e7a36c736818bea462fea6304c01c7632dc48a2d1853fc951ca753962e
/home/ali/projects/RoboLab/output/v1_cosmos_contrastive/RubiksCubeLeftOfBowlMatchedTask/predicted_chunks/episode_008/chunk_008/action.npy,1152,775c34d7a1fd07f20ec3d2f769f9c3565dce5efb78d2654f288020f6dfedc1d4
/home/ali/projects/RoboLab/output/v1_cosmos_contrastive/RubiksCubeLeftOfBowlMatchedTask/predicted_chunks/episode_008/chunk_008/conditioning.png,518618,60ab671abfbe0a78ce8039899f3d96cf701cb1015c5d086bb56df5feeea89317
/home/ali/projects/RoboLab/output/v1_cosmos_contrastive/RubiksCubeLeftOfBowlMatchedTask/predicted_chunks/episode_008/chunk_008/future.mp4,424048,41fa60ea9179fc58ab97a8250c5e32327b33c0c4cf568dec678fff25dbbcbba5
/home/ali/projects/RoboLab/output/v1_cosmos_contrastive/RubiksCubeLeftOfBowlMatchedTask/predicted_chunks/episode_008/chunk_008/metadata.json,901,c96c4f834a1a7e8a588eee6c195db3f83ce64479983a8cc092b07f850da9e9e8
/home/ali/projects/RoboLab/output/v1_cosmos_contrastive/RubiksCubeLeftOfBowlMatchedTask/predicted_chunks/episode_008/chunk_009/action.npy,1152,b5ea1dc20bcca33d255ca5ad8a4dc88f998b497b47306b3b75a666c14f52d294
/home/ali/projects/RoboLab/output/v1_cosmos_contrastive/RubiksCubeLeftOfBowlMatchedTask/predicted_chunks/episode_008/chunk_009/conditioning.png,564107,d357956b72bb24f05e90dafc99dce0f53700a840a6d70b10e0c416efb7c5d5bb
/home/ali/projects/RoboLab/output/v1_cosmos_contrastive/RubiksCubeLeftOfBowlMatchedTask/predicted_chunks/episode_008/chunk_009/future.mp4,541138,52418ab818cac25ec190cd2a71d8f97df413f045a1e058b2dcbbd4c052bbf733
/home/ali/projects/RoboLab/output/v1_cosmos_contrastive/RubiksCubeLeftOfBowlMatchedTask/predicted_chunks/episode_008/chunk_009/metadata.json,902,625daf94671c8157fe737434a965d2a0c1cd1b35845fb80b589c372231f246a6
/home/ali/projects/RoboLab/output/v1_cosmos_contrastive/RubiksCubeLeftOfBowlMatchedTask/predicted_chunks/episode_008/chunk_010/action.npy,1152,f835ae391d1a8c8b99b1abb4526cbdf647320d695cfd694923f65f3f773686e1
/home/ali/projects/RoboLab/output/v1_cosmos_contrastive/RubiksCubeLeftOfBowlMatchedTask/predicted_chunks/episode_008/chunk_010/conditioning.png,555460,7d8d279938e4c3410a7734dfcf1540d0a92165ba8d18b437eb01484975a2a97b
/home/ali/projects/RoboLab/output/v1_cosmos_contrastive/RubiksCubeLeftOfBowlMatchedTask/predicted_chunks/episode_008/chunk_010/future.mp4,485035,2ffc21c1e4319222050b359107ddd0276c238e756aba51c5307e66e7da628482
/home/ali/projects/RoboLab/output/v1_cosmos_contrastive/RubiksCubeLeftOfBowlMatchedTask/predicted_chunks/episode_008/chunk_010/metadata.json,885,7944051f981d4491eb625ad5298f3f73f922fcf33690722cb5429594308e1391
/home/ali/projects/RoboLab/output/v1_cosmos_contrastive/RubiksCubeLeftOfBowlMatchedTask/predicted_chunks/episode_008/chunk_011/action.npy,1152,cbe413dbcbc35604687751e2d258e5c447f4b38878b68f8fea40c12c50035f84
/home/ali/projects/RoboLab/output/v1_cosmos_contrastive/RubiksCubeLeftOfBowlMatchedTask/predicted_chunks/episode_008/chunk_011/conditioning.png,569252,29fe873329f74ac85b9346492e0f201c59ca7a631402bafdfef504b30a3c9b81
/home/ali/projects/RoboLab/output/v1_cosmos_contrastive/RubiksCubeLeftOfBowlMatchedTask/predicted_chunks/episode_008/chunk_011/future.mp4,545377,3b76c065aa02e7c8958bd2b73eabccadb5e4e649f5b8c54514e3cae40a5aa578
/home/ali/projects/RoboLab/output/v1_cosmos_contrastive/RubiksCubeLeftOfBowlMatchedTask/predicted_chunks/episode_008/chunk_011/metadata.json,898,b86e524548abd15ddac649b776a8108845b09280a30407f545fe8e1c270007e2
/home/ali/projects/RoboLab/output/v1_cosmos_contrastive/RubiksCubeLeftOfBowlMatchedTask/predicted_chunks/episode_008/chunk_012/action.npy,1152,301379f7ec20322ecbe449325ade64d6c0e3d85e97dd4ad4f5b865b184489bd2
/home/ali/projects/RoboLab/output/v1_cosmos_contrastive/RubiksCubeLeftOfBowlMatchedTask/predicted_chunks/episode_008/chunk_012/conditioning.png,555639,4ea3ebbc8de13a5f40bde0ada56ba1b72eadbb63e3d792fee42ede311c07d0f3
/home/ali/projects/RoboLab/output/v1_cosmos_contrastive/RubiksCubeLeftOfBowlMatchedTask/predicted_chunks/episode_008/chunk_012/future.mp4,433841,6bfd4f79f40d8cf28252a8bd70ade455b40b04c6a851b4940921098e0ebd13af
/home/ali/projects/RoboLab/output/v1_cosmos_contrastive/RubiksCubeLeftOfBowlMatchedTask/predicted_chunks/episode_008/chunk_012/metadata.json,899,caf7f19691ad03065c5796b8f729991bef0507a8e7ba2aa6246a3b20e766ba97
/home/ali/projects/RoboLab/output/v1_cosmos_contrastive/RubiksCubeLeftOfBowlMatchedTask/predicted_chunks/episode_008/chunk_013/action.npy,1152,c93b280a009c053c6c8acf464a67db8aed915bad1ae293980e1d4b936a7b9fd2
/home/ali/projects/RoboLab/output/v1_cosmos_contrastive/RubiksCubeLeftOfBowlMatchedTask/predicted_chunks/episode_008/chunk_013/conditioning.png,557166,49462db8d88d3d906ee3172742e6d27e9a01c5c9f4af8fbc95572b2930b71775
/home/ali/projects/RoboLab/output/v1_cosmos_contrastive/RubiksCubeLeftOfBowlMatchedTask/predicted_chunks/episode_008/chunk_013/future.mp4,470588,bb846abade6775880de1a051bd81b1693a4a0c2d098e389879b7a4a1ae89f80f
/home/ali/projects/RoboLab/output/v1_cosmos_contrastive/RubiksCubeLeftOfBowlMatchedTask/predicted_chunks/episode_008/chunk_013/metadata.json,885,f42012666a133b15d2f5bafc86880f1a8c5d5daf7cdefc530df48029a584ef9e
/home/ali/projects/RoboLab/output/v1_cosmos_contrastive/RubiksCubeLeftOfBowlMatchedTask/predicted_chunks/episode_008/chunk_014/action.npy,1152,a2b89da04257e25176cdfcc624b410fdbb183d34f512e90980a2dde174f44563
/home/ali/projects/RoboLab/output/v1_cosmos_contrastive/RubiksCubeLeftOfBowlMatchedTask/predicted_chunks/episode_008/chunk_014/conditioning.png,520147,eee96a9be50281154c3ffae8e738c1d64cd099ca01fa213c1479909359f80002
/home/ali/projects/RoboLab/output/v1_cosmos_contrastive/RubiksCubeLeftOfBowlMatchedTask/predicted_chunks/episode_008/chunk_014/future.mp4,511244,fb2cc5d826bf619a7918fb21f4d44794015d7b2da9e52489c27c832a769a0831
/home/ali/projects/RoboLab/output/v1_cosmos_contrastive/RubiksCubeLeftOfBowlMatchedTask/predicted_chunks/episode_008/chunk_014/metadata.json,884,e9116630218122a330853a12db8ab9b0da74ad9e4e25135e8c87bdcd996b5cfb
/home/ali/projects/RoboLab/output/v1_cosmos_contrastive/RubiksCubeLeftOfBowlMatchedTask/predicted_chunks/episode_009/chunk_000/action.npy,1152,cfd655a9c192aeec5143d4daa404677ffed48aa7b7c8bbcee753cd5c182639fa
/home/ali/projects/RoboLab/output/v1_cosmos_contrastive/RubiksCubeLeftOfBowlMatchedTask/predicted_chunks/episode_009/chunk_000/conditioning.png,573936,19fe2bf6086522f2375307df0cf7b89871dcb371d439b15dd796e3f7558b8f73
/home/ali/projects/RoboLab/output/v1_cosmos_contrastive/RubiksCubeLeftOfBowlMatchedTask/predicted_chunks/episode_009/chunk_000/future.mp4,490269,04a256f9ced80f89c5eb887e65b3173d73b2e2316d344359b75465fb12d29cd8
/home/ali/projects/RoboLab/output/v1_cosmos_contrastive/RubiksCubeLeftOfBowlMatchedTask/predicted_chunks/episode_009/chunk_000/metadata.json,816,9f6d20e3497f1542fcb0ff57d484985602e4a2e4774987efa9ecd5dbaa8baf1e
/home/ali/projects/RoboLab/output/v1_cosmos_contrastive/RubiksCubeLeftOfBowlMatchedTask/predicted_chunks/episode_009/chunk_001/action.npy,1152,ee53da5c2c41e1bde3f999544a303a017c76c0ddbd29507f1e1278f7033ec206
/home/ali/projects/RoboLab/output/v1_cosmos_contrastive/RubiksCubeLeftOfBowlMatchedTask/predicted_chunks/episode_009/chunk_001/conditioning.png,563705,48a357b03f9829c9ee4dbd27bfaeb17e540ffa729223c135e5af5f51ee9abab0
/home/ali/projects/RoboLab/output/v1_cosmos_contrastive/RubiksCubeLeftOfBowlMatchedTask/predicted_chunks/episode_009/chunk_001/future.mp4,431347,7f881472c1efa91232a4d611fa46efc0202b41a8942f4ea6a19086d558c1707e
/home/ali/projects/RoboLab/output/v1_cosmos_contrastive/RubiksCubeLeftOfBowlMatchedTask/predicted_chunks/episode_009/chunk_001/metadata.json,899,238bf1b605e4c8b1a6cb4ba92206e7ca95973a8452189632ede73546b0f4b3ee
/home/ali/projects/RoboLab/output/v1_cosmos_contrastive/RubiksCubeLeftOfBowlMatchedTask/predicted_chunks/episode_009/chunk_002/action.npy,1152,84c46526835e8e4dbb196f8498b8d23f614c930e4fa2354cdca1095742231a16
/home/ali/projects/RoboLab/output/v1_cosmos_contrastive/RubiksCubeLeftOfBowlMatchedTask/predicted_chunks/episode_009/chunk_002/conditioning.png,553144,0e68110e0a8c4c9cd004b0e712076ff568c02803f4dceaea60d0d7ef23e40df1
/home/ali/projects/RoboLab/output/v1_cosmos_contrastive/RubiksCubeLeftOfBowlMatchedTask/predicted_chunks/episode_009/chunk_002/future.mp4,593140,3690d4e941313b15ad1a30635e104250f760ab9d369b77e1e64d4f366594133f
/home/ali/projects/RoboLab/output/v1_cosmos_contrastive/RubiksCubeLeftOfBowlMatchedTask/predicted_chunks/episode_009/chunk_002/metadata.json,898,3751ba49833f51137d219f928aa2e94c8c7ed7ee9270e97a8f630ce33fe543f1
/home/ali/projects/RoboLab/output/v1_cosmos_contrastive/RubiksCubeLeftOfBowlMatchedTask/predicted_chunks/episode_009/chunk_003/action.npy,1152,e578dcb4ea84f40e8726fdb7cf7d18354b126eba0fd3c249e4ad37d0b259e6b0
/home/ali/projects/RoboLab/output/v1_cosmos_contrastive/RubiksCubeLeftOfBowlMatchedTask/predicted_chunks/episode_009/chunk_003/conditioning.png,544841,2ca13e49ddf05b3179b2110526f217adcd884969a1f216c506cfa6d9e76739d6
/home/ali/projects/RoboLab/output/v1_cosmos_contrastive/RubiksCubeLeftOfBowlMatchedTask/predicted_chunks/episode_009/chunk_003/future.mp4,634782,ec67889be4b05e42bab0be5a6f0bdb33c4a1a46d915d25dba51206d56182af8d
/home/ali/projects/RoboLab/output/v1_cosmos_contrastive/RubiksCubeLeftOfBowlMatchedTask/predicted_chunks/episode_009/chunk_003/metadata.json,902,76042ec66ef3328ced7c15e484794118bb7226eacdf71c8423e0909d0a136f2c
/home/ali/projects/RoboLab/output/v1_cosmos_contrastive/RubiksCubeLeftOfBowlMatchedTask/predicted_chunks/episode_009/chunk_004/action.npy,1152,64da2f7265393abe8d246b7bca7fa9ee6e23000c5dfe7ef2f70535bee94dc3af
/home/ali/projects/RoboLab/output/v1_cosmos_contrastive/RubiksCubeLeftOfBowlMatchedTask/predicted_chunks/episode_009/chunk_004/conditioning.png,551972,ecd91b11028f7777c6c31a412c3b9bd5f07ba5e7f05eed98c5fcf69bb96c15a9
/home/ali/projects/RoboLab/output/v1_cosmos_contrastive/RubiksCubeLeftOfBowlMatchedTask/predicted_chunks/episode_009/chunk_004/future.mp4,476921,aac384be5cc9383a7697c0d76f85dc2006a9be9868e694e7e6903077edf70753
/home/ali/projects/RoboLab/output/v1_cosmos_contrastive/RubiksCubeLeftOfBowlMatchedTask/predicted_chunks/episode_009/chunk_004/metadata.json,902,76442a62133d425870ce4abb7923e5853d57aa1962085eeca4c9a1ec3ccb6431
/home/ali/projects/RoboLab/output/v1_cosmos_contrastive/RubiksCubeLeftOfBowlMatchedTask/predicted_chunks/episode_009/chunk_005/action.npy,1152,df7d99f481ad2c6a08022046a00b3ebeecb01d00bd77d97f4e7a6df40b724c75
/home/ali/projects/RoboLab/output/v1_cosmos_contrastive/RubiksCubeLeftOfBowlMatchedTask/predicted_chunks/episode_009/chunk_005/conditioning.png,550283,60c14a0c16939aabafa27ca20f5777c5b28c7974e4c8372f38f172465ebab189
/home/ali/projects/RoboLab/output/v1_cosmos_contrastive/RubiksCubeLeftOfBowlMatchedTask/predicted_chunks/episode_009/chunk_005/future.mp4,535404,7e272c45093e4549d4f62f345c1a1395091ef50816f4d0262673bce90b1394ce
/home/ali/projects/RoboLab/output/v1_cosmos_contrastive/RubiksCubeLeftOfBowlMatchedTask/predicted_chunks/episode_009/chunk_005/metadata.json,883,9fab757fedfa751bcdea61e0499692642801dc13cc314c0032cc61e9d0bbff84
/home/ali/projects/RoboLab/output/v1_cosmos_contrastive/RubiksCubeLeftOfBowlMatchedTask/predicted_chunks/episode_009/chunk_006/action.npy,1152,30d26580d1d44d38b04e1c3e91e912f68a74d89d4a0167c419b5550132c9f0dc
/home/ali/projects/RoboLab/output/v1_cosmos_contrastive/RubiksCubeLeftOfBowlMatchedTask/predicted_chunks/episode_009/chunk_006/conditioning.png,574903,d7a4af224a090e8b8214f40ff82325857410c50337567638f64f8da0face347f
/home/ali/projects/RoboLab/output/v1_cosmos_contrastive/RubiksCubeLeftOfBowlMatchedTask/predicted_chunks/episode_009/chunk_006/future.mp4,611323,37f4f889924b948df68e2df6197041e47cd609ccfbb5f26bc3f87e06efcb4b98
/home/ali/projects/RoboLab/output/v1_cosmos_contrastive/RubiksCubeLeftOfBowlMatchedTask/predicted_chunks/episode_009/chunk_006/metadata.json,904,7368ed0147ee3c841c38ce370b0abb94951a6f24affde2f95fbb64e00f373f8a
/home/ali/projects/RoboLab/output/v1_cosmos_contrastive/RubiksCubeLeftOfBowlMatchedTask/predicted_chunks/episode_009/chunk_007/action.npy,1152,bd969ef8caf219fe00343c186b0a36dd4d4062a78c0b9c854a25a84d25630290
/home/ali/projects/RoboLab/output/v1_cosmos_contrastive/RubiksCubeLeftOfBowlMatchedTask/predicted_chunks/episode_009/chunk_007/conditioning.png,556086,b282f1dc792c348b2420df136db4caabe7d9c9f5f32659737a7c6e89c473b176
/home/ali/projects/RoboLab/output/v1_cosmos_contrastive/RubiksCubeLeftOfBowlMatchedTask/predicted_chunks/episode_009/chunk_007/future.mp4,417577,46378722ebf27fb10a85dd0ce026bdc31febae3fbc79155ff942bde27fc22eca
/home/ali/projects/RoboLab/output/v1_cosmos_contrastive/RubiksCubeLeftOfBowlMatchedTask/predicted_chunks/episode_009/chunk_007/metadata.json,900,ee64b24d81e2f13211e81c4db4dcac92aee11ea6d495a9e2c6a59b02106220bf
/home/ali/projects/RoboLab/output/v1_cosmos_contrastive/RubiksCubeLeftOfBowlMatchedTask/predicted_chunks/episode_009/chunk_008/action.npy,1152,c095bac285badfcf406aa97c8b39484f142ab602bff7792ac107db907a15e1e6
/home/ali/projects/RoboLab/output/v1_cosmos_contrastive/RubiksCubeLeftOfBowlMatchedTask/predicted_chunks/episode_009/chunk_008/conditioning.png,557144,526e9ad0cdf3dfb23738db3e50c59adfa355083489e159ace269baac86d5ae6b
/home/ali/projects/RoboLab/output/v1_cosmos_contrastive/RubiksCubeLeftOfBowlMatchedTask/predicted_chunks/episode_009/chunk_008/future.mp4,544827,072ed5edead610a6c771bed81481f3fe3102d89b61dfd1c524b18a7a8d25f998
/home/ali/projects/RoboLab/output/v1_cosmos_contrastive/RubiksCubeLeftOfBowlMatchedTask/predicted_chunks/episode_009/chunk_008/metadata.json,896,5b8e728a40dc918f8ff2e08025bbcced674ff48523b820f8fba4abcc64925520
/home/ali/projects/RoboLab/output/v1_cosmos_contrastive/RubiksCubeLeftOfBowlMatchedTask/predicted_chunks/episode_009/chunk_009/action.npy,1152,883551e41b844c9b686026e77db4c70fcc787976baac56eb33ea57bb427f1235
/home/ali/projects/RoboLab/output/v1_cosmos_contrastive/RubiksCubeLeftOfBowlMatchedTask/predicted_chunks/episode_009/chunk_009/conditioning.png,554788,ce4a53a4a95733084d27accf03ed7a49bc17ad1324ca55a6fadfeedb5c512dee
/home/ali/projects/RoboLab/output/v1_cosmos_contrastive/RubiksCubeLeftOfBowlMatchedTask/predicted_chunks/episode_009/chunk_009/future.mp4,652417,0ce8b0bbd494b81fa10119d6d116d841c259c31ef3a1d50c179dbaa969d6b585
/home/ali/projects/RoboLab/output/v1_cosmos_contrastive/RubiksCubeLeftOfBowlMatchedTask/predicted_chunks/episode_009/chunk_009/metadata.json,903,9b82a14c02d4483a1e53646183c2b3d9608e269a484e1af68bd5ef8a94b301bc
/home/ali/projects/RoboLab/output/v1_cosmos_contrastive/RubiksCubeLeftOfBowlMatchedTask/predicted_chunks/episode_009/chunk_010/action.npy,1152,d76fbf687e074d754e8e3bce1037ddfc676c9bbb7ce3a1f5463d0524f071d6d0
/home/ali/projects/RoboLab/output/v1_cosmos_contrastive/RubiksCubeLeftOfBowlMatchedTask/predicted_chunks/episode_009/chunk_010/conditioning.png,537505,78774bac065c3ed450c610ba24e5319f7fd5bb3726514278a132413462ed03eb
/home/ali/projects/RoboLab/output/v1_cosmos_contrastive/RubiksCubeLeftOfBowlMatchedTask/predicted_chunks/episode_009/chunk_010/future.mp4,453544,d4d6a2ab491fa6eb88437b8ec628b941ab184a0ce23678e31c8b0dc96cd574df
/home/ali/projects/RoboLab/output/v1_cosmos_contrastive/RubiksCubeLeftOfBowlMatchedTask/predicted_chunks/episode_009/chunk_010/metadata.json,885,f2a7d46b29d7e80edd4ae446a410d733bc7c3ae886818d2f4a3ec7c0aeac56a4
/home/ali/projects/RoboLab/output/v1_cosmos_contrastive/RubiksCubeLeftOfBowlMatchedTask/predicted_chunks/episode_009/chunk_011/action.npy,1152,ffd9eb9a02315ef9c081eb8f920151e1edbd0a76513535436236b0f1b3742366
/home/ali/projects/RoboLab/output/v1_cosmos_contrastive/RubiksCubeLeftOfBowlMatchedTask/predicted_chunks/episode_009/chunk_011/conditioning.png,568443,17f7b28dc46068d80ee7458a7a6a8de647e947e7280af807e7c5d0d771b4e73e
/home/ali/projects/RoboLab/output/v1_cosmos_contrastive/RubiksCubeLeftOfBowlMatchedTask/predicted_chunks/episode_009/chunk_011/future.mp4,571601,4491bb3ef90bc85705397aee0faa583c28c30045898c0cd02e5ce1bf5832a7fd
/home/ali/projects/RoboLab/output/v1_cosmos_contrastive/RubiksCubeLeftOfBowlMatchedTask/predicted_chunks/episode_009/chunk_011/metadata.json,901,dff323db0773f9c533212d27c0aa2f4c024eeaeaa8bc1828c0ff560cf68d10fb
/home/ali/projects/RoboLab/output/v1_cosmos_contrastive/RubiksCubeLeftOfBowlMatchedTask/predicted_chunks/episode_009/chunk_012/action.npy,1152,9ac0362fa3fecaa6af0d4044366ae0128b63bdcc666b23881aceae19fa471594
/home/ali/projects/RoboLab/output/v1_cosmos_contrastive/RubiksCubeLeftOfBowlMatchedTask/predicted_chunks/episode_009/chunk_012/conditioning.png,562334,df1b2054969bdb161e4866bc25610c15fdc904c50c53ffaad872987839b507ad
/home/ali/projects/RoboLab/output/v1_cosmos_contrastive/RubiksCubeLeftOfBowlMatchedTask/predicted_chunks/episode_009/chunk_012/future.mp4,442758,29be559f114661853170459e5c85854e360439e29540ea0d1e63e7729c862030
/home/ali/projects/RoboLab/output/v1_cosmos_contrastive/RubiksCubeLeftOfBowlMatchedTask/predicted_chunks/episode_009/chunk_012/metadata.json,882,2676547099e0506e7a36b3b32211cb51144b2602257fb945b51d12645f8f5126
/home/ali/projects/RoboLab/output/v1_cosmos_contrastive/RubiksCubeLeftOfBowlMatchedTask/predicted_chunks/episode_009/chunk_013/action.npy,1152,9a69107d5df020da9cc9dd7947fc2b913eaf56ceebb38f96e0720c4ca4a8c99c
/home/ali/projects/RoboLab/output/v1_cosmos_contrastive/RubiksCubeLeftOfBowlMatchedTask/predicted_chunks/episode_009/chunk_013/conditioning.png,550812,62572cd1e885c7d6d37761a84513f42dd698a0186b93a7328030653333e873f7
/home/ali/projects/RoboLab/output/v1_cosmos_contrastive/RubiksCubeLeftOfBowlMatchedTask/predicted_chunks/episode_009/chunk_013/future.mp4,473123,cd8ab387733b3c81919a7d7f728509535bd3070ca945de20a330d4d1a039e2ae
/home/ali/projects/RoboLab/output/v1_cosmos_contrastive/RubiksCubeLeftOfBowlMatchedTask/predicted_chunks/episode_009/chunk_013/metadata.json,899,d316c1828537c3ae450261995a52871231fa6990cd0efedd46a0f8921758c0d2
/home/ali/projects/RoboLab/output/v1_cosmos_contrastive/RubiksCubeLeftOfBowlMatchedTask/predicted_chunks/episode_009/chunk_014/action.npy,1152,aa262add5e5e4b17202caa12bd5393e1152a755eccdd01f6e1fea23ecea27d38
/home/ali/projects/RoboLab/output/v1_cosmos_contrastive/RubiksCubeLeftOfBowlMatchedTask/predicted_chunks/episode_009/chunk_014/conditioning.png,556521,121a036b616622957bbaadeece7d1cf82b79a974d4bce147b6dfbd806c248a44
/home/ali/projects/RoboLab/output/v1_cosmos_contrastive/RubiksCubeLeftOfBowlMatchedTask/predicted_chunks/episode_009/chunk_014/future.mp4,670800,1e1afa657b55543219d77db106f63a0a02e1f38d17da8d00fe2e8f8a629afa1b
/home/ali/projects/RoboLab/output/v1_cosmos_contrastive/RubiksCubeLeftOfBowlMatchedTask/predicted_chunks/episode_009/chunk_014/metadata.json,887,b3e9681f93d2ae2125b234e7e0c1d2a35b476e3b66866e370c125c0fcde3196e
/home/ali/projects/RoboLab/output/v1_cosmos_contrastive/RubiksCubeLeftOfBowlMatchedTask/predicted_chunks/manifest.jsonl,112544,c366a98501055e284b6aaf255cd236ee9e3a008388811e4658a386f800fafb8f
/home/ali/projects/RoboLab/output/v1_cosmos_contrastive/RubiksCubeLeftOfBowlMatchedTask/run_0.hdf5,340843,141fded52e17920e156edd44eaca2e40aaa3ec518116532ebdc4cc1e7c3c604c
/home/ali/projects/RoboLab/output/v1_cosmos_contrastive/RubiksCubeLeftOfBowlMatchedTask/run_1.hdf5,304150,b3ebf915bcff9566915acc46f85a459b9967276efc19cbe380b77eebf39e6d95
/home/ali/projects/RoboLab/output/v1_cosmos_contrastive/RubiksCubeLeftOfBowlMatchedTask/run_2.hdf5,348014,6018cd238a818a24e35a3fd7a61d32ba3673bb1b2e875c0d8b54999a4402a72d
/home/ali/projects/RoboLab/output/v1_cosmos_contrastive/RubiksCubeLeftOfBowlMatchedTask/run_3.hdf5,338634,4e3dc0e59721dd3ecbbe2a6fae3df1eaf4f229b5cc4715ba8e2332741a0561ca
/home/ali/projects/RoboLab/output/v1_cosmos_contrastive/RubiksCubeLeftOfBowlMatchedTask/run_4.hdf5,339225,ba458a84379ccc9495c64afba047b4f360710f08d1c82b72b6964dfa95fa20cb
/home/ali/projects/RoboLab/output/v1_cosmos_contrastive/RubiksCubeLeftOfBowlMatchedTask/run_5.hdf5,344338,de2c50efd3fb832fb49f8e17c5c92eba623c5b32587510a3c9085457db473206
/home/ali/projects/RoboLab/output/v1_cosmos_contrastive/RubiksCubeLeftOfBowlMatchedTask/run_6.hdf5,338012,0bc2287400bab96db07f2adaacaa516bf6af41c4c035649c025a3acb9910b643
/home/ali/projects/RoboLab/output/v1_cosmos_contrastive/RubiksCubeLeftOfBowlMatchedTask/run_7.hdf5,340929,65b06c4cb1b9f806feff6e6baa8abc17229435d90af989e35a7b4674c99c5c9e
/home/ali/projects/RoboLab/output/v1_cosmos_contrastive/RubiksCubeLeftOfBowlMatchedTask/run_8.hdf5,345824,087159a25b6ed71111a44fe0acdb2c161236910f1994b3a62d9b90a9fa77c47f
/home/ali/projects/RoboLab/output/v1_cosmos_contrastive/RubiksCubeLeftOfBowlMatchedTask/run_9.hdf5,336411,18a53e8cc7575ab95601490a0eeb633be855d4e5b4d3da1179f3935ae031073c
/home/ali/projects/RoboLab/output/v1_cosmos_contrastive/RubiksCubeRightOfBowlMatchedTask/env_cfg.json,43385,1266094f2f8caf5e37e7654afe016abd942fbf5330f8d031cd7efc69b18d3c9e
/home/ali/projects/RoboLab/output/v1_cosmos_contrastive/RubiksCubeRightOfBowlMatchedTask/log_0_env0.json,2779,34682b2a68e3961e6210cab924959b84e28d606585fe84ece4c11b02a3c56ea2
/home/ali/projects/RoboLab/output/v1_cosmos_contrastive/RubiksCubeRightOfBowlMatchedTask/log_1_env0.json,1318,0066aadac8e849aae04757da78977cd07d6359d93f834f0f43e5636fa5bd5f07
/home/ali/projects/RoboLab/output/v1_cosmos_contrastive/RubiksCubeRightOfBowlMatchedTask/log_2_env0.json,2027,eafb00068e89b40033a557b1118c68e21dc7111d3cee688645e417da8b1d0f9c
/home/ali/projects/RoboLab/output/v1_cosmos_contrastive/RubiksCubeRightOfBowlMatchedTask/log_3_env0.json,1789,ef12a922a4208352cd2375b67265b0f80553413bf4fab60a6fa8dd239428784e
/home/ali/projects/RoboLab/output/v1_cosmos_contrastive/RubiksCubeRightOfBowlMatchedTask/log_4_env0.json,2560,20528401801393123f7cebae3639fc310532a2a368feb780632878ae8ab97788
/home/ali/projects/RoboLab/output/v1_cosmos_contrastive/RubiksCubeRightOfBowlMatchedTask/log_5_env0.json,1453,013ac839ff001b739d8b468a08103bc5bbc042d2567281e92204696ad0fa254e
/home/ali/projects/RoboLab/output/v1_cosmos_contrastive/RubiksCubeRightOfBowlMatchedTask/log_6_env0.json,2033,204cc1f63c12592db880303d9f40688e14ccb36603cd6b67cf471d2f64213531
/home/ali/projects/RoboLab/output/v1_cosmos_contrastive/RubiksCubeRightOfBowlMatchedTask/log_7_env0.json,1317,74b27d91d0c370344230ea1dbb8f2edb0950abc2449669e4a2b3e8a698435a1c
/home/ali/projects/RoboLab/output/v1_cosmos_contrastive/RubiksCubeRightOfBowlMatchedTask/log_8_env0.json,2160,75ae65e9ed149ee084ba9d0b5cf2310765a7932b6db51e90a3d720ba0e272242
/home/ali/projects/RoboLab/output/v1_cosmos_contrastive/RubiksCubeRightOfBowlMatchedTask/log_9_env0.json,1437,9136dce3019cc3a62ee1f65d7da1f3399b3383053d45fa6ac62a12bbfe8279b5
/home/ali/projects/RoboLab/output/v1_cosmos_contrastive/RubiksCubeRightOfBowlMatchedTask/predicted_chunks/episode_000/chunk_000/action.npy,1152,28680a96cebd873f43dfd6ef3c433c3cfb0358c701f454b5e57d324b53357db8
/home/ali/projects/RoboLab/output/v1_cosmos_contrastive/RubiksCubeRightOfBowlMatchedTask/predicted_chunks/episode_000/chunk_000/conditioning.png,572788,2ec61e738958ef131b8877bf057ff752b7a26f83e702e41742ba59a50519693a
/home/ali/projects/RoboLab/output/v1_cosmos_contrastive/RubiksCubeRightOfBowlMatchedTask/predicted_chunks/episode_000/chunk_000/future.mp4,507829,7dd37c3ff6eb7f3a7cf32374496be573950926dc8323bf47ec500283568b663b
/home/ali/projects/RoboLab/output/v1_cosmos_contrastive/RubiksCubeRightOfBowlMatchedTask/predicted_chunks/episode_000/chunk_000/metadata.json,817,e834d4a6a3a4b0678cdaeb449d202cae7eac6d4ae2bfdde5cd6f242146933e94
/home/ali/projects/RoboLab/output/v1_cosmos_contrastive/RubiksCubeRightOfBowlMatchedTask/predicted_chunks/episode_000/chunk_001/action.npy,1152,9a2a67d8306545b1cdbab20e6df80583a5223039d245aac6f8b0b87cf32c8a68
/home/ali/projects/RoboLab/output/v1_cosmos_contrastive/RubiksCubeRightOfBowlMatchedTask/predicted_chunks/episode_000/chunk_001/conditioning.png,563151,9a6a2c063294e48f0661ab3c545afca57544bd051ca4a64285974b28ae56ae67
/home/ali/projects/RoboLab/output/v1_cosmos_contrastive/RubiksCubeRightOfBowlMatchedTask/predicted_chunks/episode_000/chunk_001/future.mp4,435189,f267865754cba9feea7c7f9faf59eacdd63cb2ab15c48d1a8cf5b2a1cf4bb8bc
/home/ali/projects/RoboLab/output/v1_cosmos_contrastive/RubiksCubeRightOfBowlMatchedTask/predicted_chunks/episode_000/chunk_001/metadata.json,901,89c574f8c68fa646d0c336db699b85f80ebe5673e3bb8b55eea68a26246e38ff
/home/ali/projects/RoboLab/output/v1_cosmos_contrastive/RubiksCubeRightOfBowlMatchedTask/predicted_chunks/episode_000/chunk_002/action.npy,1152,fb360fd51e73a48a1314afc56438d69d3263700dca7bce16eb22be1e808b602a
/home/ali/projects/RoboLab/output/v1_cosmos_contrastive/RubiksCubeRightOfBowlMatchedTask/predicted_chunks/episode_000/chunk_002/conditioning.png,554802,7d24385ff9922a4686917c97194f7d28adeff57f599e2910f54a231ccb9f6c8d
/home/ali/projects/RoboLab/output/v1_cosmos_contrastive/RubiksCubeRightOfBowlMatchedTask/predicted_chunks/episode_000/chunk_002/future.mp4,415733,42e1fb9006a6f1e7b53a513d2d715d7f1227c8c26e9e08b0d7454dceeadf37f8
/home/ali/projects/RoboLab/output/v1_cosmos_contrastive/RubiksCubeRightOfBowlMatchedTask/predicted_chunks/episode_000/chunk_002/metadata.json,897,e5948bbf122c0c5369f1094380789cdc3314fbc707b3cc2613e1c6b7af82b8e7
/home/ali/projects/RoboLab/output/v1_cosmos_contrastive/RubiksCubeRightOfBowlMatchedTask/predicted_chunks/episode_000/chunk_003/action.npy,1152,908a73cbe069f08b3c120fd9751239ca7fb180a4137da27d75b4562779bd35a8
/home/ali/projects/RoboLab/output/v1_cosmos_contrastive/RubiksCubeRightOfBowlMatchedTask/predicted_chunks/episode_000/chunk_003/conditioning.png,562609,8fc655be99e57ddd4aa3942d32570339e09a39925bd59987bd9bfa8d2bdc9767
/home/ali/projects/RoboLab/output/v1_cosmos_contrastive/RubiksCubeRightOfBowlMatchedTask/predicted_chunks/episode_000/chunk_003/future.mp4,479815,ad9d93a00725e2eed68e93ec661372e328875608ab5ad22f4e4deebf1aa3c540
/home/ali/projects/RoboLab/output/v1_cosmos_contrastive/RubiksCubeRightOfBowlMatchedTask/predicted_chunks/episode_000/chunk_003/metadata.json,902,9d92e56f245fd24237e0a992680a23fbe78ad2a227ceed01e86c4d3b51a3e194
/home/ali/projects/RoboLab/output/v1_cosmos_contrastive/RubiksCubeRightOfBowlMatchedTask/predicted_chunks/episode_000/chunk_004/action.npy,1152,9411068568be59c24fc93005e51733313a7c49d61c68e511d2553d26667c6e76
/home/ali/projects/RoboLab/output/v1_cosmos_contrastive/RubiksCubeRightOfBowlMatchedTask/predicted_chunks/episode_000/chunk_004/conditioning.png,538268,80cc47c9bcc8a7d4c453ad9c4833dea28ed1a215a79c68130f8fc83f35dd5b69
/home/ali/projects/RoboLab/output/v1_cosmos_contrastive/RubiksCubeRightOfBowlMatchedTask/predicted_chunks/episode_000/chunk_004/future.mp4,447373,fde1ba3e71ad3f4f4562c035f1cbdb54d4a9bb1b762d79374af5c23bf83d95b1
/home/ali/projects/RoboLab/output/v1_cosmos_contrastive/RubiksCubeRightOfBowlMatchedTask/predicted_chunks/episode_000/chunk_004/metadata.json,883,889ab8b785e7edf19b17bff59573db7eaef2363c236582a424e3396c0bddb0ab
/home/ali/projects/RoboLab/output/v1_cosmos_contrastive/RubiksCubeRightOfBowlMatchedTask/predicted_chunks/episode_000/chunk_005/action.npy,1152,322265ad8019858d8457b6e36ec20ce1c77e101a7b829c18988712356fd86306
/home/ali/projects/RoboLab/output/v1_cosmos_contrastive/RubiksCubeRightOfBowlMatchedTask/predicted_chunks/episode_000/chunk_005/conditioning.png,522590,71d8afe1ae8d980eae78cb0275e35529b546680bb23838f79550b2a04fec7f2f
/home/ali/projects/RoboLab/output/v1_cosmos_contrastive/RubiksCubeRightOfBowlMatchedTask/predicted_chunks/episode_000/chunk_005/future.mp4,439708,5280edad9f799634f028bd8d8dec84d1fa192c3c06185e2d283df3819754daa5
/home/ali/projects/RoboLab/output/v1_cosmos_contrastive/RubiksCubeRightOfBowlMatchedTask/predicted_chunks/episode_000/chunk_005/metadata.json,901,6cc445f612bb05a16bac7a06cb70c6a07e2cbdaddeb5077dbf796425e51a23ad
/home/ali/projects/RoboLab/output/v1_cosmos_contrastive/RubiksCubeRightOfBowlMatchedTask/predicted_chunks/episode_000/chunk_006/action.npy,1152,774feca110a772eb311510f9a2f8b270f77aa72588f7236f9cae5631c67621e3
/home/ali/projects/RoboLab/output/v1_cosmos_contrastive/RubiksCubeRightOfBowlMatchedTask/predicted_chunks/episode_000/chunk_006/conditioning.png,538236,e16595247229e1910bc321ed325e307394ee8447c538568cb381610650f68cf8
/home/ali/projects/RoboLab/output/v1_cosmos_contrastive/RubiksCubeRightOfBowlMatchedTask/predicted_chunks/episode_000/chunk_006/future.mp4,651912,f94f827e88b177a6073f369377c58022712921691abf37c2160ca979d2c08dd8
/home/ali/projects/RoboLab/output/v1_cosmos_contrastive/RubiksCubeRightOfBowlMatchedTask/predicted_chunks/episode_000/chunk_006/metadata.json,901,e99e4c2aff6d821159a3c215a7b60f48c9e9aaa30471f9f48fc5c1a12daea973
/home/ali/projects/RoboLab/output/v1_cosmos_contrastive/RubiksCubeRightOfBowlMatchedTask/predicted_chunks/episode_000/chunk_007/action.npy,1152,3c76a853438f8257294e8d86318c28265be3961fb2045ea72e9524a84f25d5b1
/home/ali/projects/RoboLab/output/v1_cosmos_contrastive/RubiksCubeRightOfBowlMatchedTask/predicted_chunks/episode_000/chunk_007/conditioning.png,560534,47405c21b907d2fa3136b6d8c80928485b278c56573c60021e4d93b50e8ea7ec
/home/ali/projects/RoboLab/output/v1_cosmos_contrastive/RubiksCubeRightOfBowlMatchedTask/predicted_chunks/episode_000/chunk_007/future.mp4,620970,8a2d61c3d21c77152c78a34ef4d2fb2bcab0c9fd9f7cc7fbf81ab993438be636
/home/ali/projects/RoboLab/output/v1_cosmos_contrastive/RubiksCubeRightOfBowlMatchedTask/predicted_chunks/episode_000/chunk_007/metadata.json,898,649c8512c69b9c978f2a8dd3702f2269968043d969fdc3863f8480914dd907ed
/home/ali/projects/RoboLab/output/v1_cosmos_contrastive/RubiksCubeRightOfBowlMatchedTask/predicted_chunks/episode_000/chunk_008/action.npy,1152,edac0fcca137f32d57c845306e4a304b243b7c4aceefaaa2f3e3ca4b0d2a1085
/home/ali/projects/RoboLab/output/v1_cosmos_contrastive/RubiksCubeRightOfBowlMatchedTask/predicted_chunks/episode_000/chunk_008/conditioning.png,505973,ae4c14f255d56bcdc6c5df95accecf41f09453ea360e943dda5b72770b3e467e
/home/ali/projects/RoboLab/output/v1_cosmos_contrastive/RubiksCubeRightOfBowlMatchedTask/predicted_chunks/episode_000/chunk_008/future.mp4,595270,408b37a0ce37e687593f0b958edfd8b47380807ceea28da5c7933a195ddd3052
/home/ali/projects/RoboLab/output/v1_cosmos_contrastive/RubiksCubeRightOfBowlMatchedTask/predicted_chunks/episode_000/chunk_008/metadata.json,899,9d597deb516f5e23890ae37902a34883a54d997b6e294f2fd7f65d8feba3bd53
/home/ali/projects/RoboLab/output/v1_cosmos_contrastive/RubiksCubeRightOfBowlMatchedTask/predicted_chunks/episode_000/chunk_009/action.npy,1152,01cb1a8f5b06aa01a7709521d04b584052012a076047f9f30aafe0b60e391f55
/home/ali/projects/RoboLab/output/v1_cosmos_contrastive/RubiksCubeRightOfBowlMatchedTask/predicted_chunks/episode_000/chunk_009/conditioning.png,553958,3bd5512134bc9188a9cb8c47e7c8ef0e9c91dfe5b439e6239f9caf4d74488750
/home/ali/projects/RoboLab/output/v1_cosmos_contrastive/RubiksCubeRightOfBowlMatchedTask/predicted_chunks/episode_000/chunk_009/future.mp4,473312,a47208077972bee04e57e0c8d8423e1a77cfb5fadc31151510caf8238cc0d18a
/home/ali/projects/RoboLab/output/v1_cosmos_contrastive/RubiksCubeRightOfBowlMatchedTask/predicted_chunks/episode_000/chunk_009/metadata.json,885,b349d77c275fcd0416c6967a1c914096b656e0e142ecd3fb3b52c995a3ca4bbd
/home/ali/projects/RoboLab/output/v1_cosmos_contrastive/RubiksCubeRightOfBowlMatchedTask/predicted_chunks/episode_000/chunk_010/action.npy,1152,73904550f63250b414a1036c94c7bb79b3f237112b462bce799f85f751e56819
/home/ali/projects/RoboLab/output/v1_cosmos_contrastive/RubiksCubeRightOfBowlMatchedTask/predicted_chunks/episode_000/chunk_010/conditioning.png,564092,dff39bdc31cca61cf7e03bbd816dff203e75bec79897bd491071bcada7dc4879
/home/ali/projects/RoboLab/output/v1_cosmos_contrastive/RubiksCubeRightOfBowlMatchedTask/predicted_chunks/episode_000/chunk_010/future.mp4,545323,0a746b9f523bd08c628f164980998922ab94dbd867c5e7b8ec3902b799c21e46
/home/ali/projects/RoboLab/output/v1_cosmos_contrastive/RubiksCubeRightOfBowlMatchedTask/predicted_chunks/episode_000/chunk_010/metadata.json,905,53c18484ae853c08649fbae42024c1c782b12b58ef78ac6d0f763c2e4300e5b6
/home/ali/projects/RoboLab/output/v1_cosmos_contrastive/RubiksCubeRightOfBowlMatchedTask/predicted_chunks/episode_000/chunk_011/action.npy,1152,5071c43ee4e61f96a629ca86c416fccabcf835352a5f6f69dea449ace7ac21c9
/home/ali/projects/RoboLab/output/v1_cosmos_contrastive/RubiksCubeRightOfBowlMatchedTask/predicted_chunks/episode_000/chunk_011/conditioning.png,566565,9fac7abc87879afc660e43aa6510c2dfa57f7e6058f10e519fdf609e9770f3fd
/home/ali/projects/RoboLab/output/v1_cosmos_contrastive/RubiksCubeRightOfBowlMatchedTask/predicted_chunks/episode_000/chunk_011/future.mp4,417075,630138ba114e9271b0fcc8a9ecb115fbf60171058d77e19ba5a7a07c3c78f445
/home/ali/projects/RoboLab/output/v1_cosmos_contrastive/RubiksCubeRightOfBowlMatchedTask/predicted_chunks/episode_000/chunk_011/metadata.json,904,ef3213956efa3c63e6392d3b6eb0f3c8d68b9f9b2a075a814eff835faf7a0f92
/home/ali/projects/RoboLab/output/v1_cosmos_contrastive/RubiksCubeRightOfBowlMatchedTask/predicted_chunks/episode_000/chunk_012/action.npy,1152,ea7e6956e981a07b3f1a4a5b74d1bca366a739386c7e5d78972a6c72bbed80f8
/home/ali/projects/RoboLab/output/v1_cosmos_contrastive/RubiksCubeRightOfBowlMatchedTask/predicted_chunks/episode_000/chunk_012/conditioning.png,521985,761b0794d5ca51d30e7126522f61284e9cf609757982226adebffdfa19649788
/home/ali/projects/RoboLab/output/v1_cosmos_contrastive/RubiksCubeRightOfBowlMatchedTask/predicted_chunks/episode_000/chunk_012/future.mp4,427344,d06355d53952b8e16a78f8ac2aace0413e077b1f782b5fcf1b5f22ff8e0045d6
/home/ali/projects/RoboLab/output/v1_cosmos_contrastive/RubiksCubeRightOfBowlMatchedTask/predicted_chunks/episode_000/chunk_012/metadata.json,905,4fd4c6fe9c8339b4136b67aba94bc40016785ee36b9dbf81a9e64a7b7158573b
/home/ali/projects/RoboLab/output/v1_cosmos_contrastive/RubiksCubeRightOfBowlMatchedTask/predicted_chunks/episode_000/chunk_013/action.npy,1152,c949eb641587f1b68b1ab6dd5d6aac15407309590e5872b1841c8eb4514691af
/home/ali/projects/RoboLab/output/v1_cosmos_contrastive/RubiksCubeRightOfBowlMatchedTask/predicted_chunks/episode_000/chunk_013/conditioning.png,549654,aa441c5f9ec5949dc7274e125d2b664820518ec4feb34630e1d1a08460e6554d
/home/ali/projects/RoboLab/output/v1_cosmos_contrastive/RubiksCubeRightOfBowlMatchedTask/predicted_chunks/episode_000/chunk_013/future.mp4,477173,85aa1cefd2cbde1d1ee47dddca4d2fd485c1d41f51962971676689b79d0a27e8
/home/ali/projects/RoboLab/output/v1_cosmos_contrastive/RubiksCubeRightOfBowlMatchedTask/predicted_chunks/episode_000/chunk_013/metadata.json,903,573db79b25865f0c90e0ce859738522dba108d8cb2c037dcbd56612ec83fbcb1
/home/ali/projects/RoboLab/output/v1_cosmos_contrastive/RubiksCubeRightOfBowlMatchedTask/predicted_chunks/episode_000/chunk_014/action.npy,1152,3204d28d4a01d8f10cdf9487b263c32739a2d5fa966bdbfd58eb4bfb4072a881
/home/ali/projects/RoboLab/output/v1_cosmos_contrastive/RubiksCubeRightOfBowlMatchedTask/predicted_chunks/episode_000/chunk_014/conditioning.png,559994,0cf4673f9a56ce4bf10d8f9ec2d3ed5ecc32010110ec07d5d31c53c2939b9caf
/home/ali/projects/RoboLab/output/v1_cosmos_contrastive/RubiksCubeRightOfBowlMatchedTask/predicted_chunks/episode_000/chunk_014/future.mp4,412125,a6d014c7002f7886f591cae9455dacc5203e690528d95e307faa6c19c4304022
/home/ali/projects/RoboLab/output/v1_cosmos_contrastive/RubiksCubeRightOfBowlMatchedTask/predicted_chunks/episode_000/chunk_014/metadata.json,907,a3f79cbd3be3fa1c04f82d52d03abe5d18d684e0fd18712aa73b05a0604d5456
/home/ali/projects/RoboLab/output/v1_cosmos_contrastive/RubiksCubeRightOfBowlMatchedTask/predicted_chunks/episode_001/chunk_000/action.npy,1152,ffddba6b4149d71585159637b6ad71ff9a8a226b7b8badbba4fb1aff086327d7
/home/ali/projects/RoboLab/output/v1_cosmos_contrastive/RubiksCubeRightOfBowlMatchedTask/predicted_chunks/episode_001/chunk_000/conditioning.png,573014,139eea9cc2af19c500d021d3c5412f2e42a85fc30cbf653fc7d65c0c3e81b0f4
/home/ali/projects/RoboLab/output/v1_cosmos_contrastive/RubiksCubeRightOfBowlMatchedTask/predicted_chunks/episode_001/chunk_000/future.mp4,530476,aa6a414fc534e00ccb75d2b0bbfc6ef407f92f8974857c0e9162c0b000b20f7b
/home/ali/projects/RoboLab/output/v1_cosmos_contrastive/RubiksCubeRightOfBowlMatchedTask/predicted_chunks/episode_001/chunk_000/metadata.json,817,ceb55b009769e6686c0879c80d271514846f877080e77d62bb11ae6f9118d6db
/home/ali/projects/RoboLab/output/v1_cosmos_contrastive/RubiksCubeRightOfBowlMatchedTask/predicted_chunks/episode_001/chunk_001/action.npy,1152,e97c3b896af56d7831af0ba39786071f9506b08f8090f10cd88cecd42cf8dffe
/home/ali/projects/RoboLab/output/v1_cosmos_contrastive/RubiksCubeRightOfBowlMatchedTask/predicted_chunks/episode_001/chunk_001/conditioning.png,561625,2bb526c239691157e8f0e3961d4f3922e70e3e0446e639e15fd1733c640f9baa
/home/ali/projects/RoboLab/output/v1_cosmos_contrastive/RubiksCubeRightOfBowlMatchedTask/predicted_chunks/episode_001/chunk_001/future.mp4,431286,90d8f0d458d5cb24064c86cc57e3ede8207ececf52e409e1fe45571b7633e6da
/home/ali/projects/RoboLab/output/v1_cosmos_contrastive/RubiksCubeRightOfBowlMatchedTask/predicted_chunks/episode_001/chunk_001/metadata.json,902,b5cf2feab0b37f17d0d18ab42919c49419d812ae277b250215cbc10f0c25ccef
/home/ali/projects/RoboLab/output/v1_cosmos_contrastive/RubiksCubeRightOfBowlMatchedTask/predicted_chunks/episode_001/chunk_002/action.npy,1152,054a0671420fce1efaf7e4da2e8455b5cef764ecfeac40eda8b1b7ffcdc4a6d9
/home/ali/projects/RoboLab/output/v1_cosmos_contrastive/RubiksCubeRightOfBowlMatchedTask/predicted_chunks/episode_001/chunk_002/conditioning.png,551404,3fc53cff5718a539c1dae45a090a4d9730a91b7b27d844238c41046157f16fea
/home/ali/projects/RoboLab/output/v1_cosmos_contrastive/RubiksCubeRightOfBowlMatchedTask/predicted_chunks/episode_001/chunk_002/future.mp4,523656,440a751347e23f7b223942b68da9e25530350670688bfabd8b785461cd97b032
/home/ali/projects/RoboLab/output/v1_cosmos_contrastive/RubiksCubeRightOfBowlMatchedTask/predicted_chunks/episode_001/chunk_002/metadata.json,895,14c8c48ab8739aeff3cf090d1487343ad9f40c5e0b4bd590343d5b29a93619ec
/home/ali/projects/RoboLab/output/v1_cosmos_contrastive/RubiksCubeRightOfBowlMatchedTask/predicted_chunks/episode_001/chunk_003/action.npy,1152,cbc78e283f97351e7e49ea0bb63b0c57b5de9670161c1a9eb7438af6468fd4e5
/home/ali/projects/RoboLab/output/v1_cosmos_contrastive/RubiksCubeRightOfBowlMatchedTask/predicted_chunks/episode_001/chunk_003/conditioning.png,564206,f4e01171c647cb09edd37eccf63249061324a3dfaea5ced05d7456e0f4d76618
/home/ali/projects/RoboLab/output/v1_cosmos_contrastive/RubiksCubeRightOfBowlMatchedTask/predicted_chunks/episode_001/chunk_003/future.mp4,529811,28bf76b1d996d78751f7300387f2635ff3b58e858d575e6a9e1ff28e21b0893d
/home/ali/projects/RoboLab/output/v1_cosmos_contrastive/RubiksCubeRightOfBowlMatchedTask/predicted_chunks/episode_001/chunk_003/metadata.json,899,b303210d151235ad70af2a6fbfc4dbbe8a149faa57865a8562c5aab86a3dd298
/home/ali/projects/RoboLab/output/v1_cosmos_contrastive/RubiksCubeRightOfBowlMatchedTask/predicted_chunks/episode_001/chunk_004/action.npy,1152,acc96f27eb4777ba000c2972af27e51a5003702714029289303d927744c983fd
/home/ali/projects/RoboLab/output/v1_cosmos_contrastive/RubiksCubeRightOfBowlMatchedTask/predicted_chunks/episode_001/chunk_004/conditioning.png,546982,4815fa09fe6f59aad3605334bf95024ad55f0aff324242ce060ecac97f164e2a
/home/ali/projects/RoboLab/output/v1_cosmos_contrastive/RubiksCubeRightOfBowlMatchedTask/predicted_chunks/episode_001/chunk_004/future.mp4,536007,15dae623b5f8c6e16dd29b08dbd1f1eedf93a30b929a49ccd2ca1a6e126dfb5b
/home/ali/projects/RoboLab/output/v1_cosmos_contrastive/RubiksCubeRightOfBowlMatchedTask/predicted_chunks/episode_001/chunk_004/metadata.json,898,da481e281f3afb78c7e28eb991a276a61ad352092890d333e1157c4b6ce3ed4d
/home/ali/projects/RoboLab/output/v1_cosmos_contrastive/RubiksCubeRightOfBowlMatchedTask/predicted_chunks/episode_002/chunk_000/action.npy,1152,42c50326496d2f386d448996830ff093812bf27499807a8160d86c346db7ecac
/home/ali/projects/RoboLab/output/v1_cosmos_contrastive/RubiksCubeRightOfBowlMatchedTask/predicted_chunks/episode_002/chunk_000/conditioning.png,570051,9a0c4f222cc1d637585c6cb133044b2fcbeea3a71330cb43870ff219c2618d12
/home/ali/projects/RoboLab/output/v1_cosmos_contrastive/RubiksCubeRightOfBowlMatchedTask/predicted_chunks/episode_002/chunk_000/future.mp4,492489,559de2f1c29e3277f5bde6be6efdbf92b2cc7fb56afb6b7ee805a687061e1482
/home/ali/projects/RoboLab/output/v1_cosmos_contrastive/RubiksCubeRightOfBowlMatchedTask/predicted_chunks/episode_002/chunk_000/metadata.json,817,a11da010a05b10f3ec0a0e0568c2aa0b8d8a7966e583df3ee83b63467819cd87
/home/ali/projects/RoboLab/output/v1_cosmos_contrastive/RubiksCubeRightOfBowlMatchedTask/predicted_chunks/episode_002/chunk_001/action.npy,1152,c56b199e976ba0657e0766c9e7f2fd41d97ee66c9229219c3212e5400a470261
/home/ali/projects/RoboLab/output/v1_cosmos_contrastive/RubiksCubeRightOfBowlMatchedTask/predicted_chunks/episode_002/chunk_001/conditioning.png,554452,e981c6a7dad34f2e351b4bea0c2b9763f760ab299624637f660073e761ef9943
/home/ali/projects/RoboLab/output/v1_cosmos_contrastive/RubiksCubeRightOfBowlMatchedTask/predicted_chunks/episode_002/chunk_001/future.mp4,442199,3441f06870380047dedee0c39c56f2089891508ceb10fd941e55674048e04e7b
/home/ali/projects/RoboLab/output/v1_cosmos_contrastive/RubiksCubeRightOfBowlMatchedTask/predicted_chunks/episode_002/chunk_001/metadata.json,904,54a44374cc2450c8f710107e7702c15a1415b4438eb7c7e71f02a1970a27aa20
/home/ali/projects/RoboLab/output/v1_cosmos_contrastive/RubiksCubeRightOfBowlMatchedTask/predicted_chunks/episode_002/chunk_002/action.npy,1152,fd7701d20fe2a6a224b2555d0804ba823c276804754651d9da3e8d11e6b26f39
/home/ali/projects/RoboLab/output/v1_cosmos_contrastive/RubiksCubeRightOfBowlMatchedTask/predicted_chunks/episode_002/chunk_002/conditioning.png,551823,ad3756e3707253c8c3ef10382e0f02a6c7615124046f614877dcd1d582f6ca7e
/home/ali/projects/RoboLab/output/v1_cosmos_contrastive/RubiksCubeRightOfBowlMatchedTask/predicted_chunks/episode_002/chunk_002/future.mp4,579577,ad79a7e8212e9511b33e8527a59ab0ec2446f0a8e5c23d7afa64835d2913566e
/home/ali/projects/RoboLab/output/v1_cosmos_contrastive/RubiksCubeRightOfBowlMatchedTask/predicted_chunks/episode_002/chunk_002/metadata.json,898,40d645bc47767fc311650fe996e99ead4283fe20e4c0406f403f1c1a19814da5
/home/ali/projects/RoboLab/output/v1_cosmos_contrastive/RubiksCubeRightOfBowlMatchedTask/predicted_chunks/episode_002/chunk_003/action.npy,1152,b9d360ce74fd72f103d7510ee68267b2d650962056a8d39d381bf1d002025263
/home/ali/projects/RoboLab/output/v1_cosmos_contrastive/RubiksCubeRightOfBowlMatchedTask/predicted_chunks/episode_002/chunk_003/conditioning.png,565485,26a1350cc4a1527f5ea82b44fda4bcbea2687acbc147a4de71ac9886b2bbdda4
/home/ali/projects/RoboLab/output/v1_cosmos_contrastive/RubiksCubeRightOfBowlMatchedTask/predicted_chunks/episode_002/chunk_003/future.mp4,675936,895426756b184bf1bc452ad0597f56c7e3e40126d1c5952e512abc8835298a05
/home/ali/projects/RoboLab/output/v1_cosmos_contrastive/RubiksCubeRightOfBowlMatchedTask/predicted_chunks/episode_002/chunk_003/metadata.json,883,e30fad571adf9547118ed6de02b5cd460f0a84caa856a122294b939bb6ab24e4
/home/ali/projects/RoboLab/output/v1_cosmos_contrastive/RubiksCubeRightOfBowlMatchedTask/predicted_chunks/episode_002/chunk_004/action.npy,1152,7dc793fbc88fdd94785a1d344f73e305c8d1877345ca062b2bf4a85b681adb0a
/home/ali/projects/RoboLab/output/v1_cosmos_contrastive/RubiksCubeRightOfBowlMatchedTask/predicted_chunks/episode_002/chunk_004/conditioning.png,545517,c342dfe6563c08be7ec9403bebec5f01f215610b4ab738283616567ed7944849
/home/ali/projects/RoboLab/output/v1_cosmos_contrastive/RubiksCubeRightOfBowlMatchedTask/predicted_chunks/episode_002/chunk_004/future.mp4,490953,1ae73b5a80340a63a6bffeb5501f1078f466dacc16aa8c3a5b836f15ba4b1fab
/home/ali/projects/RoboLab/output/v1_cosmos_contrastive/RubiksCubeRightOfBowlMatchedTask/predicted_chunks/episode_002/chunk_004/metadata.json,902,228f8cd21bf14eb671c2d73a7b8f9862a58e22630d99b126f4929e36ea2f1adb
/home/ali/projects/RoboLab/output/v1_cosmos_contrastive/RubiksCubeRightOfBowlMatchedTask/predicted_chunks/episode_002/chunk_005/action.npy,1152,c69d7eca718a5eddd21051a9010544c57b1f2b06fac39cd60866364e7e17d03e
/home/ali/projects/RoboLab/output/v1_cosmos_contrastive/RubiksCubeRightOfBowlMatchedTask/predicted_chunks/episode_002/chunk_005/conditioning.png,557950,41bbef7d2e8b8b98fd3f136b4e8bde7640dd9c480517aa6ba87fa903f9e9e9a6
/home/ali/projects/RoboLab/output/v1_cosmos_contrastive/RubiksCubeRightOfBowlMatchedTask/predicted_chunks/episode_002/chunk_005/future.mp4,466122,64c473d540283e9177547a29336c54e6cb7c1c3ddd82afbd8b863725ea0153df
/home/ali/projects/RoboLab/output/v1_cosmos_contrastive/RubiksCubeRightOfBowlMatchedTask/predicted_chunks/episode_002/chunk_005/metadata.json,903,8d71637ea4471057c1e058255d3bf9d25367b87bfc46d3566678b52e541d8fd1
/home/ali/projects/RoboLab/output/v1_cosmos_contrastive/RubiksCubeRightOfBowlMatchedTask/predicted_chunks/episode_002/chunk_006/action.npy,1152,2f947af984f471f3c240fd2f017d565df79d452e94350e72e00d745d0edf01c2
/home/ali/projects/RoboLab/output/v1_cosmos_contrastive/RubiksCubeRightOfBowlMatchedTask/predicted_chunks/episode_002/chunk_006/conditioning.png,534568,0bfcb1bf0a4f9ff75fe3bebe6e4648e8c964c7c3c1b5ab4c948a3d4b3d3ced03
/home/ali/projects/RoboLab/output/v1_cosmos_contrastive/RubiksCubeRightOfBowlMatchedTask/predicted_chunks/episode_002/chunk_006/future.mp4,372944,ce5d2e019962cbde0f5b83c1580c83fcb817c1c6b7efd33fab5df4cb3b32ab96
/home/ali/projects/RoboLab/output/v1_cosmos_contrastive/RubiksCubeRightOfBowlMatchedTask/predicted_chunks/episode_002/chunk_006/metadata.json,902,9886ba8abcfcd6c866c412af13612eb791d8817dea1a0ed0c30b267ace56ccf1
/home/ali/projects/RoboLab/output/v1_cosmos_contrastive/RubiksCubeRightOfBowlMatchedTask/predicted_chunks/episode_002/chunk_007/action.npy,1152,478149c27dc737e55e512c28b0942488178ef455cc061a992e21d0b9a7740299
/home/ali/projects/RoboLab/output/v1_cosmos_contrastive/RubiksCubeRightOfBowlMatchedTask/predicted_chunks/episode_002/chunk_007/conditioning.png,545717,651894bc36127bef3af2ce5156b2842b40bd2b7fa15cf32569e925003b16535b
/home/ali/projects/RoboLab/output/v1_cosmos_contrastive/RubiksCubeRightOfBowlMatchedTask/predicted_chunks/episode_002/chunk_007/future.mp4,493789,5df6d9e9ac07f3026444a5a8b4811f3158c2acd257f6fc817011f2e6df256924
/home/ali/projects/RoboLab/output/v1_cosmos_contrastive/RubiksCubeRightOfBowlMatchedTask/predicted_chunks/episode_002/chunk_007/metadata.json,903,22bf68cad7e0ddf341d7d928a940764b0dddd4da996772ef36ff8902931d3f41
/home/ali/projects/RoboLab/output/v1_cosmos_contrastive/RubiksCubeRightOfBowlMatchedTask/predicted_chunks/episode_002/chunk_008/action.npy,1152,33f5ca2d897304fec16c7c98382eaf7aac865356ab49b45ec0b2289188720305
/home/ali/projects/RoboLab/output/v1_cosmos_contrastive/RubiksCubeRightOfBowlMatchedTask/predicted_chunks/episode_002/chunk_008/conditioning.png,575419,c70f30c8e2b55edacab00060cf1e412a01daaaa0eec5313368dbc4ae6f2d4352
/home/ali/projects/RoboLab/output/v1_cosmos_contrastive/RubiksCubeRightOfBowlMatchedTask/predicted_chunks/episode_002/chunk_008/future.mp4,479510,724718fa94cedb9155d207015d6cdd73bda7c2a484f3574aadb93065497de6a2
/home/ali/projects/RoboLab/output/v1_cosmos_contrastive/RubiksCubeRightOfBowlMatchedTask/predicted_chunks/episode_002/chunk_008/metadata.json,897,edf858c1bc0bfa64835a08889f3e31d7b4a360b15cd1d2150d183353233f6b10
/home/ali/projects/RoboLab/output/v1_cosmos_contrastive/RubiksCubeRightOfBowlMatchedTask/predicted_chunks/episode_002/chunk_009/action.npy,1152,457ee5b98b653ed4dbd0196a34eab12d0e7c8a07e9787da3eaf6ae0fdbb96b22
/home/ali/projects/RoboLab/output/v1_cosmos_contrastive/RubiksCubeRightOfBowlMatchedTask/predicted_chunks/episode_002/chunk_009/conditioning.png,546667,e8d2c20044964ce485b645c2b611453a82315b02ad6d73ba30ace2a5feca049c
/home/ali/projects/RoboLab/output/v1_cosmos_contrastive/RubiksCubeRightOfBowlMatchedTask/predicted_chunks/episode_002/chunk_009/future.mp4,446233,59029ddb6a00bba6427260dbefc10e93a122a17e898a1b00e146a122fdf67beb
/home/ali/projects/RoboLab/output/v1_cosmos_contrastive/RubiksCubeRightOfBowlMatchedTask/predicted_chunks/episode_002/chunk_009/metadata.json,884,395d038378e6e4cc4c39c614a1769167193915987b3e9d260ba5cb5fc74c6f31
/home/ali/projects/RoboLab/output/v1_cosmos_contrastive/RubiksCubeRightOfBowlMatchedTask/predicted_chunks/episode_003/chunk_000/action.npy,1152,e63b26038b1d0cf9cc1b6a2805d6cc0076069a946db6aa079ba66e6a8f9b02d9
/home/ali/projects/RoboLab/output/v1_cosmos_contrastive/RubiksCubeRightOfBowlMatchedTask/predicted_chunks/episode_003/chunk_000/conditioning.png,575048,cc14b7f2edf5df496207acee411917fa7a0ff2b33beab1a7c2745471d9f7b7c1
/home/ali/projects/RoboLab/output/v1_cosmos_contrastive/RubiksCubeRightOfBowlMatchedTask/predicted_chunks/episode_003/chunk_000/future.mp4,483743,9540005284ead63eaa77a8c9865f2585d3b0cc4d0830dd814d9ff3492ff2f183
/home/ali/projects/RoboLab/output/v1_cosmos_contrastive/RubiksCubeRightOfBowlMatchedTask/predicted_chunks/episode_003/chunk_000/metadata.json,817,eeb98b18560a0e9c69b53db3d07d042fbe0f3f33f0a604dcff6522b0b6282114
/home/ali/projects/RoboLab/output/v1_cosmos_contrastive/RubiksCubeRightOfBowlMatchedTask/predicted_chunks/episode_003/chunk_001/action.npy,1152,0ece24c3aa9edc76d58d82806c983475c66d6007bb7ae39f61eb8621ef232c1c
/home/ali/projects/RoboLab/output/v1_cosmos_contrastive/RubiksCubeRightOfBowlMatchedTask/predicted_chunks/episode_003/chunk_001/conditioning.png,564596,c971fd84b421c314005129c3d69b89aae545af79173dc353a85b9b944362ea7e
/home/ali/projects/RoboLab/output/v1_cosmos_contrastive/RubiksCubeRightOfBowlMatchedTask/predicted_chunks/episode_003/chunk_001/future.mp4,431265,0bfdec77f904939f05183e5c950cde411f494c98134785f52762be0bae3de378
/home/ali/projects/RoboLab/output/v1_cosmos_contrastive/RubiksCubeRightOfBowlMatchedTask/predicted_chunks/episode_003/chunk_001/metadata.json,900,4fe28c6e689d5f2e6b0ee445e729465bf8a5209b1032845222adb21bdd6753d5
/home/ali/projects/RoboLab/output/v1_cosmos_contrastive/RubiksCubeRightOfBowlMatchedTask/predicted_chunks/episode_003/chunk_002/action.npy,1152,cf7703ea10aa98f4d3ed3ad884aab0c8d97dc37f5a7f6a980171598ca9e3d146
/home/ali/projects/RoboLab/output/v1_cosmos_contrastive/RubiksCubeRightOfBowlMatchedTask/predicted_chunks/episode_003/chunk_002/conditioning.png,552399,b0f5330f0944e8b0f5639a5822ed3227861af75e30ff1e87b0988b9f1c7d6e95
/home/ali/projects/RoboLab/output/v1_cosmos_contrastive/RubiksCubeRightOfBowlMatchedTask/predicted_chunks/episode_003/chunk_002/future.mp4,471115,040b1a68126e7d0bcd69a0a853590846ed5fbb4d9aaaf6a3346a3e20aec778b5
/home/ali/projects/RoboLab/output/v1_cosmos_contrastive/RubiksCubeRightOfBowlMatchedTask/predicted_chunks/episode_003/chunk_002/metadata.json,884,a20126340ce56f21660f2b2e3ebbbbfecf6bbfd7d71bbeca6b3e636e70213fa3
/home/ali/projects/RoboLab/output/v1_cosmos_contrastive/RubiksCubeRightOfBowlMatchedTask/predicted_chunks/episode_003/chunk_003/action.npy,1152,263f53f1df2f367e5697b1e2ef06c5a19e6eda4fc33b62477b01595889de5922
/home/ali/projects/RoboLab/output/v1_cosmos_contrastive/RubiksCubeRightOfBowlMatchedTask/predicted_chunks/episode_003/chunk_003/conditioning.png,538888,96078a45b400881a34dac2622d7815b04e8b67f695f73fee40e916ced2f6babd
/home/ali/projects/RoboLab/output/v1_cosmos_contrastive/RubiksCubeRightOfBowlMatchedTask/predicted_chunks/episode_003/chunk_003/future.mp4,464208,707cbb39236190ebb43a21d40caad3abe36273b43ff7540cdd2880b2544f3126
/home/ali/projects/RoboLab/output/v1_cosmos_contrastive/RubiksCubeRightOfBowlMatchedTask/predicted_chunks/episode_003/chunk_003/metadata.json,905,a9fcc94c167e637d6f1dc4566ebcf2e7ea044a2f2cdd9f7bbfcf001b7486bdfb
/home/ali/projects/RoboLab/output/v1_cosmos_contrastive/RubiksCubeRightOfBowlMatchedTask/predicted_chunks/episode_003/chunk_004/action.npy,1152,1188af130dc8d013861183d12cde2d3ecadc3e4728446ee6d86bb419d56b117b
/home/ali/projects/RoboLab/output/v1_cosmos_contrastive/RubiksCubeRightOfBowlMatchedTask/predicted_chunks/episode_003/chunk_004/conditioning.png,531379,cad613351fc239c41f6b6ced261ae628f80322615edc55c4fdf4531202922d30
/home/ali/projects/RoboLab/output/v1_cosmos_contrastive/RubiksCubeRightOfBowlMatchedTask/predicted_chunks/episode_003/chunk_004/future.mp4,466225,1da3a41034bd11482fdc442c217769c36100d9cf9671dff317d5d7974e6d857d
/home/ali/projects/RoboLab/output/v1_cosmos_contrastive/RubiksCubeRightOfBowlMatchedTask/predicted_chunks/episode_003/chunk_004/metadata.json,902,12d0e83719e22f4ab1c38681f0bf951378c10b4eda782edca601a233bc77c366
/home/ali/projects/RoboLab/output/v1_cosmos_contrastive/RubiksCubeRightOfBowlMatchedTask/predicted_chunks/episode_003/chunk_005/action.npy,1152,1be5d28f7bcfab371e63a56f0d4d751619d97e5f87a448b633378c5e85d6eb67
/home/ali/projects/RoboLab/output/v1_cosmos_contrastive/RubiksCubeRightOfBowlMatchedTask/predicted_chunks/episode_003/chunk_005/conditioning.png,512395,53e807bf8a467f09482af919505e38c59a32ca4a12040b182a793837523c3bc8
/home/ali/projects/RoboLab/output/v1_cosmos_contrastive/RubiksCubeRightOfBowlMatchedTask/predicted_chunks/episode_003/chunk_005/future.mp4,565042,38089fef7a880d9a7b34f800bc5c3bc2788fadcc92dc9fc2d9f89fadfb8bac84
/home/ali/projects/RoboLab/output/v1_cosmos_contrastive/RubiksCubeRightOfBowlMatchedTask/predicted_chunks/episode_003/chunk_005/metadata.json,894,d49af75090ae85daa054969dd27703c4a65c9eda06beba70b43966bdd1ff8a77
/home/ali/projects/RoboLab/output/v1_cosmos_contrastive/RubiksCubeRightOfBowlMatchedTask/predicted_chunks/episode_003/chunk_006/action.npy,1152,359882bbed212443f8fbfcf8763de1e1a2e8f8a97ed6a82477b84cba21d0181c
/home/ali/projects/RoboLab/output/v1_cosmos_contrastive/RubiksCubeRightOfBowlMatchedTask/predicted_chunks/episode_003/chunk_006/conditioning.png,567899,464654c151097a7490882d60a5aa7bc9ca3b9996721082f3955ef7acb5ed5500
/home/ali/projects/RoboLab/output/v1_cosmos_contrastive/RubiksCubeRightOfBowlMatchedTask/predicted_chunks/episode_003/chunk_006/future.mp4,527872,1a14f344c95fcbb05adcf1071d6cdba714803b5e678764fce1ecd053a4454c5a
/home/ali/projects/RoboLab/output/v1_cosmos_contrastive/RubiksCubeRightOfBowlMatchedTask/predicted_chunks/episode_003/chunk_006/metadata.json,900,9d03b5cb79b39d936bf2039a4a73415adf901c65d81d080b39f6a2336ed49c68
/home/ali/projects/RoboLab/output/v1_cosmos_contrastive/RubiksCubeRightOfBowlMatchedTask/predicted_chunks/episode_003/chunk_007/action.npy,1152,df24a5d0c345cfe978d7a5c83e787e40a281d793c3c2bdf95453295544e707ca
/home/ali/projects/RoboLab/output/v1_cosmos_contrastive/RubiksCubeRightOfBowlMatchedTask/predicted_chunks/episode_003/chunk_007/conditioning.png,571036,7c373c8c140d144fe0e7b5fbd5e00a8afdebd0e6986f0a43a3297baf6c4f31ae
/home/ali/projects/RoboLab/output/v1_cosmos_contrastive/RubiksCubeRightOfBowlMatchedTask/predicted_chunks/episode_003/chunk_007/future.mp4,472753,538db1f13c4a6aff3717b70b5120ecf3e66759ca7753ed301dd151be4121b985
/home/ali/projects/RoboLab/output/v1_cosmos_contrastive/RubiksCubeRightOfBowlMatchedTask/predicted_chunks/episode_003/chunk_007/metadata.json,901,2e395cc35aa5df8ca4dcd2139f761eeec71bea39a17262fe127e7e89712e9fa6
/home/ali/projects/RoboLab/output/v1_cosmos_contrastive/RubiksCubeRightOfBowlMatchedTask/predicted_chunks/episode_004/chunk_000/action.npy,1152,1204df9665a56c8aa3665d12114066865a2ddbf975b09480df94e4a9924b7025
/home/ali/projects/RoboLab/output/v1_cosmos_contrastive/RubiksCubeRightOfBowlMatchedTask/predicted_chunks/episode_004/chunk_000/conditioning.png,569498,988462153434710455ecb17f5405f0f8a8b5c3fc71332c20a43c40498a96ce86
/home/ali/projects/RoboLab/output/v1_cosmos_contrastive/RubiksCubeRightOfBowlMatchedTask/predicted_chunks/episode_004/chunk_000/future.mp4,481614,dbbaed772f5f64c590fbca1ec7a8f40ede3fcfbe81fab2dc77ce50524420bb2f
/home/ali/projects/RoboLab/output/v1_cosmos_contrastive/RubiksCubeRightOfBowlMatchedTask/predicted_chunks/episode_004/chunk_000/metadata.json,817,e8054d250ac49b59f3b56afa46f8b0a35db52137389c3f3570ba5cd12745d196
/home/ali/projects/RoboLab/output/v1_cosmos_contrastive/RubiksCubeRightOfBowlMatchedTask/predicted_chunks/episode_004/chunk_001/action.npy,1152,a42f145d7264610db538998aa03267ff697d69e76391cf19349cbe1ed9cc433a
/home/ali/projects/RoboLab/output/v1_cosmos_contrastive/RubiksCubeRightOfBowlMatchedTask/predicted_chunks/episode_004/chunk_001/conditioning.png,565065,f4eb2ad5580051839aa158a82a37dcea106b454d2049c49f1b506768a2326396
/home/ali/projects/RoboLab/output/v1_cosmos_contrastive/RubiksCubeRightOfBowlMatchedTask/predicted_chunks/episode_004/chunk_001/future.mp4,455666,be3458d16931203b89024c1fa09f2b817b6a0f01a943c0d707a6b905a36bd375
/home/ali/projects/RoboLab/output/v1_cosmos_contrastive/RubiksCubeRightOfBowlMatchedTask/predicted_chunks/episode_004/chunk_001/metadata.json,901,23e194577d5340f8b0a20a536445d1416a2bce799dcf2de1d9bb775fd128dc1e
/home/ali/projects/RoboLab/output/v1_cosmos_contrastive/RubiksCubeRightOfBowlMatchedTask/predicted_chunks/episode_004/chunk_002/action.npy,1152,159bc515e2209b3bfd341b9adff80363ba87afbaf930ac0aa982671887791461
/home/ali/projects/RoboLab/output/v1_cosmos_contrastive/RubiksCubeRightOfBowlMatchedTask/predicted_chunks/episode_004/chunk_002/conditioning.png,557549,f93ef72597d8c8678065431a3bf21dae20f99d7ccc6d78191751f59fdce106dc
/home/ali/projects/RoboLab/output/v1_cosmos_contrastive/RubiksCubeRightOfBowlMatchedTask/predicted_chunks/episode_004/chunk_002/future.mp4,473022,3037a0cefceb504c562454128dbd39aa42fe32aa1da34a63155d3714ffe89ef1
/home/ali/projects/RoboLab/output/v1_cosmos_contrastive/RubiksCubeRightOfBowlMatchedTask/predicted_chunks/episode_004/chunk_002/metadata.json,883,b84f37b567b5ac24a6a24e64e443936e9a425c83a48592c1b07f3d5b89fb82b5
/home/ali/projects/RoboLab/output/v1_cosmos_contrastive/RubiksCubeRightOfBowlMatchedTask/predicted_chunks/episode_004/chunk_003/action.npy,1152,b082bb0f910eb4511042838288bade2f97704713be69f57473ebce50dda1e7df
/home/ali/projects/RoboLab/output/v1_cosmos_contrastive/RubiksCubeRightOfBowlMatchedTask/predicted_chunks/episode_004/chunk_003/conditioning.png,559438,6da7784ebabc5773837ca0b96406fb71c3f974f6b8f48556f76f98a36d9b2872
/home/ali/projects/RoboLab/output/v1_cosmos_contrastive/RubiksCubeRightOfBowlMatchedTask/predicted_chunks/episode_004/chunk_003/future.mp4,494305,27ab34f0785ef4b2c30d3ed01c711013848ce846924ff205651f67cd6c8c23c6
/home/ali/projects/RoboLab/output/v1_cosmos_contrastive/RubiksCubeRightOfBowlMatchedTask/predicted_chunks/episode_004/chunk_003/metadata.json,901,f7914c4c03e9ef6ef7f4d834ed0623934af0142d7db2b115a9f3e153644680b9
/home/ali/projects/RoboLab/output/v1_cosmos_contrastive/RubiksCubeRightOfBowlMatchedTask/predicted_chunks/episode_004/chunk_004/action.npy,1152,44924fa13db193757e1a8eb8ad4a7ced0a78bdb006632fec255e23f5c17acd5e
/home/ali/projects/RoboLab/output/v1_cosmos_contrastive/RubiksCubeRightOfBowlMatchedTask/predicted_chunks/episode_004/chunk_004/conditioning.png,516936,78301e7d8e4ced2e38c578e2d6b759955eef368224e2ae052192effb10ff8b1c
/home/ali/projects/RoboLab/output/v1_cosmos_contrastive/RubiksCubeRightOfBowlMatchedTask/predicted_chunks/episode_004/chunk_004/future.mp4,403096,e598f8acaa28a93ae8c60d70f3a29fbedb35501812a67bbfadae0f99d4b15ceb
/home/ali/projects/RoboLab/output/v1_cosmos_contrastive/RubiksCubeRightOfBowlMatchedTask/predicted_chunks/episode_004/chunk_004/metadata.json,904,79b1c07e91fc0166bb24081ea4e370e4d58d2b0315b28ed6b016f27e619b77f2
/home/ali/projects/RoboLab/output/v1_cosmos_contrastive/RubiksCubeRightOfBowlMatchedTask/predicted_chunks/episode_004/chunk_005/action.npy,1152,92baab1bf29c9ae6cd082d8a37028d44c2ffc5cdd3ba34388be95c5cb78fac10
/home/ali/projects/RoboLab/output/v1_cosmos_contrastive/RubiksCubeRightOfBowlMatchedTask/predicted_chunks/episode_004/chunk_005/conditioning.png,521547,d93df5187ddfa613f67cef575d2cbc02be85c8d02d4361609ee847902ead83ed
/home/ali/projects/RoboLab/output/v1_cosmos_contrastive/RubiksCubeRightOfBowlMatchedTask/predicted_chunks/episode_004/chunk_005/future.mp4,509241,5ba5b1c16225fedb01cd935640a4dca38afe67644da8c46930a837bc3fad8f92
/home/ali/projects/RoboLab/output/v1_cosmos_contrastive/RubiksCubeRightOfBowlMatchedTask/predicted_chunks/episode_004/chunk_005/metadata.json,903,3c5ce326200bbef2bf39898c9151877245a36bacabc5b942b586a8ac44df6c24
/home/ali/projects/RoboLab/output/v1_cosmos_contrastive/RubiksCubeRightOfBowlMatchedTask/predicted_chunks/episode_004/chunk_006/action.npy,1152,f209c1f7231c7bef240efc4334e1ca7e90aa997991aa709a62ab392544468be6
/home/ali/projects/RoboLab/output/v1_cosmos_contrastive/RubiksCubeRightOfBowlMatchedTask/predicted_chunks/episode_004/chunk_006/conditioning.png,530257,d2a563ddc0114f0b7661c5df17d8069f345c4899533ad57a14177afa11dcad3a
/home/ali/projects/RoboLab/output/v1_cosmos_contrastive/RubiksCubeRightOfBowlMatchedTask/predicted_chunks/episode_004/chunk_006/future.mp4,415821,e8c1e979e33ebc797ab752f9f96602130923877b77639f28f10071b1bba6bdd2
/home/ali/projects/RoboLab/output/v1_cosmos_contrastive/RubiksCubeRightOfBowlMatchedTask/predicted_chunks/episode_004/chunk_006/metadata.json,900,4e39c1c1c7ccaeca17bf4e5cba95474ef5180a122f6f6d5c7ace5b31fbb86814
/home/ali/projects/RoboLab/output/v1_cosmos_contrastive/RubiksCubeRightOfBowlMatchedTask/predicted_chunks/episode_004/chunk_007/action.npy,1152,0c8c80e4b0eb43b5ea8d2bb11e17e0157e9880af191e4f0712d37f8c5ce7c1b9
/home/ali/projects/RoboLab/output/v1_cosmos_contrastive/RubiksCubeRightOfBowlMatchedTask/predicted_chunks/episode_004/chunk_007/conditioning.png,502648,bd092d345d1d95ff9738cd8d846b08f567786425f8bd117ccd23712fc2c20188
/home/ali/projects/RoboLab/output/v1_cosmos_contrastive/RubiksCubeRightOfBowlMatchedTask/predicted_chunks/episode_004/chunk_007/future.mp4,405561,a2ee8aa077d6bf1a5742980f8da8c861bdd8aa360f2dd6c5a3a1bb276635c0c6
/home/ali/projects/RoboLab/output/v1_cosmos_contrastive/RubiksCubeRightOfBowlMatchedTask/predicted_chunks/episode_004/chunk_007/metadata.json,900,e0ce8e1d5c070a0c3bcc1b7f8e92d3c4441eaf15b6b4349f1637fb12864d6062
/home/ali/projects/RoboLab/output/v1_cosmos_contrastive/RubiksCubeRightOfBowlMatchedTask/predicted_chunks/episode_004/chunk_008/action.npy,1152,15c40cca59ece28c96c0bc7dbbec8e26d4599f2d66133e8d56ea37e2f1df85d8
/home/ali/projects/RoboLab/output/v1_cosmos_contrastive/RubiksCubeRightOfBowlMatchedTask/predicted_chunks/episode_004/chunk_008/conditioning.png,476543,dd965194da145b9787bbab1aff489044f0022c82a448b4fa5b7c0a56c1a7979e
/home/ali/projects/RoboLab/output/v1_cosmos_contrastive/RubiksCubeRightOfBowlMatchedTask/predicted_chunks/episode_004/chunk_008/future.mp4,375610,5b760229f628c21b475093d1a5e295b857788e67d47773a2271b5f423a2fe6ba
/home/ali/projects/RoboLab/output/v1_cosmos_contrastive/RubiksCubeRightOfBowlMatchedTask/predicted_chunks/episode_004/chunk_008/metadata.json,896,756b1cce657b0bee2a279ba95ee8eb27f7c638c4c017115f25188575ce162ed4
/home/ali/projects/RoboLab/output/v1_cosmos_contrastive/RubiksCubeRightOfBowlMatchedTask/predicted_chunks/episode_004/chunk_009/action.npy,1152,0f68ef0d560bbfd7a00c99ad05a96e47a6d6f1e812583119c1b81c3be7605ee0
/home/ali/projects/RoboLab/output/v1_cosmos_contrastive/RubiksCubeRightOfBowlMatchedTask/predicted_chunks/episode_004/chunk_009/conditioning.png,490194,e4cd6c5d9b7214862f5007d923110c3116d1cd8e3a3cc037855705557cfef787
/home/ali/projects/RoboLab/output/v1_cosmos_contrastive/RubiksCubeRightOfBowlMatchedTask/predicted_chunks/episode_004/chunk_009/future.mp4,528285,7cbfd15d581e18f2fbeba128936c8c9f581cb021d9b3dab9b01bf84e96b17540
/home/ali/projects/RoboLab/output/v1_cosmos_contrastive/RubiksCubeRightOfBowlMatchedTask/predicted_chunks/episode_004/chunk_009/metadata.json,898,d2b44951cb7e446bf968d31188250ce50cce3ec329e3c723cc67efde8075571d
/home/ali/projects/RoboLab/output/v1_cosmos_contrastive/RubiksCubeRightOfBowlMatchedTask/predicted_chunks/episode_004/chunk_010/action.npy,1152,43d51ad6dfc7634fade2b619c81bfdc4b1096e4ec20d0b187b96a2fa895045fc
/home/ali/projects/RoboLab/output/v1_cosmos_contrastive/RubiksCubeRightOfBowlMatchedTask/predicted_chunks/episode_004/chunk_010/conditioning.png,529141,1435b58e77a514361a52387da5f1993455a16d496ac865aaf46308e9c83bb0a9
/home/ali/projects/RoboLab/output/v1_cosmos_contrastive/RubiksCubeRightOfBowlMatchedTask/predicted_chunks/episode_004/chunk_010/future.mp4,486840,672dec7af170ee98bdf6ee4cc1a56c56c73f688dc6418ec2c555f3ef78c3c2bb
/home/ali/projects/RoboLab/output/v1_cosmos_contrastive/RubiksCubeRightOfBowlMatchedTask/predicted_chunks/episode_004/chunk_010/metadata.json,902,d61746202918dea9c853ef884fef27afd1b02ddd4f5c1bed674593722274f3c7
/home/ali/projects/RoboLab/output/v1_cosmos_contrastive/RubiksCubeRightOfBowlMatchedTask/predicted_chunks/episode_005/chunk_000/action.npy,1152,9a8d21d36b2074e651f1949a7094334e6980d6b82730dcdf6330e689958ded7c
/home/ali/projects/RoboLab/output/v1_cosmos_contrastive/RubiksCubeRightOfBowlMatchedTask/predicted_chunks/episode_005/chunk_000/conditioning.png,578553,60958574efa16340faa711f1d68068185be3ba5863dee0b2b2b4d620a53fde74
/home/ali/projects/RoboLab/output/v1_cosmos_contrastive/RubiksCubeRightOfBowlMatchedTask/predicted_chunks/episode_005/chunk_000/future.mp4,498932,4ed332019d7a1232b8f6652504fa3d22ccbb5c8a6418e65a6ab0e114cd83f3d9
/home/ali/projects/RoboLab/output/v1_cosmos_contrastive/RubiksCubeRightOfBowlMatchedTask/predicted_chunks/episode_005/chunk_000/metadata.json,817,b3533831a2046ba8e8134122c648222979eefa99a63d4ca58dbd64025b96f011
/home/ali/projects/RoboLab/output/v1_cosmos_contrastive/RubiksCubeRightOfBowlMatchedTask/predicted_chunks/episode_005/chunk_001/action.npy,1152,6f955aa4ffb8111a66a0bef9c9c232761f208cc25a1c33a7f1cdfc98dbef4530
/home/ali/projects/RoboLab/output/v1_cosmos_contrastive/RubiksCubeRightOfBowlMatchedTask/predicted_chunks/episode_005/chunk_001/conditioning.png,557475,a209b97a1afc21def6db5e6c26fd836575daa5501355bed2f6a6745492445d9c
/home/ali/projects/RoboLab/output/v1_cosmos_contrastive/RubiksCubeRightOfBowlMatchedTask/predicted_chunks/episode_005/chunk_001/future.mp4,436479,65ee6f4315f3ba04ede8e891d3774ea877efbae5989d3f22759e51514016d0f9
/home/ali/projects/RoboLab/output/v1_cosmos_contrastive/RubiksCubeRightOfBowlMatchedTask/predicted_chunks/episode_005/chunk_001/metadata.json,901,90457a92acbc84f9aa6ad20f8776cb78e57275d0e06f31c34bbf21f05ef4506b
/home/ali/projects/RoboLab/output/v1_cosmos_contrastive/RubiksCubeRightOfBowlMatchedTask/predicted_chunks/episode_005/chunk_002/action.npy,1152,7490fccdd66e37331a57fdbf7c2253825131188143366d3e6f547f76d977cace
/home/ali/projects/RoboLab/output/v1_cosmos_contrastive/RubiksCubeRightOfBowlMatchedTask/predicted_chunks/episode_005/chunk_002/conditioning.png,539104,a23fa9ba0d124bdc3e8bcace9de7ddbdfba75cfdca2dd12505624788cb553a06
/home/ali/projects/RoboLab/output/v1_cosmos_contrastive/RubiksCubeRightOfBowlMatchedTask/predicted_chunks/episode_005/chunk_002/future.mp4,535613,640cb68b68c1b79059532c7eb6cd8aa0bdb5ce2c5ee54534aa14bcfaa4d3529e
/home/ali/projects/RoboLab/output/v1_cosmos_contrastive/RubiksCubeRightOfBowlMatchedTask/predicted_chunks/episode_005/chunk_002/metadata.json,898,8e7443bc4a85b8b6f176409125e814a665376040713ae560ee0a2354198ead97
/home/ali/projects/RoboLab/output/v1_cosmos_contrastive/RubiksCubeRightOfBowlMatchedTask/predicted_chunks/episode_005/chunk_003/action.npy,1152,adb0b9c13ba330b0fbf71436040e700512d0b62687aa6041b8effc2f1ee9f7db
/home/ali/projects/RoboLab/output/v1_cosmos_contrastive/RubiksCubeRightOfBowlMatchedTask/predicted_chunks/episode_005/chunk_003/conditioning.png,546339,0648375dd21ae8093ce655156764f3eb32fd89ed12c558386e1eac8876b739fa
/home/ali/projects/RoboLab/output/v1_cosmos_contrastive/RubiksCubeRightOfBowlMatchedTask/predicted_chunks/episode_005/chunk_003/future.mp4,551898,429506afcac088edd81079957c775e5934a43db6f727f91e36ee752e3ce8db64
/home/ali/projects/RoboLab/output/v1_cosmos_contrastive/RubiksCubeRightOfBowlMatchedTask/predicted_chunks/episode_005/chunk_003/metadata.json,899,ffba58fa1bc4930ede82a516d414852c4f3ce316c9d1ff2d6c71021258639675
/home/ali/projects/RoboLab/output/v1_cosmos_contrastive/RubiksCubeRightOfBowlMatchedTask/predicted_chunks/episode_006/chunk_000/action.npy,1152,9e290bcf6c3c191ea4611d1cceac73cb06c2536ac2aceb262fa17bba163f870d
/home/ali/projects/RoboLab/output/v1_cosmos_contrastive/RubiksCubeRightOfBowlMatchedTask/predicted_chunks/episode_006/chunk_000/conditioning.png,576856,69e8b0412c95f92de3e74a299e41068abfade7c08b4ecfacbfbed55b3e3aab64
/home/ali/projects/RoboLab/output/v1_cosmos_contrastive/RubiksCubeRightOfBowlMatchedTask/predicted_chunks/episode_006/chunk_000/future.mp4,507667,f2515465d9d7414af182220a31fd74a7dad0e8198dbb8abe006ed1d8294ae16f
/home/ali/projects/RoboLab/output/v1_cosmos_contrastive/RubiksCubeRightOfBowlMatchedTask/predicted_chunks/episode_006/chunk_000/metadata.json,817,a47c5cb34430ddbdbec1c36d0d60d57abd954a0c64db433f0e86187d338b045a
/home/ali/projects/RoboLab/output/v1_cosmos_contrastive/RubiksCubeRightOfBowlMatchedTask/predicted_chunks/episode_006/chunk_001/action.npy,1152,e0186f2ca0798f778577c9083fcdf195d91f3f93e926f69d83252cf2fcd548c6
/home/ali/projects/RoboLab/output/v1_cosmos_contrastive/RubiksCubeRightOfBowlMatchedTask/predicted_chunks/episode_006/chunk_001/conditioning.png,548515,56a963a20699f47f525f331fad27ed403be7f4be0081cc88405092825923780b
/home/ali/projects/RoboLab/output/v1_cosmos_contrastive/RubiksCubeRightOfBowlMatchedTask/predicted_chunks/episode_006/chunk_001/future.mp4,427890,1a42f290fc58934496ca98c83e4a6c1aaf02dc5d8c3d1092d2e90fad0c7f4b2f
/home/ali/projects/RoboLab/output/v1_cosmos_contrastive/RubiksCubeRightOfBowlMatchedTask/predicted_chunks/episode_006/chunk_001/metadata.json,902,945262724ef5e2f541d1978b2eaffc55ff50cc295806bd2a2cec927ae9afa2f3
/home/ali/projects/RoboLab/output/v1_cosmos_contrastive/RubiksCubeRightOfBowlMatchedTask/predicted_chunks/episode_006/chunk_002/action.npy,1152,f68a24c9784b72ed251d5a1cec7e75c6403f114dec4653aa88810735b472691d
/home/ali/projects/RoboLab/output/v1_cosmos_contrastive/RubiksCubeRightOfBowlMatchedTask/predicted_chunks/episode_006/chunk_002/conditioning.png,527298,3b8d8b081b5b11144dfbb9f1ed4a3062fe74c6a9bbbd2cf10abf9140dbef5c54
/home/ali/projects/RoboLab/output/v1_cosmos_contrastive/RubiksCubeRightOfBowlMatchedTask/predicted_chunks/episode_006/chunk_002/future.mp4,521907,b8b62b992917127c7b3d85da566faf1520f795e7f73db645d1c2baa2f7657ac0
/home/ali/projects/RoboLab/output/v1_cosmos_contrastive/RubiksCubeRightOfBowlMatchedTask/predicted_chunks/episode_006/chunk_002/metadata.json,880,a18552c3ea3617dcedb4b8ea041b47371fb57a4789ff15da19e21d9475674369
/home/ali/projects/RoboLab/output/v1_cosmos_contrastive/RubiksCubeRightOfBowlMatchedTask/predicted_chunks/episode_006/chunk_003/action.npy,1152,fcc8b0478ceb40376ac4b3f6a69a57f2ff38de022f10a19b051a2dc4a10481f1
/home/ali/projects/RoboLab/output/v1_cosmos_contrastive/RubiksCubeRightOfBowlMatchedTask/predicted_chunks/episode_006/chunk_003/conditioning.png,563815,cd0061117a92e20a384deca7db2603bcc090f24fd9bf39245d0a897bee40687d
/home/ali/projects/RoboLab/output/v1_cosmos_contrastive/RubiksCubeRightOfBowlMatchedTask/predicted_chunks/episode_006/chunk_003/future.mp4,597606,19ecbb5a4c9e41a5f56a67e0a23765c99bb474259c633f8292d7c74edf1b4914
/home/ali/projects/RoboLab/output/v1_cosmos_contrastive/RubiksCubeRightOfBowlMatchedTask/predicted_chunks/episode_006/chunk_003/metadata.json,900,91f8e840d8330b38ad039151afc5b17bfc98df7332fb185e2ffa16e630c7dcea
/home/ali/projects/RoboLab/output/v1_cosmos_contrastive/RubiksCubeRightOfBowlMatchedTask/predicted_chunks/episode_006/chunk_004/action.npy,1152,a13f8ff6e089e59b76c752b727e665c92ca67b15eafe1135c9b9c611c6c81b8e
/home/ali/projects/RoboLab/output/v1_cosmos_contrastive/RubiksCubeRightOfBowlMatchedTask/predicted_chunks/episode_006/chunk_004/conditioning.png,564862,d124439240f5566ad08c38c2416322ad0e11d1d56c43146ef6d8c985e460fda9
/home/ali/projects/RoboLab/output/v1_cosmos_contrastive/RubiksCubeRightOfBowlMatchedTask/predicted_chunks/episode_006/chunk_004/future.mp4,482933,55db9ba31cd2c09bcf57461585929ae71f4b24268f15fc346dd7cc1a1feb1af7
/home/ali/projects/RoboLab/output/v1_cosmos_contrastive/RubiksCubeRightOfBowlMatchedTask/predicted_chunks/episode_006/chunk_004/metadata.json,904,90cff89206bffcd2319c3a24c4da10cff4e65bdc166c30db33c5bd8967a8e95f
/home/ali/projects/RoboLab/output/v1_cosmos_contrastive/RubiksCubeRightOfBowlMatchedTask/predicted_chunks/episode_006/chunk_005/action.npy,1152,e5cdc64b3482139af327b2ec9b280f43e22e6d0b47400f49edbd35da8a9912c7
/home/ali/projects/RoboLab/output/v1_cosmos_contrastive/RubiksCubeRightOfBowlMatchedTask/predicted_chunks/episode_006/chunk_005/conditioning.png,542985,24709cb422c567bb04174301004692d1962946102a7c660b201bd729adfc7084
/home/ali/projects/RoboLab/output/v1_cosmos_contrastive/RubiksCubeRightOfBowlMatchedTask/predicted_chunks/episode_006/chunk_005/future.mp4,604590,58ff20cb09f8e35bf60c98c2f88e138618521c4467f2c98f614418018402f743
/home/ali/projects/RoboLab/output/v1_cosmos_contrastive/RubiksCubeRightOfBowlMatchedTask/predicted_chunks/episode_006/chunk_005/metadata.json,900,8d6a83033aad22bf46a5dff7b6b10e29f4e9e708e80bfb264792864c5952b3bd
/home/ali/projects/RoboLab/output/v1_cosmos_contrastive/RubiksCubeRightOfBowlMatchedTask/predicted_chunks/episode_006/chunk_006/action.npy,1152,8428dca3f4af1af8a780251535ce2b363fd20052b5f3c18617b38d16ad2217ab
/home/ali/projects/RoboLab/output/v1_cosmos_contrastive/RubiksCubeRightOfBowlMatchedTask/predicted_chunks/episode_006/chunk_006/conditioning.png,543038,7ea465711cec0a19e63bd2ceead507372fd18073cb1bf6ecc8bec8618a4e649f
/home/ali/projects/RoboLab/output/v1_cosmos_contrastive/RubiksCubeRightOfBowlMatchedTask/predicted_chunks/episode_006/chunk_006/future.mp4,631655,5d09501b51f1688d7c70d5596798f9a248db5ea9599f395a03b805c5df72748b
/home/ali/projects/RoboLab/output/v1_cosmos_contrastive/RubiksCubeRightOfBowlMatchedTask/predicted_chunks/episode_006/chunk_006/metadata.json,886,8c8a8fa7cb0a228c2cb6ebd8c958ea36fd445d4bbc6362b659554711bb3a3f2e
/home/ali/projects/RoboLab/output/v1_cosmos_contrastive/RubiksCubeRightOfBowlMatchedTask/predicted_chunks/episode_006/chunk_007/action.npy,1152,0b73162b8166a5ea46f0a483cca7fbe4edccbbf7f2a19c3f75fef2182dc87a0b
/home/ali/projects/RoboLab/output/v1_cosmos_contrastive/RubiksCubeRightOfBowlMatchedTask/predicted_chunks/episode_006/chunk_007/conditioning.png,560103,18d26a8d8ae032ccb06b4324164b2624565de527e3b1c6ae8f72fd95a01446a8
/home/ali/projects/RoboLab/output/v1_cosmos_contrastive/RubiksCubeRightOfBowlMatchedTask/predicted_chunks/episode_006/chunk_007/future.mp4,467975,86ffe092b1e92df1a9aab25070a597d70ee4155675c1de617b0440dde4fd7c09
/home/ali/projects/RoboLab/output/v1_cosmos_contrastive/RubiksCubeRightOfBowlMatchedTask/predicted_chunks/episode_006/chunk_007/metadata.json,904,00a563bc120eb2dd9a950cbab7f966b6e13b46648f703a0e1349ce76a0821dcf
/home/ali/projects/RoboLab/output/v1_cosmos_contrastive/RubiksCubeRightOfBowlMatchedTask/predicted_chunks/episode_006/chunk_008/action.npy,1152,72ea7fe4f271554b4ff4e97cd020fb54e60fd479bbab195c6915cd6b89679d63
/home/ali/projects/RoboLab/output/v1_cosmos_contrastive/RubiksCubeRightOfBowlMatchedTask/predicted_chunks/episode_006/chunk_008/conditioning.png,552007,10e0564e07b9f9ccdca07c1bf7f7ac908474546536fe9f3999847ac70893c933
/home/ali/projects/RoboLab/output/v1_cosmos_contrastive/RubiksCubeRightOfBowlMatchedTask/predicted_chunks/episode_006/chunk_008/future.mp4,525021,12b0fcb5ba71891ddfd5feb32448937f75331334558338f14689a9f805d60d8e
/home/ali/projects/RoboLab/output/v1_cosmos_contrastive/RubiksCubeRightOfBowlMatchedTask/predicted_chunks/episode_006/chunk_008/metadata.json,904,280eeee1e5c0a0828ed5c430141c44366e6523e6bcaff92f65c3e7a0feada3a3
/home/ali/projects/RoboLab/output/v1_cosmos_contrastive/RubiksCubeRightOfBowlMatchedTask/predicted_chunks/episode_006/chunk_009/action.npy,1152,9808bdd68bb539c75edf77f738ed78e7d8a8cef9078900810256070da4144c29
/home/ali/projects/RoboLab/output/v1_cosmos_contrastive/RubiksCubeRightOfBowlMatchedTask/predicted_chunks/episode_006/chunk_009/conditioning.png,567805,03516c3c8eb30192e071be3ffbe139fbaec38452cd469ca0d2c9b48bb85d8998
/home/ali/projects/RoboLab/output/v1_cosmos_contrastive/RubiksCubeRightOfBowlMatchedTask/predicted_chunks/episode_006/chunk_009/future.mp4,545917,1ea06399214a1e02cdea70ed0e208d8f9f7ee19a15790c534cc4e1cd4a67411f
/home/ali/projects/RoboLab/output/v1_cosmos_contrastive/RubiksCubeRightOfBowlMatchedTask/predicted_chunks/episode_006/chunk_009/metadata.json,900,c251c0798e3a38f18b4eff4fe75e27a89085c811de86a9b5a3e9c94a7a715d54
/home/ali/projects/RoboLab/output/v1_cosmos_contrastive/RubiksCubeRightOfBowlMatchedTask/predicted_chunks/episode_006/chunk_010/action.npy,1152,2b9e4ac31b0d7c66d3673c9e7593be05d0dbc01088e55b4889c35e4db8e3d587
/home/ali/projects/RoboLab/output/v1_cosmos_contrastive/RubiksCubeRightOfBowlMatchedTask/predicted_chunks/episode_006/chunk_010/conditioning.png,532582,5360e9968feb0f7bd820afe63c13ed7b2ddaf9bd3f336abb8a4e27e7c6ec7d8b
/home/ali/projects/RoboLab/output/v1_cosmos_contrastive/RubiksCubeRightOfBowlMatchedTask/predicted_chunks/episode_006/chunk_010/future.mp4,565848,da984aa2c7992595576056c445bcd5e94c103f14c9ef8c9122db509b284778fc
/home/ali/projects/RoboLab/output/v1_cosmos_contrastive/RubiksCubeRightOfBowlMatchedTask/predicted_chunks/episode_006/chunk_010/metadata.json,900,02cbf101f84a42e980760d8cd852a408f18e0af383dfc3d21f49cb514f4fa2d5
/home/ali/projects/RoboLab/output/v1_cosmos_contrastive/RubiksCubeRightOfBowlMatchedTask/predicted_chunks/episode_007/chunk_000/action.npy,1152,e9c42fea6e1b9587c35f348ce01072c6591a9964a0aae6756e385d0e3aed2b7d
/home/ali/projects/RoboLab/output/v1_cosmos_contrastive/RubiksCubeRightOfBowlMatchedTask/predicted_chunks/episode_007/chunk_000/conditioning.png,576825,72e97399edb10b6b3dd835314a684fda395a33131b0aaacf314a557b8be5ff6e
/home/ali/projects/RoboLab/output/v1_cosmos_contrastive/RubiksCubeRightOfBowlMatchedTask/predicted_chunks/episode_007/chunk_000/future.mp4,529456,7288540e08ba3b363eddb2ad04daffc494009e3f89e1b96a23c4eda471d2be10
/home/ali/projects/RoboLab/output/v1_cosmos_contrastive/RubiksCubeRightOfBowlMatchedTask/predicted_chunks/episode_007/chunk_000/metadata.json,817,e5522871e99b426987b0369bd23a782cc912dde987f1fd96c97fc9e6295f5b6d
/home/ali/projects/RoboLab/output/v1_cosmos_contrastive/RubiksCubeRightOfBowlMatchedTask/predicted_chunks/episode_007/chunk_001/action.npy,1152,c3833afbf00386466c679d1a19f7ec4c7c038a5cff193aed89697bbb314bbd47
/home/ali/projects/RoboLab/output/v1_cosmos_contrastive/RubiksCubeRightOfBowlMatchedTask/predicted_chunks/episode_007/chunk_001/conditioning.png,553323,8b1e82d5ad533c3b5d05b3a2989ef09fd13839f4181b2fe55cdd1d9d58598d5a
/home/ali/projects/RoboLab/output/v1_cosmos_contrastive/RubiksCubeRightOfBowlMatchedTask/predicted_chunks/episode_007/chunk_001/future.mp4,427432,20584183128b3e100bce00dbcf52bb593edeef1da3ac26543ce5b79ee4d62520
/home/ali/projects/RoboLab/output/v1_cosmos_contrastive/RubiksCubeRightOfBowlMatchedTask/predicted_chunks/episode_007/chunk_001/metadata.json,903,286778f5d10edfbded507acef6983eb52b22c293823f9cc8cd7c219915c82f29
/home/ali/projects/RoboLab/output/v1_cosmos_contrastive/RubiksCubeRightOfBowlMatchedTask/predicted_chunks/episode_007/chunk_002/action.npy,1152,e8c5c3c56f096a337b95e73da9e8a39450ba492edb20a0d237eba45986f069cc
/home/ali/projects/RoboLab/output/v1_cosmos_contrastive/RubiksCubeRightOfBowlMatchedTask/predicted_chunks/episode_007/chunk_002/conditioning.png,549509,30444caf6b974d76994fa21c0e448e0db4d0a89191fee1b2efce4b3e9ad1a6be
/home/ali/projects/RoboLab/output/v1_cosmos_contrastive/RubiksCubeRightOfBowlMatchedTask/predicted_chunks/episode_007/chunk_002/future.mp4,521537,815a21f4012f10e9d56116571402e9edef9ab6a2bdad97dc7fc168b267f0e576
/home/ali/projects/RoboLab/output/v1_cosmos_contrastive/RubiksCubeRightOfBowlMatchedTask/predicted_chunks/episode_007/chunk_002/metadata.json,898,d5104a074ddc5c3d7d7a02b06863520c1ce7a7fabacf1ada0e8500deee5cf51e
/home/ali/projects/RoboLab/output/v1_cosmos_contrastive/RubiksCubeRightOfBowlMatchedTask/predicted_chunks/episode_007/chunk_003/action.npy,1152,030a9dc6267f64af4999022d1c3d5933cd1ec4624df82c89b254dbf19ab7a4ff
/home/ali/projects/RoboLab/output/v1_cosmos_contrastive/RubiksCubeRightOfBowlMatchedTask/predicted_chunks/episode_007/chunk_003/conditioning.png,565018,927c995c78d41f9a52ed1abe5b30931bf9fcfec3e7e0e382cb97361c9a08619e
/home/ali/projects/RoboLab/output/v1_cosmos_contrastive/RubiksCubeRightOfBowlMatchedTask/predicted_chunks/episode_007/chunk_003/future.mp4,602701,5a2341bb4c5841bf21c8138d0d21d5cf84b59030db1e57076f0c0fc81d92fbad
/home/ali/projects/RoboLab/output/v1_cosmos_contrastive/RubiksCubeRightOfBowlMatchedTask/predicted_chunks/episode_007/chunk_003/metadata.json,900,6669b9ee446582254be8228ada76ea783c4dbc1c77a01ce25975e376cb5582fa
/home/ali/projects/RoboLab/output/v1_cosmos_contrastive/RubiksCubeRightOfBowlMatchedTask/predicted_chunks/episode_008/chunk_000/action.npy,1152,e8d265ede87acbfd94bdff77aa039addf7b6783004dfa1f66c4217e82dd05b4c
/home/ali/projects/RoboLab/output/v1_cosmos_contrastive/RubiksCubeRightOfBowlMatchedTask/predicted_chunks/episode_008/chunk_000/conditioning.png,573520,9a3a328da88211743f0bfe24d6eb163154f0591413ae1bbb4ca1c1e488a3610a
/home/ali/projects/RoboLab/output/v1_cosmos_contrastive/RubiksCubeRightOfBowlMatchedTask/predicted_chunks/episode_008/chunk_000/future.mp4,482033,4bb3a005d8c22e8805d9e5c759226fb87d0382ec61b8632430ff6f04572eee15
/home/ali/projects/RoboLab/output/v1_cosmos_contrastive/RubiksCubeRightOfBowlMatchedTask/predicted_chunks/episode_008/chunk_000/metadata.json,817,d0882564312b56e88ce9d1c7551b56f25f994d120102729c14d8c865eebe2784
/home/ali/projects/RoboLab/output/v1_cosmos_contrastive/RubiksCubeRightOfBowlMatchedTask/predicted_chunks/episode_008/chunk_001/action.npy,1152,f213f31ae622bbfb7aeea5fd62baf2ca29802e5a7e3296c9ff662062cd542a64
/home/ali/projects/RoboLab/output/v1_cosmos_contrastive/RubiksCubeRightOfBowlMatchedTask/predicted_chunks/episode_008/chunk_001/conditioning.png,565620,bce8b31e731e74acfc12fcb009d1331930924984ef1035ad0942f660b341a3e3
/home/ali/projects/RoboLab/output/v1_cosmos_contrastive/RubiksCubeRightOfBowlMatchedTask/predicted_chunks/episode_008/chunk_001/future.mp4,459684,f6bb9f992ab3f079f88aa4c386b7b893454aeda9bd68f6bc397a8ca840907a2d
/home/ali/projects/RoboLab/output/v1_cosmos_contrastive/RubiksCubeRightOfBowlMatchedTask/predicted_chunks/episode_008/chunk_001/metadata.json,899,5b2722466ec5fee84d676179509868f0ce42fa0aaeb71d61e0bd326c40003ccb
/home/ali/projects/RoboLab/output/v1_cosmos_contrastive/RubiksCubeRightOfBowlMatchedTask/predicted_chunks/episode_008/chunk_002/action.npy,1152,ef1b8f75193fe921a7a05b06cd281fdef2eecc2cd7bc018380cd5845f659f709
/home/ali/projects/RoboLab/output/v1_cosmos_contrastive/RubiksCubeRightOfBowlMatchedTask/predicted_chunks/episode_008/chunk_002/conditioning.png,551449,5f5f096be7aa16a9587a2f9eeba19e7c2ad5936586e85c188532408f357d3611
/home/ali/projects/RoboLab/output/v1_cosmos_contrastive/RubiksCubeRightOfBowlMatchedTask/predicted_chunks/episode_008/chunk_002/future.mp4,533653,6fe6ec895ee3dac32c591d4a0eefa229996db7886f3b35c1178f0a8510d51e10
/home/ali/projects/RoboLab/output/v1_cosmos_contrastive/RubiksCubeRightOfBowlMatchedTask/predicted_chunks/episode_008/chunk_002/metadata.json,885,bf7ac2cd2dfa374aa189c68ee0e6751f0278e9a774074c35a553375d7cd11bcc
/home/ali/projects/RoboLab/output/v1_cosmos_contrastive/RubiksCubeRightOfBowlMatchedTask/predicted_chunks/episode_008/chunk_003/action.npy,1152,dd7466c72bbac66f3756b5ecea4bda695d0318c7765035566fbbb411db5b2257
/home/ali/projects/RoboLab/output/v1_cosmos_contrastive/RubiksCubeRightOfBowlMatchedTask/predicted_chunks/episode_008/chunk_003/conditioning.png,553200,56dd00784e778654a7c33ac839f74a58f718cbbb6b74ab1b83df1f36a60a9074
/home/ali/projects/RoboLab/output/v1_cosmos_contrastive/RubiksCubeRightOfBowlMatchedTask/predicted_chunks/episode_008/chunk_003/future.mp4,605177,edf519845c17f8fe17c4bb6a9b5f6c1362ae15a65f4679f7b718254e6a376da0
/home/ali/projects/RoboLab/output/v1_cosmos_contrastive/RubiksCubeRightOfBowlMatchedTask/predicted_chunks/episode_008/chunk_003/metadata.json,885,1f8a5c592bdb594585cc2ea48ac03ebbd6d21264dcb8952ef3a416f81c7644a6
/home/ali/projects/RoboLab/output/v1_cosmos_contrastive/RubiksCubeRightOfBowlMatchedTask/predicted_chunks/episode_008/chunk_004/action.npy,1152,614b6cd75cd5ec5da17552f6151139b78ae63fcb27247baa85089a6f59eb2c29
/home/ali/projects/RoboLab/output/v1_cosmos_contrastive/RubiksCubeRightOfBowlMatchedTask/predicted_chunks/episode_008/chunk_004/conditioning.png,552397,c00305d466633986abf44ce37a156993da033f345639e93598c4a06ec07dffaf
/home/ali/projects/RoboLab/output/v1_cosmos_contrastive/RubiksCubeRightOfBowlMatchedTask/predicted_chunks/episode_008/chunk_004/future.mp4,510257,b6725155fd89d4edead08545436592b8ce6d42c9bea47ad88521d419dd5cd9df
/home/ali/projects/RoboLab/output/v1_cosmos_contrastive/RubiksCubeRightOfBowlMatchedTask/predicted_chunks/episode_008/chunk_004/metadata.json,884,0f444220920d3aabe86d420856a164088fe1d907d56a1d7b44370e9eb4b8fb06
/home/ali/projects/RoboLab/output/v1_cosmos_contrastive/RubiksCubeRightOfBowlMatchedTask/predicted_chunks/episode_008/chunk_005/action.npy,1152,160bb0437c9badae0732d4e428d11d261286abd441be0f8e1dd714613ffb5eee
/home/ali/projects/RoboLab/output/v1_cosmos_contrastive/RubiksCubeRightOfBowlMatchedTask/predicted_chunks/episode_008/chunk_005/conditioning.png,547601,0fdc80a3760c80671e21a727a5cdb94e374ccb0db81f95771e1af7bbd04a9fb1
/home/ali/projects/RoboLab/output/v1_cosmos_contrastive/RubiksCubeRightOfBowlMatchedTask/predicted_chunks/episode_008/chunk_005/future.mp4,469256,936a9e872395b07e5d3dc9961f8ec17799cb2fb890445a4c4d6805c5bcbc7662
/home/ali/projects/RoboLab/output/v1_cosmos_contrastive/RubiksCubeRightOfBowlMatchedTask/predicted_chunks/episode_008/chunk_005/metadata.json,901,4689b5bdf9f85b3fdb1c16a160913c1fe4b6f7b5f2816409c01a249a0f0510af
/home/ali/projects/RoboLab/output/v1_cosmos_contrastive/RubiksCubeRightOfBowlMatchedTask/predicted_chunks/episode_008/chunk_006/action.npy,1152,1b3ef59ec48bef5ebbb3c519396d53e27c8d408fe0a4688642a1f27c027efb6b
/home/ali/projects/RoboLab/output/v1_cosmos_contrastive/RubiksCubeRightOfBowlMatchedTask/predicted_chunks/episode_008/chunk_006/conditioning.png,540382,b67bd3ba103d5769ed65f0861e206c2a14b54d5edf9cd9822d0f37251e8f3b92
/home/ali/projects/RoboLab/output/v1_cosmos_contrastive/RubiksCubeRightOfBowlMatchedTask/predicted_chunks/episode_008/chunk_006/future.mp4,554709,e442e6abe3ce683a895fdb52f573fa900d6ec3c2c1553ab649f8703c12202488
/home/ali/projects/RoboLab/output/v1_cosmos_contrastive/RubiksCubeRightOfBowlMatchedTask/predicted_chunks/episode_008/chunk_006/metadata.json,901,35a7124ed7f42883b2e65853900c8d0828863cef4e3032d972054154a1869bdf
/home/ali/projects/RoboLab/output/v1_cosmos_contrastive/RubiksCubeRightOfBowlMatchedTask/predicted_chunks/episode_009/chunk_000/action.npy,1152,ba623ce652cfba5c56b4523cf3b33ccb696b397f978f79489724ab15992df335
/home/ali/projects/RoboLab/output/v1_cosmos_contrastive/RubiksCubeRightOfBowlMatchedTask/predicted_chunks/episode_009/chunk_000/conditioning.png,575885,797941c8937a79424cf31e2b2ab0b6585551124bc1d094539ea8ec41b856e7e6
/home/ali/projects/RoboLab/output/v1_cosmos_contrastive/RubiksCubeRightOfBowlMatchedTask/predicted_chunks/episode_009/chunk_000/future.mp4,487596,64482aa6b41470fd70cbd48e1adb4542bbc2aff8c29ec500b38d448219d7c7c1
/home/ali/projects/RoboLab/output/v1_cosmos_contrastive/RubiksCubeRightOfBowlMatchedTask/predicted_chunks/episode_009/chunk_000/metadata.json,817,ede08e2f84f9ac4e674b44aa7a707588f78c4d9c6b22c9ddf6a41e3901c49231
/home/ali/projects/RoboLab/output/v1_cosmos_contrastive/RubiksCubeRightOfBowlMatchedTask/predicted_chunks/episode_009/chunk_001/action.npy,1152,279c4ea37500fb99b4d142928b5a1da8be14acd1c447a1452070cf0b91afb67c
/home/ali/projects/RoboLab/output/v1_cosmos_contrastive/RubiksCubeRightOfBowlMatchedTask/predicted_chunks/episode_009/chunk_001/conditioning.png,564142,262405430479eb2791a7ff51fc00894d21307d40670117e2472e5438a6aabafc
/home/ali/projects/RoboLab/output/v1_cosmos_contrastive/RubiksCubeRightOfBowlMatchedTask/predicted_chunks/episode_009/chunk_001/future.mp4,428401,d8ce97de7eedd0ecb91db252789d26bf5a21e55f4f31381e2cc5450f2cdbec54
/home/ali/projects/RoboLab/output/v1_cosmos_contrastive/RubiksCubeRightOfBowlMatchedTask/predicted_chunks/episode_009/chunk_001/metadata.json,899,9869a8584dc4448fdda41d98ed31ac2a9bccd82edd1eb8ed94903e6205658533
/home/ali/projects/RoboLab/output/v1_cosmos_contrastive/RubiksCubeRightOfBowlMatchedTask/predicted_chunks/episode_009/chunk_002/action.npy,1152,7aab5ee63f9c4774f9d40dc3def1ba1f4b0dc4159b36974e0782c978ad452ef7
/home/ali/projects/RoboLab/output/v1_cosmos_contrastive/RubiksCubeRightOfBowlMatchedTask/predicted_chunks/episode_009/chunk_002/conditioning.png,549910,4da85056b44a9c124c3ada227ab514d73a89af5bc2ef2e698acec3e46d2cf76b
/home/ali/projects/RoboLab/output/v1_cosmos_contrastive/RubiksCubeRightOfBowlMatchedTask/predicted_chunks/episode_009/chunk_002/future.mp4,576337,cf8b8e96f8491b517b6aa44e073a7112918334b83d75ee26387951a47d0b5ece
/home/ali/projects/RoboLab/output/v1_cosmos_contrastive/RubiksCubeRightOfBowlMatchedTask/predicted_chunks/episode_009/chunk_002/metadata.json,898,0d5cbfaa16703e41403d9c01c3a3f3730f0030a2846acc5e6a72506d7fdd9263
/home/ali/projects/RoboLab/output/v1_cosmos_contrastive/RubiksCubeRightOfBowlMatchedTask/predicted_chunks/episode_009/chunk_003/action.npy,1152,2e1636d2b32a458069218593c72231505d515866233ca498f27c4b641b890c3d
/home/ali/projects/RoboLab/output/v1_cosmos_contrastive/RubiksCubeRightOfBowlMatchedTask/predicted_chunks/episode_009/chunk_003/conditioning.png,535449,981b110f831e17cfea35b51f9db3312a9a7fd100f6ac79a6f994dd3b0a3302bb
/home/ali/projects/RoboLab/output/v1_cosmos_contrastive/RubiksCubeRightOfBowlMatchedTask/predicted_chunks/episode_009/chunk_003/future.mp4,521815,a5ed7681c6cfb941876d3222128c8377f641d41207022d74eef5f65fee475f82
/home/ali/projects/RoboLab/output/v1_cosmos_contrastive/RubiksCubeRightOfBowlMatchedTask/predicted_chunks/episode_009/chunk_003/metadata.json,900,b95a64745615352d0410107a4431cf6f124f53fbb64955953cf8224b77b4e8c3
/home/ali/projects/RoboLab/output/v1_cosmos_contrastive/RubiksCubeRightOfBowlMatchedTask/predicted_chunks/manifest.jsonl,60814,8ec5d57808ac4a80f2c86769695f1a44e0641fe7a4c685f8ab353589189c1336
/home/ali/projects/RoboLab/output/v1_cosmos_contrastive/RubiksCubeRightOfBowlMatchedTask/run_0.hdf5,344446,965dc922d13d943b7899e6b3566ceb146f9e888d535cc0e7e288ce8e73f05495
/home/ali/projects/RoboLab/output/v1_cosmos_contrastive/RubiksCubeRightOfBowlMatchedTask/run_1.hdf5,232244,29a2c77f2345ab2bfb5dabd4f5a118ab1c0fe2cbe2b9d7d60af2c663ad7defd5
/home/ali/projects/RoboLab/output/v1_cosmos_contrastive/RubiksCubeRightOfBowlMatchedTask/run_2.hdf5,284111,c6d102a8d06d2ef20cce91579904718babe489cbb1f675568090685df19c69c7
/home/ali/projects/RoboLab/output/v1_cosmos_contrastive/RubiksCubeRightOfBowlMatchedTask/run_3.hdf5,270999,1e72b8919b6dfbd5e6cf8a46df139015a13b031835516e6676a9cea628cc58fc
/home/ali/projects/RoboLab/output/v1_cosmos_contrastive/RubiksCubeRightOfBowlMatchedTask/run_4.hdf5,302065,fc0f25696dfb6562b43f16a92f3c5d9a29458f6328e6d51ddb370c9a265da48a
/home/ali/projects/RoboLab/output/v1_cosmos_contrastive/RubiksCubeRightOfBowlMatchedTask/run_5.hdf5,226653,ec38dd82fcf7592e1684783064decf619d4ff365ad54a8e1e51f37831e59abda
/home/ali/projects/RoboLab/output/v1_cosmos_contrastive/RubiksCubeRightOfBowlMatchedTask/run_6.hdf5,300594,35e96c345985bc81403122a437d242762d3a4bd0f58ab8338c0efe2a12935118
/home/ali/projects/RoboLab/output/v1_cosmos_contrastive/RubiksCubeRightOfBowlMatchedTask/run_7.hdf5,227763,bcaed2335cb8cf6342d423bd08a9c84544cd23dab2e139311bf5c1fb7d2fc359
/home/ali/projects/RoboLab/output/v1_cosmos_contrastive/RubiksCubeRightOfBowlMatchedTask/run_8.hdf5,260165,97cc6a4bdfeff1f1cecb36d146dcd6e60d096c970505aec5f5c1f8bc69b5416f
/home/ali/projects/RoboLab/output/v1_cosmos_contrastive/RubiksCubeRightOfBowlMatchedTask/run_9.hdf5,225719,794a329478786c50dd0572cb1ed8368ae50602cc4384884dda0b89d7369327cc
/home/ali/projects/RoboLab/output/v1_cosmos_contrastive/episode_results.jsonl,26206,8fe483b88a0a35f22d7c3aa912e2f9a04d7ce759062cbf442d8e78891514a37d
/home/ali/projects/RoboLab/output/v1_cosmos_declarative/RubiksCubeLeftOfBowlMatchedTask/env_cfg.json,43356,63d96a5fdaed6fd4c08d3d388684781b51741d24ece7167365d38a8ff23e7b0e
/home/ali/projects/RoboLab/output/v1_cosmos_declarative/RubiksCubeLeftOfBowlMatchedTask/log_0_env0.json,2650,453ce8edd06978bafec9e581bdbf99ea031b9ad61549bc49886ee75f40392304
/home/ali/projects/RoboLab/output/v1_cosmos_declarative/RubiksCubeLeftOfBowlMatchedTask/log_1_env0.json,1577,aa50221c581537b9d6e3aa91efc6ae2e50505ca2c2ff4748476e7e954c243521
/home/ali/projects/RoboLab/output/v1_cosmos_declarative/RubiksCubeLeftOfBowlMatchedTask/log_2_env0.json,2027,14a1f190e4073b15c9a06030f4a66eb9ad94e9dbb0b099c65947a893bab6d45b
/home/ali/projects/RoboLab/output/v1_cosmos_declarative/RubiksCubeLeftOfBowlMatchedTask/log_3_env0.json,1452,83240449804ef96a2978e006fb2d5e9b3ec37d621d16a6c566a80b1cfe97a03a
/home/ali/projects/RoboLab/output/v1_cosmos_declarative/RubiksCubeLeftOfBowlMatchedTask/log_4_env0.json,1452,72ada4632382b3ee82998f729cc447b0dcca1c053be01360042567476e2a40c2
/home/ali/projects/RoboLab/output/v1_cosmos_declarative/RubiksCubeLeftOfBowlMatchedTask/log_5_env0.json,1904,a36a0edb9516c56ef708d649757139f7ebe96eba59a8d77f818e615e7d4c075b
/home/ali/projects/RoboLab/output/v1_cosmos_declarative/RubiksCubeLeftOfBowlMatchedTask/log_6_env0.json,1318,91c74a9fdbbee8705de6eff8d9a42c5ef21fc0ebbadc0be10c65678e067a3c46
/home/ali/projects/RoboLab/output/v1_cosmos_declarative/RubiksCubeLeftOfBowlMatchedTask/log_7_env0.json,675,a36a3ef3bb8981e23441af17d49ac50a2e125174b848467c10319d77e3e0779d
/home/ali/projects/RoboLab/output/v1_cosmos_declarative/RubiksCubeLeftOfBowlMatchedTask/log_8_env0.json,1315,6f147a0bc85ef5dedfdc84f215321a39983e41ddffcb457dedb7d23d0717d03c
/home/ali/projects/RoboLab/output/v1_cosmos_declarative/RubiksCubeLeftOfBowlMatchedTask/log_9_env0.json,1328,1158e9b399cb5aab97db3eb5f0ac5d30d9e03cca45c1ca9b759617f1f956a913
/home/ali/projects/RoboLab/output/v1_cosmos_declarative/RubiksCubeLeftOfBowlMatchedTask/predicted_chunks/episode_000/chunk_000/action.npy,1152,06e809b3e811086afd2aff31a6037aeeaea5a59f6322fce2dd3fa01e258cc9a7
/home/ali/projects/RoboLab/output/v1_cosmos_declarative/RubiksCubeLeftOfBowlMatchedTask/predicted_chunks/episode_000/chunk_000/conditioning.png,573882,110bc2eca1249d61376bfb83058059c3c79ef9edf07f28b0c6bf86e00e83f9ed
/home/ali/projects/RoboLab/output/v1_cosmos_declarative/RubiksCubeLeftOfBowlMatchedTask/predicted_chunks/episode_000/chunk_000/future.mp4,522482,e2ec4bb9c780339a782f9bd5cbae3de25e77ef939cb9161e8d174a5862f182d9
/home/ali/projects/RoboLab/output/v1_cosmos_declarative/RubiksCubeLeftOfBowlMatchedTask/predicted_chunks/episode_000/chunk_000/metadata.json,796,3bdd03002580107b2844d6107004c5fb43cf4ca411b5b75969222e3f905c7b5d
/home/ali/projects/RoboLab/output/v1_cosmos_declarative/RubiksCubeLeftOfBowlMatchedTask/predicted_chunks/episode_000/chunk_001/action.npy,1152,36a45636b084f752de3b27e4bfc047691ff5db9ad296e740eea9494c7ef6be40
/home/ali/projects/RoboLab/output/v1_cosmos_declarative/RubiksCubeLeftOfBowlMatchedTask/predicted_chunks/episode_000/chunk_001/conditioning.png,561224,98e0726ca077cc6bdca4ff16f970eaf0aeed129a231237880889acf157da6e10
/home/ali/projects/RoboLab/output/v1_cosmos_declarative/RubiksCubeLeftOfBowlMatchedTask/predicted_chunks/episode_000/chunk_001/future.mp4,442785,272e4a48d537beee5d2c9ba5cf51ce1a06803559441c29a4ce41444a5063f758
/home/ali/projects/RoboLab/output/v1_cosmos_declarative/RubiksCubeLeftOfBowlMatchedTask/predicted_chunks/episode_000/chunk_001/metadata.json,879,20df6e9d79eebcd39940cd777f8c684d1a8b3861601bc63070c2c445545ecd5e
/home/ali/projects/RoboLab/output/v1_cosmos_declarative/RubiksCubeLeftOfBowlMatchedTask/predicted_chunks/episode_000/chunk_002/action.npy,1152,e224a2a076cd51acb36fbc8ba854dd3423ebc1d2e0c49aaf9bb0291f166a3a4c
/home/ali/projects/RoboLab/output/v1_cosmos_declarative/RubiksCubeLeftOfBowlMatchedTask/predicted_chunks/episode_000/chunk_002/conditioning.png,544081,49d0751d80321642b60a3811cc995154eed011983fa896d30eb7490ad3a8dcea
/home/ali/projects/RoboLab/output/v1_cosmos_declarative/RubiksCubeLeftOfBowlMatchedTask/predicted_chunks/episode_000/chunk_002/future.mp4,380159,c3c31dcd91cf2ddcf8b999f27f40be9ca7e2604e702596bbff6011dc18bea882
/home/ali/projects/RoboLab/output/v1_cosmos_declarative/RubiksCubeLeftOfBowlMatchedTask/predicted_chunks/episode_000/chunk_002/metadata.json,875,fdb16b97a3c88ec820d8da94c2a7f25a0b65089d67f2e2f98c9519205ddf96ee
/home/ali/projects/RoboLab/output/v1_cosmos_declarative/RubiksCubeLeftOfBowlMatchedTask/predicted_chunks/episode_000/chunk_003/action.npy,1152,ed6ce786bfb45972fcab91c04677dbf220071db4c0868a13b77a3f67b2ffad72
/home/ali/projects/RoboLab/output/v1_cosmos_declarative/RubiksCubeLeftOfBowlMatchedTask/predicted_chunks/episode_000/chunk_003/conditioning.png,546828,9d6dc382b715cc8f09196e13512ab57caec86d38cb00d144bb52edc7f081d0f6
/home/ali/projects/RoboLab/output/v1_cosmos_declarative/RubiksCubeLeftOfBowlMatchedTask/predicted_chunks/episode_000/chunk_003/future.mp4,397092,b362be3270c42b222ab06f9635fe84991bf37468a55c2b282f975b919bfcb2b4
/home/ali/projects/RoboLab/output/v1_cosmos_declarative/RubiksCubeLeftOfBowlMatchedTask/predicted_chunks/episode_000/chunk_003/metadata.json,862,abbd8411e386c06b24d938f619210af998fa6aace7341d72bac14a513cea14de
/home/ali/projects/RoboLab/output/v1_cosmos_declarative/RubiksCubeLeftOfBowlMatchedTask/predicted_chunks/episode_000/chunk_004/action.npy,1152,5c0a4a9886cb375c9719d4ac82f28eaf4e1d451f9ee0d3765bdc2198793c0b60
/home/ali/projects/RoboLab/output/v1_cosmos_declarative/RubiksCubeLeftOfBowlMatchedTask/predicted_chunks/episode_000/chunk_004/conditioning.png,546778,68e3f073aabf2742f44346226c66289dcc4d0a08c3dae2a0c0b0345a88fdb755
/home/ali/projects/RoboLab/output/v1_cosmos_declarative/RubiksCubeLeftOfBowlMatchedTask/predicted_chunks/episode_000/chunk_004/future.mp4,456570,f9cf501f9ef1aa732d61f38ba336afc216eb80e1a73ddaddb47f1e0a35917494
/home/ali/projects/RoboLab/output/v1_cosmos_declarative/RubiksCubeLeftOfBowlMatchedTask/predicted_chunks/episode_000/chunk_004/metadata.json,876,94c48aa4788bab941976ae126d3056a098eaf60b4b5812d41aac5c8adf411a90
/home/ali/projects/RoboLab/output/v1_cosmos_declarative/RubiksCubeLeftOfBowlMatchedTask/predicted_chunks/episode_000/chunk_005/action.npy,1152,adb915c8fdeb29a3e5fe44a64c989343853eab42a5adf193c78b34a511c47465
/home/ali/projects/RoboLab/output/v1_cosmos_declarative/RubiksCubeLeftOfBowlMatchedTask/predicted_chunks/episode_000/chunk_005/conditioning.png,574484,8afe475285213c5f654e8a5884d1de2646ba4151b4c594319f439d6935fb5774
/home/ali/projects/RoboLab/output/v1_cosmos_declarative/RubiksCubeLeftOfBowlMatchedTask/predicted_chunks/episode_000/chunk_005/future.mp4,452890,07768131cbd966e52e325eb3c0a79c2f6bc21a03f9b85c970b4031ba505f53ba
/home/ali/projects/RoboLab/output/v1_cosmos_declarative/RubiksCubeLeftOfBowlMatchedTask/predicted_chunks/episode_000/chunk_005/metadata.json,880,432dc875170e3c9c6ed3d673b734e102401c742c99f690cb20dbaa7dab2e480b
/home/ali/projects/RoboLab/output/v1_cosmos_declarative/RubiksCubeLeftOfBowlMatchedTask/predicted_chunks/episode_000/chunk_006/action.npy,1152,23f64d08c39c1133f559366e4f9871fced2872e21d3e7df757f950fbe76df65b
/home/ali/projects/RoboLab/output/v1_cosmos_declarative/RubiksCubeLeftOfBowlMatchedTask/predicted_chunks/episode_000/chunk_006/conditioning.png,555330,57e129ff5e25194045bae88fafee4a5e55f38b0fad675d37b69009393c3ba211
/home/ali/projects/RoboLab/output/v1_cosmos_declarative/RubiksCubeLeftOfBowlMatchedTask/predicted_chunks/episode_000/chunk_006/future.mp4,436921,bafd64d2be1592e296ba34d628a3c3defb9a742f2d9532248f354655a92f3844
/home/ali/projects/RoboLab/output/v1_cosmos_declarative/RubiksCubeLeftOfBowlMatchedTask/predicted_chunks/episode_000/chunk_006/metadata.json,882,f119523f7458f9f161fd97887e78a4e6d25dafe7a89e4a5782a430e82c878064
/home/ali/projects/RoboLab/output/v1_cosmos_declarative/RubiksCubeLeftOfBowlMatchedTask/predicted_chunks/episode_000/chunk_007/action.npy,1152,815140f648f522645d3cb6feb5d204c3247f15983e1f65b7eb5ad2522a2f36ec
/home/ali/projects/RoboLab/output/v1_cosmos_declarative/RubiksCubeLeftOfBowlMatchedTask/predicted_chunks/episode_000/chunk_007/conditioning.png,528170,9e7e8c0f54ab0a562effcaf7d3aa3aa01d9cf84039abf74fa3c843f66adc2491
/home/ali/projects/RoboLab/output/v1_cosmos_declarative/RubiksCubeLeftOfBowlMatchedTask/predicted_chunks/episode_000/chunk_007/future.mp4,339744,d557a40e9d3f948752581d8fe1fee2b3153e43473e408baa04d27382c3096103
/home/ali/projects/RoboLab/output/v1_cosmos_declarative/RubiksCubeLeftOfBowlMatchedTask/predicted_chunks/episode_000/chunk_007/metadata.json,875,5fd6f8706133368ca09e20f1f915f18467f384e9e90b20f6aba019fe86a64fd5
/home/ali/projects/RoboLab/output/v1_cosmos_declarative/RubiksCubeLeftOfBowlMatchedTask/predicted_chunks/episode_001/chunk_000/action.npy,1152,3b36b8d6538b2101c548af8fde0970698514e9cc2dd2f5d10fc24a0e5a72415a
/home/ali/projects/RoboLab/output/v1_cosmos_declarative/RubiksCubeLeftOfBowlMatchedTask/predicted_chunks/episode_001/chunk_000/conditioning.png,571436,8123cfaae6200790f717e67af02e72c180014b3a48b1ef09a777b9a77a0be212
/home/ali/projects/RoboLab/output/v1_cosmos_declarative/RubiksCubeLeftOfBowlMatchedTask/predicted_chunks/episode_001/chunk_000/future.mp4,522474,9703bf01e1f2047137d739c9389ee3cac539a4fa2987f6cf0974ce74eecceefc
/home/ali/projects/RoboLab/output/v1_cosmos_declarative/RubiksCubeLeftOfBowlMatchedTask/predicted_chunks/episode_001/chunk_000/metadata.json,796,0e299c6a7f91e62f1dcf8a4c38ae2759ee8d76edcea6fbe2d8a5a7ed9e9e14a0
/home/ali/projects/RoboLab/output/v1_cosmos_declarative/RubiksCubeLeftOfBowlMatchedTask/predicted_chunks/episode_001/chunk_001/action.npy,1152,d2ca028bafe414ebe00e44acb4c7c610dc899fc505821f3fa51e6cbda961af4c
/home/ali/projects/RoboLab/output/v1_cosmos_declarative/RubiksCubeLeftOfBowlMatchedTask/predicted_chunks/episode_001/chunk_001/conditioning.png,560547,59041e45880629e03ba1dc800b923d6f85a373923a2e52ac82124de2430b9ccc
/home/ali/projects/RoboLab/output/v1_cosmos_declarative/RubiksCubeLeftOfBowlMatchedTask/predicted_chunks/episode_001/chunk_001/future.mp4,436566,1c83584a238bd5f778cd18e12b2059746bb8116881cf5068a9b6eb2330ce4936
/home/ali/projects/RoboLab/output/v1_cosmos_declarative/RubiksCubeLeftOfBowlMatchedTask/predicted_chunks/episode_001/chunk_001/metadata.json,881,3fcce24a197f1ae3490b91a160b67bb22d841e1d52474d729dd2d373e0b7c59e
/home/ali/projects/RoboLab/output/v1_cosmos_declarative/RubiksCubeLeftOfBowlMatchedTask/predicted_chunks/episode_001/chunk_002/action.npy,1152,f02e924f1c897b36b01c7f2210be6053d29ecd2fb5509233119e29c1be285c41
/home/ali/projects/RoboLab/output/v1_cosmos_declarative/RubiksCubeLeftOfBowlMatchedTask/predicted_chunks/episode_001/chunk_002/conditioning.png,548852,35d556276c14308def0725db40e1841cdd8265c1abbf4b37077268dd45921158
/home/ali/projects/RoboLab/output/v1_cosmos_declarative/RubiksCubeLeftOfBowlMatchedTask/predicted_chunks/episode_001/chunk_002/future.mp4,504170,2674f4a8c0a8698867891c3aabd38bcb19646180726986ad109741bfac22f2d0
/home/ali/projects/RoboLab/output/v1_cosmos_declarative/RubiksCubeLeftOfBowlMatchedTask/predicted_chunks/episode_001/chunk_002/metadata.json,882,5e1ff960e6e0f10dc3ad1c818d7f64ff4f2a4d6231348d58b7bcdd9361dd5fd5
/home/ali/projects/RoboLab/output/v1_cosmos_declarative/RubiksCubeLeftOfBowlMatchedTask/predicted_chunks/episode_001/chunk_003/action.npy,1152,2986fa25cc9b45b1c6b859309160f75024d47f582e6cfaa0f5a1987df5ccb88f
/home/ali/projects/RoboLab/output/v1_cosmos_declarative/RubiksCubeLeftOfBowlMatchedTask/predicted_chunks/episode_001/chunk_003/conditioning.png,524753,4b4bc26ccffab6249ae1007de2686a0bbf1e144536ec9ebc44b639cff1591dfc
/home/ali/projects/RoboLab/output/v1_cosmos_declarative/RubiksCubeLeftOfBowlMatchedTask/predicted_chunks/episode_001/chunk_003/future.mp4,423782,6ec69283603e2c8281daa8c86a418de216d338c0210d6da8b69c122a67278d23
/home/ali/projects/RoboLab/output/v1_cosmos_declarative/RubiksCubeLeftOfBowlMatchedTask/predicted_chunks/episode_001/chunk_003/metadata.json,875,72fb9db51587df61ebf130359ddf1eaf65e8f251ed5094c1decc6608182262dd
/home/ali/projects/RoboLab/output/v1_cosmos_declarative/RubiksCubeLeftOfBowlMatchedTask/predicted_chunks/episode_001/chunk_004/action.npy,1152,c0aa4a6195a3fc150dcc802d63e517a013eed704ac1fecf4d3023e2c9314abe1
/home/ali/projects/RoboLab/output/v1_cosmos_declarative/RubiksCubeLeftOfBowlMatchedTask/predicted_chunks/episode_001/chunk_004/conditioning.png,537602,f38cb20670478453afc361e8b32f860feab9ff63f58189bb29d8eedb18c87253
/home/ali/projects/RoboLab/output/v1_cosmos_declarative/RubiksCubeLeftOfBowlMatchedTask/predicted_chunks/episode_001/chunk_004/future.mp4,477313,9c5fa5a6494a10380aae9edb3686d6a11cb453ec26320714ca4acd3863a4d87b
/home/ali/projects/RoboLab/output/v1_cosmos_declarative/RubiksCubeLeftOfBowlMatchedTask/predicted_chunks/episode_001/chunk_004/metadata.json,863,172e09fe9d9b2945e573a6c7fa8df9e1b72c0bc34b6d0f9d60481e1f8c65b1e0
/home/ali/projects/RoboLab/output/v1_cosmos_declarative/RubiksCubeLeftOfBowlMatchedTask/predicted_chunks/episode_001/chunk_005/action.npy,1152,b796f92901b0350e3ebcd969da8fe5b060c909a82065557d1a6e92a0ef47225a
/home/ali/projects/RoboLab/output/v1_cosmos_declarative/RubiksCubeLeftOfBowlMatchedTask/predicted_chunks/episode_001/chunk_005/conditioning.png,504303,55723936b96087e82f5e11ad51bbba36ca663e1dc0c9a9d9837571bb14598476
/home/ali/projects/RoboLab/output/v1_cosmos_declarative/RubiksCubeLeftOfBowlMatchedTask/predicted_chunks/episode_001/chunk_005/future.mp4,467200,e063f7b4f23ad4b78d2106e626ca045befc09d98b3a502d1d30e9a83f9733c3b
/home/ali/projects/RoboLab/output/v1_cosmos_declarative/RubiksCubeLeftOfBowlMatchedTask/predicted_chunks/episode_001/chunk_005/metadata.json,881,92666cd3ffa5da7e6f857cb3a3cc326ae96cda52154caf603a60ae1e28b21bec
/home/ali/projects/RoboLab/output/v1_cosmos_declarative/RubiksCubeLeftOfBowlMatchedTask/predicted_chunks/episode_002/chunk_000/action.npy,1152,2bc1bcdb6a8f7394dc7a9854a178880e89b0852c0f5fc7411020cb79b4318740
/home/ali/projects/RoboLab/output/v1_cosmos_declarative/RubiksCubeLeftOfBowlMatchedTask/predicted_chunks/episode_002/chunk_000/conditioning.png,578404,f9470aab43a236f60aaf9c8c3ce288ba2aa50e9513ff878d0352f842aa18fc95
/home/ali/projects/RoboLab/output/v1_cosmos_declarative/RubiksCubeLeftOfBowlMatchedTask/predicted_chunks/episode_002/chunk_000/future.mp4,506103,76d93586ef947373d80ce3eaaba5ce455bb4143929365956b97c2d73ff7dec63
/home/ali/projects/RoboLab/output/v1_cosmos_declarative/RubiksCubeLeftOfBowlMatchedTask/predicted_chunks/episode_002/chunk_000/metadata.json,796,2cf7ed2441cd98fe177ec0edeb13a44da9ad0d489f2e1d4587553031917dd2a6
/home/ali/projects/RoboLab/output/v1_cosmos_declarative/RubiksCubeLeftOfBowlMatchedTask/predicted_chunks/episode_002/chunk_001/action.npy,1152,1aa2e5d29b587fc379c35ccedc3bcee6990b2b3c7e3707cb2550c0aff9c27d6a
/home/ali/projects/RoboLab/output/v1_cosmos_declarative/RubiksCubeLeftOfBowlMatchedTask/predicted_chunks/episode_002/chunk_001/conditioning.png,545378,ba6941fb1e19bc8f783b06f018787c83d9c9152b9dd5c888d1cc7d582bbcf4f5
/home/ali/projects/RoboLab/output/v1_cosmos_declarative/RubiksCubeLeftOfBowlMatchedTask/predicted_chunks/episode_002/chunk_001/future.mp4,462522,f0377b1ba169fc1b592e9b4bf90ff1f7b5c090e4dd7f5859f26ec6c553a7d9c5
/home/ali/projects/RoboLab/output/v1_cosmos_declarative/RubiksCubeLeftOfBowlMatchedTask/predicted_chunks/episode_002/chunk_001/metadata.json,881,c43dacfadd6fbe4e8b2a55ffdc486f149daea24c5f1715af685c26969e1b2e79
/home/ali/projects/RoboLab/output/v1_cosmos_declarative/RubiksCubeLeftOfBowlMatchedTask/predicted_chunks/episode_002/chunk_002/action.npy,1152,bc4e08d42e0a094870f65cad2f49862903db609b693413b410a178a54fd9d82e
/home/ali/projects/RoboLab/output/v1_cosmos_declarative/RubiksCubeLeftOfBowlMatchedTask/predicted_chunks/episode_002/chunk_002/conditioning.png,519642,e2e8bf392f365d9a680eb2daeb1d333a3503ea52f2174e04d404418f55da357b
/home/ali/projects/RoboLab/output/v1_cosmos_declarative/RubiksCubeLeftOfBowlMatchedTask/predicted_chunks/episode_002/chunk_002/future.mp4,424749,475b551d1f706e40e1497598ef391ca874b6ff619ebd621a595dcace44a6c145
/home/ali/projects/RoboLab/output/v1_cosmos_declarative/RubiksCubeLeftOfBowlMatchedTask/predicted_chunks/episode_002/chunk_002/metadata.json,860,ac05c326cf03b499d82f4fbb853883e1c8083a44f22121c8d5dbf6f1c77d876b
/home/ali/projects/RoboLab/output/v1_cosmos_declarative/RubiksCubeLeftOfBowlMatchedTask/predicted_chunks/episode_002/chunk_003/action.npy,1152,7cf760d2220f4d9f5995938be2f5082d7379b6daef0752ae9b922c07dc6b9977
/home/ali/projects/RoboLab/output/v1_cosmos_declarative/RubiksCubeLeftOfBowlMatchedTask/predicted_chunks/episode_002/chunk_003/conditioning.png,495998,3203460cbe7e894586df56a9297c11f44b253141b0d109091024159791f8e46f
/home/ali/projects/RoboLab/output/v1_cosmos_declarative/RubiksCubeLeftOfBowlMatchedTask/predicted_chunks/episode_002/chunk_003/future.mp4,523548,cd32c74545324ed1d95f4f8dbdd5bd7634a00c6c6d231f854957059edc294922
/home/ali/projects/RoboLab/output/v1_cosmos_declarative/RubiksCubeLeftOfBowlMatchedTask/predicted_chunks/episode_002/chunk_003/metadata.json,877,dc00af12c1eecbe171d64ddf4ca67950e4f9f4f4b37b7c4f1c22e5ccef3e7ecf
/home/ali/projects/RoboLab/output/v1_cosmos_declarative/RubiksCubeLeftOfBowlMatchedTask/predicted_chunks/episode_002/chunk_004/action.npy,1152,23e29c774803401e5435b44103a2acbbbcc4c3d44091cb579c08b0916af468ee
/home/ali/projects/RoboLab/output/v1_cosmos_declarative/RubiksCubeLeftOfBowlMatchedTask/predicted_chunks/episode_002/chunk_004/conditioning.png,540978,e7934af2176ce6c5e984c71158d8c5461ce49db484cda212fa10b0e61d987136
/home/ali/projects/RoboLab/output/v1_cosmos_declarative/RubiksCubeLeftOfBowlMatchedTask/predicted_chunks/episode_002/chunk_004/future.mp4,407099,33380fb8c233b5dd51355935168aaeeab62269f53dc5a7233695eae934519ac1
/home/ali/projects/RoboLab/output/v1_cosmos_declarative/RubiksCubeLeftOfBowlMatchedTask/predicted_chunks/episode_002/chunk_004/metadata.json,881,69a82c221274a001ff75eb949f5b758507883960e6451b0f81c9b3b24b27a8cf
/home/ali/projects/RoboLab/output/v1_cosmos_declarative/RubiksCubeLeftOfBowlMatchedTask/predicted_chunks/episode_002/chunk_005/action.npy,1152,e62104b2265cb2b5cca63076accb4a206630d50aa10ef7b28f1cad312b690adc
/home/ali/projects/RoboLab/output/v1_cosmos_declarative/RubiksCubeLeftOfBowlMatchedTask/predicted_chunks/episode_002/chunk_005/conditioning.png,516607,014cb331e042de555c81c0200ae1ec0399a938e97ade62b1b4f2f340d1ea0480
/home/ali/projects/RoboLab/output/v1_cosmos_declarative/RubiksCubeLeftOfBowlMatchedTask/predicted_chunks/episode_002/chunk_005/future.mp4,372570,e716d32349f78240268a26af0357354c70a9e136cf9c6c3edd03c7214a5ff58b
/home/ali/projects/RoboLab/output/v1_cosmos_declarative/RubiksCubeLeftOfBowlMatchedTask/predicted_chunks/episode_002/chunk_005/metadata.json,878,7c276f62b20c74fc4497c72fc6542e1c0f7c3f0085a918bb5828549fc178227d
/home/ali/projects/RoboLab/output/v1_cosmos_declarative/RubiksCubeLeftOfBowlMatchedTask/predicted_chunks/episode_002/chunk_006/action.npy,1152,1af38a2400a2e00e40ecae55a19f63515b82b041a794ca278caa24cf3f0d9383
/home/ali/projects/RoboLab/output/v1_cosmos_declarative/RubiksCubeLeftOfBowlMatchedTask/predicted_chunks/episode_002/chunk_006/conditioning.png,512102,df768a9d2b0b32f1c2f45d43202986d8a0f7c3c0dd54fb8c0e77aebf29b95206
/home/ali/projects/RoboLab/output/v1_cosmos_declarative/RubiksCubeLeftOfBowlMatchedTask/predicted_chunks/episode_002/chunk_006/future.mp4,381445,1d8ee146429eb94eac9c558a5b01a04baa11cfccf17144218efe6aab6315b45f
/home/ali/projects/RoboLab/output/v1_cosmos_declarative/RubiksCubeLeftOfBowlMatchedTask/predicted_chunks/episode_002/chunk_006/metadata.json,878,2d2b0172fb766fd2e2ac72f16f233ff2f8a5f3a633a5352ae3d79728b0852d78
/home/ali/projects/RoboLab/output/v1_cosmos_declarative/RubiksCubeLeftOfBowlMatchedTask/predicted_chunks/episode_002/chunk_007/action.npy,1152,0b8a8a4a2496078fc00b5ae9e8a64ba9ae8769e6464cd1360c19f37e2fe2fa79
/home/ali/projects/RoboLab/output/v1_cosmos_declarative/RubiksCubeLeftOfBowlMatchedTask/predicted_chunks/episode_002/chunk_007/conditioning.png,537728,209d2252cc286ea4f00724ecf7f660ebba73d5d06690f8e1b347c86d30906eee
/home/ali/projects/RoboLab/output/v1_cosmos_declarative/RubiksCubeLeftOfBowlMatchedTask/predicted_chunks/episode_002/chunk_007/future.mp4,379722,061d06075b81bf044bf0a5527357442c5b9b15fa11246b95b8d445ca9ff47278
/home/ali/projects/RoboLab/output/v1_cosmos_declarative/RubiksCubeLeftOfBowlMatchedTask/predicted_chunks/episode_002/chunk_007/metadata.json,877,aa17b935365ff0d5c8222cf9b1b100c7dfad624a22b0cea37847b10d03644687
/home/ali/projects/RoboLab/output/v1_cosmos_declarative/RubiksCubeLeftOfBowlMatchedTask/predicted_chunks/episode_002/chunk_008/action.npy,1152,233263c43151b28c2076b69b98919d9cb5d1c92308494d56abca4fa2ec063e64
/home/ali/projects/RoboLab/output/v1_cosmos_declarative/RubiksCubeLeftOfBowlMatchedTask/predicted_chunks/episode_002/chunk_008/conditioning.png,527154,4b775642b01b325958deb02235db0f2721af70cc4c012f8253c67eaf7e33e1bf
/home/ali/projects/RoboLab/output/v1_cosmos_declarative/RubiksCubeLeftOfBowlMatchedTask/predicted_chunks/episode_002/chunk_008/future.mp4,351818,aa76295c9d6be78559a742a89d973f03a08aead76f20964f8017aed786821390
/home/ali/projects/RoboLab/output/v1_cosmos_declarative/RubiksCubeLeftOfBowlMatchedTask/predicted_chunks/episode_002/chunk_008/metadata.json,876,623d64e0e0ff0ed19c1b9d26fe1a4fdcb005ae39c663c33c32cad63b0bf97f35
/home/ali/projects/RoboLab/output/v1_cosmos_declarative/RubiksCubeLeftOfBowlMatchedTask/predicted_chunks/episode_002/chunk_009/action.npy,1152,8ec29d29401d0cacbacd549f09884ba5fc959712fa7a0a9f599123a2b6cf3721
/home/ali/projects/RoboLab/output/v1_cosmos_declarative/RubiksCubeLeftOfBowlMatchedTask/predicted_chunks/episode_002/chunk_009/conditioning.png,532094,81ef439828bcfdb602a5f50269a0f4221c7a656c6b4c22a0ff215153d0dc5240
/home/ali/projects/RoboLab/output/v1_cosmos_declarative/RubiksCubeLeftOfBowlMatchedTask/predicted_chunks/episode_002/chunk_009/future.mp4,419899,00d5251970063b25d1fafbff8531d1cb6d89e55035843b5a1bb3651a8bcaacf5
/home/ali/projects/RoboLab/output/v1_cosmos_declarative/RubiksCubeLeftOfBowlMatchedTask/predicted_chunks/episode_002/chunk_009/metadata.json,862,977a502200f3b93ef7b8696189724f05af0c6156d8e4610a3e5a6bd0471b1ef3
/home/ali/projects/RoboLab/output/v1_cosmos_declarative/RubiksCubeLeftOfBowlMatchedTask/predicted_chunks/episode_002/chunk_010/action.npy,1152,697770df4aa6be1ba92ac0ee07c8e24540e527eab39097c7373f3af7f60b2b25
/home/ali/projects/RoboLab/output/v1_cosmos_declarative/RubiksCubeLeftOfBowlMatchedTask/predicted_chunks/episode_002/chunk_010/conditioning.png,532387,073912ccd9fffca9b56b8ef56e86db89c1e66cde68eb125babf3d66bd1d97267
/home/ali/projects/RoboLab/output/v1_cosmos_declarative/RubiksCubeLeftOfBowlMatchedTask/predicted_chunks/episode_002/chunk_010/future.mp4,390564,09202340155c5923755096d66163f97c014b817eea5f0a8397c74eeb63db5e21
/home/ali/projects/RoboLab/output/v1_cosmos_declarative/RubiksCubeLeftOfBowlMatchedTask/predicted_chunks/episode_002/chunk_010/metadata.json,874,4fa1d8604c7455c89768131c4cf05794886e61062e6eb2011fbc27bdeeac1663
/home/ali/projects/RoboLab/output/v1_cosmos_declarative/RubiksCubeLeftOfBowlMatchedTask/predicted_chunks/episode_003/chunk_000/action.npy,1152,73abc55762c282d8010ca6dd207556d471c23fbe223deeeff0e896966851fd2f
/home/ali/projects/RoboLab/output/v1_cosmos_declarative/RubiksCubeLeftOfBowlMatchedTask/predicted_chunks/episode_003/chunk_000/conditioning.png,575670,bd741170cdb273fcfbd194dd3e37b964fd8bc7a7a5839e19760eb6dc2c1b1874
/home/ali/projects/RoboLab/output/v1_cosmos_declarative/RubiksCubeLeftOfBowlMatchedTask/predicted_chunks/episode_003/chunk_000/future.mp4,504598,7a9895ed25d76ae0ab876242338a25064f6748c99c6685552ec321b9abd153db
/home/ali/projects/RoboLab/output/v1_cosmos_declarative/RubiksCubeLeftOfBowlMatchedTask/predicted_chunks/episode_003/chunk_000/metadata.json,796,3efe10c2bee235fe80ea6aaf8c09a9618eda243a292b3510343a4cddfb71f987
/home/ali/projects/RoboLab/output/v1_cosmos_declarative/RubiksCubeLeftOfBowlMatchedTask/predicted_chunks/episode_003/chunk_001/action.npy,1152,768905c1d445437ffebe39932063692760bd3e341d1222d6a238def9b6f4474b
/home/ali/projects/RoboLab/output/v1_cosmos_declarative/RubiksCubeLeftOfBowlMatchedTask/predicted_chunks/episode_003/chunk_001/conditioning.png,554238,261d4ed3d368ca7cc2d664f780aa8ed3699c7ace7108464f2d609f79d2e4194a
/home/ali/projects/RoboLab/output/v1_cosmos_declarative/RubiksCubeLeftOfBowlMatchedTask/predicted_chunks/episode_003/chunk_001/future.mp4,442994,96207d4d6ddc10de5b0f4c17f9b2e550b1156d993ac3bf6e6e3e1beeaebb8e74
/home/ali/projects/RoboLab/output/v1_cosmos_declarative/RubiksCubeLeftOfBowlMatchedTask/predicted_chunks/episode_003/chunk_001/metadata.json,882,5f3e7dba38e7d11f223c3ab6547b3c1150604108e18a757b4b1640d160d679ff
/home/ali/projects/RoboLab/output/v1_cosmos_declarative/RubiksCubeLeftOfBowlMatchedTask/predicted_chunks/episode_003/chunk_002/action.npy,1152,469dbf13dca7195ed8f1cc21224365380709c6c3b63e369dacc1589603782051
/home/ali/projects/RoboLab/output/v1_cosmos_declarative/RubiksCubeLeftOfBowlMatchedTask/predicted_chunks/episode_003/chunk_002/conditioning.png,538723,f29181f8d3346207f986ba566630d44a806167f43224f33d621cece46d9a3d34
/home/ali/projects/RoboLab/output/v1_cosmos_declarative/RubiksCubeLeftOfBowlMatchedTask/predicted_chunks/episode_003/chunk_002/future.mp4,432269,1e4fb2dee8d35b8afb96bed879f327849e9bab406e7b85bf501df94ad2a12a28
/home/ali/projects/RoboLab/output/v1_cosmos_declarative/RubiksCubeLeftOfBowlMatchedTask/predicted_chunks/episode_003/chunk_002/metadata.json,876,ef04654d87578018396e7a655e53a70d927f160e62df8a10781b579a168b26e7
/home/ali/projects/RoboLab/output/v1_cosmos_declarative/RubiksCubeLeftOfBowlMatchedTask/predicted_chunks/episode_003/chunk_003/action.npy,1152,00972ec07fc3838901bbf5ecdfeaca39e1ed2d634cb4705067010fb3c3181ab1
/home/ali/projects/RoboLab/output/v1_cosmos_declarative/RubiksCubeLeftOfBowlMatchedTask/predicted_chunks/episode_003/chunk_003/conditioning.png,530426,7f4f1c74edeba0dc5b3f2a8a0a1bc0aac8c1f0b20f9d22f7af05b3c61381a882
/home/ali/projects/RoboLab/output/v1_cosmos_declarative/RubiksCubeLeftOfBowlMatchedTask/predicted_chunks/episode_003/chunk_003/future.mp4,594160,d61a548a0cd63bc902a406df9809b7ac4c45c6f0df398d7cd9ce3ec95c106cfc
/home/ali/projects/RoboLab/output/v1_cosmos_declarative/RubiksCubeLeftOfBowlMatchedTask/predicted_chunks/episode_003/chunk_003/metadata.json,860,62d0e6861d4c65dad5daae8c017528df8aa16337a3f703e20b08640f005ac00c
/home/ali/projects/RoboLab/output/v1_cosmos_declarative/RubiksCubeLeftOfBowlMatchedTask/predicted_chunks/episode_003/chunk_004/action.npy,1152,7229d263bc96624e784d3fc892a07c994ffa6833327f06dcb4d61e1abaadd42a
/home/ali/projects/RoboLab/output/v1_cosmos_declarative/RubiksCubeLeftOfBowlMatchedTask/predicted_chunks/episode_003/chunk_004/conditioning.png,525010,38337715d28c6107f3ec571a77cc0d7c0f53b68212fbb83ec1843a3a3a063c67
/home/ali/projects/RoboLab/output/v1_cosmos_declarative/RubiksCubeLeftOfBowlMatchedTask/predicted_chunks/episode_003/chunk_004/future.mp4,356479,e6a0b34a92c1698f0d2caeb14c3063e6c9ac5305ed9275ab2d9e6461831d6fe7
/home/ali/projects/RoboLab/output/v1_cosmos_declarative/RubiksCubeLeftOfBowlMatchedTask/predicted_chunks/episode_003/chunk_004/metadata.json,876,3ad0e255e50ed8dfe1a876644d76fd0837ec5faaf2b0ba8de26bf2c360bf5158
/home/ali/projects/RoboLab/output/v1_cosmos_declarative/RubiksCubeLeftOfBowlMatchedTask/predicted_chunks/episode_004/chunk_000/action.npy,1152,dc0fa67ca4af631e4575a0a63699cf0a1ab7a823514f4b00bed4067dfd87a5d3
/home/ali/projects/RoboLab/output/v1_cosmos_declarative/RubiksCubeLeftOfBowlMatchedTask/predicted_chunks/episode_004/chunk_000/conditioning.png,573712,b16b9dc732ac79976785e6bb9f261b5420f673196d3eff94660d2a52d97b5abc
/home/ali/projects/RoboLab/output/v1_cosmos_declarative/RubiksCubeLeftOfBowlMatchedTask/predicted_chunks/episode_004/chunk_000/future.mp4,507597,3c189c07481297f53aaf0eab633b3fd4a77272fcae4aabb6a5855a4513725cc5
/home/ali/projects/RoboLab/output/v1_cosmos_declarative/RubiksCubeLeftOfBowlMatchedTask/predicted_chunks/episode_004/chunk_000/metadata.json,796,bcebba784912c729f80c8ceb85985d905e6be59ed168ad5b72d0f5b5ae8bdf05
/home/ali/projects/RoboLab/output/v1_cosmos_declarative/RubiksCubeLeftOfBowlMatchedTask/predicted_chunks/episode_004/chunk_001/action.npy,1152,f578d9ca02e84e9843031532261e9753d9501b4f7c60581d574f4bc92042fea6
/home/ali/projects/RoboLab/output/v1_cosmos_declarative/RubiksCubeLeftOfBowlMatchedTask/predicted_chunks/episode_004/chunk_001/conditioning.png,561061,7ce015dae9ca83a243037fdad39740e45cde910e28b9f3ef0953f9c699e3d928
/home/ali/projects/RoboLab/output/v1_cosmos_declarative/RubiksCubeLeftOfBowlMatchedTask/predicted_chunks/episode_004/chunk_001/future.mp4,491455,b8eea2e0abc62853d85f25328bd4cd3cd43195827e309c6723614b68dd6bb0c0
/home/ali/projects/RoboLab/output/v1_cosmos_declarative/RubiksCubeLeftOfBowlMatchedTask/predicted_chunks/episode_004/chunk_001/metadata.json,879,586e6ee66ee6e46b3b1e1ac01914393dd7133a5212908aecb3c7acf2a44b8c62
/home/ali/projects/RoboLab/output/v1_cosmos_declarative/RubiksCubeLeftOfBowlMatchedTask/predicted_chunks/episode_004/chunk_002/action.npy,1152,aa74b4d6b8f05d2f005d1dac35f4a291ffb23fa26fdd4ec2114589cf113f9ef6
/home/ali/projects/RoboLab/output/v1_cosmos_declarative/RubiksCubeLeftOfBowlMatchedTask/predicted_chunks/episode_004/chunk_002/conditioning.png,553713,2ca4e3f8bf8888d5cb33af81ac9f59d555dfdc4be0a2bce42f9c9f431586de49
/home/ali/projects/RoboLab/output/v1_cosmos_declarative/RubiksCubeLeftOfBowlMatchedTask/predicted_chunks/episode_004/chunk_002/future.mp4,418157,a2d39afab124ef02183b379dfe51c2c8c5034d11e6713a09e6879b294f5fc153
/home/ali/projects/RoboLab/output/v1_cosmos_declarative/RubiksCubeLeftOfBowlMatchedTask/predicted_chunks/episode_004/chunk_002/metadata.json,863,7e448471dc533f69f7ae97330466edbcf5b8487941fd11c9a4144bf8d18ab0cf
/home/ali/projects/RoboLab/output/v1_cosmos_declarative/RubiksCubeLeftOfBowlMatchedTask/predicted_chunks/episode_004/chunk_003/action.npy,1152,d72550de00b8a0c2c9cf223a76b6b8289b83b94d0cb64b78c58856c26e1b9de0
/home/ali/projects/RoboLab/output/v1_cosmos_declarative/RubiksCubeLeftOfBowlMatchedTask/predicted_chunks/episode_004/chunk_003/conditioning.png,549847,9ae2f48a563846c17dd55ede2aa9f3e0ccb645849d19e92644a69a3b624d8ab1
/home/ali/projects/RoboLab/output/v1_cosmos_declarative/RubiksCubeLeftOfBowlMatchedTask/predicted_chunks/episode_004/chunk_003/future.mp4,460809,1aa1854fd43cd881c65bbc21a372aee0e3af3a8f1f5eb988df283f3508c3e6dd
/home/ali/projects/RoboLab/output/v1_cosmos_declarative/RubiksCubeLeftOfBowlMatchedTask/predicted_chunks/episode_004/chunk_003/metadata.json,862,69cc396576bb1deaf93f12dda0dacd590c8638e7b233d45f4f07665f2738719b
/home/ali/projects/RoboLab/output/v1_cosmos_declarative/RubiksCubeLeftOfBowlMatchedTask/predicted_chunks/episode_004/chunk_004/action.npy,1152,8b7e0af46880f58d4898cf4747c21f2c947a82b627ecac7e226c637526d1295a
/home/ali/projects/RoboLab/output/v1_cosmos_declarative/RubiksCubeLeftOfBowlMatchedTask/predicted_chunks/episode_004/chunk_004/conditioning.png,526345,39feb981072ee488a2864b7765e88bc172bb050d80cdce22b32bbcc974f1f55b
/home/ali/projects/RoboLab/output/v1_cosmos_declarative/RubiksCubeLeftOfBowlMatchedTask/predicted_chunks/episode_004/chunk_004/future.mp4,416366,d09d0833b7cd66647f84f5bef4f4c10a32227f7c72fb4d8910f2e4de60cb8c55
/home/ali/projects/RoboLab/output/v1_cosmos_declarative/RubiksCubeLeftOfBowlMatchedTask/predicted_chunks/episode_004/chunk_004/metadata.json,877,77606625791fd3dcb89b0c010ee67261d8c3f0ac299ea03afe8bb14179ae59d8
/home/ali/projects/RoboLab/output/v1_cosmos_declarative/RubiksCubeLeftOfBowlMatchedTask/predicted_chunks/episode_004/chunk_005/action.npy,1152,16cb6d5b50ff8f3d220757fd56c8adaa2296e9585b85f3d3f7ad4f162416149b
/home/ali/projects/RoboLab/output/v1_cosmos_declarative/RubiksCubeLeftOfBowlMatchedTask/predicted_chunks/episode_004/chunk_005/conditioning.png,497046,cb005a837f07b47819345513ad8623ee2e34cb24a87f68dbae4a78e4fa0d44cc
/home/ali/projects/RoboLab/output/v1_cosmos_declarative/RubiksCubeLeftOfBowlMatchedTask/predicted_chunks/episode_004/chunk_005/future.mp4,469187,3c06633ff10fb5f1ba89711c5fb176b290b70266fdf8f3419610080e9ebfc06f
/home/ali/projects/RoboLab/output/v1_cosmos_declarative/RubiksCubeLeftOfBowlMatchedTask/predicted_chunks/episode_004/chunk_005/metadata.json,862,6e85aa3564737913568df49be3cbeea8a0ae96ef2d2e1755fbd04aa78415e046
/home/ali/projects/RoboLab/output/v1_cosmos_declarative/RubiksCubeLeftOfBowlMatchedTask/predicted_chunks/episode_004/chunk_006/action.npy,1152,cfdfd803a0cedd44c64923498fd8fec023bbcbb822fe0601f670ba927fc10d2c
/home/ali/projects/RoboLab/output/v1_cosmos_declarative/RubiksCubeLeftOfBowlMatchedTask/predicted_chunks/episode_004/chunk_006/conditioning.png,536349,014ccebe807e16d79984291594f0869f0c7ce5811abc6593d8f896d347e864e5
/home/ali/projects/RoboLab/output/v1_cosmos_declarative/RubiksCubeLeftOfBowlMatchedTask/predicted_chunks/episode_004/chunk_006/future.mp4,348011,001308b5533933233b7971fbd86612900090666df08ba0fa60436602e6b9b5ee
/home/ali/projects/RoboLab/output/v1_cosmos_declarative/RubiksCubeLeftOfBowlMatchedTask/predicted_chunks/episode_004/chunk_006/metadata.json,873,ff0a72965ec793c44abe8621b1bbb4c881e7677c63689cfc4c1b133f6fe287eb
/home/ali/projects/RoboLab/output/v1_cosmos_declarative/RubiksCubeLeftOfBowlMatchedTask/predicted_chunks/episode_005/chunk_000/action.npy,1152,57d8fe86d6507d08aad83e211cfceb2858bcd580c13f074e5862995250a82d82
/home/ali/projects/RoboLab/output/v1_cosmos_declarative/RubiksCubeLeftOfBowlMatchedTask/predicted_chunks/episode_005/chunk_000/conditioning.png,569132,586531695310a54d279db73c1ae86f565fb4da4091e686501c36697428558aa3
/home/ali/projects/RoboLab/output/v1_cosmos_declarative/RubiksCubeLeftOfBowlMatchedTask/predicted_chunks/episode_005/chunk_000/future.mp4,490342,650cbe080c28dc4b8ed3be7e69e8b8b3c3067b727ae13e47f77e996b520751cc
/home/ali/projects/RoboLab/output/v1_cosmos_declarative/RubiksCubeLeftOfBowlMatchedTask/predicted_chunks/episode_005/chunk_000/metadata.json,796,962ff969a9175e68abdbda0775bbdb2316d04d5131aa7daef1d811664ab0aad6
/home/ali/projects/RoboLab/output/v1_cosmos_declarative/RubiksCubeLeftOfBowlMatchedTask/predicted_chunks/episode_005/chunk_001/action.npy,1152,26f9fb0d2d54655c42dae4a87bd9dd17885609c60fad4ab12c3f7fd2becd14a0
/home/ali/projects/RoboLab/output/v1_cosmos_declarative/RubiksCubeLeftOfBowlMatchedTask/predicted_chunks/episode_005/chunk_001/conditioning.png,554400,faf1318150cd440a77e44e78553bce0637c65b6942ce4aa1e30292cb15c59209
/home/ali/projects/RoboLab/output/v1_cosmos_declarative/RubiksCubeLeftOfBowlMatchedTask/predicted_chunks/episode_005/chunk_001/future.mp4,440185,8cdee582f3bede8087351bb19eca113b25841258b623012a0e8611b2222856ee
/home/ali/projects/RoboLab/output/v1_cosmos_declarative/RubiksCubeLeftOfBowlMatchedTask/predicted_chunks/episode_005/chunk_001/metadata.json,882,208c3ca74b771cb7c11687cada84ce326c7aa1e34f7e16eaac727871c5a01fbc
/home/ali/projects/RoboLab/output/v1_cosmos_declarative/RubiksCubeLeftOfBowlMatchedTask/predicted_chunks/episode_005/chunk_002/action.npy,1152,29924d3b813a37ae2a129f9912470f6f6a39c2da13dbe6373311fdd77b176679
/home/ali/projects/RoboLab/output/v1_cosmos_declarative/RubiksCubeLeftOfBowlMatchedTask/predicted_chunks/episode_005/chunk_002/conditioning.png,534079,2f5077dfd6c342f455e0d1c08b332c1cebaff42193884cb4e0b00fcc658bf033
/home/ali/projects/RoboLab/output/v1_cosmos_declarative/RubiksCubeLeftOfBowlMatchedTask/predicted_chunks/episode_005/chunk_002/future.mp4,448092,c852605b58e48bf69eac00330a33626351ea000b9667b90295033ab38b3df23a
/home/ali/projects/RoboLab/output/v1_cosmos_declarative/RubiksCubeLeftOfBowlMatchedTask/predicted_chunks/episode_005/chunk_002/metadata.json,865,8ce9ed9f168dc6f84bd413f00b3af4eb50f6bdc9e34e094a5fc7b0b2eff65128
/home/ali/projects/RoboLab/output/v1_cosmos_declarative/RubiksCubeLeftOfBowlMatchedTask/predicted_chunks/episode_005/chunk_003/action.npy,1152,3e0b510508e5428ee5897d40ce865a5e483047cc8afddf81801b2bcd2066c08f
/home/ali/projects/RoboLab/output/v1_cosmos_declarative/RubiksCubeLeftOfBowlMatchedTask/predicted_chunks/episode_005/chunk_003/conditioning.png,541813,60223aa1e07f8544215dce94be658d14f61f63ff9b3c20674dc7d0dc052bd480
/home/ali/projects/RoboLab/output/v1_cosmos_declarative/RubiksCubeLeftOfBowlMatchedTask/predicted_chunks/episode_005/chunk_003/future.mp4,474424,689dbb907b6b48012e6233cf6d9d58da93377a455bd5c9283fa3a990d281d983
/home/ali/projects/RoboLab/output/v1_cosmos_declarative/RubiksCubeLeftOfBowlMatchedTask/predicted_chunks/episode_005/chunk_003/metadata.json,873,aea8872040968c8aed1688396ca7fead0eee898e33e2316e7c3667d5200c6268
/home/ali/projects/RoboLab/output/v1_cosmos_declarative/RubiksCubeLeftOfBowlMatchedTask/predicted_chunks/episode_005/chunk_004/action.npy,1152,527fd0385efb97b1717c9f5138c9f3fcb748b7900619670335dbed9a8420f9c8
/home/ali/projects/RoboLab/output/v1_cosmos_declarative/RubiksCubeLeftOfBowlMatchedTask/predicted_chunks/episode_005/chunk_004/conditioning.png,534940,d77e54bebbd8d9b3472e55af4c0b1bebde757721a060bd63f76d7f01a9c84313
/home/ali/projects/RoboLab/output/v1_cosmos_declarative/RubiksCubeLeftOfBowlMatchedTask/predicted_chunks/episode_005/chunk_004/future.mp4,469885,586231e9ce3452fb4b05749dd2f31d4e24675779b49c4465ce9336c6ffcda581
/home/ali/projects/RoboLab/output/v1_cosmos_declarative/RubiksCubeLeftOfBowlMatchedTask/predicted_chunks/episode_005/chunk_004/metadata.json,874,136b62b9cf06219384cff8ca647b8e146d86295a3d6a09268e318f8621e6f8e0
/home/ali/projects/RoboLab/output/v1_cosmos_declarative/RubiksCubeLeftOfBowlMatchedTask/predicted_chunks/episode_005/chunk_005/action.npy,1152,d356cb89296fa3c7878f126de952f654e07c9448be731ae9c9d40e332a80783a
/home/ali/projects/RoboLab/output/v1_cosmos_declarative/RubiksCubeLeftOfBowlMatchedTask/predicted_chunks/episode_005/chunk_005/conditioning.png,545802,48437cd3aca5105e8764896a0112ba7ab2c1cd116adf24c655ebdc87943b125b
/home/ali/projects/RoboLab/output/v1_cosmos_declarative/RubiksCubeLeftOfBowlMatchedTask/predicted_chunks/episode_005/chunk_005/future.mp4,552087,947ac8ced64036981c79b05235cdb692cada4fa732d53d6c7057f56646e8b74b
/home/ali/projects/RoboLab/output/v1_cosmos_declarative/RubiksCubeLeftOfBowlMatchedTask/predicted_chunks/episode_005/chunk_005/metadata.json,877,c1d51fb7dcf762b14665c8f7d8c427a2b0f4ae4ed6bcc462a41203dd63aafc25
/home/ali/projects/RoboLab/output/v1_cosmos_declarative/RubiksCubeLeftOfBowlMatchedTask/predicted_chunks/episode_005/chunk_006/action.npy,1152,a0cab9a4f7f3cbbe0e5eddf88723f5190da9b2a852dce3c890070f323fceb005
/home/ali/projects/RoboLab/output/v1_cosmos_declarative/RubiksCubeLeftOfBowlMatchedTask/predicted_chunks/episode_005/chunk_006/conditioning.png,553294,97cadeaec3d4f31b712128b115ff86cdd7823b39694d230941b1206280ea64b0
/home/ali/projects/RoboLab/output/v1_cosmos_declarative/RubiksCubeLeftOfBowlMatchedTask/predicted_chunks/episode_005/chunk_006/future.mp4,461430,763398d3af8d678821e1da447bfdc2494a7970ee0f35528863aa2228f70d847a
/home/ali/projects/RoboLab/output/v1_cosmos_declarative/RubiksCubeLeftOfBowlMatchedTask/predicted_chunks/episode_005/chunk_006/metadata.json,879,7864b6421f284e390538da18d0a3095754397dcbbd92b909e7325f3cc931251f
/home/ali/projects/RoboLab/output/v1_cosmos_declarative/RubiksCubeLeftOfBowlMatchedTask/predicted_chunks/episode_005/chunk_007/action.npy,1152,41021ef8a15c45fc2d4781d2f2e986bddde7362c16731bcc74df39cc1959fac7
/home/ali/projects/RoboLab/output/v1_cosmos_declarative/RubiksCubeLeftOfBowlMatchedTask/predicted_chunks/episode_005/chunk_007/conditioning.png,542524,67f69ccace535f5cbacd6965eb48eff0ec241dafde3e31993be926cb005665c6
/home/ali/projects/RoboLab/output/v1_cosmos_declarative/RubiksCubeLeftOfBowlMatchedTask/predicted_chunks/episode_005/chunk_007/future.mp4,498724,937115367b614e67769f2324bb8fb04f5bba3a848cf3088f4a5f85a0b5ad15d2
/home/ali/projects/RoboLab/output/v1_cosmos_declarative/RubiksCubeLeftOfBowlMatchedTask/predicted_chunks/episode_005/chunk_007/metadata.json,884,67c7e39e8aa8647057c6bd1ec7ed1ba13cded04537772609755990a2325732d0
/home/ali/projects/RoboLab/output/v1_cosmos_declarative/RubiksCubeLeftOfBowlMatchedTask/predicted_chunks/episode_005/chunk_008/action.npy,1152,6e297b29bc25c6e41211e60a64232b40a08f401f454cde1e8fc1ed5ca42242e5
/home/ali/projects/RoboLab/output/v1_cosmos_declarative/RubiksCubeLeftOfBowlMatchedTask/predicted_chunks/episode_005/chunk_008/conditioning.png,537728,bae2af3d0a0599e941b7f61031aaee104979e66b834d75a86e3602e2593c5a57
/home/ali/projects/RoboLab/output/v1_cosmos_declarative/RubiksCubeLeftOfBowlMatchedTask/predicted_chunks/episode_005/chunk_008/future.mp4,444934,3c25b433c3472d635f7b4dd0526b471eee9721fd9ef4660da78d1db5dd1f741c
/home/ali/projects/RoboLab/output/v1_cosmos_declarative/RubiksCubeLeftOfBowlMatchedTask/predicted_chunks/episode_005/chunk_008/metadata.json,864,8fefbcb9b1ad526339a0935fb737d4acbdb95db074cf47d1dbd0291490d10157
/home/ali/projects/RoboLab/output/v1_cosmos_declarative/RubiksCubeLeftOfBowlMatchedTask/predicted_chunks/episode_005/chunk_009/action.npy,1152,0360212acfc48c94d32aae439e4f30cb9d764d37e36fb940e2c4b3b1f2ae2f44
/home/ali/projects/RoboLab/output/v1_cosmos_declarative/RubiksCubeLeftOfBowlMatchedTask/predicted_chunks/episode_005/chunk_009/conditioning.png,533475,ab26fb8c716aaa1e35c6a491ed5956a25ca23781d3efeef24dacc5fde713bbc5
/home/ali/projects/RoboLab/output/v1_cosmos_declarative/RubiksCubeLeftOfBowlMatchedTask/predicted_chunks/episode_005/chunk_009/future.mp4,375464,f936e005cfcb5c107e46cc6bd95ae64b66aa88929cb957fed2a35a76e67d1b29
/home/ali/projects/RoboLab/output/v1_cosmos_declarative/RubiksCubeLeftOfBowlMatchedTask/predicted_chunks/episode_005/chunk_009/metadata.json,878,fbd1da979b33a800181a0aeda01a92f10f29f5a0d0c40a5034e63852bd9c05c1
/home/ali/projects/RoboLab/output/v1_cosmos_declarative/RubiksCubeLeftOfBowlMatchedTask/predicted_chunks/episode_006/chunk_000/action.npy,1152,4e6130f4c3c828b4e8bea36727c1fe91075bf22bf416182e3d07877b91f53b4c
/home/ali/projects/RoboLab/output/v1_cosmos_declarative/RubiksCubeLeftOfBowlMatchedTask/predicted_chunks/episode_006/chunk_000/conditioning.png,573346,a47d2235a1c03465937f52d8e20ad87a9460c7fad9d97fc2c912d29db69cc79a
/home/ali/projects/RoboLab/output/v1_cosmos_declarative/RubiksCubeLeftOfBowlMatchedTask/predicted_chunks/episode_006/chunk_000/future.mp4,540511,1df91a5ec6d79ec1c51c124df92b6f4cd9ae8fcf11c89c0c30dd5d6c2e68b6a9
/home/ali/projects/RoboLab/output/v1_cosmos_declarative/RubiksCubeLeftOfBowlMatchedTask/predicted_chunks/episode_006/chunk_000/metadata.json,796,4b90ba9b671933ab0b7db2bb0a02a1bc617f9e92d9593866fde9808fc26da6cd
/home/ali/projects/RoboLab/output/v1_cosmos_declarative/RubiksCubeLeftOfBowlMatchedTask/predicted_chunks/episode_006/chunk_001/action.npy,1152,dadf74e99a90d077ad101f9b559b218a1ca05f4b96d30facfaa1a599e1d5091e
/home/ali/projects/RoboLab/output/v1_cosmos_declarative/RubiksCubeLeftOfBowlMatchedTask/predicted_chunks/episode_006/chunk_001/conditioning.png,542754,c92c8ddc4388a119a825bbbd04bb45cb854cb784932bb6fa491eb1ddb2a09dd3
/home/ali/projects/RoboLab/output/v1_cosmos_declarative/RubiksCubeLeftOfBowlMatchedTask/predicted_chunks/episode_006/chunk_001/future.mp4,427140,dfe3c2229b044df7e7927a4554617cd7934c9264e0c9531ae9872b564b1addf8
/home/ali/projects/RoboLab/output/v1_cosmos_declarative/RubiksCubeLeftOfBowlMatchedTask/predicted_chunks/episode_006/chunk_001/metadata.json,878,9c5a96e7a570b3805e6709a146d37c7567884da2bd4ff794430298de8b0dea4e
/home/ali/projects/RoboLab/output/v1_cosmos_declarative/RubiksCubeLeftOfBowlMatchedTask/predicted_chunks/episode_006/chunk_002/action.npy,1152,516b0427727096b17d4b92632ae1cea44c895b5755d8db59251ec7395d046a01
/home/ali/projects/RoboLab/output/v1_cosmos_declarative/RubiksCubeLeftOfBowlMatchedTask/predicted_chunks/episode_006/chunk_002/conditioning.png,554957,5091ab9b347cbef52b5036af8c68227dafe8ac8a4e6a0676091d3025fd99a4b9
/home/ali/projects/RoboLab/output/v1_cosmos_declarative/RubiksCubeLeftOfBowlMatchedTask/predicted_chunks/episode_006/chunk_002/future.mp4,435704,4d1c6777822035080db04b9d97e05feeb669d4de6384291c7d72e9eba65d69f1
/home/ali/projects/RoboLab/output/v1_cosmos_declarative/RubiksCubeLeftOfBowlMatchedTask/predicted_chunks/episode_006/chunk_002/metadata.json,879,6963d87ef7e238af01550f5ed3eb86f1811127caa0f8beaa8564e7f731f75176
/home/ali/projects/RoboLab/output/v1_cosmos_declarative/RubiksCubeLeftOfBowlMatchedTask/predicted_chunks/episode_006/chunk_003/action.npy,1152,ad67f3fe14d19aa50f9e82aa8f3784c0f3f711a2e612756c18d8b415fdec3a29
/home/ali/projects/RoboLab/output/v1_cosmos_declarative/RubiksCubeLeftOfBowlMatchedTask/predicted_chunks/episode_006/chunk_003/conditioning.png,552960,5e961a1559a7e3cdaed8059f75a5758d1a146c86363d34cbb51f642b0b636bc2
/home/ali/projects/RoboLab/output/v1_cosmos_declarative/RubiksCubeLeftOfBowlMatchedTask/predicted_chunks/episode_006/chunk_003/future.mp4,463068,70c5a6d75b2b9cae4ed46f9d7fc90dee1ecbbbd6336a167974364b2a43d3698d
/home/ali/projects/RoboLab/output/v1_cosmos_declarative/RubiksCubeLeftOfBowlMatchedTask/predicted_chunks/episode_006/chunk_003/metadata.json,879,7bdec53f1a92e30ec63f82e38ef138de0302e10f9b976cdb63c76ca0de395100
/home/ali/projects/RoboLab/output/v1_cosmos_declarative/RubiksCubeLeftOfBowlMatchedTask/predicted_chunks/episode_006/chunk_004/action.npy,1152,19f1324bc0c09588a506de2c307543aab945a81a1ddb8d1841d773373acb6205
/home/ali/projects/RoboLab/output/v1_cosmos_declarative/RubiksCubeLeftOfBowlMatchedTask/predicted_chunks/episode_006/chunk_004/conditioning.png,546993,988826aa27a1ad55c39394b1bfb99d0fa557bf7f934f54d7b553c9ddeed5e95e
/home/ali/projects/RoboLab/output/v1_cosmos_declarative/RubiksCubeLeftOfBowlMatchedTask/predicted_chunks/episode_006/chunk_004/future.mp4,435103,7a36d7cf70ad0b271faafdfca9bb14666b6dc5a2c45ee292d6746a69997f7b24
/home/ali/projects/RoboLab/output/v1_cosmos_declarative/RubiksCubeLeftOfBowlMatchedTask/predicted_chunks/episode_006/chunk_004/metadata.json,875,816e2c84e0eb85fa0b05bd866301eae7b4021dda03b7cb1654abffe0a81e10ea
/home/ali/projects/RoboLab/output/v1_cosmos_declarative/RubiksCubeLeftOfBowlMatchedTask/predicted_chunks/episode_007/chunk_000/action.npy,1152,3d8df51d30eff3d60cb09327526702076ea26202ba1600448907db5ced2384b6
/home/ali/projects/RoboLab/output/v1_cosmos_declarative/RubiksCubeLeftOfBowlMatchedTask/predicted_chunks/episode_007/chunk_000/conditioning.png,574481,7bd7884e36693f6bb2e61ba01a25d0afd24d64ffc730d8f5f30f1348c4f6439f
/home/ali/projects/RoboLab/output/v1_cosmos_declarative/RubiksCubeLeftOfBowlMatchedTask/predicted_chunks/episode_007/chunk_000/future.mp4,526403,8c8ebb9a02bb6452a0d6ef8c424e45863bc813a77027701b055f40074638812a
/home/ali/projects/RoboLab/output/v1_cosmos_declarative/RubiksCubeLeftOfBowlMatchedTask/predicted_chunks/episode_007/chunk_000/metadata.json,796,7cac82f1f99b055a94f619ade0c5f2490c902e484faf7bb9c691fa9e370e894e
/home/ali/projects/RoboLab/output/v1_cosmos_declarative/RubiksCubeLeftOfBowlMatchedTask/predicted_chunks/episode_007/chunk_001/action.npy,1152,633a0f5ae8edd2ebfbf3d4808b17e2f2df84b98134de0598db734eddd08c20e5
/home/ali/projects/RoboLab/output/v1_cosmos_declarative/RubiksCubeLeftOfBowlMatchedTask/predicted_chunks/episode_007/chunk_001/conditioning.png,554625,7cb1ad358486a3843a0c3dd6b80dd89e2df5f6b89b7782d98d5e772fde4852e7
/home/ali/projects/RoboLab/output/v1_cosmos_declarative/RubiksCubeLeftOfBowlMatchedTask/predicted_chunks/episode_007/chunk_001/future.mp4,434688,8853c112ec2a71d147bb836076db150ffc234c4d5395edaa2903d1fabcee12ec
/home/ali/projects/RoboLab/output/v1_cosmos_declarative/RubiksCubeLeftOfBowlMatchedTask/predicted_chunks/episode_007/chunk_001/metadata.json,883,91a570ee193f85a29a97775b95d44522db283537784db043f4a82c076f8e0a45
/home/ali/projects/RoboLab/output/v1_cosmos_declarative/RubiksCubeLeftOfBowlMatchedTask/predicted_chunks/episode_007/chunk_002/action.npy,1152,f231d5372fcc0555d02346237494eb1e7eda307a3e3ce36fc26c7d7af7a3c6a7
/home/ali/projects/RoboLab/output/v1_cosmos_declarative/RubiksCubeLeftOfBowlMatchedTask/predicted_chunks/episode_007/chunk_002/conditioning.png,541943,3c0fb812ced9e5d9d8d9062f0b449211c5f1c958be409a5d20424914fc550adb
/home/ali/projects/RoboLab/output/v1_cosmos_declarative/RubiksCubeLeftOfBowlMatchedTask/predicted_chunks/episode_007/chunk_002/future.mp4,451717,b2e98b016808e15f62f42eba978c0cd46763e8ee2fe44c8029722e13c818b56f
/home/ali/projects/RoboLab/output/v1_cosmos_declarative/RubiksCubeLeftOfBowlMatchedTask/predicted_chunks/episode_007/chunk_002/metadata.json,878,6bff084ed51059629a0ea699347a584aea2103119eff169ad0ba56a2679bf737
/home/ali/projects/RoboLab/output/v1_cosmos_declarative/RubiksCubeLeftOfBowlMatchedTask/predicted_chunks/episode_007/chunk_003/action.npy,1152,cc5cf59a6ca98702ef284d5defbbc55f9581bea9724a61abee773b7c65715204
/home/ali/projects/RoboLab/output/v1_cosmos_declarative/RubiksCubeLeftOfBowlMatchedTask/predicted_chunks/episode_007/chunk_003/conditioning.png,537617,eb012728fbdb4a25feed5a33a49d209cc3b13432005cb7e50536abfb2e7a4d0f
/home/ali/projects/RoboLab/output/v1_cosmos_declarative/RubiksCubeLeftOfBowlMatchedTask/predicted_chunks/episode_007/chunk_003/future.mp4,505782,c3e47c8e1a628dbbbbd76d210eecea168f7d68ede7cacc60fefef04e031871aa
/home/ali/projects/RoboLab/output/v1_cosmos_declarative/RubiksCubeLeftOfBowlMatchedTask/predicted_chunks/episode_007/chunk_003/metadata.json,860,2f89107df7dc3a7863bd615104939ba9945672fe86c327f1b065bee99e1595ba
/home/ali/projects/RoboLab/output/v1_cosmos_declarative/RubiksCubeLeftOfBowlMatchedTask/predicted_chunks/episode_007/chunk_004/action.npy,1152,b0d271ad407b65629001a6335b18bfbf498827de4db69fc6110a98c1e879c2f9
/home/ali/projects/RoboLab/output/v1_cosmos_declarative/RubiksCubeLeftOfBowlMatchedTask/predicted_chunks/episode_007/chunk_004/conditioning.png,529437,ca7cf5a7b194649e271a83ba808e243ef3ba8aece83825fb71c7aeff8da383e1
/home/ali/projects/RoboLab/output/v1_cosmos_declarative/RubiksCubeLeftOfBowlMatchedTask/predicted_chunks/episode_007/chunk_004/future.mp4,440993,34ada9126b8be2132e01748b27e03ae476077b288978d91973d8e3f86dd3ac03
/home/ali/projects/RoboLab/output/v1_cosmos_declarative/RubiksCubeLeftOfBowlMatchedTask/predicted_chunks/episode_007/chunk_004/metadata.json,861,0ca5c29beb52fb4c9816dd5844e3963b58875dfdda6c3f3e7c7c1d90aaa2b0ce
/home/ali/projects/RoboLab/output/v1_cosmos_declarative/RubiksCubeLeftOfBowlMatchedTask/predicted_chunks/episode_008/chunk_000/action.npy,1152,c20d1b797f9c79b8c2ce6bf6c7acf66c0513bf0e3ae134c3862e8a4e7995ed30
/home/ali/projects/RoboLab/output/v1_cosmos_declarative/RubiksCubeLeftOfBowlMatchedTask/predicted_chunks/episode_008/chunk_000/conditioning.png,576909,cbeafa5aae2cdeb9c43eac5e8d317b4207613ee2fd0b876892b2019cc637cd2b
/home/ali/projects/RoboLab/output/v1_cosmos_declarative/RubiksCubeLeftOfBowlMatchedTask/predicted_chunks/episode_008/chunk_000/future.mp4,505945,821ad985966e839e44fdfc886eb8e0d93e81bdff982b8dc9c758b6ea7430a845
/home/ali/projects/RoboLab/output/v1_cosmos_declarative/RubiksCubeLeftOfBowlMatchedTask/predicted_chunks/episode_008/chunk_000/metadata.json,796,5cde656cbb02582f2612c3189d5a4c5ea4dfb2e024714c1a800bfceb74153fe3
/home/ali/projects/RoboLab/output/v1_cosmos_declarative/RubiksCubeLeftOfBowlMatchedTask/predicted_chunks/episode_008/chunk_001/action.npy,1152,9268c2c8d0b373dff428b624faf06f8da54a0db94eec574e2d68a1fd6fc77aa9
/home/ali/projects/RoboLab/output/v1_cosmos_declarative/RubiksCubeLeftOfBowlMatchedTask/predicted_chunks/episode_008/chunk_001/conditioning.png,563382,f9fcfcc2ed5c5545024aefd24108f4e9cb3565bba5786ce8292b61ec0e55e329
/home/ali/projects/RoboLab/output/v1_cosmos_declarative/RubiksCubeLeftOfBowlMatchedTask/predicted_chunks/episode_008/chunk_001/future.mp4,432689,d2d4f3bb6b979d51f9ec6e08af864f38933edb0ffc26e8e634bf48b690198919
/home/ali/projects/RoboLab/output/v1_cosmos_declarative/RubiksCubeLeftOfBowlMatchedTask/predicted_chunks/episode_008/chunk_001/metadata.json,880,5886d0a3a20af0e9378cfaffa004d1d995b4660184c789561a34a17864e47e46
/home/ali/projects/RoboLab/output/v1_cosmos_declarative/RubiksCubeLeftOfBowlMatchedTask/predicted_chunks/episode_008/chunk_002/action.npy,1152,e3f8670ec2b52e7c5559679037d31c53b37e0bec1185411b81f7e0dfd7b93b1e
/home/ali/projects/RoboLab/output/v1_cosmos_declarative/RubiksCubeLeftOfBowlMatchedTask/predicted_chunks/episode_008/chunk_002/conditioning.png,550909,96e083d4f5ab1797e00244ec9803297c95c39068482a4a8631702153f7de75b1
/home/ali/projects/RoboLab/output/v1_cosmos_declarative/RubiksCubeLeftOfBowlMatchedTask/predicted_chunks/episode_008/chunk_002/future.mp4,536520,c3061865e8e226bb86077ad307404d0874d5571b1ea49489b378cae2d1f4c2a1
/home/ali/projects/RoboLab/output/v1_cosmos_declarative/RubiksCubeLeftOfBowlMatchedTask/predicted_chunks/episode_008/chunk_002/metadata.json,862,bebc86ae7f893153bf2737f143e57e96d5dbe14ff915d6dfdebb459378dbafb4
/home/ali/projects/RoboLab/output/v1_cosmos_declarative/RubiksCubeLeftOfBowlMatchedTask/predicted_chunks/episode_008/chunk_003/action.npy,1152,1562e25bc6b4c21a1fe6abad6945f0e26ad728f2081f1f444c176a37196ad6cb
/home/ali/projects/RoboLab/output/v1_cosmos_declarative/RubiksCubeLeftOfBowlMatchedTask/predicted_chunks/episode_008/chunk_003/conditioning.png,565174,370ca3c3098da0b4092bd7cd2c12c708c3f20568e8e6a18d55ce2326882d53b5
/home/ali/projects/RoboLab/output/v1_cosmos_declarative/RubiksCubeLeftOfBowlMatchedTask/predicted_chunks/episode_008/chunk_003/future.mp4,515328,11240101a010eb333b6a63d2c379ef3310b4aa6e239b2aead3a3cc381befc296
/home/ali/projects/RoboLab/output/v1_cosmos_declarative/RubiksCubeLeftOfBowlMatchedTask/predicted_chunks/episode_008/chunk_003/metadata.json,871,d724f923f5042e52eb6197ef8a3d88de3c3cda076134c8a370e2dc7f5e2beec8
/home/ali/projects/RoboLab/output/v1_cosmos_declarative/RubiksCubeLeftOfBowlMatchedTask/predicted_chunks/episode_008/chunk_004/action.npy,1152,f80eda7222caa434af662d7fd722a3f2943d1a06507ccb76f4c6b066ed8d7a12
/home/ali/projects/RoboLab/output/v1_cosmos_declarative/RubiksCubeLeftOfBowlMatchedTask/predicted_chunks/episode_008/chunk_004/conditioning.png,527621,2e7dd59c305e5b2e9fc65186936340d2e834edf5f90bb3ec13522fd3216b0cec
/home/ali/projects/RoboLab/output/v1_cosmos_declarative/RubiksCubeLeftOfBowlMatchedTask/predicted_chunks/episode_008/chunk_004/future.mp4,366099,7b6a68b72218ff3713e4a68a23ccb098aca2ebedf75bdb20404a31c5578c5533
/home/ali/projects/RoboLab/output/v1_cosmos_declarative/RubiksCubeLeftOfBowlMatchedTask/predicted_chunks/episode_008/chunk_004/metadata.json,875,19423563e4478e99395e5cc8fcf09e46728e9b100684945f257cc5eee6748c7d
/home/ali/projects/RoboLab/output/v1_cosmos_declarative/RubiksCubeLeftOfBowlMatchedTask/predicted_chunks/episode_009/chunk_000/action.npy,1152,7049615dbb00ff93b0e8adfa1268305bda300b2edf2e823dc60c5b47dd387f4a
/home/ali/projects/RoboLab/output/v1_cosmos_declarative/RubiksCubeLeftOfBowlMatchedTask/predicted_chunks/episode_009/chunk_000/conditioning.png,563538,9b264ccd0646330a9943af30477cc4d382c11b81a836577639869b8a7cee232b
/home/ali/projects/RoboLab/output/v1_cosmos_declarative/RubiksCubeLeftOfBowlMatchedTask/predicted_chunks/episode_009/chunk_000/future.mp4,502484,5051b70b08a0da16c8a28efbdfbc19619f8cca73538732e4f7f33dba1fdd49e2
/home/ali/projects/RoboLab/output/v1_cosmos_declarative/RubiksCubeLeftOfBowlMatchedTask/predicted_chunks/episode_009/chunk_000/metadata.json,796,441d90a97b429601ed76c6581e55487fea1e0183ed60a9c9b6a03a5cf31142b0
/home/ali/projects/RoboLab/output/v1_cosmos_declarative/RubiksCubeLeftOfBowlMatchedTask/predicted_chunks/episode_009/chunk_001/action.npy,1152,a52f7506c64a3341ad72ef4e4af2eee43debe34cd5210eb4b3b153db5b60a499
/home/ali/projects/RoboLab/output/v1_cosmos_declarative/RubiksCubeLeftOfBowlMatchedTask/predicted_chunks/episode_009/chunk_001/conditioning.png,558988,e92a25d588923ae96c19bcd2440cc1e542d901f24e03d10312c1030f23559e09
/home/ali/projects/RoboLab/output/v1_cosmos_declarative/RubiksCubeLeftOfBowlMatchedTask/predicted_chunks/episode_009/chunk_001/future.mp4,451726,d6299fd38ba7c68b623af2ce310910019ad3a583af38c8a224088ecb13ac3463
/home/ali/projects/RoboLab/output/v1_cosmos_declarative/RubiksCubeLeftOfBowlMatchedTask/predicted_chunks/episode_009/chunk_001/metadata.json,881,4566418b35d34b06b1d5f8fdea3d10faaf7a4b804c0aac8fb96854a278b35185
/home/ali/projects/RoboLab/output/v1_cosmos_declarative/RubiksCubeLeftOfBowlMatchedTask/predicted_chunks/episode_009/chunk_002/action.npy,1152,e00298da60aa6cf7e8e9e034b7cb3364eac9fd0bdeb78ad4d6a7fd73d16c1cb6
/home/ali/projects/RoboLab/output/v1_cosmos_declarative/RubiksCubeLeftOfBowlMatchedTask/predicted_chunks/episode_009/chunk_002/conditioning.png,552987,1095ec0ed230dd320c0d8dfe80fad9174b2193452a7b6d86b2ff5a249a2ea2e8
/home/ali/projects/RoboLab/output/v1_cosmos_declarative/RubiksCubeLeftOfBowlMatchedTask/predicted_chunks/episode_009/chunk_002/future.mp4,534632,36c1718e17f534534e0d0d93494d7f4c2cb1465fddd1d55e48589bc4c71202b8
/home/ali/projects/RoboLab/output/v1_cosmos_declarative/RubiksCubeLeftOfBowlMatchedTask/predicted_chunks/episode_009/chunk_002/metadata.json,877,48647bfe9e87d843c87db1a7d6e645a8194ac29727689b87366de55655a80b9e
/home/ali/projects/RoboLab/output/v1_cosmos_declarative/RubiksCubeLeftOfBowlMatchedTask/predicted_chunks/episode_009/chunk_003/action.npy,1152,902f88f9db19a03980f787e9bca76f686109f7332dc8a3fca5dfa8668adce985
/home/ali/projects/RoboLab/output/v1_cosmos_declarative/RubiksCubeLeftOfBowlMatchedTask/predicted_chunks/episode_009/chunk_003/conditioning.png,545847,a663e91a9e04eeefc3b81074ca420f42fbf1de5198444e0e73ff9c0a6be6d137
/home/ali/projects/RoboLab/output/v1_cosmos_declarative/RubiksCubeLeftOfBowlMatchedTask/predicted_chunks/episode_009/chunk_003/future.mp4,420730,79ee430cb2b471dba4c38ad4fb5b81c361b9d74b4da6c2b9b58a2210998eac3e
/home/ali/projects/RoboLab/output/v1_cosmos_declarative/RubiksCubeLeftOfBowlMatchedTask/predicted_chunks/episode_009/chunk_003/metadata.json,875,a753caf42e880b4d5aeb373381468bebaf39024e571477673f038c5e39f46840
/home/ali/projects/RoboLab/output/v1_cosmos_declarative/RubiksCubeLeftOfBowlMatchedTask/predicted_chunks/manifest.jsonl,49127,fcd2bf941000fc05d043ab57c26327f46577bd98e756622c2656a16147ac88f7
/home/ali/projects/RoboLab/output/v1_cosmos_declarative/RubiksCubeLeftOfBowlMatchedTask/run_0.hdf5,270293,064fb457aefb66c1f3a5d81d364e35f5de7e5ce176e34976bf7bb5f108ef2fb2
/home/ali/projects/RoboLab/output/v1_cosmos_declarative/RubiksCubeLeftOfBowlMatchedTask/run_1.hdf5,248275,f27a7c6ff8c76f752a413e8983e53688b9b266173ec8cb29331dab86e2c829d5
/home/ali/projects/RoboLab/output/v1_cosmos_declarative/RubiksCubeLeftOfBowlMatchedTask/run_2.hdf5,299842,91477c8a8d4f95b273266e9046fde1a3222bd26f15eaf682ece84733a41e5bc6
/home/ali/projects/RoboLab/output/v1_cosmos_declarative/RubiksCubeLeftOfBowlMatchedTask/run_3.hdf5,234631,5e957e4ab4102c2775a96b0e877aa37441f21e68ef1b3d3934eb120bd36f12a3
/home/ali/projects/RoboLab/output/v1_cosmos_declarative/RubiksCubeLeftOfBowlMatchedTask/run_4.hdf5,260084,afc9c1360d3532b0a1fbd469be9df570f8abd22f21b6844a5fae78c0d0deacf9
/home/ali/projects/RoboLab/output/v1_cosmos_declarative/RubiksCubeLeftOfBowlMatchedTask/run_5.hdf5,290198,548089407bb74842113f11605e14c960647b6c070a7c5fb9b7f9d39f3f595945
/home/ali/projects/RoboLab/output/v1_cosmos_declarative/RubiksCubeLeftOfBowlMatchedTask/run_6.hdf5,233197,4a617eeec7779b68538a7a76a20b07d60655bd8823b02289da65707995c79a5f
/home/ali/projects/RoboLab/output/v1_cosmos_declarative/RubiksCubeLeftOfBowlMatchedTask/run_7.hdf5,234709,6a32eea109347febc9136b821068ba496424e85270b4ce0361c0fb71f5dee50f
/home/ali/projects/RoboLab/output/v1_cosmos_declarative/RubiksCubeLeftOfBowlMatchedTask/run_8.hdf5,231598,bb8f298b3eb5d0015d711ef39ee22c0c094dfc65525bee64af8934a3892aea46
/home/ali/projects/RoboLab/output/v1_cosmos_declarative/RubiksCubeLeftOfBowlMatchedTask/run_9.hdf5,225213,2291ec14fd58e21a2ebd5cbd8dfff972e7bc6ef2d4c1252057a65a91e8e67ebc
/home/ali/projects/RoboLab/output/v1_cosmos_declarative/RubiksCubeRightOfBowlMatchedTask/env_cfg.json,43366,7067d127f29f74c7888119127a0e5a2d71cbd8ef263efe8fcdc764a56538b96a
/home/ali/projects/RoboLab/output/v1_cosmos_declarative/RubiksCubeRightOfBowlMatchedTask/log_0_env0.json,5002,7c2e37e48896aee11dacf6cc040f6d9556fd623fa98e6f0cca2d5bdd2463db5e
/home/ali/projects/RoboLab/output/v1_cosmos_declarative/RubiksCubeRightOfBowlMatchedTask/log_1_env0.json,1653,1b7b2efad6b9c82d46aed0f1354ea5b281d8d211526f3af24729ff443a1ae688
/home/ali/projects/RoboLab/output/v1_cosmos_declarative/RubiksCubeRightOfBowlMatchedTask/log_2_env0.json,2167,9df4587dd64f691822942250684d4ecfd635808d60a32df75abdf1620a255a1c
/home/ali/projects/RoboLab/output/v1_cosmos_declarative/RubiksCubeRightOfBowlMatchedTask/log_3_env0.json,1454,2655043b7e7f4bdf96785243e3e8ee10b5e9fbc6f3f9e053fc2ae42681907038
/home/ali/projects/RoboLab/output/v1_cosmos_declarative/RubiksCubeRightOfBowlMatchedTask/log_4_env0.json,1321,8ed3f8c02b848e9577cf7d53a950a63f64138b9863c3396ad2c0beb72e83e145
/home/ali/projects/RoboLab/output/v1_cosmos_declarative/RubiksCubeRightOfBowlMatchedTask/log_5_env0.json,1441,05865c0e65debead6b3ad303e6db12e49ce985fc25cfdda0d192818cedd3dda9
/home/ali/projects/RoboLab/output/v1_cosmos_declarative/RubiksCubeRightOfBowlMatchedTask/log_6_env0.json,2202,66ec37edfdbd739b28f6a504d11f78ba9fa54acc3e1299a6b76252128b54eaba
/home/ali/projects/RoboLab/output/v1_cosmos_declarative/RubiksCubeRightOfBowlMatchedTask/log_7_env0.json,2483,9cdca95e349ebbe6f1d825e16e20789f88cf47f8db2e1fea49b87bfc1a016ec8
/home/ali/projects/RoboLab/output/v1_cosmos_declarative/RubiksCubeRightOfBowlMatchedTask/log_8_env0.json,1578,dae32581ddbefa04eeed0a55df454063b4d242a0eec2f7b4fc3067926f58f6c3
/home/ali/projects/RoboLab/output/v1_cosmos_declarative/RubiksCubeRightOfBowlMatchedTask/log_9_env0.json,1197,befd6e8d0bba5be5ad9a03a1f1d47bbb0857776100bbb29b556bcefa1bebcdd3
/home/ali/projects/RoboLab/output/v1_cosmos_declarative/RubiksCubeRightOfBowlMatchedTask/predicted_chunks/episode_000/chunk_000/action.npy,1152,570bc56a72759e3409adc88a3d1314078db2c4d40e307dc8e5a15a088ff0419a
/home/ali/projects/RoboLab/output/v1_cosmos_declarative/RubiksCubeRightOfBowlMatchedTask/predicted_chunks/episode_000/chunk_000/conditioning.png,573592,002afe9f6ff4745dc7af9e223e696c15055f2d2256a6f2f64c64a534a8e4d3f5
/home/ali/projects/RoboLab/output/v1_cosmos_declarative/RubiksCubeRightOfBowlMatchedTask/predicted_chunks/episode_000/chunk_000/future.mp4,519272,14a69050f2d1962341722b0850572996e2b543f4ed7c49c17019d062b17ca079
/home/ali/projects/RoboLab/output/v1_cosmos_declarative/RubiksCubeRightOfBowlMatchedTask/predicted_chunks/episode_000/chunk_000/metadata.json,798,95f9048cc9ededc49c157cb977007b874b74b35d00acc291a8657713ff777ddd
/home/ali/projects/RoboLab/output/v1_cosmos_declarative/RubiksCubeRightOfBowlMatchedTask/predicted_chunks/episode_000/chunk_001/action.npy,1152,09b7f640a0c3757084c7b4d311ebee2aa0b540e7aac4eef9e036108c22f5803e
/home/ali/projects/RoboLab/output/v1_cosmos_declarative/RubiksCubeRightOfBowlMatchedTask/predicted_chunks/episode_000/chunk_001/conditioning.png,564368,807c7cc2dd8c0d48898c2f4d9bd29c59dcfc45233184eddf89524303753f5863
/home/ali/projects/RoboLab/output/v1_cosmos_declarative/RubiksCubeRightOfBowlMatchedTask/predicted_chunks/episode_000/chunk_001/future.mp4,435427,8da8fbad47c3b78ee7643a3662fcbd52ad939485f03d8ccfad4d561d0332e7ff
/home/ali/projects/RoboLab/output/v1_cosmos_declarative/RubiksCubeRightOfBowlMatchedTask/predicted_chunks/episode_000/chunk_001/metadata.json,882,3f478b0bdad3efab154454d83de7c29e0bd23f085776a0da661893dc0d86f9c0
/home/ali/projects/RoboLab/output/v1_cosmos_declarative/RubiksCubeRightOfBowlMatchedTask/predicted_chunks/episode_000/chunk_002/action.npy,1152,c884653f4b6f51fff2a68612bcec5f9c7d686366e06d036bc9e14953af04b88d
/home/ali/projects/RoboLab/output/v1_cosmos_declarative/RubiksCubeRightOfBowlMatchedTask/predicted_chunks/episode_000/chunk_002/conditioning.png,547219,3ef6a0736a83332a5ba35bbe76ebc403cc36b41df794a3273a6f78187d4a8e6e
/home/ali/projects/RoboLab/output/v1_cosmos_declarative/RubiksCubeRightOfBowlMatchedTask/predicted_chunks/episode_000/chunk_002/future.mp4,602757,25828bfd96c155ac11b71196cfa8ac51f1766597b06d408fbd3ec11c98a144ff
/home/ali/projects/RoboLab/output/v1_cosmos_declarative/RubiksCubeRightOfBowlMatchedTask/predicted_chunks/episode_000/chunk_002/metadata.json,875,bf891a6a2615f3556ebbdc19340a0095dcdf6303e618ce8f1e088d58856d8eb9
/home/ali/projects/RoboLab/output/v1_cosmos_declarative/RubiksCubeRightOfBowlMatchedTask/predicted_chunks/episode_000/chunk_003/action.npy,1152,e3455bb204d5a6a4d4647dff089f45290f92bc94cbddd6c8c71f532aeb33340a
/home/ali/projects/RoboLab/output/v1_cosmos_declarative/RubiksCubeRightOfBowlMatchedTask/predicted_chunks/episode_000/chunk_003/conditioning.png,512942,b428527447acd0decdc3e4db7925cdb4e75e23deaaa2d478c8f895bbf521d593
/home/ali/projects/RoboLab/output/v1_cosmos_declarative/RubiksCubeRightOfBowlMatchedTask/predicted_chunks/episode_000/chunk_003/future.mp4,467699,fb67410525c5a7bc223704d3cedff4c0b4dff420c7f7ef0c38b52e8adfe0867c
/home/ali/projects/RoboLab/output/v1_cosmos_declarative/RubiksCubeRightOfBowlMatchedTask/predicted_chunks/episode_000/chunk_003/metadata.json,869,5f3447ffb15bf91f91e280f6624fca74c005dbf87def0da583b5d12f915c047d
/home/ali/projects/RoboLab/output/v1_cosmos_declarative/RubiksCubeRightOfBowlMatchedTask/predicted_chunks/episode_000/chunk_004/action.npy,1152,33f0c287a24fa525d1e74a4c33fed6dfbfc77b30dc3147ae4c1a99b55e4651ac
/home/ali/projects/RoboLab/output/v1_cosmos_declarative/RubiksCubeRightOfBowlMatchedTask/predicted_chunks/episode_000/chunk_004/conditioning.png,472771,6cfec1e9fb3dde9a5a97fd67dac5a6d2ac3a42359c3c2ddd6cb3a846525223a6
/home/ali/projects/RoboLab/output/v1_cosmos_declarative/RubiksCubeRightOfBowlMatchedTask/predicted_chunks/episode_000/chunk_004/future.mp4,320142,bcd96a5f39c228f0bb5e146f9a0d3a95ac10c2c240165683d9568f780b53c00e
/home/ali/projects/RoboLab/output/v1_cosmos_declarative/RubiksCubeRightOfBowlMatchedTask/predicted_chunks/episode_000/chunk_004/metadata.json,863,f9b72fb0cfc4a75c774d993e8d14a93a0845d8cadf5f2ca81cf7d7307b3747a4
/home/ali/projects/RoboLab/output/v1_cosmos_declarative/RubiksCubeRightOfBowlMatchedTask/predicted_chunks/episode_000/chunk_005/action.npy,1152,1e35e73373d7ec276fdacf3881099557f712aac264200c13179946d47653c3b8
/home/ali/projects/RoboLab/output/v1_cosmos_declarative/RubiksCubeRightOfBowlMatchedTask/predicted_chunks/episode_000/chunk_005/conditioning.png,460007,ebc60bbfe0c39c81a4c0753ce35b378d44cf59bce777a1c60b8decdaaf65d17a
/home/ali/projects/RoboLab/output/v1_cosmos_declarative/RubiksCubeRightOfBowlMatchedTask/predicted_chunks/episode_000/chunk_005/future.mp4,342424,5970363b339bd0b18d1d492b18607eaf65ff924ccf6cb82b6ffac1dada3fa9e3
/home/ali/projects/RoboLab/output/v1_cosmos_declarative/RubiksCubeRightOfBowlMatchedTask/predicted_chunks/episode_000/chunk_005/metadata.json,865,76dfbab06cf3c0a8cf71bb2547f601e1bff0e9c51818ab862bb5337d7c914eb4
/home/ali/projects/RoboLab/output/v1_cosmos_declarative/RubiksCubeRightOfBowlMatchedTask/predicted_chunks/episode_000/chunk_006/action.npy,1152,fbed31a26a23d1b70b48d9564e086faf123917be160bd47824def411d93e6e68
/home/ali/projects/RoboLab/output/v1_cosmos_declarative/RubiksCubeRightOfBowlMatchedTask/predicted_chunks/episode_000/chunk_006/conditioning.png,453297,c302e15c0da41a6892abf044a1412e29880c89abf3e30ed9c6971515acdf120f
/home/ali/projects/RoboLab/output/v1_cosmos_declarative/RubiksCubeRightOfBowlMatchedTask/predicted_chunks/episode_000/chunk_006/future.mp4,284659,54fc6595ab3ad23ef7dce9652b7d7d7190054fb02cf70f1ba430ba45c44b31f8
/home/ali/projects/RoboLab/output/v1_cosmos_declarative/RubiksCubeRightOfBowlMatchedTask/predicted_chunks/episode_000/chunk_006/metadata.json,861,3e75dc4c466200645d88ca8c23561493972a7a6500835068f61e8456fdb433ac
/home/ali/projects/RoboLab/output/v1_cosmos_declarative/RubiksCubeRightOfBowlMatchedTask/predicted_chunks/episode_000/chunk_007/action.npy,1152,0df1ee9f1de0576c619e2423eb2dbab8afcf5ceabcabe4f5fe47f3a88ece3f1e
/home/ali/projects/RoboLab/output/v1_cosmos_declarative/RubiksCubeRightOfBowlMatchedTask/predicted_chunks/episode_000/chunk_007/conditioning.png,451888,0c21a8335fdcf183b5863eed6f557eb19d4e602aa8d01a33e58060546e8b8749
/home/ali/projects/RoboLab/output/v1_cosmos_declarative/RubiksCubeRightOfBowlMatchedTask/predicted_chunks/episode_000/chunk_007/future.mp4,285916,f0fdd305d7d174e81ccb1299a125f14fe8814c276af2b3f252c4dc86580ab2e4
/home/ali/projects/RoboLab/output/v1_cosmos_declarative/RubiksCubeRightOfBowlMatchedTask/predicted_chunks/episode_000/chunk_007/metadata.json,879,2451795f05cc356fb9d68c3dd289238f9b6fc76e5b220990b72ee5355b1a00ad
/home/ali/projects/RoboLab/output/v1_cosmos_declarative/RubiksCubeRightOfBowlMatchedTask/predicted_chunks/episode_000/chunk_008/action.npy,1152,07e4c623738c3ff3a7fb54e5b0632df3dff9cfd32823d72f6fe567ff17416741
/home/ali/projects/RoboLab/output/v1_cosmos_declarative/RubiksCubeRightOfBowlMatchedTask/predicted_chunks/episode_000/chunk_008/conditioning.png,444079,95cf9195f9239875b2f55a982c3252e3d94124c4ab6c0df07d1629e8c52d341f
/home/ali/projects/RoboLab/output/v1_cosmos_declarative/RubiksCubeRightOfBowlMatchedTask/predicted_chunks/episode_000/chunk_008/future.mp4,312717,0eed54fe0c5b4c4f858b7dddf960c4a6ba0fb045e64d97f7edf6886ab313962a
/home/ali/projects/RoboLab/output/v1_cosmos_declarative/RubiksCubeRightOfBowlMatchedTask/predicted_chunks/episode_000/chunk_008/metadata.json,879,fa4c563a5727a83952729fe7acb7e5f759ce3dc3bb7b04a34e53cabeb78b9d58
/home/ali/projects/RoboLab/output/v1_cosmos_declarative/RubiksCubeRightOfBowlMatchedTask/predicted_chunks/episode_000/chunk_009/action.npy,1152,de570ccf0e5161cc69be5a8d4b71d8527aa030b5615094244d01e072397e3db0
/home/ali/projects/RoboLab/output/v1_cosmos_declarative/RubiksCubeRightOfBowlMatchedTask/predicted_chunks/episode_000/chunk_009/conditioning.png,450827,10b5f6f385e708ccb25601291e0323f755fa24ed98ef4cff38e0f1a7fd4bc51c
/home/ali/projects/RoboLab/output/v1_cosmos_declarative/RubiksCubeRightOfBowlMatchedTask/predicted_chunks/episode_000/chunk_009/future.mp4,286845,3d628decd9539c9479a0188a74af3d0a715bda64c0958c97fdc5f9be85725426
/home/ali/projects/RoboLab/output/v1_cosmos_declarative/RubiksCubeRightOfBowlMatchedTask/predicted_chunks/episode_000/chunk_009/metadata.json,877,ca7c7f0acde55f5605bbd4e5515e795add699320a69bb4a21cde4e32d5f17b89
/home/ali/projects/RoboLab/output/v1_cosmos_declarative/RubiksCubeRightOfBowlMatchedTask/predicted_chunks/episode_000/chunk_010/action.npy,1152,cd60002a85d4bf7decefd75a13947b8fc0eeef362fc9b6cab9b145cc548ad0fa
/home/ali/projects/RoboLab/output/v1_cosmos_declarative/RubiksCubeRightOfBowlMatchedTask/predicted_chunks/episode_000/chunk_010/conditioning.png,449909,03f9a6b7722960a6a91297d43fc319b885f2b9892d7e612fefb67f9800767ac9
/home/ali/projects/RoboLab/output/v1_cosmos_declarative/RubiksCubeRightOfBowlMatchedTask/predicted_chunks/episode_000/chunk_010/future.mp4,313156,857f866a204eb142eb5fbd42148a94ce6a865103d0e7b10420b9f808b5948d0b
/home/ali/projects/RoboLab/output/v1_cosmos_declarative/RubiksCubeRightOfBowlMatchedTask/predicted_chunks/episode_000/chunk_010/metadata.json,879,c5d37ee990e43f7621eca16574f6152902fdae02fb6d6ad5dc4727090cfa2a6d
/home/ali/projects/RoboLab/output/v1_cosmos_declarative/RubiksCubeRightOfBowlMatchedTask/predicted_chunks/episode_000/chunk_011/action.npy,1152,211b1e9b9a34fc4ced1c154592a8e84a9ebc56e6bd36af476432d6290b9a4f0c
/home/ali/projects/RoboLab/output/v1_cosmos_declarative/RubiksCubeRightOfBowlMatchedTask/predicted_chunks/episode_000/chunk_011/conditioning.png,444369,a766ff79f43a760b6ee52a4003b188f81e195d06baca75c7bb7c1954c76cc19f
/home/ali/projects/RoboLab/output/v1_cosmos_declarative/RubiksCubeRightOfBowlMatchedTask/predicted_chunks/episode_000/chunk_011/future.mp4,356781,52f04d4d70f3c086605bce1f30842dba7a6313f504005a60c8eb297954525fe2
/home/ali/projects/RoboLab/output/v1_cosmos_declarative/RubiksCubeRightOfBowlMatchedTask/predicted_chunks/episode_000/chunk_011/metadata.json,879,084cb443f2d031ffb7c6431ffbe822d394daf3e1fe18b6ece6bbee416fd15188
/home/ali/projects/RoboLab/output/v1_cosmos_declarative/RubiksCubeRightOfBowlMatchedTask/predicted_chunks/episode_000/chunk_012/action.npy,1152,1d7cee0766bc00475bebed89498d2ffece10cf1c099fd866c5d76fa2a4bc4908
/home/ali/projects/RoboLab/output/v1_cosmos_declarative/RubiksCubeRightOfBowlMatchedTask/predicted_chunks/episode_000/chunk_012/conditioning.png,444161,d038d76d2e76d1bbfea6da693491e451e4e49ea0ced3742b08a1b80b1d20260b
/home/ali/projects/RoboLab/output/v1_cosmos_declarative/RubiksCubeRightOfBowlMatchedTask/predicted_chunks/episode_000/chunk_012/future.mp4,351405,6d9e48e91559aaf6e753780317535c223a6709e20ca240a9573dc84022f16033
/home/ali/projects/RoboLab/output/v1_cosmos_declarative/RubiksCubeRightOfBowlMatchedTask/predicted_chunks/episode_000/chunk_012/metadata.json,881,b1a2cf7a68d302fc8ad358ea4d0036e36c0662471d8066bddb93f375a8a25d1b
/home/ali/projects/RoboLab/output/v1_cosmos_declarative/RubiksCubeRightOfBowlMatchedTask/predicted_chunks/episode_000/chunk_013/action.npy,1152,f08205eaae9371c0f6ef33eea63b6e623623bb0889b5a2268989303a0ff52b4a
/home/ali/projects/RoboLab/output/v1_cosmos_declarative/RubiksCubeRightOfBowlMatchedTask/predicted_chunks/episode_000/chunk_013/conditioning.png,451663,86cfb86cec106b37b82aabf423150390775b1eedfde1708ff615ace55298c2cb
/home/ali/projects/RoboLab/output/v1_cosmos_declarative/RubiksCubeRightOfBowlMatchedTask/predicted_chunks/episode_000/chunk_013/future.mp4,346397,8ad3ce0faf5f4038805edab1366255b4daac2a3be3748cb2d0d6f4d0ffbaf7cf
/home/ali/projects/RoboLab/output/v1_cosmos_declarative/RubiksCubeRightOfBowlMatchedTask/predicted_chunks/episode_000/chunk_013/metadata.json,880,13ea2cef5fef7ca35f5115daee8dd66f898fa7bf720b77fc757ebdf54186ab8d
/home/ali/projects/RoboLab/output/v1_cosmos_declarative/RubiksCubeRightOfBowlMatchedTask/predicted_chunks/episode_000/chunk_014/action.npy,1152,dc07d6b0a7f7708b1bc4a3cb52791e61bcaee0ae2dff2abb5c3115361f9cb369
/home/ali/projects/RoboLab/output/v1_cosmos_declarative/RubiksCubeRightOfBowlMatchedTask/predicted_chunks/episode_000/chunk_014/conditioning.png,467243,030267306cdd8f42c2d3a500e0dc7bb2c20cacb6fd69f3497eb210d7152ac84d
/home/ali/projects/RoboLab/output/v1_cosmos_declarative/RubiksCubeRightOfBowlMatchedTask/predicted_chunks/episode_000/chunk_014/future.mp4,377249,99bd232fa4880e9dadde1787495ba89d1b340616c96f8db687cdb5f57c8b342f
/home/ali/projects/RoboLab/output/v1_cosmos_declarative/RubiksCubeRightOfBowlMatchedTask/predicted_chunks/episode_000/chunk_014/metadata.json,879,b51074d88e0280ae8aca1b30be38900a521407862b367cec4aa733aadd987192
/home/ali/projects/RoboLab/output/v1_cosmos_declarative/RubiksCubeRightOfBowlMatchedTask/predicted_chunks/episode_001/chunk_000/action.npy,1152,d37ca1ceea99f6d49423cd390e21098042560ff4dc76c4abdc957274f51ee6ae
/home/ali/projects/RoboLab/output/v1_cosmos_declarative/RubiksCubeRightOfBowlMatchedTask/predicted_chunks/episode_001/chunk_000/conditioning.png,576174,f3b30d833ceed737702c2a285bfb02a4da2cbe80eaaef0dc197a857931acf336
/home/ali/projects/RoboLab/output/v1_cosmos_declarative/RubiksCubeRightOfBowlMatchedTask/predicted_chunks/episode_001/chunk_000/future.mp4,538798,177b0551e5a9443fc5bafb1bd3c76878b627c2e480942239c3b01fb14f483eb0
/home/ali/projects/RoboLab/output/v1_cosmos_declarative/RubiksCubeRightOfBowlMatchedTask/predicted_chunks/episode_001/chunk_000/metadata.json,798,a7c75833df9bdcc9dad4a2b196916d36f20f0c6abfdc657b8d5af7a0c2b98bca
/home/ali/projects/RoboLab/output/v1_cosmos_declarative/RubiksCubeRightOfBowlMatchedTask/predicted_chunks/episode_001/chunk_001/action.npy,1152,c7de3a433fb4bf960eeed4fea60e3eda4cb71f2951063e5579e965f01ccf442c
/home/ali/projects/RoboLab/output/v1_cosmos_declarative/RubiksCubeRightOfBowlMatchedTask/predicted_chunks/episode_001/chunk_001/conditioning.png,561921,80a66a7b2abceca3e1927236f0576bb02cc0d753d954899cf662cf05c2ccc20d
/home/ali/projects/RoboLab/output/v1_cosmos_declarative/RubiksCubeRightOfBowlMatchedTask/predicted_chunks/episode_001/chunk_001/future.mp4,445869,5e94a207b32c99dd2960fed8b3bddc873024b68780a952e948c7edb0ad9e5415
/home/ali/projects/RoboLab/output/v1_cosmos_declarative/RubiksCubeRightOfBowlMatchedTask/predicted_chunks/episode_001/chunk_001/metadata.json,881,7a5010a1db88a4a394f977b1775848ffcfad3342cf4aef5d6e28ebe9eeae075a
/home/ali/projects/RoboLab/output/v1_cosmos_declarative/RubiksCubeRightOfBowlMatchedTask/predicted_chunks/episode_001/chunk_002/action.npy,1152,94d2166bef5c8ae796b8b796824d7e54ba08b4e6fc8846c1a45337303adfcae5
/home/ali/projects/RoboLab/output/v1_cosmos_declarative/RubiksCubeRightOfBowlMatchedTask/predicted_chunks/episode_001/chunk_002/conditioning.png,551969,e798caf133aec17eb9aa8d3b21af895f80fc408989641010bd7e244cf3fb825d
/home/ali/projects/RoboLab/output/v1_cosmos_declarative/RubiksCubeRightOfBowlMatchedTask/predicted_chunks/episode_001/chunk_002/future.mp4,535303,fdffd8eb71afd4d740183d2de6222b0164dd9b25a322d1cccc955f2064d87278
/home/ali/projects/RoboLab/output/v1_cosmos_declarative/RubiksCubeRightOfBowlMatchedTask/predicted_chunks/episode_001/chunk_002/metadata.json,879,f6de9b6decd6c6e575c43bfdd2d40d2e4f607108839b4edd0ca4559e38cfc062
/home/ali/projects/RoboLab/output/v1_cosmos_declarative/RubiksCubeRightOfBowlMatchedTask/predicted_chunks/episode_001/chunk_003/action.npy,1152,eb84ce565b7e474f391d0db454815fcf1285bc8c78fc6dd8cecb89b90c9d1dcc
/home/ali/projects/RoboLab/output/v1_cosmos_declarative/RubiksCubeRightOfBowlMatchedTask/predicted_chunks/episode_001/chunk_003/conditioning.png,567459,43a09cf5091205d61b2fb4d4643379bc12d5d8c1c37c3850390fae712715cfe0
/home/ali/projects/RoboLab/output/v1_cosmos_declarative/RubiksCubeRightOfBowlMatchedTask/predicted_chunks/episode_001/chunk_003/future.mp4,615248,c16428b97bb6818783e2d0dee4c9d12b303a650532d506ca361838a7b5a4faf0
/home/ali/projects/RoboLab/output/v1_cosmos_declarative/RubiksCubeRightOfBowlMatchedTask/predicted_chunks/episode_001/chunk_003/metadata.json,885,e90340441e75c1f37d2c8df176c191d11b8a652e4ea99a596f92bb8dd86d46df
/home/ali/projects/RoboLab/output/v1_cosmos_declarative/RubiksCubeRightOfBowlMatchedTask/predicted_chunks/episode_001/chunk_004/action.npy,1152,31e1a19d10d525c71c378bd088c619cf09a4bedeaf68029ab4cc6548853976e0
/home/ali/projects/RoboLab/output/v1_cosmos_declarative/RubiksCubeRightOfBowlMatchedTask/predicted_chunks/episode_001/chunk_004/conditioning.png,572672,10102384b3fccc325bd6647d7b026339f5e528ff739b1788703d09a103e49e7a
/home/ali/projects/RoboLab/output/v1_cosmos_declarative/RubiksCubeRightOfBowlMatchedTask/predicted_chunks/episode_001/chunk_004/future.mp4,527049,d360b5ec49738e35e0f41bb7884d964c59cc3e9f43894c4a36725bb0e0f2bf0d
/home/ali/projects/RoboLab/output/v1_cosmos_declarative/RubiksCubeRightOfBowlMatchedTask/predicted_chunks/episode_001/chunk_004/metadata.json,884,6ca6ddb4aeb6a8e47f18bc01960afabbf51fe1e71883b5ebd1feb1d7cbebeded
/home/ali/projects/RoboLab/output/v1_cosmos_declarative/RubiksCubeRightOfBowlMatchedTask/predicted_chunks/episode_001/chunk_005/action.npy,1152,6e0724cd40f7be8f72ba015149a682eb2e0764ef77d28d07238dd92a3f1e6c8d
/home/ali/projects/RoboLab/output/v1_cosmos_declarative/RubiksCubeRightOfBowlMatchedTask/predicted_chunks/episode_001/chunk_005/conditioning.png,545598,0d0021cf4c255cd36a3b79b248b9fb736c9133f792b1407529bcc829195b386b
/home/ali/projects/RoboLab/output/v1_cosmos_declarative/RubiksCubeRightOfBowlMatchedTask/predicted_chunks/episode_001/chunk_005/future.mp4,507961,2a7fe9845cc32a46f8dce8a136a881685d8de423447ba9606bc01a779fc0cf45
/home/ali/projects/RoboLab/output/v1_cosmos_declarative/RubiksCubeRightOfBowlMatchedTask/predicted_chunks/episode_001/chunk_005/metadata.json,885,92dedd580472b3593bb81cf4c1f71a77cbd7730366198efdcc2257f0f5a4017c
/home/ali/projects/RoboLab/output/v1_cosmos_declarative/RubiksCubeRightOfBowlMatchedTask/predicted_chunks/episode_001/chunk_006/action.npy,1152,972dc119599b86d66b7d8c9dd8b2b131d56286ab572af96f8c6270a25a2747e2
/home/ali/projects/RoboLab/output/v1_cosmos_declarative/RubiksCubeRightOfBowlMatchedTask/predicted_chunks/episode_001/chunk_006/conditioning.png,554353,2d5fc0fd5e3574bafa2b808609fedc3b7722d292cede4c854b1f52666bfa2bd7
/home/ali/projects/RoboLab/output/v1_cosmos_declarative/RubiksCubeRightOfBowlMatchedTask/predicted_chunks/episode_001/chunk_006/future.mp4,558359,b73207ba08bf1e2f4f79edc9e890c36871bb575d3bb1263293c8cb77ad5aeb1e
/home/ali/projects/RoboLab/output/v1_cosmos_declarative/RubiksCubeRightOfBowlMatchedTask/predicted_chunks/episode_001/chunk_006/metadata.json,882,5ce6dec4511650e065c185d101aeac0d7313e679504eb955c3d91c5dde7bd824
/home/ali/projects/RoboLab/output/v1_cosmos_declarative/RubiksCubeRightOfBowlMatchedTask/predicted_chunks/episode_002/chunk_000/action.npy,1152,75136adfdf6d6b36f8c6ab83cb71df6ea11c18822d9d4dcd93e8971b1439a65a
/home/ali/projects/RoboLab/output/v1_cosmos_declarative/RubiksCubeRightOfBowlMatchedTask/predicted_chunks/episode_002/chunk_000/conditioning.png,579533,7fcf06a60dd458f7318b9172105891a5bc97716f7ae9b45ac8afc0f553982152
/home/ali/projects/RoboLab/output/v1_cosmos_declarative/RubiksCubeRightOfBowlMatchedTask/predicted_chunks/episode_002/chunk_000/future.mp4,521358,80ab6ea902ab06ae973f392af0e8d40545f121f2cd9d31a9250048711f5dc53a
/home/ali/projects/RoboLab/output/v1_cosmos_declarative/RubiksCubeRightOfBowlMatchedTask/predicted_chunks/episode_002/chunk_000/metadata.json,798,9618d5b9dedea51b6a7b926e4fe507bd7a2b520845f05684a4f905b879cc1efb
/home/ali/projects/RoboLab/output/v1_cosmos_declarative/RubiksCubeRightOfBowlMatchedTask/predicted_chunks/episode_002/chunk_001/action.npy,1152,3d901c1463f90b197580eaf95c0d54450c8e1d2c88b1627032aa638848d129b7
/home/ali/projects/RoboLab/output/v1_cosmos_declarative/RubiksCubeRightOfBowlMatchedTask/predicted_chunks/episode_002/chunk_001/conditioning.png,559616,10d212d7c89191a3706b794e4bdf0bdc849ddee7bd4b30739c99151e2d2ead0f
/home/ali/projects/RoboLab/output/v1_cosmos_declarative/RubiksCubeRightOfBowlMatchedTask/predicted_chunks/episode_002/chunk_001/future.mp4,444856,ac0a67cb82a903569fcae4aee3ba119a6dd71c14042e846c89b59156d450e010
/home/ali/projects/RoboLab/output/v1_cosmos_declarative/RubiksCubeRightOfBowlMatchedTask/predicted_chunks/episode_002/chunk_001/metadata.json,882,e662d86b0ce6c05fd730117fd037a13df0538871695bb41424158b4b5a2bade1
/home/ali/projects/RoboLab/output/v1_cosmos_declarative/RubiksCubeRightOfBowlMatchedTask/predicted_chunks/episode_002/chunk_002/action.npy,1152,9ebe46ed7548aea6f4e3fed3f3fae221a9a3f5db125666e130ad061802ff7e2b
/home/ali/projects/RoboLab/output/v1_cosmos_declarative/RubiksCubeRightOfBowlMatchedTask/predicted_chunks/episode_002/chunk_002/conditioning.png,546184,6e6d19d07c18e98b775d40ac4442693fe5fcd32ef7e6734cee476e68967138fb
/home/ali/projects/RoboLab/output/v1_cosmos_declarative/RubiksCubeRightOfBowlMatchedTask/predicted_chunks/episode_002/chunk_002/future.mp4,589707,741c94b64d26df39b385fa574e3ceedaf3dae973fde75daa42a9c6b2a6e4612e
/home/ali/projects/RoboLab/output/v1_cosmos_declarative/RubiksCubeRightOfBowlMatchedTask/predicted_chunks/episode_002/chunk_002/metadata.json,881,a4b12398716c6ca55f40d5f78c8c9b9d02431c7a87d6ea95786a041afcd44928
/home/ali/projects/RoboLab/output/v1_cosmos_declarative/RubiksCubeRightOfBowlMatchedTask/predicted_chunks/episode_002/chunk_003/action.npy,1152,55edb4f711549bd1ccacaef319dc52719222869e594c6148f044faa84843cc24
/home/ali/projects/RoboLab/output/v1_cosmos_declarative/RubiksCubeRightOfBowlMatchedTask/predicted_chunks/episode_002/chunk_003/conditioning.png,561495,f5b7abedc3ff7aab1fff9441176bf56372af8dab0d9ffbccfc5aac66ebc76b0f
/home/ali/projects/RoboLab/output/v1_cosmos_declarative/RubiksCubeRightOfBowlMatchedTask/predicted_chunks/episode_002/chunk_003/future.mp4,600955,5d981e9dadb4dada76174e1027e598b15f52b03dc56bd1943b7e8f8ff6b1552b
/home/ali/projects/RoboLab/output/v1_cosmos_declarative/RubiksCubeRightOfBowlMatchedTask/predicted_chunks/episode_002/chunk_003/metadata.json,882,d2621253ff4726a9f2cbfdb1e6fa4d5cb3da2abaaf55d1ee20771d81d08fb3ba
/home/ali/projects/RoboLab/output/v1_cosmos_declarative/RubiksCubeRightOfBowlMatchedTask/predicted_chunks/episode_002/chunk_004/action.npy,1152,2d30baef85227e5773ff811f2a3469e191f5ae71f0293d99552d5abfaf3cb5d6
/home/ali/projects/RoboLab/output/v1_cosmos_declarative/RubiksCubeRightOfBowlMatchedTask/predicted_chunks/episode_002/chunk_004/conditioning.png,558843,69d158a4d9be68f2c479a81c848404ad95b2cc1bff6fe6b09fb525ec4f136d68
/home/ali/projects/RoboLab/output/v1_cosmos_declarative/RubiksCubeRightOfBowlMatchedTask/predicted_chunks/episode_002/chunk_004/future.mp4,545130,8d11909f3dc98c18671c9492c93ba1d08878d5ea7be75d073e5dfc8a2542effe
/home/ali/projects/RoboLab/output/v1_cosmos_declarative/RubiksCubeRightOfBowlMatchedTask/predicted_chunks/episode_002/chunk_004/metadata.json,882,5a54a619ae8eabb1e44235fc315124c751a84eccffb0e3975e44ba665fdacf01
/home/ali/projects/RoboLab/output/v1_cosmos_declarative/RubiksCubeRightOfBowlMatchedTask/predicted_chunks/episode_002/chunk_005/action.npy,1152,0712f1e69c23e5559ec7ecef9eae07a5b342cf436aa96bce3a369625d71dfa3a
/home/ali/projects/RoboLab/output/v1_cosmos_declarative/RubiksCubeRightOfBowlMatchedTask/predicted_chunks/episode_002/chunk_005/conditioning.png,557088,fb177be12ee93b1b6560494e8246f83eb3b6f28cecc36872c64b1986dd1acd00
/home/ali/projects/RoboLab/output/v1_cosmos_declarative/RubiksCubeRightOfBowlMatchedTask/predicted_chunks/episode_002/chunk_005/future.mp4,553022,eab23ea9f40d5c2272df4739237d8ab90c3feec734a1010a91f72792952b2d29
/home/ali/projects/RoboLab/output/v1_cosmos_declarative/RubiksCubeRightOfBowlMatchedTask/predicted_chunks/episode_002/chunk_005/metadata.json,860,4778f8ed8ab46a3cfcbbe316208b211ca5f98aa4ccc17174ca6e7af1f37b488c
/home/ali/projects/RoboLab/output/v1_cosmos_declarative/RubiksCubeRightOfBowlMatchedTask/predicted_chunks/episode_002/chunk_006/action.npy,1152,94a0f642ee60cd8ec68a9e7c75d2e5fd2f554bc609a0a35224ff77bc47abcdbf
/home/ali/projects/RoboLab/output/v1_cosmos_declarative/RubiksCubeRightOfBowlMatchedTask/predicted_chunks/episode_002/chunk_006/conditioning.png,561616,b545b6bfdcfbb4b8d98c73afa08c16704b8f798facc7fd9590cdb789cc9cf0f0
/home/ali/projects/RoboLab/output/v1_cosmos_declarative/RubiksCubeRightOfBowlMatchedTask/predicted_chunks/episode_002/chunk_006/future.mp4,599720,50040c6e514c0a9fd36cb957e6136b92a2583fefad604550fb953459c5b1f124
/home/ali/projects/RoboLab/output/v1_cosmos_declarative/RubiksCubeRightOfBowlMatchedTask/predicted_chunks/episode_002/chunk_006/metadata.json,883,f296d2320c21314b63aeb0bbae40fa19bd83a3acc74252299bfc0fbaad67c8fd
/home/ali/projects/RoboLab/output/v1_cosmos_declarative/RubiksCubeRightOfBowlMatchedTask/predicted_chunks/episode_002/chunk_007/action.npy,1152,2b497a99646bf1415c50b95c24fe2af332c05885779fea279f3165e96a003520
/home/ali/projects/RoboLab/output/v1_cosmos_declarative/RubiksCubeRightOfBowlMatchedTask/predicted_chunks/episode_002/chunk_007/conditioning.png,555555,37d29461c4e96cb7d9fe7ee68de4a84b73e5887eabe88fa738e6e523cefd966e
/home/ali/projects/RoboLab/output/v1_cosmos_declarative/RubiksCubeRightOfBowlMatchedTask/predicted_chunks/episode_002/chunk_007/future.mp4,623061,fdeed89548938dbf0390b44f3b0b3984bb65509138f6be8f023ec1970a764e5f
/home/ali/projects/RoboLab/output/v1_cosmos_declarative/RubiksCubeRightOfBowlMatchedTask/predicted_chunks/episode_002/chunk_007/metadata.json,886,da7fb86200e7492910caac33218a9dcb9738ddc0018c95290811146c942d343a
/home/ali/projects/RoboLab/output/v1_cosmos_declarative/RubiksCubeRightOfBowlMatchedTask/predicted_chunks/episode_002/chunk_008/action.npy,1152,3195c14e9ce584f0d9031ef252a0b5b0c8c5c24a62c8d412b945fd2211632130
/home/ali/projects/RoboLab/output/v1_cosmos_declarative/RubiksCubeRightOfBowlMatchedTask/predicted_chunks/episode_002/chunk_008/conditioning.png,582691,4ea38c5a1e03d022cbaadf6e5281fb4776fa8ef92671e9b40e8f198faf0becb4
/home/ali/projects/RoboLab/output/v1_cosmos_declarative/RubiksCubeRightOfBowlMatchedTask/predicted_chunks/episode_002/chunk_008/future.mp4,578036,81f5bcb0a3085a823ef7c30c6abda4c9eb41ef656c5595776bb6160836a72cf4
/home/ali/projects/RoboLab/output/v1_cosmos_declarative/RubiksCubeRightOfBowlMatchedTask/predicted_chunks/episode_002/chunk_008/metadata.json,887,e1b190c99e3c7518d99d935c4ef5cc1ce360557d208ca9ff7045e37a97913af6
/home/ali/projects/RoboLab/output/v1_cosmos_declarative/RubiksCubeRightOfBowlMatchedTask/predicted_chunks/episode_002/chunk_009/action.npy,1152,4062732dbc1b56e4479a02bf5bf1ed331d675a6a9e1e38f32d857c05aaf310ff
/home/ali/projects/RoboLab/output/v1_cosmos_declarative/RubiksCubeRightOfBowlMatchedTask/predicted_chunks/episode_002/chunk_009/conditioning.png,543397,4d4be0b725511c3ae823f1a28b486bf16571aefe9374a97723e5783ad5b0a569
/home/ali/projects/RoboLab/output/v1_cosmos_declarative/RubiksCubeRightOfBowlMatchedTask/predicted_chunks/episode_002/chunk_009/future.mp4,407775,954aaaa5e4768914cc8c95565da172183d1cbf00d50422784d301dff0fd42915
/home/ali/projects/RoboLab/output/v1_cosmos_declarative/RubiksCubeRightOfBowlMatchedTask/predicted_chunks/episode_002/chunk_009/metadata.json,882,9b6dab7e8323cbb9c07388cfbbd1c4790bdc4b995ca42a74c28f7ecbdcc8a25e
/home/ali/projects/RoboLab/output/v1_cosmos_declarative/RubiksCubeRightOfBowlMatchedTask/predicted_chunks/episode_002/chunk_010/action.npy,1152,dc8248d018018ba3e8e9a14d8fe0864c31b13bc15faf41979cd26bc6d8ef4da4
/home/ali/projects/RoboLab/output/v1_cosmos_declarative/RubiksCubeRightOfBowlMatchedTask/predicted_chunks/episode_002/chunk_010/conditioning.png,555102,f68edadb1f01d348c5d3c875e8ddd5ee6ca7d565090c00e56fc09b8ca74bc829
/home/ali/projects/RoboLab/output/v1_cosmos_declarative/RubiksCubeRightOfBowlMatchedTask/predicted_chunks/episode_002/chunk_010/future.mp4,608480,4c9d45fcadf7f518640bd8b115c7d9fc4cb48cbfa71d989745df940f7a0ebed6
/home/ali/projects/RoboLab/output/v1_cosmos_declarative/RubiksCubeRightOfBowlMatchedTask/predicted_chunks/episode_002/chunk_010/metadata.json,879,7737a80cbc9d029ec16a07d27540dd1c7af83a331dbd609067a871f445492bc9
/home/ali/projects/RoboLab/output/v1_cosmos_declarative/RubiksCubeRightOfBowlMatchedTask/predicted_chunks/episode_002/chunk_011/action.npy,1152,b7efa39c778518e4b5a770b880ddccaac7e864d7acc925e7eb8b714b72a95eb9
/home/ali/projects/RoboLab/output/v1_cosmos_declarative/RubiksCubeRightOfBowlMatchedTask/predicted_chunks/episode_002/chunk_011/conditioning.png,553466,7e38c0704f1f3faffba76d625346dcde3efaebd17488d4aaff078f8203571321
/home/ali/projects/RoboLab/output/v1_cosmos_declarative/RubiksCubeRightOfBowlMatchedTask/predicted_chunks/episode_002/chunk_011/future.mp4,576956,80445e4a957cf98b516e291f830e3e31d3ba45cc3da6079e5daf9bce8e600806
/home/ali/projects/RoboLab/output/v1_cosmos_declarative/RubiksCubeRightOfBowlMatchedTask/predicted_chunks/episode_002/chunk_011/metadata.json,882,fc35518ad6a8b72096d4b18af78044242fb34c5fc049785d1a2da552f837f161
/home/ali/projects/RoboLab/output/v1_cosmos_declarative/RubiksCubeRightOfBowlMatchedTask/predicted_chunks/episode_002/chunk_012/action.npy,1152,e3f52ce4a32758af115045114757563ad40214bc17c40f9622796c31ad2d3514
/home/ali/projects/RoboLab/output/v1_cosmos_declarative/RubiksCubeRightOfBowlMatchedTask/predicted_chunks/episode_002/chunk_012/conditioning.png,530838,c70f5823a00b936c778634b574124afc468dbc4c2c53eb683433c5a826bf88f1
/home/ali/projects/RoboLab/output/v1_cosmos_declarative/RubiksCubeRightOfBowlMatchedTask/predicted_chunks/episode_002/chunk_012/future.mp4,408323,d497446fb5b1dbfa8f6a015cebea2d126a368eaf5d531500d6c821377bf72246
/home/ali/projects/RoboLab/output/v1_cosmos_declarative/RubiksCubeRightOfBowlMatchedTask/predicted_chunks/episode_002/chunk_012/metadata.json,883,8b3941e71ec0e3daad761f2a2633f60086fdfaf4f074c00aecdfe400efd19e88
/home/ali/projects/RoboLab/output/v1_cosmos_declarative/RubiksCubeRightOfBowlMatchedTask/predicted_chunks/episode_003/chunk_000/action.npy,1152,9ef551da65138851e994ab2350bfe2bc88250676f7cd659e9c3ba3a002f73f49
/home/ali/projects/RoboLab/output/v1_cosmos_declarative/RubiksCubeRightOfBowlMatchedTask/predicted_chunks/episode_003/chunk_000/conditioning.png,576517,8424e29b4efd43c86020fadc9c0d50e728791233ad5f168cbfbada7f7493231b
/home/ali/projects/RoboLab/output/v1_cosmos_declarative/RubiksCubeRightOfBowlMatchedTask/predicted_chunks/episode_003/chunk_000/future.mp4,501921,afed07db7e92979ba2d3c73ace9271a8b71fc42e3d2806d590a1a62bc61a9984
/home/ali/projects/RoboLab/output/v1_cosmos_declarative/RubiksCubeRightOfBowlMatchedTask/predicted_chunks/episode_003/chunk_000/metadata.json,798,ec2add376168d631b71cb44854103a754d4f52ebec940255824e1a932b5ef89c
/home/ali/projects/RoboLab/output/v1_cosmos_declarative/RubiksCubeRightOfBowlMatchedTask/predicted_chunks/episode_003/chunk_001/action.npy,1152,a57e5560c6a31a693d39026f1e573bd148247c5853b9c81d802bfd85704778c5
/home/ali/projects/RoboLab/output/v1_cosmos_declarative/RubiksCubeRightOfBowlMatchedTask/predicted_chunks/episode_003/chunk_001/conditioning.png,562409,bc3ed707a0224f92f78260330738ab2d1925c30bc53ccf1b840d66e232d2fa1f
/home/ali/projects/RoboLab/output/v1_cosmos_declarative/RubiksCubeRightOfBowlMatchedTask/predicted_chunks/episode_003/chunk_001/future.mp4,438620,c16a1e2ee08d9d4fccff4563a1a41c8a641431727d880bc204770cf44853ecc2
/home/ali/projects/RoboLab/output/v1_cosmos_declarative/RubiksCubeRightOfBowlMatchedTask/predicted_chunks/episode_003/chunk_001/metadata.json,882,4c63d1542b16abb959776adcd18312d8a1e0f15dc1094e290008b5e70ac6a72a
/home/ali/projects/RoboLab/output/v1_cosmos_declarative/RubiksCubeRightOfBowlMatchedTask/predicted_chunks/episode_003/chunk_002/action.npy,1152,7b5f94438a22e4ee0eba2707267720d4fac25162b06bcbb23cfa804561726a43
/home/ali/projects/RoboLab/output/v1_cosmos_declarative/RubiksCubeRightOfBowlMatchedTask/predicted_chunks/episode_003/chunk_002/conditioning.png,546864,d0f68fd3d1cab51369994c9eb5eb69783d2f978242de71f3dae692e571fa2a00
/home/ali/projects/RoboLab/output/v1_cosmos_declarative/RubiksCubeRightOfBowlMatchedTask/predicted_chunks/episode_003/chunk_002/future.mp4,455688,e30841884f8bd68c4a237d1801905e33687553ef03933129079494e3ee88c206
/home/ali/projects/RoboLab/output/v1_cosmos_declarative/RubiksCubeRightOfBowlMatchedTask/predicted_chunks/episode_003/chunk_002/metadata.json,881,b1efeca0dcba99f9956eb740d7eeff14b71e6a49f75a7e4d2c9a719d5042b0ba
/home/ali/projects/RoboLab/output/v1_cosmos_declarative/RubiksCubeRightOfBowlMatchedTask/predicted_chunks/episode_003/chunk_003/action.npy,1152,45c2ab31f2446ae9b8bdccc7ebcf09d8b75039b00303288dcaae631456d34ebe
/home/ali/projects/RoboLab/output/v1_cosmos_declarative/RubiksCubeRightOfBowlMatchedTask/predicted_chunks/episode_003/chunk_003/conditioning.png,511081,28516d71c7871fbc1b73cc59b0152a38f6a4ae4db422e59464a7e07ee7238ce4
/home/ali/projects/RoboLab/output/v1_cosmos_declarative/RubiksCubeRightOfBowlMatchedTask/predicted_chunks/episode_003/chunk_003/future.mp4,597113,8509f88234d26df20dabcd15782f198f4ed1e86f01e4969a94d0c6927d554e93
/home/ali/projects/RoboLab/output/v1_cosmos_declarative/RubiksCubeRightOfBowlMatchedTask/predicted_chunks/episode_003/chunk_003/metadata.json,880,853f4ff6be016907d8c0db0348d26131664f731477dc41e5acf1ae99cddecb54
/home/ali/projects/RoboLab/output/v1_cosmos_declarative/RubiksCubeRightOfBowlMatchedTask/predicted_chunks/episode_003/chunk_004/action.npy,1152,d20fe4e63f5d6521407531517feb6ec34648729d2d49e689f913b538077b3d2b
/home/ali/projects/RoboLab/output/v1_cosmos_declarative/RubiksCubeRightOfBowlMatchedTask/predicted_chunks/episode_003/chunk_004/conditioning.png,508336,2b6288bf1cf139acf755f58ea6d64b89436e13285f5ab47ef56b97e15d4a1041
/home/ali/projects/RoboLab/output/v1_cosmos_declarative/RubiksCubeRightOfBowlMatchedTask/predicted_chunks/episode_003/chunk_004/future.mp4,595298,dfc2d6caf0b5d96f4e23d454ba56cb2f08ad390638b2f2df7ee0f8c9148f784d
/home/ali/projects/RoboLab/output/v1_cosmos_declarative/RubiksCubeRightOfBowlMatchedTask/predicted_chunks/episode_003/chunk_004/metadata.json,883,270c2ebb6061b45f6c52a484d247e195d0b9b24e7d84acb4f6457c0c5b150f08
/home/ali/projects/RoboLab/output/v1_cosmos_declarative/RubiksCubeRightOfBowlMatchedTask/predicted_chunks/episode_003/chunk_005/action.npy,1152,c40459d346f4db2e87a29dfe838438f4993930b5124c48d7184d59f3991cd1ae
/home/ali/projects/RoboLab/output/v1_cosmos_declarative/RubiksCubeRightOfBowlMatchedTask/predicted_chunks/episode_003/chunk_005/conditioning.png,465803,b96714d9823d7206e9b28fbe1d685695ff9f17b3789ff587fa8182f7a6919865
/home/ali/projects/RoboLab/output/v1_cosmos_declarative/RubiksCubeRightOfBowlMatchedTask/predicted_chunks/episode_003/chunk_005/future.mp4,406880,b3928cfb64e169f681c3d08b36e69f1f4b01001e634335b9981b42eac017d9ce
/home/ali/projects/RoboLab/output/v1_cosmos_declarative/RubiksCubeRightOfBowlMatchedTask/predicted_chunks/episode_003/chunk_005/metadata.json,880,f9ac6549dca9a431f3ddc9d7d64987f4a8611067f0fc2dea47dfbb840d43cf46
/home/ali/projects/RoboLab/output/v1_cosmos_declarative/RubiksCubeRightOfBowlMatchedTask/predicted_chunks/episode_004/chunk_000/action.npy,1152,78b449f094d4892b3858f76b58e38c18e0594e68436ff28dc3948fa8e28dbfeb
/home/ali/projects/RoboLab/output/v1_cosmos_declarative/RubiksCubeRightOfBowlMatchedTask/predicted_chunks/episode_004/chunk_000/conditioning.png,582649,040122618aa8344d4fcb15e1bf5a3b0a43d94cd84f59f0a919d073e9e5bf487b
/home/ali/projects/RoboLab/output/v1_cosmos_declarative/RubiksCubeRightOfBowlMatchedTask/predicted_chunks/episode_004/chunk_000/future.mp4,531845,468573b251549ddda8310831e92ee0f9d5d27e2e16eeb389b5d6857f3fb73003
/home/ali/projects/RoboLab/output/v1_cosmos_declarative/RubiksCubeRightOfBowlMatchedTask/predicted_chunks/episode_004/chunk_000/metadata.json,798,12c6d291afe55f7261100c62f4dcf5c44627f36c63aee9af6ce08e80a21fc528
/home/ali/projects/RoboLab/output/v1_cosmos_declarative/RubiksCubeRightOfBowlMatchedTask/predicted_chunks/episode_004/chunk_001/action.npy,1152,cd21447243012faddc49262e83ca42a8d506e14318b16f08f39f472cc4138727
/home/ali/projects/RoboLab/output/v1_cosmos_declarative/RubiksCubeRightOfBowlMatchedTask/predicted_chunks/episode_004/chunk_001/conditioning.png,566996,7c35687ddb71ac7eb8748d94123c915df6bf8888b4bb7c3fe3dacf10a22e104f
/home/ali/projects/RoboLab/output/v1_cosmos_declarative/RubiksCubeRightOfBowlMatchedTask/predicted_chunks/episode_004/chunk_001/future.mp4,494103,686a38789cfb27e6aa0f4887fe42c15ede9a213f65abef1b2be0a3ebb726eb57
/home/ali/projects/RoboLab/output/v1_cosmos_declarative/RubiksCubeRightOfBowlMatchedTask/predicted_chunks/episode_004/chunk_001/metadata.json,883,8df0ebd65439474f5f224ec2919a5b1a16644039d8b587a45c65470b97d03b90
/home/ali/projects/RoboLab/output/v1_cosmos_declarative/RubiksCubeRightOfBowlMatchedTask/predicted_chunks/episode_004/chunk_002/action.npy,1152,83791f34bacfe6d97d9c31ae6af927974115afa6307315267dd61991c9615c2c
/home/ali/projects/RoboLab/output/v1_cosmos_declarative/RubiksCubeRightOfBowlMatchedTask/predicted_chunks/episode_004/chunk_002/conditioning.png,553647,96a1588f2c93efdf61aa102f4b69d451f673f556dd81bf658e3a3367e95b4c90
/home/ali/projects/RoboLab/output/v1_cosmos_declarative/RubiksCubeRightOfBowlMatchedTask/predicted_chunks/episode_004/chunk_002/future.mp4,629963,d9deafe3172a4a81f0c30d3c9f18b947656b52737fc6f489e08ece0659d83372
/home/ali/projects/RoboLab/output/v1_cosmos_declarative/RubiksCubeRightOfBowlMatchedTask/predicted_chunks/episode_004/chunk_002/metadata.json,864,f53c3a02f65679c1f9179f16815e21349ce1e81c4f4fb2b60151e3dd57c86997
/home/ali/projects/RoboLab/output/v1_cosmos_declarative/RubiksCubeRightOfBowlMatchedTask/predicted_chunks/episode_004/chunk_003/action.npy,1152,6b1874d22275dbf8b76e73b26b8e78e12637226d21e0e0207918c2a3a1c404c1
/home/ali/projects/RoboLab/output/v1_cosmos_declarative/RubiksCubeRightOfBowlMatchedTask/predicted_chunks/episode_004/chunk_003/conditioning.png,566389,ac096bcec90a9d6ee90981da6460b016e34f5e9d87925c5f9eeac2a110c7c4f2
/home/ali/projects/RoboLab/output/v1_cosmos_declarative/RubiksCubeRightOfBowlMatchedTask/predicted_chunks/episode_004/chunk_003/future.mp4,615169,9232c940a9d56b073c64c6ccfc5c0aa870ed318db5182b49f0d0263145953f66
/home/ali/projects/RoboLab/output/v1_cosmos_declarative/RubiksCubeRightOfBowlMatchedTask/predicted_chunks/episode_004/chunk_003/metadata.json,882,d1718ecbedf74cab32fdfc57ba6b505edf9f01510459bae122911102a4ea9b0d
/home/ali/projects/RoboLab/output/v1_cosmos_declarative/RubiksCubeRightOfBowlMatchedTask/predicted_chunks/episode_004/chunk_004/action.npy,1152,081d7088b13450227e04e6a6891dcc46ed44ca400d8168ae91cb0f3ef6ac7f52
/home/ali/projects/RoboLab/output/v1_cosmos_declarative/RubiksCubeRightOfBowlMatchedTask/predicted_chunks/episode_004/chunk_004/conditioning.png,574711,6aa5732fbb5c65e835165e89d552fd81ba595df760d44cbcdf5fb1ec6bf37443
/home/ali/projects/RoboLab/output/v1_cosmos_declarative/RubiksCubeRightOfBowlMatchedTask/predicted_chunks/episode_004/chunk_004/future.mp4,540216,a0b3f225cd8b26166ce27c15a0e2ac75cdfa71e83cc18ba8b4eb3c7112558e11
/home/ali/projects/RoboLab/output/v1_cosmos_declarative/RubiksCubeRightOfBowlMatchedTask/predicted_chunks/episode_004/chunk_004/metadata.json,880,c6f23b1ed64ea4b754bd346af8c2827e4ebbee4c333da4c81915f910f49c93b7
/home/ali/projects/RoboLab/output/v1_cosmos_declarative/RubiksCubeRightOfBowlMatchedTask/predicted_chunks/episode_004/chunk_005/action.npy,1152,3a1b5718471fe6f68841ff3b457a78f158bc4153151a90607be5bb2c71a96053
/home/ali/projects/RoboLab/output/v1_cosmos_declarative/RubiksCubeRightOfBowlMatchedTask/predicted_chunks/episode_004/chunk_005/conditioning.png,537381,a12fc32303dab60fcba897916a9d3986cb7bc11a982f84754a76adcdac43ee2f
/home/ali/projects/RoboLab/output/v1_cosmos_declarative/RubiksCubeRightOfBowlMatchedTask/predicted_chunks/episode_004/chunk_005/future.mp4,464933,5b19ed8520b19ec9d8b54499cb54f45998f16278d095ac458d9092f4d1fc582a
/home/ali/projects/RoboLab/output/v1_cosmos_declarative/RubiksCubeRightOfBowlMatchedTask/predicted_chunks/episode_004/chunk_005/metadata.json,882,f13a1275a6449cc9c37c7463e06ac8e493962fb72727ad479bae5a02815d510c
/home/ali/projects/RoboLab/output/v1_cosmos_declarative/RubiksCubeRightOfBowlMatchedTask/predicted_chunks/episode_004/chunk_006/action.npy,1152,d71e932dc4441a7823b9a7ed0819b79f9e60eff38ee61707a6432a6a8b1ce95c
/home/ali/projects/RoboLab/output/v1_cosmos_declarative/RubiksCubeRightOfBowlMatchedTask/predicted_chunks/episode_004/chunk_006/conditioning.png,548348,ce9500e3179353b9d00ce96ebc841ad090ffca0caaa5f8fa15d79a4449a55200
/home/ali/projects/RoboLab/output/v1_cosmos_declarative/RubiksCubeRightOfBowlMatchedTask/predicted_chunks/episode_004/chunk_006/future.mp4,603839,8cf13732a425929abb5b948ee30eade97e1ecf14c6b193b623b7772e3a50289d
/home/ali/projects/RoboLab/output/v1_cosmos_declarative/RubiksCubeRightOfBowlMatchedTask/predicted_chunks/episode_004/chunk_006/metadata.json,879,e7122a8092fc04bd7002fc5d75a7e90e14064b4e5f58b4bb6de651d0a6b4dab8
/home/ali/projects/RoboLab/output/v1_cosmos_declarative/RubiksCubeRightOfBowlMatchedTask/predicted_chunks/episode_004/chunk_007/action.npy,1152,4dd6d80c859d819c40f8c144b6e21277a5023e68be162f9c9fd1c4f41fd4d57d
/home/ali/projects/RoboLab/output/v1_cosmos_declarative/RubiksCubeRightOfBowlMatchedTask/predicted_chunks/episode_004/chunk_007/conditioning.png,522460,f4b0b6389761dbaae35c50f27cc77ccd6e35132b99ce1fef889b622eb83f476c
/home/ali/projects/RoboLab/output/v1_cosmos_declarative/RubiksCubeRightOfBowlMatchedTask/predicted_chunks/episode_004/chunk_007/future.mp4,521541,a6cf1b283dffa8566f823adedd166921894b68cd4022fdce93c58c511a8dcaf0
/home/ali/projects/RoboLab/output/v1_cosmos_declarative/RubiksCubeRightOfBowlMatchedTask/predicted_chunks/episode_004/chunk_007/metadata.json,881,058d71f6bf852d5db27897143bb806b64302e0f79c1c4d38a733ae3a78f52a8b
/home/ali/projects/RoboLab/output/v1_cosmos_declarative/RubiksCubeRightOfBowlMatchedTask/predicted_chunks/episode_005/chunk_000/action.npy,1152,0b45fb957fd481f1eed62bdaaa9726c7f6ed16c1d8b32e407f9f5c739d29710f
/home/ali/projects/RoboLab/output/v1_cosmos_declarative/RubiksCubeRightOfBowlMatchedTask/predicted_chunks/episode_005/chunk_000/conditioning.png,576485,07d8c4237f3e7a7dc2a844915fa73ef76c3ef62ad7f1acf649edb69b01b0763c
/home/ali/projects/RoboLab/output/v1_cosmos_declarative/RubiksCubeRightOfBowlMatchedTask/predicted_chunks/episode_005/chunk_000/future.mp4,495555,606d62f8b78ff1388c21e4bd574bd891694c27a578d23adc5eb5103d32d01b81
/home/ali/projects/RoboLab/output/v1_cosmos_declarative/RubiksCubeRightOfBowlMatchedTask/predicted_chunks/episode_005/chunk_000/metadata.json,798,84b2d13ab3f6559cfddadbd997e345dccbcdae8fc80cf7dd8cfb518116fcce70
/home/ali/projects/RoboLab/output/v1_cosmos_declarative/RubiksCubeRightOfBowlMatchedTask/predicted_chunks/episode_005/chunk_001/action.npy,1152,e6ca93a85d78ae6add5d278284ce9ab5493a31a2d808ce72e9b2f3d8f7ed3003
/home/ali/projects/RoboLab/output/v1_cosmos_declarative/RubiksCubeRightOfBowlMatchedTask/predicted_chunks/episode_005/chunk_001/conditioning.png,554067,abf8cd4aaf4b4f343c6a632c842f19036ef41e33c5da9b9c26ea8e157cd886ca
/home/ali/projects/RoboLab/output/v1_cosmos_declarative/RubiksCubeRightOfBowlMatchedTask/predicted_chunks/episode_005/chunk_001/future.mp4,446880,db4ac8be4ab743bc3baa6984d965b809bd080519ae755d749f63949bfff2b07c
/home/ali/projects/RoboLab/output/v1_cosmos_declarative/RubiksCubeRightOfBowlMatchedTask/predicted_chunks/episode_005/chunk_001/metadata.json,881,6b392999ec5f247acf907a1e728fab6be638704526983f9fd619324d127a6bda
/home/ali/projects/RoboLab/output/v1_cosmos_declarative/RubiksCubeRightOfBowlMatchedTask/predicted_chunks/episode_005/chunk_002/action.npy,1152,32aaf21421ef73ac7e3f8a2afdcfc5fc3ee4ae8280dc0e6957594d8c0b055d25
/home/ali/projects/RoboLab/output/v1_cosmos_declarative/RubiksCubeRightOfBowlMatchedTask/predicted_chunks/episode_005/chunk_002/conditioning.png,537449,b1483370beb72f5197277e827ef27fe11718aaa6134e9669b57f18bd08237f5e
/home/ali/projects/RoboLab/output/v1_cosmos_declarative/RubiksCubeRightOfBowlMatchedTask/predicted_chunks/episode_005/chunk_002/future.mp4,500236,1c9ad6fb5116c2f75f39005b8151bf15ec68752fbadbafdfe5774b6f32dea1d0
/home/ali/projects/RoboLab/output/v1_cosmos_declarative/RubiksCubeRightOfBowlMatchedTask/predicted_chunks/episode_005/chunk_002/metadata.json,883,57084850b7c35f581294e8f866cd2f09e0d972ca696d825e4b4dc7a88060212e
/home/ali/projects/RoboLab/output/v1_cosmos_declarative/RubiksCubeRightOfBowlMatchedTask/predicted_chunks/episode_005/chunk_003/action.npy,1152,f6ad2fd7191bfbb8967aaf1ca7bfc060e2673d52375c8ef1d4e15f3c66aa05dd
/home/ali/projects/RoboLab/output/v1_cosmos_declarative/RubiksCubeRightOfBowlMatchedTask/predicted_chunks/episode_005/chunk_003/conditioning.png,561748,71ba7e60a110d46237b8e8215bfbbfdf8659db566ba166ba6a8ee8af4772637d
/home/ali/projects/RoboLab/output/v1_cosmos_declarative/RubiksCubeRightOfBowlMatchedTask/predicted_chunks/episode_005/chunk_003/future.mp4,587506,ab713a9d4821faf71b2e27e3b63cb906675c7103fbd02ce996df688e85db013c
/home/ali/projects/RoboLab/output/v1_cosmos_declarative/RubiksCubeRightOfBowlMatchedTask/predicted_chunks/episode_005/chunk_003/metadata.json,883,dba178a8a641ec10ae2b36b7b6aecb495c02c60fec5f4ac56bf1b6a7b741e574
/home/ali/projects/RoboLab/output/v1_cosmos_declarative/RubiksCubeRightOfBowlMatchedTask/predicted_chunks/episode_005/chunk_004/action.npy,1152,a00dc27436cbe94ec4c3ea0f41a5c0d2537018858ff5af30e095f3e908bb1629
/home/ali/projects/RoboLab/output/v1_cosmos_declarative/RubiksCubeRightOfBowlMatchedTask/predicted_chunks/episode_005/chunk_004/conditioning.png,569442,59e6e797655fac7eae1da58d8ef13741bb5fd4317ecc63391ad55bdac2a9b6d3
/home/ali/projects/RoboLab/output/v1_cosmos_declarative/RubiksCubeRightOfBowlMatchedTask/predicted_chunks/episode_005/chunk_004/future.mp4,509386,16f810f4f31fb5a75a91b0baed821087c6e7dabf38d415d8cbecd1614dbe5992
/home/ali/projects/RoboLab/output/v1_cosmos_declarative/RubiksCubeRightOfBowlMatchedTask/predicted_chunks/episode_005/chunk_004/metadata.json,882,b15693b98454ba0b78c15356f3d5f6a700cdad0ff4624746014bb217ae633fc5
/home/ali/projects/RoboLab/output/v1_cosmos_declarative/RubiksCubeRightOfBowlMatchedTask/predicted_chunks/episode_005/chunk_005/action.npy,1152,135538e48ed8f927906272a55ad5173f68f41f51366448949a8db717a9aa566c
/home/ali/projects/RoboLab/output/v1_cosmos_declarative/RubiksCubeRightOfBowlMatchedTask/predicted_chunks/episode_005/chunk_005/conditioning.png,554751,483dd6c5f21d6f98a1bb24e59a08c72ace80992b35a9afb2f571e6d02843ccb6
/home/ali/projects/RoboLab/output/v1_cosmos_declarative/RubiksCubeRightOfBowlMatchedTask/predicted_chunks/episode_005/chunk_005/future.mp4,429616,ae6468aaeb8520cc551fd8c12276de5cea5b8206d9a9eb17c9fdba3dbb866fb2
/home/ali/projects/RoboLab/output/v1_cosmos_declarative/RubiksCubeRightOfBowlMatchedTask/predicted_chunks/episode_005/chunk_005/metadata.json,866,62b973a4090f9d44918c521c43fad08802b0e3f1ed7462f728819fd1436f3a4d
/home/ali/projects/RoboLab/output/v1_cosmos_declarative/RubiksCubeRightOfBowlMatchedTask/predicted_chunks/episode_005/chunk_006/action.npy,1152,c717513349227e1220ee95e842326e1c1e6b0a213856b0a6443c00446e4bdc1e
/home/ali/projects/RoboLab/output/v1_cosmos_declarative/RubiksCubeRightOfBowlMatchedTask/predicted_chunks/episode_005/chunk_006/conditioning.png,542596,5a020ec1c328e022ce4aeb5251ef19151cfad702902f278cc2178419627ef143
/home/ali/projects/RoboLab/output/v1_cosmos_declarative/RubiksCubeRightOfBowlMatchedTask/predicted_chunks/episode_005/chunk_006/future.mp4,507235,79f3358eebfe72d5f6c5e4e0a1cfb270e8dff8ba974dad77f0f190a7d0b169d2
/home/ali/projects/RoboLab/output/v1_cosmos_declarative/RubiksCubeRightOfBowlMatchedTask/predicted_chunks/episode_005/chunk_006/metadata.json,879,98a8ad031595c0177e7e46cbd17e1902bcf8419bc8ec317036f7ec2cbdff3313
/home/ali/projects/RoboLab/output/v1_cosmos_declarative/RubiksCubeRightOfBowlMatchedTask/predicted_chunks/episode_005/chunk_007/action.npy,1152,307b8e7064682db2aa0fb349278cbb8fcb4cd3197dfe9a4664a3b4e83f8944cc
/home/ali/projects/RoboLab/output/v1_cosmos_declarative/RubiksCubeRightOfBowlMatchedTask/predicted_chunks/episode_005/chunk_007/conditioning.png,532826,4d5516f3ae662519341896d9f9fc90a57be6d2cc37f20277dac7e9fbd7237f77
/home/ali/projects/RoboLab/output/v1_cosmos_declarative/RubiksCubeRightOfBowlMatchedTask/predicted_chunks/episode_005/chunk_007/future.mp4,505794,3d51818709a5ac37ee06739e9cbba3568a22e6739913127a445d2e8f0f45e1b8
/home/ali/projects/RoboLab/output/v1_cosmos_declarative/RubiksCubeRightOfBowlMatchedTask/predicted_chunks/episode_005/chunk_007/metadata.json,882,daeedcdb260c538e1d6e21909fa238ad2f1a579fe5ece02713a5bbd7509c6eb4
/home/ali/projects/RoboLab/output/v1_cosmos_declarative/RubiksCubeRightOfBowlMatchedTask/predicted_chunks/episode_006/chunk_000/action.npy,1152,ce739176b4e56162dac6e112f1347e33dcd5c54ae3288139b667916a79616b7b
/home/ali/projects/RoboLab/output/v1_cosmos_declarative/RubiksCubeRightOfBowlMatchedTask/predicted_chunks/episode_006/chunk_000/conditioning.png,578471,324fa8901754843d0fe1aaa5c24447db03dbb418d3c109db555a2fd0d7c8726a
/home/ali/projects/RoboLab/output/v1_cosmos_declarative/RubiksCubeRightOfBowlMatchedTask/predicted_chunks/episode_006/chunk_000/future.mp4,509685,4383b61a95e4edf374ff694663e5fbbbb863da5ae73eba566bd61c297e119075
/home/ali/projects/RoboLab/output/v1_cosmos_declarative/RubiksCubeRightOfBowlMatchedTask/predicted_chunks/episode_006/chunk_000/metadata.json,798,09a380aa72611bdeff9ce576e03d749d1344545346522431962103ba9e5a3a0e
/home/ali/projects/RoboLab/output/v1_cosmos_declarative/RubiksCubeRightOfBowlMatchedTask/predicted_chunks/episode_006/chunk_001/action.npy,1152,60b7789cbec56e913ac2c77fa67a52e5f82770fd2a8f5bf4681a8a63b6842313
/home/ali/projects/RoboLab/output/v1_cosmos_declarative/RubiksCubeRightOfBowlMatchedTask/predicted_chunks/episode_006/chunk_001/conditioning.png,544174,c7a40f56cc5df0b0d9e4b42bb4956cd0c9a822369853e3902079719dc2d65b13
/home/ali/projects/RoboLab/output/v1_cosmos_declarative/RubiksCubeRightOfBowlMatchedTask/predicted_chunks/episode_006/chunk_001/future.mp4,432517,64b23bc857d702b330f3d86bf1bd4002c480731096bbd79bade35c1c1edd7f34
/home/ali/projects/RoboLab/output/v1_cosmos_declarative/RubiksCubeRightOfBowlMatchedTask/predicted_chunks/episode_006/chunk_001/metadata.json,879,ce9f4881608e87b33e817ac18bc1b72d9d88a5e1a54737af731184fb4dbe341d
/home/ali/projects/RoboLab/output/v1_cosmos_declarative/RubiksCubeRightOfBowlMatchedTask/predicted_chunks/episode_006/chunk_002/action.npy,1152,2d9d53e7b5335f4529377dcb87a5195bb0ca1e14125e5fd4327fb56d890d5605
/home/ali/projects/RoboLab/output/v1_cosmos_declarative/RubiksCubeRightOfBowlMatchedTask/predicted_chunks/episode_006/chunk_002/conditioning.png,517685,8bc09b9a62e4c951d6e61e2ad28e6f47c759976f1614579fe550a96560ed8722
/home/ali/projects/RoboLab/output/v1_cosmos_declarative/RubiksCubeRightOfBowlMatchedTask/predicted_chunks/episode_006/chunk_002/future.mp4,502444,78300446e341f2a21b34555c61d24b1defb18d9d18a7f98c49a5ca65110fa637
/home/ali/projects/RoboLab/output/v1_cosmos_declarative/RubiksCubeRightOfBowlMatchedTask/predicted_chunks/episode_006/chunk_002/metadata.json,860,d5881bd23148720bb1d4020247eb31fc8db81199172f5b4551348fad1091451b
/home/ali/projects/RoboLab/output/v1_cosmos_declarative/RubiksCubeRightOfBowlMatchedTask/predicted_chunks/episode_006/chunk_003/action.npy,1152,7fbe58daa528e9fb176a1f2b901a2df59a6e0b3885593e09d4816a4757d4bc0d
/home/ali/projects/RoboLab/output/v1_cosmos_declarative/RubiksCubeRightOfBowlMatchedTask/predicted_chunks/episode_006/chunk_003/conditioning.png,564027,a61dd44084ac492d0d6f26b5fa15e28a933e8f90a304a1175c8af1fda27f361a
/home/ali/projects/RoboLab/output/v1_cosmos_declarative/RubiksCubeRightOfBowlMatchedTask/predicted_chunks/episode_006/chunk_003/future.mp4,561158,1a4c129c0d29d411779355689ae2d5790db4806a56c879fba27843ff3a5d018d
/home/ali/projects/RoboLab/output/v1_cosmos_declarative/RubiksCubeRightOfBowlMatchedTask/predicted_chunks/episode_006/chunk_003/metadata.json,881,9068512ed513f9a39227100596dce39c71a50dc6ce343e09a6f80df40ed33f87
/home/ali/projects/RoboLab/output/v1_cosmos_declarative/RubiksCubeRightOfBowlMatchedTask/predicted_chunks/episode_006/chunk_004/action.npy,1152,a9aaa0bba5fe2c17e5f7ec4c534aab687bbde09ccf6b4707da7f95ad3bc7fb8e
/home/ali/projects/RoboLab/output/v1_cosmos_declarative/RubiksCubeRightOfBowlMatchedTask/predicted_chunks/episode_006/chunk_004/conditioning.png,501931,1559728381cd4c95703f8ebe47093df0c40ddf1c60a5af54f69687a345638942
/home/ali/projects/RoboLab/output/v1_cosmos_declarative/RubiksCubeRightOfBowlMatchedTask/predicted_chunks/episode_006/chunk_004/future.mp4,403986,4122249d83a08d129f4805f002fea3695f77decc3ca01eda71dda839f4247dab
/home/ali/projects/RoboLab/output/v1_cosmos_declarative/RubiksCubeRightOfBowlMatchedTask/predicted_chunks/episode_006/chunk_004/metadata.json,877,e4a87b3c6fd2dd2cc1bea6b369318b09ecdccdad2bdb42b16b5a6955800716a1
/home/ali/projects/RoboLab/output/v1_cosmos_declarative/RubiksCubeRightOfBowlMatchedTask/predicted_chunks/episode_006/chunk_005/action.npy,1152,1d3be4d1d739ab94eb67fad3ef359b8580f813b63cd9cdfa895bfbd378c1944b
/home/ali/projects/RoboLab/output/v1_cosmos_declarative/RubiksCubeRightOfBowlMatchedTask/predicted_chunks/episode_006/chunk_005/conditioning.png,483847,6665e82b5006b378d4210c5766f9a7f63335c8473ef141945443c08c54593947
/home/ali/projects/RoboLab/output/v1_cosmos_declarative/RubiksCubeRightOfBowlMatchedTask/predicted_chunks/episode_006/chunk_005/future.mp4,359316,60bb0b6a2f5e31d07cf46a5aab63358e13015bc4e65d51a76af88ad6b29e3791
/home/ali/projects/RoboLab/output/v1_cosmos_declarative/RubiksCubeRightOfBowlMatchedTask/predicted_chunks/episode_006/chunk_005/metadata.json,880,8a0fc4828e4bd4c77f7daceaeb2bdb744ab5bd1376d205ae88a5a9c94f580eab
/home/ali/projects/RoboLab/output/v1_cosmos_declarative/RubiksCubeRightOfBowlMatchedTask/predicted_chunks/episode_007/chunk_000/action.npy,1152,71380ddfad4b50f241b650d9aba78d7a9d3efa2fae9ec9c461be0c0316954b3c
/home/ali/projects/RoboLab/output/v1_cosmos_declarative/RubiksCubeRightOfBowlMatchedTask/predicted_chunks/episode_007/chunk_000/conditioning.png,574362,41daad8a84b4f557f8e766a51567bf17ff6c782202bdb8f699cfbe07362296df
/home/ali/projects/RoboLab/output/v1_cosmos_declarative/RubiksCubeRightOfBowlMatchedTask/predicted_chunks/episode_007/chunk_000/future.mp4,528583,c947bd277c4e76c66b002cee48712e1c64d3c5a93d4e1cd85a5136e84dbd41dc
/home/ali/projects/RoboLab/output/v1_cosmos_declarative/RubiksCubeRightOfBowlMatchedTask/predicted_chunks/episode_007/chunk_000/metadata.json,798,f4c00bcf11ee85c9b038c1c6e54a572797259ce1e28a9b254d9c284117354cf1
/home/ali/projects/RoboLab/output/v1_cosmos_declarative/RubiksCubeRightOfBowlMatchedTask/predicted_chunks/episode_007/chunk_001/action.npy,1152,17708b7ce964026dce37f6d61622a5f45c86b3160443d0bb276a48112eb4147a
/home/ali/projects/RoboLab/output/v1_cosmos_declarative/RubiksCubeRightOfBowlMatchedTask/predicted_chunks/episode_007/chunk_001/conditioning.png,552306,6b0f555cf88bd2c59af3e48531f734fa0ff37d3eb74f3353334d3d516051028b
/home/ali/projects/RoboLab/output/v1_cosmos_declarative/RubiksCubeRightOfBowlMatchedTask/predicted_chunks/episode_007/chunk_001/future.mp4,446280,67a28d52574de6d17ac27f5974d0162781a600fbec1ef644c18b164193709f31
/home/ali/projects/RoboLab/output/v1_cosmos_declarative/RubiksCubeRightOfBowlMatchedTask/predicted_chunks/episode_007/chunk_001/metadata.json,883,639f35b3de7e253d19b79dd3c8d3aa63f9859b2c31252fab629e4e4ffa484e3f
/home/ali/projects/RoboLab/output/v1_cosmos_declarative/RubiksCubeRightOfBowlMatchedTask/predicted_chunks/episode_007/chunk_002/action.npy,1152,cd4abf6a8cc5c0829e439dbda75c1be1d0f80a7e2e834906638e8ee4b55d728a
/home/ali/projects/RoboLab/output/v1_cosmos_declarative/RubiksCubeRightOfBowlMatchedTask/predicted_chunks/episode_007/chunk_002/conditioning.png,538538,917f0c5864af12027feae8ebb9254293ea8e43fd421f9bc3a68788d526d7176e
/home/ali/projects/RoboLab/output/v1_cosmos_declarative/RubiksCubeRightOfBowlMatchedTask/predicted_chunks/episode_007/chunk_002/future.mp4,474871,1a4831dcb07be892d97a40b116f9d499ce7229bc0db88899917c6894921e6618
/home/ali/projects/RoboLab/output/v1_cosmos_declarative/RubiksCubeRightOfBowlMatchedTask/predicted_chunks/episode_007/chunk_002/metadata.json,884,5aee9c7f73fa866f6f5fa252c1b7591a117409d26d969671c7f22244d05f47f9
/home/ali/projects/RoboLab/output/v1_cosmos_declarative/RubiksCubeRightOfBowlMatchedTask/predicted_chunks/episode_007/chunk_003/action.npy,1152,3597005c4c8e708d3026757f3c2bef7ea2fa94b55672568aab52b6a0abdb1674
/home/ali/projects/RoboLab/output/v1_cosmos_declarative/RubiksCubeRightOfBowlMatchedTask/predicted_chunks/episode_007/chunk_003/conditioning.png,536177,9c1b8e66b7722304cdc72d6507966f495007e00ef5afe30ecdbaad13d52df65a
/home/ali/projects/RoboLab/output/v1_cosmos_declarative/RubiksCubeRightOfBowlMatchedTask/predicted_chunks/episode_007/chunk_003/future.mp4,504818,a3eaab049f027f6c00dce361fe7c7286e5a31bc1d4f425c697d03595ef19a70b
/home/ali/projects/RoboLab/output/v1_cosmos_declarative/RubiksCubeRightOfBowlMatchedTask/predicted_chunks/episode_007/chunk_003/metadata.json,880,b747fe0a56a7dced375981271b195496df0c99c36257164084713661ef7cb1c0
/home/ali/projects/RoboLab/output/v1_cosmos_declarative/RubiksCubeRightOfBowlMatchedTask/predicted_chunks/episode_007/chunk_004/action.npy,1152,fdb7a9d46aaf55ae8354f939d6d9168c7dbffc4d7417a2dca40f966716101cb3
/home/ali/projects/RoboLab/output/v1_cosmos_declarative/RubiksCubeRightOfBowlMatchedTask/predicted_chunks/episode_007/chunk_004/conditioning.png,527011,16d3259f769f04cd4ca036634f4b715a1bc62db5fdca463f6951ef22c217a1d0
/home/ali/projects/RoboLab/output/v1_cosmos_declarative/RubiksCubeRightOfBowlMatchedTask/predicted_chunks/episode_007/chunk_004/future.mp4,476842,5515974f68189775c6ce545c965f980773ab7d2569aeed71e255fd8baf2ad19e
/home/ali/projects/RoboLab/output/v1_cosmos_declarative/RubiksCubeRightOfBowlMatchedTask/predicted_chunks/episode_007/chunk_004/metadata.json,882,91fd9e1705c44b45ce17ea731f3e6644dac0c2cd905385dbeddc39924565ede0
/home/ali/projects/RoboLab/output/v1_cosmos_declarative/RubiksCubeRightOfBowlMatchedTask/predicted_chunks/episode_007/chunk_005/action.npy,1152,bfb76c3fa82d149c04e036d239dd64c43c592e35d6e60fd2a4a8095dbcb65888
/home/ali/projects/RoboLab/output/v1_cosmos_declarative/RubiksCubeRightOfBowlMatchedTask/predicted_chunks/episode_007/chunk_005/conditioning.png,548973,34b1472089a691fbda40a87cfcb951d9b533f0d205a75764acce7b888f08e581
/home/ali/projects/RoboLab/output/v1_cosmos_declarative/RubiksCubeRightOfBowlMatchedTask/predicted_chunks/episode_007/chunk_005/future.mp4,508691,d2031d9692aa80426c8e842d24f44e0f178eab05056f4c3d62aa28b9589fbd27
/home/ali/projects/RoboLab/output/v1_cosmos_declarative/RubiksCubeRightOfBowlMatchedTask/predicted_chunks/episode_007/chunk_005/metadata.json,865,b8c3eb6b47a4347ff50c44954262ee378f94619957436e55d1fba8fc8950c1bb
/home/ali/projects/RoboLab/output/v1_cosmos_declarative/RubiksCubeRightOfBowlMatchedTask/predicted_chunks/episode_007/chunk_006/action.npy,1152,02858228e13a1d41b1de586bb94ad0006f577cb8c82b6a3ec6c2a015d0ed058c
/home/ali/projects/RoboLab/output/v1_cosmos_declarative/RubiksCubeRightOfBowlMatchedTask/predicted_chunks/episode_007/chunk_006/conditioning.png,558018,6ef854a3971466a9cc204dce532da3949151a983feff6ef95d322d406cf6ee63
/home/ali/projects/RoboLab/output/v1_cosmos_declarative/RubiksCubeRightOfBowlMatchedTask/predicted_chunks/episode_007/chunk_006/future.mp4,578557,dfb3449709a8d1fc8a2fda9ff90c05cf0e50a50ffae2be3453edc0cb6fa170ba
/home/ali/projects/RoboLab/output/v1_cosmos_declarative/RubiksCubeRightOfBowlMatchedTask/predicted_chunks/episode_007/chunk_006/metadata.json,881,76ac8e3718d572a66335933d5c953dcad2bbe1c412d08dad99a068481e07d7f7
/home/ali/projects/RoboLab/output/v1_cosmos_declarative/RubiksCubeRightOfBowlMatchedTask/predicted_chunks/episode_007/chunk_007/action.npy,1152,45931c55848121ddb013ba1e9a110711c74a15062727b5785c3226c8369daeeb
/home/ali/projects/RoboLab/output/v1_cosmos_declarative/RubiksCubeRightOfBowlMatchedTask/predicted_chunks/episode_007/chunk_007/conditioning.png,558630,81cec0def376cf2ed1d6436171fd5859985665cb8f87f261cb5ff47f66e07e73
/home/ali/projects/RoboLab/output/v1_cosmos_declarative/RubiksCubeRightOfBowlMatchedTask/predicted_chunks/episode_007/chunk_007/future.mp4,444371,65b3a40cbc32e8f70f4751d560743975e1d8669dc63cf69f44890444a2e5be8b
/home/ali/projects/RoboLab/output/v1_cosmos_declarative/RubiksCubeRightOfBowlMatchedTask/predicted_chunks/episode_007/chunk_007/metadata.json,882,afb2a98cefdf0dfbda31111972a81dadcb887fc158177510f56ffa6c0329066e
/home/ali/projects/RoboLab/output/v1_cosmos_declarative/RubiksCubeRightOfBowlMatchedTask/predicted_chunks/episode_007/chunk_008/action.npy,1152,2c13ba5bbd13334d504c84dededc47e8adce6925aa0ebbda7ebf5be53038ecd9
/home/ali/projects/RoboLab/output/v1_cosmos_declarative/RubiksCubeRightOfBowlMatchedTask/predicted_chunks/episode_007/chunk_008/conditioning.png,555000,d5e8257ac023ed8b9055ae2b624df1caf4dd12b7756c2bc37967a6e2136c1c09
/home/ali/projects/RoboLab/output/v1_cosmos_declarative/RubiksCubeRightOfBowlMatchedTask/predicted_chunks/episode_007/chunk_008/future.mp4,527582,0df9c101793277b68cb951a04c63b934955b29ce945fcd7dd38c20ccd009bab0
/home/ali/projects/RoboLab/output/v1_cosmos_declarative/RubiksCubeRightOfBowlMatchedTask/predicted_chunks/episode_007/chunk_008/metadata.json,868,81daee882f17bb98f2584dda2ab66dabe30a66e5d4840f7f6db8e96ac0b9fc02
/home/ali/projects/RoboLab/output/v1_cosmos_declarative/RubiksCubeRightOfBowlMatchedTask/predicted_chunks/episode_007/chunk_009/action.npy,1152,1cf9159ca9f12c871ebc7d1a6bb180bc69d216df49959c0bbede64efb51b2d19
/home/ali/projects/RoboLab/output/v1_cosmos_declarative/RubiksCubeRightOfBowlMatchedTask/predicted_chunks/episode_007/chunk_009/conditioning.png,567348,6f3f23fb8b31b736083a0d59e93468c9f9f5345f42fff71705f9fbce1174b56d
/home/ali/projects/RoboLab/output/v1_cosmos_declarative/RubiksCubeRightOfBowlMatchedTask/predicted_chunks/episode_007/chunk_009/future.mp4,546992,9c8c4a5833e1610cad4160ec64690e3a7f67fb80b0102f3991b220ead0276482
/home/ali/projects/RoboLab/output/v1_cosmos_declarative/RubiksCubeRightOfBowlMatchedTask/predicted_chunks/episode_007/chunk_009/metadata.json,884,3f9f3e7defe5e648ee3d5375e8a1538ce6ae30ce12549b59ef94fd975bca0fc8
/home/ali/projects/RoboLab/output/v1_cosmos_declarative/RubiksCubeRightOfBowlMatchedTask/predicted_chunks/episode_007/chunk_010/action.npy,1152,9a342e9b64a97a9d593457dacaf6527cff3e316b2cfc637d605b9969c0fdd6ba
/home/ali/projects/RoboLab/output/v1_cosmos_declarative/RubiksCubeRightOfBowlMatchedTask/predicted_chunks/episode_007/chunk_010/conditioning.png,571858,0952d861458c9f88c6e91f0226dc197680b7119ae33509fbcc75f9402c508297
/home/ali/projects/RoboLab/output/v1_cosmos_declarative/RubiksCubeRightOfBowlMatchedTask/predicted_chunks/episode_007/chunk_010/future.mp4,454307,a92f2f45f5452358055bcd6e0d95b9eab39690eadedf799908dd84b68b6701d6
/home/ali/projects/RoboLab/output/v1_cosmos_declarative/RubiksCubeRightOfBowlMatchedTask/predicted_chunks/episode_007/chunk_010/metadata.json,883,6a072f13fb2592d89bd8aed36ddf1ea68a67abd3fb02c152f55f551ab8047d4a
/home/ali/projects/RoboLab/output/v1_cosmos_declarative/RubiksCubeRightOfBowlMatchedTask/predicted_chunks/episode_007/chunk_011/action.npy,1152,bd8c109410b787e06b5e23cf180c883f9f92eb0e92d8fe5b8ba0e08dcb333b6e
/home/ali/projects/RoboLab/output/v1_cosmos_declarative/RubiksCubeRightOfBowlMatchedTask/predicted_chunks/episode_007/chunk_011/conditioning.png,543540,64d1e205f49043e631db159246a8a92a16ddf73db560e8a6bfc084d32efdb702
/home/ali/projects/RoboLab/output/v1_cosmos_declarative/RubiksCubeRightOfBowlMatchedTask/predicted_chunks/episode_007/chunk_011/future.mp4,513512,912f7938149ddc1ff94a49503e1b2f263610022e32a1e2531661193484ec9674
/home/ali/projects/RoboLab/output/v1_cosmos_declarative/RubiksCubeRightOfBowlMatchedTask/predicted_chunks/episode_007/chunk_011/metadata.json,864,8c75f76f25a26d4d111d030f1e3b271e5f4ff5ab2548110d942aca50c698a27b
/home/ali/projects/RoboLab/output/v1_cosmos_declarative/RubiksCubeRightOfBowlMatchedTask/predicted_chunks/episode_008/chunk_000/action.npy,1152,badaedf5730e298052f55c0cd7e09feb8c8cf05733dee343f219b7265a56bb1b
/home/ali/projects/RoboLab/output/v1_cosmos_declarative/RubiksCubeRightOfBowlMatchedTask/predicted_chunks/episode_008/chunk_000/conditioning.png,573783,45c53f3069bc9f4b2900de4d072b57f1756fa01695200a48d79edc85554d43da
/home/ali/projects/RoboLab/output/v1_cosmos_declarative/RubiksCubeRightOfBowlMatchedTask/predicted_chunks/episode_008/chunk_000/future.mp4,494946,e6d3d051f791cd9795083fb27334781be82f0c3a180122db039ab1ff560804b4
/home/ali/projects/RoboLab/output/v1_cosmos_declarative/RubiksCubeRightOfBowlMatchedTask/predicted_chunks/episode_008/chunk_000/metadata.json,798,d3adf96f7d75676ee1278a7219e22d51e78a8e93187e98e12bcb1c016d233512
/home/ali/projects/RoboLab/output/v1_cosmos_declarative/RubiksCubeRightOfBowlMatchedTask/predicted_chunks/episode_008/chunk_001/action.npy,1152,ea7cc2c639ed1468d235b5255eef823d38cbc16f96fdaa744bd1a0c7adbdd4fa
/home/ali/projects/RoboLab/output/v1_cosmos_declarative/RubiksCubeRightOfBowlMatchedTask/predicted_chunks/episode_008/chunk_001/conditioning.png,568535,51d4d8f8c566b66d4a5178cc859f88f20ff7cba5db87e7843dcf36cff4f06c0e
/home/ali/projects/RoboLab/output/v1_cosmos_declarative/RubiksCubeRightOfBowlMatchedTask/predicted_chunks/episode_008/chunk_001/future.mp4,425505,60a09d4016214b73e19b331affb852b67e8ab224436195ac1b31e89bb7de91e7
/home/ali/projects/RoboLab/output/v1_cosmos_declarative/RubiksCubeRightOfBowlMatchedTask/predicted_chunks/episode_008/chunk_001/metadata.json,880,2188590c147a9d719fac23e87e336e55b0e0939206b74574d4c7deecf34efe2c
/home/ali/projects/RoboLab/output/v1_cosmos_declarative/RubiksCubeRightOfBowlMatchedTask/predicted_chunks/episode_008/chunk_002/action.npy,1152,ae4970073f8f4d01fafcb862deafc1f806c49a7506490a3f63feddad96314623
/home/ali/projects/RoboLab/output/v1_cosmos_declarative/RubiksCubeRightOfBowlMatchedTask/predicted_chunks/episode_008/chunk_002/conditioning.png,551941,8edc247d56de9e224094026908a498562038a077058105ea5e8bf50c9d51a59f
/home/ali/projects/RoboLab/output/v1_cosmos_declarative/RubiksCubeRightOfBowlMatchedTask/predicted_chunks/episode_008/chunk_002/future.mp4,570887,576726c6f273bbaad24989326540fa4d52f072442e4f0c85147606fd86c71ce6
/home/ali/projects/RoboLab/output/v1_cosmos_declarative/RubiksCubeRightOfBowlMatchedTask/predicted_chunks/episode_008/chunk_002/metadata.json,866,8807c78e275bd2158d5e090dd6993321b40a04ac4471e092f2b089b6c0b187b5
/home/ali/projects/RoboLab/output/v1_cosmos_declarative/RubiksCubeRightOfBowlMatchedTask/predicted_chunks/episode_008/chunk_003/action.npy,1152,8e52308fa299254511478e9efe8df8af158b8a2ecb9550a14784711c2d74858f
/home/ali/projects/RoboLab/output/v1_cosmos_declarative/RubiksCubeRightOfBowlMatchedTask/predicted_chunks/episode_008/chunk_003/conditioning.png,567200,c399665caf47a18bb9893364a3a62d4f9ffee621d24b164b8afcef30f8c172cc
/home/ali/projects/RoboLab/output/v1_cosmos_declarative/RubiksCubeRightOfBowlMatchedTask/predicted_chunks/episode_008/chunk_003/future.mp4,597426,e429ddef7ec143caa59fa7ec1cf31c0ab67fab2c556614209e936b1ca67b28b9
/home/ali/projects/RoboLab/output/v1_cosmos_declarative/RubiksCubeRightOfBowlMatchedTask/predicted_chunks/episode_008/chunk_003/metadata.json,884,cd58e37fd35ff20664d76c78dab02a9a9ceb9e24d9ff884584a6b0eeab6bf4ac
/home/ali/projects/RoboLab/output/v1_cosmos_declarative/RubiksCubeRightOfBowlMatchedTask/predicted_chunks/episode_008/chunk_004/action.npy,1152,e4d1935f004cbf99d0908790bc0210b8aa480b38f3d284f8e49f25bd4d23bac7
/home/ali/projects/RoboLab/output/v1_cosmos_declarative/RubiksCubeRightOfBowlMatchedTask/predicted_chunks/episode_008/chunk_004/conditioning.png,563255,69968d386e438c168247ad18e16d81c6832338fe6c353e1f34fe831b6d58821f
/home/ali/projects/RoboLab/output/v1_cosmos_declarative/RubiksCubeRightOfBowlMatchedTask/predicted_chunks/episode_008/chunk_004/future.mp4,533059,510c27bfcb1ba4fa6f17d3981957ee565f3339158670eb6907d914df4c6acffc
/home/ali/projects/RoboLab/output/v1_cosmos_declarative/RubiksCubeRightOfBowlMatchedTask/predicted_chunks/episode_008/chunk_004/metadata.json,884,e238ac1d99396ea7e332bf750cb20efe27edc3e4970f243898661a41db3630dd
/home/ali/projects/RoboLab/output/v1_cosmos_declarative/RubiksCubeRightOfBowlMatchedTask/predicted_chunks/episode_008/chunk_005/action.npy,1152,bd3779d6c51bd0b132584efa2c7bc63518452fff95bf19eec563714bbc32e046
/home/ali/projects/RoboLab/output/v1_cosmos_declarative/RubiksCubeRightOfBowlMatchedTask/predicted_chunks/episode_008/chunk_005/conditioning.png,561838,4b7dcabc1a5853e499e701fad88a0b827d3da36b29ae9ee14d38211c3a71801b
/home/ali/projects/RoboLab/output/v1_cosmos_declarative/RubiksCubeRightOfBowlMatchedTask/predicted_chunks/episode_008/chunk_005/future.mp4,488211,4942a1631061e1ee67fdf60849cb15389ce7bf43e69bc4868faf1109a56b2db9
/home/ali/projects/RoboLab/output/v1_cosmos_declarative/RubiksCubeRightOfBowlMatchedTask/predicted_chunks/episode_008/chunk_005/metadata.json,863,10c48206d8c231ac2aee6da7c50f7bcd8ed281016539db5593d9ab1ff7de5237
/home/ali/projects/RoboLab/output/v1_cosmos_declarative/RubiksCubeRightOfBowlMatchedTask/predicted_chunks/episode_008/chunk_006/action.npy,1152,e8bd85f4abf34d3bfba7479b95c9008296eec0d21a3309545e80de0b6e117308
/home/ali/projects/RoboLab/output/v1_cosmos_declarative/RubiksCubeRightOfBowlMatchedTask/predicted_chunks/episode_008/chunk_006/conditioning.png,547218,32c9717dfb67756a85ef17564de978661d82fc1e939b1c9b49845655c564e4a9
/home/ali/projects/RoboLab/output/v1_cosmos_declarative/RubiksCubeRightOfBowlMatchedTask/predicted_chunks/episode_008/chunk_006/future.mp4,567074,fd3bef85b1684d8bdaf06e1c17d21341fdd91d8227ef2e099eadc54d215b66fb
/home/ali/projects/RoboLab/output/v1_cosmos_declarative/RubiksCubeRightOfBowlMatchedTask/predicted_chunks/episode_008/chunk_006/metadata.json,878,b80845f373b689625c97f18ab154add7d6332ac8a661da406b7b1bd00a1d261b
/home/ali/projects/RoboLab/output/v1_cosmos_declarative/RubiksCubeRightOfBowlMatchedTask/predicted_chunks/episode_008/chunk_007/action.npy,1152,0ebf4f677c0b7fe44f883a63ea43348be0371f791af16e9a699a8b9caf86bd50
/home/ali/projects/RoboLab/output/v1_cosmos_declarative/RubiksCubeRightOfBowlMatchedTask/predicted_chunks/episode_008/chunk_007/conditioning.png,531613,9993de6f1dee31db9f98d8d47a485c8bcf8824254fc09f8ab0f422b848f31cf7
/home/ali/projects/RoboLab/output/v1_cosmos_declarative/RubiksCubeRightOfBowlMatchedTask/predicted_chunks/episode_008/chunk_007/future.mp4,466720,22503c1269bb1f3a681fe9b4bb1aea5d3431ebc7df3ee78f96724b7461204fc6
/home/ali/projects/RoboLab/output/v1_cosmos_declarative/RubiksCubeRightOfBowlMatchedTask/predicted_chunks/episode_008/chunk_007/metadata.json,881,9a99804d4d19d10c2681843366facc52b685c7516776a4977bea16649e7f550a
/home/ali/projects/RoboLab/output/v1_cosmos_declarative/RubiksCubeRightOfBowlMatchedTask/predicted_chunks/episode_009/chunk_000/action.npy,1152,3926d9b37d3730c0339442e1138906c81c6bc7276fe05ac60ea33ed7a33d7d94
/home/ali/projects/RoboLab/output/v1_cosmos_declarative/RubiksCubeRightOfBowlMatchedTask/predicted_chunks/episode_009/chunk_000/conditioning.png,575665,190e5fa544b732895523f94f7a67aed5b814cf634099371f27b9c603e1d2b11b
/home/ali/projects/RoboLab/output/v1_cosmos_declarative/RubiksCubeRightOfBowlMatchedTask/predicted_chunks/episode_009/chunk_000/future.mp4,508138,f097ed9e1cad5ac42a9440c2f1eaaa7a76bc1ca472379268307129a7a77143dc
/home/ali/projects/RoboLab/output/v1_cosmos_declarative/RubiksCubeRightOfBowlMatchedTask/predicted_chunks/episode_009/chunk_000/metadata.json,798,f6838e5e682693f56aa35f092985cccc84b4ef4e0c2f8a839cfc5ff6ca3ad02b
/home/ali/projects/RoboLab/output/v1_cosmos_declarative/RubiksCubeRightOfBowlMatchedTask/predicted_chunks/episode_009/chunk_001/action.npy,1152,509e1440633e1575ab203e9ea0be380d52b21ca428b3f05dae51295d594abc81
/home/ali/projects/RoboLab/output/v1_cosmos_declarative/RubiksCubeRightOfBowlMatchedTask/predicted_chunks/episode_009/chunk_001/conditioning.png,562788,f6b10fa81dab85764952bcb32e31dad32657e10438d26d53e43f05ff3455de2d
/home/ali/projects/RoboLab/output/v1_cosmos_declarative/RubiksCubeRightOfBowlMatchedTask/predicted_chunks/episode_009/chunk_001/future.mp4,429060,49477239dd24687e563d2ff79aa80fbfe96abb592a7c0834628d7ae6fbb0648e
/home/ali/projects/RoboLab/output/v1_cosmos_declarative/RubiksCubeRightOfBowlMatchedTask/predicted_chunks/episode_009/chunk_001/metadata.json,882,4d31c64142514da3461fc2c2242cdee4b06d7cff520255af5769be05da6cd30d
/home/ali/projects/RoboLab/output/v1_cosmos_declarative/RubiksCubeRightOfBowlMatchedTask/predicted_chunks/episode_009/chunk_002/action.npy,1152,3ec06242b2c0991fe1ef09b8700e0d07a9406468bf634b2198702cdc3e2e1831
/home/ali/projects/RoboLab/output/v1_cosmos_declarative/RubiksCubeRightOfBowlMatchedTask/predicted_chunks/episode_009/chunk_002/conditioning.png,544183,ea528493bde4c5299df0f5f387a3c302e66839d60b1ded34409f4385bf66d03b
/home/ali/projects/RoboLab/output/v1_cosmos_declarative/RubiksCubeRightOfBowlMatchedTask/predicted_chunks/episode_009/chunk_002/future.mp4,618171,289d0680179cad8d4321da4d997e6e3401d0cfda1f6e3c891613b10a5af0aa8f
/home/ali/projects/RoboLab/output/v1_cosmos_declarative/RubiksCubeRightOfBowlMatchedTask/predicted_chunks/episode_009/chunk_002/metadata.json,876,ee70abc5a2d6c7304d6ebc92d42a31c2e37e2108c058d2af61e23eff2cb27315
/home/ali/projects/RoboLab/output/v1_cosmos_declarative/RubiksCubeRightOfBowlMatchedTask/predicted_chunks/episode_009/chunk_003/action.npy,1152,a17f69577acd9070eaffc465e7a20f80ea4728191b21f7aa020bd1da74bf1ef2
/home/ali/projects/RoboLab/output/v1_cosmos_declarative/RubiksCubeRightOfBowlMatchedTask/predicted_chunks/episode_009/chunk_003/conditioning.png,535549,aae2e90a36eebd7b318ddbebc8463fc3cab5633b6e3520cf8ea73a77b187ffac
/home/ali/projects/RoboLab/output/v1_cosmos_declarative/RubiksCubeRightOfBowlMatchedTask/predicted_chunks/episode_009/chunk_003/future.mp4,550787,2f2400a1020b9fa3d92804b6d2519f8d3f232f54960bee4806efd3a64eaccc0d
/home/ali/projects/RoboLab/output/v1_cosmos_declarative/RubiksCubeRightOfBowlMatchedTask/predicted_chunks/episode_009/chunk_003/metadata.json,881,0ca090e19303720c36c359d2cbd17dc5e5dca9ad4bf895bda58a209fd683d155
/home/ali/projects/RoboLab/output/v1_cosmos_declarative/RubiksCubeRightOfBowlMatchedTask/predicted_chunks/manifest.jsonl,65348,5289dc5d429a8a6d44cc34e3627eb11f304d1a050efa035bb04e8bf8916a02a0
/home/ali/projects/RoboLab/output/v1_cosmos_declarative/RubiksCubeRightOfBowlMatchedTask/run_0.hdf5,332987,729325c0b59ffb04a5cc911882828150db9c5b6fad82863102a1b33124734640
/home/ali/projects/RoboLab/output/v1_cosmos_declarative/RubiksCubeRightOfBowlMatchedTask/run_1.hdf5,259073,0b2811abdf5c83e5dce31923aa154dda5e647ad47f44b24427ce1a55278b74a9
/home/ali/projects/RoboLab/output/v1_cosmos_declarative/RubiksCubeRightOfBowlMatchedTask/run_2.hdf5,321279,68fc9338657e7f021e241d08b59710cc50ed741836ee821699ce49ceaf4e65a1
/home/ali/projects/RoboLab/output/v1_cosmos_declarative/RubiksCubeRightOfBowlMatchedTask/run_3.hdf5,242296,1683828e803c87ddf410fc25b24b9f55a806b2b99cd9ccaa693899489fe65259
/home/ali/projects/RoboLab/output/v1_cosmos_declarative/RubiksCubeRightOfBowlMatchedTask/run_4.hdf5,270011,45b17778ca14b6fbcb4c8e51d4c0eea7eae140852ad2dc9b2146397fb88aa8d7
/home/ali/projects/RoboLab/output/v1_cosmos_declarative/RubiksCubeRightOfBowlMatchedTask/run_5.hdf5,268772,6c09f3b56650eb21ea2561627d11313579f238f87c934b5dfdf6efbdd46c9294
/home/ali/projects/RoboLab/output/v1_cosmos_declarative/RubiksCubeRightOfBowlMatchedTask/run_6.hdf5,243896,08b064540b01db66ce0fbcae087080393e60382c302b696bc971afd12d527833
/home/ali/projects/RoboLab/output/v1_cosmos_declarative/RubiksCubeRightOfBowlMatchedTask/run_7.hdf5,306491,ce8aedc2f27a8b09bc8fb41810554042b30306711c6809e8e9acfc226de8f1d9
/home/ali/projects/RoboLab/output/v1_cosmos_declarative/RubiksCubeRightOfBowlMatchedTask/run_8.hdf5,267165,5fe7e89f7c21fcdef13a391c03b058a7dcce9b5c09832e3ffa5fc60de535ace7
/home/ali/projects/RoboLab/output/v1_cosmos_declarative/RubiksCubeRightOfBowlMatchedTask/run_9.hdf5,224392,9a9952c3b45e3d852a4f1b22a4df54d81b2ddddf20f5fdd9ed3b1255f650363b
/home/ali/projects/RoboLab/output/v1_cosmos_declarative/episode_results.jsonl,24282,e99f914d0b9383bde5d549065657b46151a209c147e4dc1978b3a9ab6f15dbe0
/home/ali/projects/RoboLab/output/v1_cosmos_vague/RubiksCubeLeftOfBowlMatchedTask/env_cfg.json,43162,fb1d878043f3e0d9b6fc39f400eb4a155dd8d2f6cb1f5e52e82483d15c354ac7
/home/ali/projects/RoboLab/output/v1_cosmos_vague/RubiksCubeLeftOfBowlMatchedTask/log_0_env0.json,3099,c6a0e61812c23b46b1881cabbfc88314d86584556c3707de5bf5f6e851f5c555
/home/ali/projects/RoboLab/output/v1_cosmos_vague/RubiksCubeLeftOfBowlMatchedTask/log_1_env0.json,3690,c8ceeac47df40bdeca13a66cbb6573abaa95e6808a1b20f5e1c156740bb9efb8
/home/ali/projects/RoboLab/output/v1_cosmos_vague/RubiksCubeLeftOfBowlMatchedTask/log_2_env0.json,1979,82c52ecc4bc0d41065d7f41807e79b0cb9bded1a68bcbfadab197034d9314f26
/home/ali/projects/RoboLab/output/v1_cosmos_vague/RubiksCubeLeftOfBowlMatchedTask/log_3_env0.json,6315,4f94ab7c314433f457b07fbd47ab15b6bb0c225610c768e38ccf66055fc5db51
/home/ali/projects/RoboLab/output/v1_cosmos_vague/RubiksCubeLeftOfBowlMatchedTask/log_4_env0.json,3417,9d22b979662a6ebd6358f682b965604015c4db5c16ad12581c34529fbd5a345a
/home/ali/projects/RoboLab/output/v1_cosmos_vague/RubiksCubeLeftOfBowlMatchedTask/log_5_env0.json,2327,ed6106edd500790442417302151392d9138f2e2b0b953200fd168b8313dd5183
/home/ali/projects/RoboLab/output/v1_cosmos_vague/RubiksCubeLeftOfBowlMatchedTask/log_6_env0.json,3940,c9853ccaef2f74d63dd18f5b194290b196f3aca75f2dd54cbf4f246b1703864e
/home/ali/projects/RoboLab/output/v1_cosmos_vague/RubiksCubeLeftOfBowlMatchedTask/log_7_env0.json,3013,0c70ffddc56fb36c50fbbcf932699d7178a1c50888a028a1598d9b5af1a04ee8
/home/ali/projects/RoboLab/output/v1_cosmos_vague/RubiksCubeLeftOfBowlMatchedTask/log_8_env0.json,2482,5096f44e8a7f00fc8bc103255370449a4fc8bec7833339ce8f63d473b6c43b4d
/home/ali/projects/RoboLab/output/v1_cosmos_vague/RubiksCubeLeftOfBowlMatchedTask/log_9_env0.json,1379,2eddb9d3b5b78af2ca97af3f3b243ce0e267fe68be2b97d3ed414ccc6819aa18
/home/ali/projects/RoboLab/output/v1_cosmos_vague/RubiksCubeLeftOfBowlMatchedTask/predicted_chunks/episode_000/chunk_000/action.npy,1152,6bf506b1269f3a3598225d2ea72c09a864d4d62ae0ce6a5a3ddbca7c871eeb49
/home/ali/projects/RoboLab/output/v1_cosmos_vague/RubiksCubeLeftOfBowlMatchedTask/predicted_chunks/episode_000/chunk_000/conditioning.png,573863,4213476f6b1f539dbc8225194c0c5fae498a5a5e183add535ca7f6f0e3799156
/home/ali/projects/RoboLab/output/v1_cosmos_vague/RubiksCubeLeftOfBowlMatchedTask/predicted_chunks/episode_000/chunk_000/future.mp4,510009,6a156fe547d917e02670200e4fd53212d613d0ad4eb965ca49bc9a6922eaabf2
/home/ali/projects/RoboLab/output/v1_cosmos_vague/RubiksCubeLeftOfBowlMatchedTask/predicted_chunks/episode_000/chunk_000/metadata.json,766,8ac1693079696daaec1eec96c375871de06857056aaef44c412a6559d24890bb
/home/ali/projects/RoboLab/output/v1_cosmos_vague/RubiksCubeLeftOfBowlMatchedTask/predicted_chunks/episode_000/chunk_001/action.npy,1152,d9d776c876407d13e72e39c5cb4e922eb8a518726a24ba804561cda83a73e73c
/home/ali/projects/RoboLab/output/v1_cosmos_vague/RubiksCubeLeftOfBowlMatchedTask/predicted_chunks/episode_000/chunk_001/conditioning.png,549325,a71ad2d2359804231205bb4600729f1724ee703344f9c49ec44581db2a26224b
/home/ali/projects/RoboLab/output/v1_cosmos_vague/RubiksCubeLeftOfBowlMatchedTask/predicted_chunks/episode_000/chunk_001/future.mp4,456745,3e16bb0205d8dacb35f8b64814e88eed40934460367bd784d854dfdbe771628e
/home/ali/projects/RoboLab/output/v1_cosmos_vague/RubiksCubeLeftOfBowlMatchedTask/predicted_chunks/episode_000/chunk_001/metadata.json,852,7603d51661c2e2530170817363e2499ff3756e35e67b99e92f15c461af2cea9b
/home/ali/projects/RoboLab/output/v1_cosmos_vague/RubiksCubeLeftOfBowlMatchedTask/predicted_chunks/episode_000/chunk_002/action.npy,1152,631d44e0b4a4e979af0f995d78e092035b29d747b8a913a2dec3e71445bf0a31
/home/ali/projects/RoboLab/output/v1_cosmos_vague/RubiksCubeLeftOfBowlMatchedTask/predicted_chunks/episode_000/chunk_002/conditioning.png,552863,b916a9f9281f1ccf4d04aedfa84abc51c3650c846c62e86f3604bf50f942f9a5
/home/ali/projects/RoboLab/output/v1_cosmos_vague/RubiksCubeLeftOfBowlMatchedTask/predicted_chunks/episode_000/chunk_002/future.mp4,493062,8266bc696c7421941437225d7c88da0379e58e0b8448be8555ef9a78010769cf
/home/ali/projects/RoboLab/output/v1_cosmos_vague/RubiksCubeLeftOfBowlMatchedTask/predicted_chunks/episode_000/chunk_002/metadata.json,849,450980650fe7f50044a5ac817f58a976bd7e08370bcb292fbe313e4a50085495
/home/ali/projects/RoboLab/output/v1_cosmos_vague/RubiksCubeLeftOfBowlMatchedTask/predicted_chunks/episode_000/chunk_003/action.npy,1152,ca8bb9fb907a5d59905a56aa5fd25a56b4b0cde22607c890790276df7be7e145
/home/ali/projects/RoboLab/output/v1_cosmos_vague/RubiksCubeLeftOfBowlMatchedTask/predicted_chunks/episode_000/chunk_003/conditioning.png,566917,94576d9d9ddcb1de84fbab21a0bc7a01a3c3299f60e79c494cc9b6a9e731a36d
/home/ali/projects/RoboLab/output/v1_cosmos_vague/RubiksCubeLeftOfBowlMatchedTask/predicted_chunks/episode_000/chunk_003/future.mp4,574352,c056ab732721a054184231dd430d9ad7ff3918f68a54790e73d85908193a5ab6
/home/ali/projects/RoboLab/output/v1_cosmos_vague/RubiksCubeLeftOfBowlMatchedTask/predicted_chunks/episode_000/chunk_003/metadata.json,838,33c9cd62564b77d989a9d1853ab38abfdf57b37797a0c1d9c27da20cfc4f12e9
/home/ali/projects/RoboLab/output/v1_cosmos_vague/RubiksCubeLeftOfBowlMatchedTask/predicted_chunks/episode_000/chunk_004/action.npy,1152,834da90198db549e2273e45ca566831dbeb83dc03817cfda0d7924ccba14f8f1
/home/ali/projects/RoboLab/output/v1_cosmos_vague/RubiksCubeLeftOfBowlMatchedTask/predicted_chunks/episode_000/chunk_004/conditioning.png,532140,4d544188c0fd400e2c1bb9c74b41e6484a1302c393c132b2d88f8fdb603d420b
/home/ali/projects/RoboLab/output/v1_cosmos_vague/RubiksCubeLeftOfBowlMatchedTask/predicted_chunks/episode_000/chunk_004/future.mp4,363696,2df8c3ac53d4a05698f6a7aa5e085f571ecaeb04ccbaf3187e65b9868f9e028a
/home/ali/projects/RoboLab/output/v1_cosmos_vague/RubiksCubeLeftOfBowlMatchedTask/predicted_chunks/episode_000/chunk_004/metadata.json,853,6422e58bed41970453503f606a39047f337cf9e54271e3f47375e75e4511ec2b
/home/ali/projects/RoboLab/output/v1_cosmos_vague/RubiksCubeLeftOfBowlMatchedTask/predicted_chunks/episode_000/chunk_005/action.npy,1152,7f04dbe0a300b1a67eb8d81b6043f346518956c039dc5c1700f79eaac676b74a
/home/ali/projects/RoboLab/output/v1_cosmos_vague/RubiksCubeLeftOfBowlMatchedTask/predicted_chunks/episode_000/chunk_005/conditioning.png,532041,d1d0feba5e90c1a6fe7a5eabae85f2bc8a15e63f2a60aff81c121e423747c95f
/home/ali/projects/RoboLab/output/v1_cosmos_vague/RubiksCubeLeftOfBowlMatchedTask/predicted_chunks/episode_000/chunk_005/future.mp4,391891,67e6856bf93dfaf4c70007383cfac387e5fdc33aac25177ca4a4c72b796f08e3
/home/ali/projects/RoboLab/output/v1_cosmos_vague/RubiksCubeLeftOfBowlMatchedTask/predicted_chunks/episode_000/chunk_005/metadata.json,849,3a14b642d069333689c51ec543cae517d48fad654002bc4db64a2c138e1c4918
/home/ali/projects/RoboLab/output/v1_cosmos_vague/RubiksCubeLeftOfBowlMatchedTask/predicted_chunks/episode_000/chunk_006/action.npy,1152,bb83c77e17f38a74ff58f4f2cd699821f877788f14474b6c71f2587c053c7e51
/home/ali/projects/RoboLab/output/v1_cosmos_vague/RubiksCubeLeftOfBowlMatchedTask/predicted_chunks/episode_000/chunk_006/conditioning.png,533073,94806a762404291d2772f4cd951325c53899342ff37204f4ccb2953bc84a973a
/home/ali/projects/RoboLab/output/v1_cosmos_vague/RubiksCubeLeftOfBowlMatchedTask/predicted_chunks/episode_000/chunk_006/future.mp4,384406,c80b722c440ecda0777119d8a92f85bd24e09347aa77aa215606cb91e97fb3a2
/home/ali/projects/RoboLab/output/v1_cosmos_vague/RubiksCubeLeftOfBowlMatchedTask/predicted_chunks/episode_000/chunk_006/metadata.json,850,fca9fea08358274c362a8298fbd8b533ab95ca592c170bc434f2d59624f3f8d7
/home/ali/projects/RoboLab/output/v1_cosmos_vague/RubiksCubeLeftOfBowlMatchedTask/predicted_chunks/episode_000/chunk_007/action.npy,1152,9d3e6cb9f9c058274e37f4d7a315989ac6ecbfd646a3732fdc5ffad98a508a0b
/home/ali/projects/RoboLab/output/v1_cosmos_vague/RubiksCubeLeftOfBowlMatchedTask/predicted_chunks/episode_000/chunk_007/conditioning.png,534211,c6325109589e3ebf34f2e5207eef9c635fdc2b2c897900912abbad3f61691fca
/home/ali/projects/RoboLab/output/v1_cosmos_vague/RubiksCubeLeftOfBowlMatchedTask/predicted_chunks/episode_000/chunk_007/future.mp4,460580,83dded84547029ad03bc09d6c1647657a6e3335c4ff1efb8e0b5a27552351714
/home/ali/projects/RoboLab/output/v1_cosmos_vague/RubiksCubeLeftOfBowlMatchedTask/predicted_chunks/episode_000/chunk_007/metadata.json,852,5e9223e4e128983f5abf254b853b06f495bff4a9d6f3250d1d5e03e3d43233f1
/home/ali/projects/RoboLab/output/v1_cosmos_vague/RubiksCubeLeftOfBowlMatchedTask/predicted_chunks/episode_000/chunk_008/action.npy,1152,4e3a48deaf2cdfd3abbe21a23d4477bafdf3347b46311c0f4832ab6ff6665f99
/home/ali/projects/RoboLab/output/v1_cosmos_vague/RubiksCubeLeftOfBowlMatchedTask/predicted_chunks/episode_000/chunk_008/conditioning.png,568029,666916e1e921e30a8055cc0326463f50acc4dd5878089a203c3ea711bb98db8a
/home/ali/projects/RoboLab/output/v1_cosmos_vague/RubiksCubeLeftOfBowlMatchedTask/predicted_chunks/episode_000/chunk_008/future.mp4,351648,498a9f2c405fd180346e5785818c68e90c8ae8c177c1d64ac765712af1b74c0f
/home/ali/projects/RoboLab/output/v1_cosmos_vague/RubiksCubeLeftOfBowlMatchedTask/predicted_chunks/episode_000/chunk_008/metadata.json,837,5bdb5f7772bc801023178d018bdbd05596a0ed2345aa1088a1aa54ac9854fc1e
/home/ali/projects/RoboLab/output/v1_cosmos_vague/RubiksCubeLeftOfBowlMatchedTask/predicted_chunks/episode_000/chunk_009/action.npy,1152,d90c079fb683dcafaeeea854ea0f661f606c56f9f07e6c548189bc9d36929051
/home/ali/projects/RoboLab/output/v1_cosmos_vague/RubiksCubeLeftOfBowlMatchedTask/predicted_chunks/episode_000/chunk_009/conditioning.png,573089,c4e46227054636dc5a03ccd8f3c5a6ce36254fdf4971cdca7a2bad3753fe55fe
/home/ali/projects/RoboLab/output/v1_cosmos_vague/RubiksCubeLeftOfBowlMatchedTask/predicted_chunks/episode_000/chunk_009/future.mp4,377241,861483768b01e87565f5934979e33bc17e4f4e9c1d88fc774f121096ef9c2acc
/home/ali/projects/RoboLab/output/v1_cosmos_vague/RubiksCubeLeftOfBowlMatchedTask/predicted_chunks/episode_000/chunk_009/metadata.json,850,f6e23aa79e8b603ce05894d712f36ee7ff4b0c8669999f4cc18f6ab9172c55df
/home/ali/projects/RoboLab/output/v1_cosmos_vague/RubiksCubeLeftOfBowlMatchedTask/predicted_chunks/episode_000/chunk_010/action.npy,1152,7c7de812618c8a085e55be750889b22cf797845a432bc196785927fc9bfded32
/home/ali/projects/RoboLab/output/v1_cosmos_vague/RubiksCubeLeftOfBowlMatchedTask/predicted_chunks/episode_000/chunk_010/conditioning.png,558912,60c074cf6af18370eea77e4e0d5d2a3123d3c2c3ed856eb8fd000c97630f14bf
/home/ali/projects/RoboLab/output/v1_cosmos_vague/RubiksCubeLeftOfBowlMatchedTask/predicted_chunks/episode_000/chunk_010/future.mp4,506300,9fb35db99c84c962ab7a60c7fe28162553c8dbc52437825b852c4c26d0aa7dff
/home/ali/projects/RoboLab/output/v1_cosmos_vague/RubiksCubeLeftOfBowlMatchedTask/predicted_chunks/episode_000/chunk_010/metadata.json,837,a866d9d9f3d1d08930f2b19c96af2de60a50aaf9077a42a84c06b4d62a1e20fe
/home/ali/projects/RoboLab/output/v1_cosmos_vague/RubiksCubeLeftOfBowlMatchedTask/predicted_chunks/episode_000/chunk_011/action.npy,1152,203cb61eb6521af25a3d79b468f8d9d6ebd549bc7c2a4d6452ef12f727852753
/home/ali/projects/RoboLab/output/v1_cosmos_vague/RubiksCubeLeftOfBowlMatchedTask/predicted_chunks/episode_000/chunk_011/conditioning.png,556837,5ec1c9ee88acafdbea79918845985477fc3dfd268cb5c51fc0d2dbfea0896c9b
/home/ali/projects/RoboLab/output/v1_cosmos_vague/RubiksCubeLeftOfBowlMatchedTask/predicted_chunks/episode_000/chunk_011/future.mp4,450537,158eeec1e918d6d98cb9861571e6e2216510f019921d21a108a19ee495ea4947
/home/ali/projects/RoboLab/output/v1_cosmos_vague/RubiksCubeLeftOfBowlMatchedTask/predicted_chunks/episode_000/chunk_011/metadata.json,856,a1942d9212804441781efd50989d48072e7466be359a3f9fe2fce6ac615ff872
/home/ali/projects/RoboLab/output/v1_cosmos_vague/RubiksCubeLeftOfBowlMatchedTask/predicted_chunks/episode_000/chunk_012/action.npy,1152,4b2da4eec21df738f0528e40c69a16f895d36c9e8c0c19524d8217b8c53746fc
/home/ali/projects/RoboLab/output/v1_cosmos_vague/RubiksCubeLeftOfBowlMatchedTask/predicted_chunks/episode_000/chunk_012/conditioning.png,546617,8170c7b662fc3da50c0c753cfb630b2c80aa8e91607b71ef751fc2bbd5478874
/home/ali/projects/RoboLab/output/v1_cosmos_vague/RubiksCubeLeftOfBowlMatchedTask/predicted_chunks/episode_000/chunk_012/future.mp4,444284,b048c12d1b7a3ee3619e8754d1e5f6bdbf1ca5fb68c04c844f6b94419769ada2
/home/ali/projects/RoboLab/output/v1_cosmos_vague/RubiksCubeLeftOfBowlMatchedTask/predicted_chunks/episode_000/chunk_012/metadata.json,852,550d973cc1cc1a540c345aa661f95f742e39379a8a4ae09fff1d0eeb9efe7890
/home/ali/projects/RoboLab/output/v1_cosmos_vague/RubiksCubeLeftOfBowlMatchedTask/predicted_chunks/episode_000/chunk_013/action.npy,1152,54b22aea27449c6d19429b927245a7a2ff63d6606d28290b8a9b4ca9721ba8c8
/home/ali/projects/RoboLab/output/v1_cosmos_vague/RubiksCubeLeftOfBowlMatchedTask/predicted_chunks/episode_000/chunk_013/conditioning.png,568206,3226b8597c999b09aade08ac30ff87a3c33df1c631cce74162051c5f112e8dab
/home/ali/projects/RoboLab/output/v1_cosmos_vague/RubiksCubeLeftOfBowlMatchedTask/predicted_chunks/episode_000/chunk_013/future.mp4,477887,c26e15bff9fbeaf270049677b960807ef830425e60e0c022c14c53799e710f6a
/home/ali/projects/RoboLab/output/v1_cosmos_vague/RubiksCubeLeftOfBowlMatchedTask/predicted_chunks/episode_000/chunk_013/metadata.json,853,3f06b1f9de940928541483e2d2ce62a01b096d4798f88774ae6f3c6d206a9246
/home/ali/projects/RoboLab/output/v1_cosmos_vague/RubiksCubeLeftOfBowlMatchedTask/predicted_chunks/episode_000/chunk_014/action.npy,1152,920cfeee72823a71eaec84c46f0048577c15e9fa2fd3c8651995ef791d886b9a
/home/ali/projects/RoboLab/output/v1_cosmos_vague/RubiksCubeLeftOfBowlMatchedTask/predicted_chunks/episode_000/chunk_014/conditioning.png,563416,eb4f06744790a962581f0e7b000866b9d5ddebb46ac20154ce24184dba1aea72
/home/ali/projects/RoboLab/output/v1_cosmos_vague/RubiksCubeLeftOfBowlMatchedTask/predicted_chunks/episode_000/chunk_014/future.mp4,511213,24080bd9756b09ee069b81cd6524ff1014c6b7577ca472bfe23a7c735deec505
/home/ali/projects/RoboLab/output/v1_cosmos_vague/RubiksCubeLeftOfBowlMatchedTask/predicted_chunks/episode_000/chunk_014/metadata.json,836,75b2d4ac39e6503eb30797f4807c16e38cc91ce11011bbb540bb196b3b4ab745
/home/ali/projects/RoboLab/output/v1_cosmos_vague/RubiksCubeLeftOfBowlMatchedTask/predicted_chunks/episode_001/chunk_000/action.npy,1152,65ca1b487a3ca588a3701720bcc315e09b439ae72c1cf87b0fd136bbcb287bd7
/home/ali/projects/RoboLab/output/v1_cosmos_vague/RubiksCubeLeftOfBowlMatchedTask/predicted_chunks/episode_001/chunk_000/conditioning.png,583565,fd256081253c5aa489d5509dc09c0dc30583959f9d231046ff9a2f0e8692bde6
/home/ali/projects/RoboLab/output/v1_cosmos_vague/RubiksCubeLeftOfBowlMatchedTask/predicted_chunks/episode_001/chunk_000/future.mp4,514217,3da9949532cb353be75c915bce5549a45cb22d619c88b41182cdaf7a8a12c3e7
/home/ali/projects/RoboLab/output/v1_cosmos_vague/RubiksCubeLeftOfBowlMatchedTask/predicted_chunks/episode_001/chunk_000/metadata.json,766,dd610527ba15b46c6336706621187a76ec4473a54cb50ca9f3ea8b13a5eb1067
/home/ali/projects/RoboLab/output/v1_cosmos_vague/RubiksCubeLeftOfBowlMatchedTask/predicted_chunks/episode_001/chunk_001/action.npy,1152,e3ddca189861b10512ec92b34b2c0af55c3ab45a3aa67748cd709d04d0ca080c
/home/ali/projects/RoboLab/output/v1_cosmos_vague/RubiksCubeLeftOfBowlMatchedTask/predicted_chunks/episode_001/chunk_001/conditioning.png,550119,eb5838e6fa9383d7e39cc75b552f56a0440ba8a7e19d01287e87cbb8ddf0875f
/home/ali/projects/RoboLab/output/v1_cosmos_vague/RubiksCubeLeftOfBowlMatchedTask/predicted_chunks/episode_001/chunk_001/future.mp4,408815,9147be1894888020081ecad856d927bd7d1757d71589fca8b1bf0cc4d1c8227a
/home/ali/projects/RoboLab/output/v1_cosmos_vague/RubiksCubeLeftOfBowlMatchedTask/predicted_chunks/episode_001/chunk_001/metadata.json,851,7ed289a374600059f0a4fe6d1eded0f35e036163f52e3766d24b817a69c85d31
/home/ali/projects/RoboLab/output/v1_cosmos_vague/RubiksCubeLeftOfBowlMatchedTask/predicted_chunks/episode_001/chunk_002/action.npy,1152,8b993c379a60027b5d36567d44d25257581493ccc2a3fe68a35ab741bd4b3c87
/home/ali/projects/RoboLab/output/v1_cosmos_vague/RubiksCubeLeftOfBowlMatchedTask/predicted_chunks/episode_001/chunk_002/conditioning.png,538307,d1d8ca1516b8010f16b159fbc89dc2f24f0eaa2ea8c3ebc1c8ca0d6f50e5cd4f
/home/ali/projects/RoboLab/output/v1_cosmos_vague/RubiksCubeLeftOfBowlMatchedTask/predicted_chunks/episode_001/chunk_002/future.mp4,376558,365ac7ced4f7f8df0d6a44dc593f770db0e1019bd2cbaf51c9002081d8d636a7
/home/ali/projects/RoboLab/output/v1_cosmos_vague/RubiksCubeLeftOfBowlMatchedTask/predicted_chunks/episode_001/chunk_002/metadata.json,829,9150ac5cfdcf42a5f003e797364ec634d2cb1c647430ac3c7ba078e300a01f33
/home/ali/projects/RoboLab/output/v1_cosmos_vague/RubiksCubeLeftOfBowlMatchedTask/predicted_chunks/episode_001/chunk_003/action.npy,1152,1fc21e38518b79542223c1566e7cba7703c12e1b773c9470cb647631c8325b8f
/home/ali/projects/RoboLab/output/v1_cosmos_vague/RubiksCubeLeftOfBowlMatchedTask/predicted_chunks/episode_001/chunk_003/conditioning.png,523494,3196d909d40c8ecd0cf9103b36d1a5e4cf04773356363a04e76ecf9092f7149c
/home/ali/projects/RoboLab/output/v1_cosmos_vague/RubiksCubeLeftOfBowlMatchedTask/predicted_chunks/episode_001/chunk_003/future.mp4,452619,eff3ebbd20b5737a4ac9e16bc12e96bfc05025b6f0e792f6239ece09b9ac4a5c
/home/ali/projects/RoboLab/output/v1_cosmos_vague/RubiksCubeLeftOfBowlMatchedTask/predicted_chunks/episode_001/chunk_003/metadata.json,846,c2b96bbeb9ae9e92d25186fbf4724bceee24673c9b4b3bf69cd84a4afbe9742a
/home/ali/projects/RoboLab/output/v1_cosmos_vague/RubiksCubeLeftOfBowlMatchedTask/predicted_chunks/episode_001/chunk_004/action.npy,1152,9d2f475e840e32912b980bdd9a09a23bad748cb81848bdbd6ad4603299d57781
/home/ali/projects/RoboLab/output/v1_cosmos_vague/RubiksCubeLeftOfBowlMatchedTask/predicted_chunks/episode_001/chunk_004/conditioning.png,540856,3e66916c696095fe623364fd2cc68ac426301cd72163f85788e8f338360948fd
/home/ali/projects/RoboLab/output/v1_cosmos_vague/RubiksCubeLeftOfBowlMatchedTask/predicted_chunks/episode_001/chunk_004/future.mp4,426163,dd90638ea9d78296b3c00f40ebf015f634800179c41e07459d60f49c1e6f168e
/home/ali/projects/RoboLab/output/v1_cosmos_vague/RubiksCubeLeftOfBowlMatchedTask/predicted_chunks/episode_001/chunk_004/metadata.json,837,8088da6e479a41c1fc3df11e128456161ae1a41a12ffab0fbd1bbc4f64224059
/home/ali/projects/RoboLab/output/v1_cosmos_vague/RubiksCubeLeftOfBowlMatchedTask/predicted_chunks/episode_001/chunk_005/action.npy,1152,8d2853210d2027f80f6f558cade61a7388a7b4eae29f9247fd173318954e3fc9
/home/ali/projects/RoboLab/output/v1_cosmos_vague/RubiksCubeLeftOfBowlMatchedTask/predicted_chunks/episode_001/chunk_005/conditioning.png,539852,1724d965be82bb43b78b33c2406e7f7ab345a95e83a9a881040cc12ab1365c29
/home/ali/projects/RoboLab/output/v1_cosmos_vague/RubiksCubeLeftOfBowlMatchedTask/predicted_chunks/episode_001/chunk_005/future.mp4,405662,fa9561e518d1f242e50033d72249766c47f8dc7c22b0a65ca8ee61f5d7730a66
/home/ali/projects/RoboLab/output/v1_cosmos_vague/RubiksCubeLeftOfBowlMatchedTask/predicted_chunks/episode_001/chunk_005/metadata.json,855,eac1d243d1b068d215558187fc71fb04364e2265d3dddb9c4965f6fb0a117c17
/home/ali/projects/RoboLab/output/v1_cosmos_vague/RubiksCubeLeftOfBowlMatchedTask/predicted_chunks/episode_001/chunk_006/action.npy,1152,0c754465836fb053981f9593e710558752aecfc89b932a5f9d962a9cb17d69e9
/home/ali/projects/RoboLab/output/v1_cosmos_vague/RubiksCubeLeftOfBowlMatchedTask/predicted_chunks/episode_001/chunk_006/conditioning.png,545475,9b5826291ba09a487bfba5c6d40de1bc70dee1bd16fe5deb54aa7affdde53968
/home/ali/projects/RoboLab/output/v1_cosmos_vague/RubiksCubeLeftOfBowlMatchedTask/predicted_chunks/episode_001/chunk_006/future.mp4,513492,7f7e3255750c08a2cb1e6c22688e2b29221ac50d0eccb4d994d62aa3b70a16ab
/home/ali/projects/RoboLab/output/v1_cosmos_vague/RubiksCubeLeftOfBowlMatchedTask/predicted_chunks/episode_001/chunk_006/metadata.json,848,14ffa1e161bf8f6d1040693662ee5f4b3726f4a17d3f28299f5df0d9c02d606f
/home/ali/projects/RoboLab/output/v1_cosmos_vague/RubiksCubeLeftOfBowlMatchedTask/predicted_chunks/episode_001/chunk_007/action.npy,1152,3d8c9ca061d4297dbe99db0247f603017bb4199138ac734c2bb69dacd232bc1a
/home/ali/projects/RoboLab/output/v1_cosmos_vague/RubiksCubeLeftOfBowlMatchedTask/predicted_chunks/episode_001/chunk_007/conditioning.png,559806,600f816ae81e2c43e282a932195767b12f5e560d1a3aa04e797a8bdf4322e87e
/home/ali/projects/RoboLab/output/v1_cosmos_vague/RubiksCubeLeftOfBowlMatchedTask/predicted_chunks/episode_001/chunk_007/future.mp4,639464,fe51528b171ce65d90264affe1e0fa4ae6f0b2416abf9a49d1f070f7470bb8c0
/home/ali/projects/RoboLab/output/v1_cosmos_vague/RubiksCubeLeftOfBowlMatchedTask/predicted_chunks/episode_001/chunk_007/metadata.json,849,12efe848d52a63049fdfa9ed9ff899006d5ae869ce0789850f27cc862b1a325e
/home/ali/projects/RoboLab/output/v1_cosmos_vague/RubiksCubeLeftOfBowlMatchedTask/predicted_chunks/episode_001/chunk_008/action.npy,1152,42d04c64f8fc06a2016f58f98a4a991a032e38e618df1efc1f9cb9ee402fc678
/home/ali/projects/RoboLab/output/v1_cosmos_vague/RubiksCubeLeftOfBowlMatchedTask/predicted_chunks/episode_001/chunk_008/conditioning.png,551239,39e8533084c71776abaf24e706075179fe8cdee04f596442385278ed9b08e36d
/home/ali/projects/RoboLab/output/v1_cosmos_vague/RubiksCubeLeftOfBowlMatchedTask/predicted_chunks/episode_001/chunk_008/future.mp4,365188,6c0d37d3f3dad44f48d1a701c7d1f4adcf6d35e97105847c1cd207235e6a9af5
/home/ali/projects/RoboLab/output/v1_cosmos_vague/RubiksCubeLeftOfBowlMatchedTask/predicted_chunks/episode_001/chunk_008/metadata.json,845,28f028110e6504834e2eb4f649b747685039dae92faf60128ed58dd5e62c0b90
/home/ali/projects/RoboLab/output/v1_cosmos_vague/RubiksCubeLeftOfBowlMatchedTask/predicted_chunks/episode_001/chunk_009/action.npy,1152,c0c212ce06f93f84df434eed5a09325c5f15f8daf23adf0bc1a6bf556fd85763
/home/ali/projects/RoboLab/output/v1_cosmos_vague/RubiksCubeLeftOfBowlMatchedTask/predicted_chunks/episode_001/chunk_009/conditioning.png,552442,17df104b507f947fd68ae1b12088da9b92a20a477b436bf92d98d7a9ab4017dc
/home/ali/projects/RoboLab/output/v1_cosmos_vague/RubiksCubeLeftOfBowlMatchedTask/predicted_chunks/episode_001/chunk_009/future.mp4,505761,ed747a6d3084193c44f435e59ab1a73cf10c66118b6e9beb56f95ded484a40b8
/home/ali/projects/RoboLab/output/v1_cosmos_vague/RubiksCubeLeftOfBowlMatchedTask/predicted_chunks/episode_001/chunk_009/metadata.json,848,602a056c977c699714ffa65d725d2fa087a1d54cbc75033e1bced24e80310fe4
/home/ali/projects/RoboLab/output/v1_cosmos_vague/RubiksCubeLeftOfBowlMatchedTask/predicted_chunks/episode_001/chunk_010/action.npy,1152,6d1091b39042c2f979fbe84eb4064af2e4a925fb308256397a76051a595c5894
/home/ali/projects/RoboLab/output/v1_cosmos_vague/RubiksCubeLeftOfBowlMatchedTask/predicted_chunks/episode_001/chunk_010/conditioning.png,571611,93c6ad97c31c04138626ca21d2104cd32651484baa7a0ecc01ffe9aec93097b2
/home/ali/projects/RoboLab/output/v1_cosmos_vague/RubiksCubeLeftOfBowlMatchedTask/predicted_chunks/episode_001/chunk_010/future.mp4,379668,6bed90e997b5361ca6ad8bc6883148e5523773ea76772ea7753c7344031388c8
/home/ali/projects/RoboLab/output/v1_cosmos_vague/RubiksCubeLeftOfBowlMatchedTask/predicted_chunks/episode_001/chunk_010/metadata.json,853,f1aaa254e9b170ef9319727651c45613f310a68d541bb0b8bc02ebbd5f4abe49
/home/ali/projects/RoboLab/output/v1_cosmos_vague/RubiksCubeLeftOfBowlMatchedTask/predicted_chunks/episode_002/chunk_000/action.npy,1152,81742fa3410b9730551733766dcf2178daf68810459905acfd6875398aaad3c0
/home/ali/projects/RoboLab/output/v1_cosmos_vague/RubiksCubeLeftOfBowlMatchedTask/predicted_chunks/episode_002/chunk_000/conditioning.png,572742,db062ad0ff8ee4aa8629d8c52ffefb0e16ef087a22dcdaa584881aadf2bb1a2e
/home/ali/projects/RoboLab/output/v1_cosmos_vague/RubiksCubeLeftOfBowlMatchedTask/predicted_chunks/episode_002/chunk_000/future.mp4,528850,99652799a3e6815e89525bf18c236d00aff2d3e566f3e3e981506de53649e897
/home/ali/projects/RoboLab/output/v1_cosmos_vague/RubiksCubeLeftOfBowlMatchedTask/predicted_chunks/episode_002/chunk_000/metadata.json,766,5efb994f693e5df3b552d48d20e0bf8720b51a25ba07e83662bd3203c3dc5d21
/home/ali/projects/RoboLab/output/v1_cosmos_vague/RubiksCubeLeftOfBowlMatchedTask/predicted_chunks/episode_002/chunk_001/action.npy,1152,517ed03668383e385aa77ca67531de5a9e9a5ffb4eda246516d582315369fb30
/home/ali/projects/RoboLab/output/v1_cosmos_vague/RubiksCubeLeftOfBowlMatchedTask/predicted_chunks/episode_002/chunk_001/conditioning.png,557834,e3f3182147e8f22f4dfa9f9f8143b8e29f04804c0030639246e3bc9b759404da
/home/ali/projects/RoboLab/output/v1_cosmos_vague/RubiksCubeLeftOfBowlMatchedTask/predicted_chunks/episode_002/chunk_001/future.mp4,448379,f34236bbe2b695c4df3275cbc53bacb3408863c6f57913204d64d11da870f133
/home/ali/projects/RoboLab/output/v1_cosmos_vague/RubiksCubeLeftOfBowlMatchedTask/predicted_chunks/episode_002/chunk_001/metadata.json,851,2e5610b042a07fb1940dbec32069c5198505f1327ef64f635da497a0d3780125
/home/ali/projects/RoboLab/output/v1_cosmos_vague/RubiksCubeLeftOfBowlMatchedTask/predicted_chunks/episode_002/chunk_002/action.npy,1152,4960594266e7b22b075b1264fd959ac3ab11ddeefe5bb10ba10a6dd92a83c226
/home/ali/projects/RoboLab/output/v1_cosmos_vague/RubiksCubeLeftOfBowlMatchedTask/predicted_chunks/episode_002/chunk_002/conditioning.png,551990,58bb7b6ba60042256c0b2fbc9d82a8e80f8493e65e44b6849f2c5f80b56dae7f
/home/ali/projects/RoboLab/output/v1_cosmos_vague/RubiksCubeLeftOfBowlMatchedTask/predicted_chunks/episode_002/chunk_002/future.mp4,480151,75ec3311cc3493ce9e841504b13c9fed670a0ca84340a1a260c318e1268ecbd1
/home/ali/projects/RoboLab/output/v1_cosmos_vague/RubiksCubeLeftOfBowlMatchedTask/predicted_chunks/episode_002/chunk_002/metadata.json,850,e0dd5c229b1a0977609d546061e44eb1040dc076467a97e2b41889f90c3ed2a0
/home/ali/projects/RoboLab/output/v1_cosmos_vague/RubiksCubeLeftOfBowlMatchedTask/predicted_chunks/episode_002/chunk_003/action.npy,1152,e01461283356c7202c9999dab47130df2473adc0cb36090b4f779514704eebb5
/home/ali/projects/RoboLab/output/v1_cosmos_vague/RubiksCubeLeftOfBowlMatchedTask/predicted_chunks/episode_002/chunk_003/conditioning.png,541223,145bbe7e13a3f3b047eb1f815ffb959e51bd52ea860db87dac5f118cb8cf4c4a
/home/ali/projects/RoboLab/output/v1_cosmos_vague/RubiksCubeLeftOfBowlMatchedTask/predicted_chunks/episode_002/chunk_003/future.mp4,480902,68f74d8dfc3198d086ae38982a363fe8c8685a53d9048023ed578942510674b7
/home/ali/projects/RoboLab/output/v1_cosmos_vague/RubiksCubeLeftOfBowlMatchedTask/predicted_chunks/episode_002/chunk_003/metadata.json,847,091ba7c2e6f9a30d2497691b888ca190587fbb350e5b70f18086e9a9bc35b719
/home/ali/projects/RoboLab/output/v1_cosmos_vague/RubiksCubeLeftOfBowlMatchedTask/predicted_chunks/episode_003/chunk_000/action.npy,1152,4777abc578531284b2b4e91ee27e2a039f1bf329810ebdfddd9b2c66bf9a030e
/home/ali/projects/RoboLab/output/v1_cosmos_vague/RubiksCubeLeftOfBowlMatchedTask/predicted_chunks/episode_003/chunk_000/conditioning.png,571409,e99f5aa9b9fdc7162e5f8ba1cca6befef66cd541c60332805db195c79357c4b4
/home/ali/projects/RoboLab/output/v1_cosmos_vague/RubiksCubeLeftOfBowlMatchedTask/predicted_chunks/episode_003/chunk_000/future.mp4,502609,4c6b34f3ae124a1d6346d81b6e222a720e43d1f23dfa8aaa406318ec0326c21e
/home/ali/projects/RoboLab/output/v1_cosmos_vague/RubiksCubeLeftOfBowlMatchedTask/predicted_chunks/episode_003/chunk_000/metadata.json,766,ed157a0995d2811dd14dc8da1089b7ea8257e9f6e286fbfbf3989d0e51bb5d07
/home/ali/projects/RoboLab/output/v1_cosmos_vague/RubiksCubeLeftOfBowlMatchedTask/predicted_chunks/episode_003/chunk_001/action.npy,1152,1c44a6692ffc379d4680e1620eeb4f6003bc27ee075404138e3b7279b3f29025
/home/ali/projects/RoboLab/output/v1_cosmos_vague/RubiksCubeLeftOfBowlMatchedTask/predicted_chunks/episode_003/chunk_001/conditioning.png,562565,f9d0b6e0eb709828c53c7f0341eae972cf28a40da6bb4c5bba2e9ca9c9a8731e
/home/ali/projects/RoboLab/output/v1_cosmos_vague/RubiksCubeLeftOfBowlMatchedTask/predicted_chunks/episode_003/chunk_001/future.mp4,427863,2740a9c8423df93f08c904e9f25ac8741eecd84ffbe8b7f7c6519ad55e48bb6e
/home/ali/projects/RoboLab/output/v1_cosmos_vague/RubiksCubeLeftOfBowlMatchedTask/predicted_chunks/episode_003/chunk_001/metadata.json,852,3c122ca7a0130b38fa9fd76ef50cc70b1498c6212c3e2c2be1d7c71ea7b7f2f9
/home/ali/projects/RoboLab/output/v1_cosmos_vague/RubiksCubeLeftOfBowlMatchedTask/predicted_chunks/episode_003/chunk_002/action.npy,1152,d0e045496a3485821c67bebe3b2112e495e2dbe704237677f9387ddbb5c390f0
/home/ali/projects/RoboLab/output/v1_cosmos_vague/RubiksCubeLeftOfBowlMatchedTask/predicted_chunks/episode_003/chunk_002/conditioning.png,550018,cbfc1b61357f251f989d110420c4d6a3047add165c112a6d2d2601d7eb3df51d
/home/ali/projects/RoboLab/output/v1_cosmos_vague/RubiksCubeLeftOfBowlMatchedTask/predicted_chunks/episode_003/chunk_002/future.mp4,423182,a2724a73c765c3b426386b902c4cef899af20a70484163296ac89643759f7914
/home/ali/projects/RoboLab/output/v1_cosmos_vague/RubiksCubeLeftOfBowlMatchedTask/predicted_chunks/episode_003/chunk_002/metadata.json,848,e9aa84fa1cc4dc6423c899f7e9f73da4b961cd139ebef2acd37d1b90c8fa5c6e
/home/ali/projects/RoboLab/output/v1_cosmos_vague/RubiksCubeLeftOfBowlMatchedTask/predicted_chunks/episode_003/chunk_003/action.npy,1152,dd25cbd36141590ec1775f1e8128855315f2cb6751a8f0326a96642eca1dff0e
/home/ali/projects/RoboLab/output/v1_cosmos_vague/RubiksCubeLeftOfBowlMatchedTask/predicted_chunks/episode_003/chunk_003/conditioning.png,563014,fcde868327e6c75963be438eff265fb521e894c6ff67e645a58d1843954b4b82
/home/ali/projects/RoboLab/output/v1_cosmos_vague/RubiksCubeLeftOfBowlMatchedTask/predicted_chunks/episode_003/chunk_003/future.mp4,464158,4c0ded7ee32050062a4b63fc0f1e7143fc3b6d0d0971feacdf5babbabda151f2
/home/ali/projects/RoboLab/output/v1_cosmos_vague/RubiksCubeLeftOfBowlMatchedTask/predicted_chunks/episode_003/chunk_003/metadata.json,846,e6c52750699a7a309a16266ef9c676ce11f834a36b87d61281e476f9c0abc458
/home/ali/projects/RoboLab/output/v1_cosmos_vague/RubiksCubeLeftOfBowlMatchedTask/predicted_chunks/episode_003/chunk_004/action.npy,1152,97b72afc57d2d645274df16dbcdf9c92cbe9295ed17a6fee01dbc0a6e1e10047
/home/ali/projects/RoboLab/output/v1_cosmos_vague/RubiksCubeLeftOfBowlMatchedTask/predicted_chunks/episode_003/chunk_004/conditioning.png,545720,cf0288a8ceaecc8d433a22fa6d98d974619b5ba147e843b129dd6cb809c401b7
/home/ali/projects/RoboLab/output/v1_cosmos_vague/RubiksCubeLeftOfBowlMatchedTask/predicted_chunks/episode_003/chunk_004/future.mp4,449711,c072a7411bb34c9c60c5c275f1c0c939240a01232a0c1e6d44c3b0e693f3a3b2
/home/ali/projects/RoboLab/output/v1_cosmos_vague/RubiksCubeLeftOfBowlMatchedTask/predicted_chunks/episode_003/chunk_004/metadata.json,830,685aaf3d9dd67176896f1a1eb03b7eac8449bf49b68072dcefaf721b9fbc0751
/home/ali/projects/RoboLab/output/v1_cosmos_vague/RubiksCubeLeftOfBowlMatchedTask/predicted_chunks/episode_003/chunk_005/action.npy,1152,413464f0807f3a3b4da2f142334894f5fb81c4dd6a1d8c9b597b1200aec41e4d
/home/ali/projects/RoboLab/output/v1_cosmos_vague/RubiksCubeLeftOfBowlMatchedTask/predicted_chunks/episode_003/chunk_005/conditioning.png,533422,35f90febc7d6f01cfa3a411635a85184fcad665a352ded72b0ed340f2d2c413a
/home/ali/projects/RoboLab/output/v1_cosmos_vague/RubiksCubeLeftOfBowlMatchedTask/predicted_chunks/episode_003/chunk_005/future.mp4,503973,ec03c2ca4e9f611ded1d5b63aadc3ea1d566b75eeff51916843e9d0aeb86e739
/home/ali/projects/RoboLab/output/v1_cosmos_vague/RubiksCubeLeftOfBowlMatchedTask/predicted_chunks/episode_003/chunk_005/metadata.json,848,1bd51d14b343156b70c5a174842e656382e35c4c16a158fa6283bad63e809227
/home/ali/projects/RoboLab/output/v1_cosmos_vague/RubiksCubeLeftOfBowlMatchedTask/predicted_chunks/episode_003/chunk_006/action.npy,1152,34463a7f0f0cfd9d9829e2b5da9d7608f547add3d537098e134888d47cc277b9
/home/ali/projects/RoboLab/output/v1_cosmos_vague/RubiksCubeLeftOfBowlMatchedTask/predicted_chunks/episode_003/chunk_006/conditioning.png,500393,946fc48cb6562f8fb2356f3c0628a3324e0d05c2ba35ffe8ee9364c1b89d4e5e
/home/ali/projects/RoboLab/output/v1_cosmos_vague/RubiksCubeLeftOfBowlMatchedTask/predicted_chunks/episode_003/chunk_006/future.mp4,396680,228509fb50df22d6a4ccc68ecd11e4d1c7a81adb3c78e37fa1c6bd8c63ce9614
/home/ali/projects/RoboLab/output/v1_cosmos_vague/RubiksCubeLeftOfBowlMatchedTask/predicted_chunks/episode_003/chunk_006/metadata.json,830,fcd498dc9db11a3eccc604789117b494aed0ab3ad2fd3f9e5055645ae133f2a1
/home/ali/projects/RoboLab/output/v1_cosmos_vague/RubiksCubeLeftOfBowlMatchedTask/predicted_chunks/episode_003/chunk_007/action.npy,1152,0e51a06f7a9c760f00f7c3d9c58e15171c8be1d677c3771df4e93482bbb1c19b
/home/ali/projects/RoboLab/output/v1_cosmos_vague/RubiksCubeLeftOfBowlMatchedTask/predicted_chunks/episode_003/chunk_007/conditioning.png,489288,5d7bfcec954ca25134f7750ef7d6e6d29c510fcde54b3bea551a1764528f0510
/home/ali/projects/RoboLab/output/v1_cosmos_vague/RubiksCubeLeftOfBowlMatchedTask/predicted_chunks/episode_003/chunk_007/future.mp4,365660,2895989759a62d4d2df4ad256eb6d670df68f52a69c770266b90ff8f1d7fc684
/home/ali/projects/RoboLab/output/v1_cosmos_vague/RubiksCubeLeftOfBowlMatchedTask/predicted_chunks/episode_003/chunk_007/metadata.json,846,ae03a5422c3c6a70e1bbc91f5cc58d7025fc24c11374f32125af858dd5bdd7f7
/home/ali/projects/RoboLab/output/v1_cosmos_vague/RubiksCubeLeftOfBowlMatchedTask/predicted_chunks/episode_003/chunk_008/action.npy,1152,58ac687b69b0d9cd0a7e0c9a0779b5f231a36ee51f1c91e7152a224f83ee075e
/home/ali/projects/RoboLab/output/v1_cosmos_vague/RubiksCubeLeftOfBowlMatchedTask/predicted_chunks/episode_003/chunk_008/conditioning.png,498926,5668c6c0357ef0b02ab2b8326268d705b54fd4ce66fb1c745af184178e8908a4
/home/ali/projects/RoboLab/output/v1_cosmos_vague/RubiksCubeLeftOfBowlMatchedTask/predicted_chunks/episode_003/chunk_008/future.mp4,459160,0dea45b03d1d94a6debda5fd7f1a8918aa69e37226c4e37f344882548c0622a6
/home/ali/projects/RoboLab/output/v1_cosmos_vague/RubiksCubeLeftOfBowlMatchedTask/predicted_chunks/episode_003/chunk_008/metadata.json,848,41550baf7c856c64464c2e86e500b8ad400ebb4881f44f3976eb4f413b9507b7
/home/ali/projects/RoboLab/output/v1_cosmos_vague/RubiksCubeLeftOfBowlMatchedTask/predicted_chunks/episode_003/chunk_009/action.npy,1152,9ee58c6768531898e99ce462f0d3da42c9507fa0862ed821312737aef598d614
/home/ali/projects/RoboLab/output/v1_cosmos_vague/RubiksCubeLeftOfBowlMatchedTask/predicted_chunks/episode_003/chunk_009/conditioning.png,559931,c92cb81844275d9fc042e4b1df625d545ccb00a655811afb47e52232be3a6800
/home/ali/projects/RoboLab/output/v1_cosmos_vague/RubiksCubeLeftOfBowlMatchedTask/predicted_chunks/episode_003/chunk_009/future.mp4,407111,dc4f04b69a01aa4a04ba2fae6016d460d343d37aa90c072744be198884eb90de
/home/ali/projects/RoboLab/output/v1_cosmos_vague/RubiksCubeLeftOfBowlMatchedTask/predicted_chunks/episode_003/chunk_009/metadata.json,847,34af97189c917afe5b65c1e44634318facf47ae3c46a3758fa66fde54d84b513
/home/ali/projects/RoboLab/output/v1_cosmos_vague/RubiksCubeLeftOfBowlMatchedTask/predicted_chunks/episode_003/chunk_010/action.npy,1152,3d8a29d2f514f94a6d0e0e0591cfbe66f7f24b88e0dfcac6340e99bd50b494c5
/home/ali/projects/RoboLab/output/v1_cosmos_vague/RubiksCubeLeftOfBowlMatchedTask/predicted_chunks/episode_003/chunk_010/conditioning.png,543335,7b3681aae0b86d9c8874076b59d736c98c78121bbcf3a7c3f6ef27d7cbfab2b5
/home/ali/projects/RoboLab/output/v1_cosmos_vague/RubiksCubeLeftOfBowlMatchedTask/predicted_chunks/episode_003/chunk_010/future.mp4,335158,fe8050510bd33cb1d521368be62733eabc4a9e35945292d47464424ef3c0e86b
/home/ali/projects/RoboLab/output/v1_cosmos_vague/RubiksCubeLeftOfBowlMatchedTask/predicted_chunks/episode_003/chunk_010/metadata.json,849,a66df99ca3f0599adb08ea0230e646cedbfa53d6bb44edac8a2a9ba02d9abf80
/home/ali/projects/RoboLab/output/v1_cosmos_vague/RubiksCubeLeftOfBowlMatchedTask/predicted_chunks/episode_003/chunk_011/action.npy,1152,60a43219101cec6a1d86afb34568d1862bcb447a321f2396766722357e3e5b07
/home/ali/projects/RoboLab/output/v1_cosmos_vague/RubiksCubeLeftOfBowlMatchedTask/predicted_chunks/episode_003/chunk_011/conditioning.png,551752,bc7119476d4516afcba70bbbcc0cebb9dfd6098b8262d940c60f6e1b8b89ecdf
/home/ali/projects/RoboLab/output/v1_cosmos_vague/RubiksCubeLeftOfBowlMatchedTask/predicted_chunks/episode_003/chunk_011/future.mp4,445348,f281ed151d9ae1d7d39312a9354c3e6e5fa0cb969737637b49849bb64ef18d83
/home/ali/projects/RoboLab/output/v1_cosmos_vague/RubiksCubeLeftOfBowlMatchedTask/predicted_chunks/episode_003/chunk_011/metadata.json,835,f2d4bc989e06c497486a223e493177895431854095d19157d04dd2926ecf2e69
/home/ali/projects/RoboLab/output/v1_cosmos_vague/RubiksCubeLeftOfBowlMatchedTask/predicted_chunks/episode_003/chunk_012/action.npy,1152,5d65164868783322219a5cecfca636981c5a83072f40489da87adb4575e4ab5a
/home/ali/projects/RoboLab/output/v1_cosmos_vague/RubiksCubeLeftOfBowlMatchedTask/predicted_chunks/episode_003/chunk_012/conditioning.png,525387,bd5717df8bbfbb9f5e60808709e2f58941bad90a96f10331021d84c263a9b093
/home/ali/projects/RoboLab/output/v1_cosmos_vague/RubiksCubeLeftOfBowlMatchedTask/predicted_chunks/episode_003/chunk_012/future.mp4,396222,5bc349ca9fdcba3d638d4a8983da32a61eb0512596e1678b1d8f80161c1a4704
/home/ali/projects/RoboLab/output/v1_cosmos_vague/RubiksCubeLeftOfBowlMatchedTask/predicted_chunks/episode_003/chunk_012/metadata.json,836,1dbe33622bcc6d00d2d49140d77d4a6eee0038482892f688d0738941804526b7
/home/ali/projects/RoboLab/output/v1_cosmos_vague/RubiksCubeLeftOfBowlMatchedTask/predicted_chunks/episode_003/chunk_013/action.npy,1152,efdab4d025a3b6f5d74b5ed963a66a0d21e6f78b1291b8afedbca89d6a2285a3
/home/ali/projects/RoboLab/output/v1_cosmos_vague/RubiksCubeLeftOfBowlMatchedTask/predicted_chunks/episode_003/chunk_013/conditioning.png,517161,7a82f413a878bd8011d24447abcfd23f9b892982be6e3916f5ad0c31e45fd9d9
/home/ali/projects/RoboLab/output/v1_cosmos_vague/RubiksCubeLeftOfBowlMatchedTask/predicted_chunks/episode_003/chunk_013/future.mp4,347677,1c65bf39ff7242e895822288d150a4d374e925cd8fefd0b6acc1827d9a85518a
/home/ali/projects/RoboLab/output/v1_cosmos_vague/RubiksCubeLeftOfBowlMatchedTask/predicted_chunks/episode_003/chunk_013/metadata.json,831,b5d5d3d6064bbf398cfc5521efce6a33473dd44c35c6ffc828acc599c867c560
/home/ali/projects/RoboLab/output/v1_cosmos_vague/RubiksCubeLeftOfBowlMatchedTask/predicted_chunks/episode_003/chunk_014/action.npy,1152,a1ec70e3bb518205e2a967333867d5ae769945e9efe849e83093796ed9c07f1c
/home/ali/projects/RoboLab/output/v1_cosmos_vague/RubiksCubeLeftOfBowlMatchedTask/predicted_chunks/episode_003/chunk_014/conditioning.png,514073,543642098e634fbe745f323f708493e4261d79e4dfc21ef4e6802e4bd71f62c5
/home/ali/projects/RoboLab/output/v1_cosmos_vague/RubiksCubeLeftOfBowlMatchedTask/predicted_chunks/episode_003/chunk_014/future.mp4,384520,8e5a70d22a9742757b033c6e335fda57ab88931dadb82ab7e4f55bd17efa13b2
/home/ali/projects/RoboLab/output/v1_cosmos_vague/RubiksCubeLeftOfBowlMatchedTask/predicted_chunks/episode_003/chunk_014/metadata.json,833,b601015f8845793e1d5b3df75ed5cea98c71874a157632771391f20114fed2ef
/home/ali/projects/RoboLab/output/v1_cosmos_vague/RubiksCubeLeftOfBowlMatchedTask/predicted_chunks/episode_004/chunk_000/action.npy,1152,d4b6893c7be7d449e189df566bf5d6a8640def3e3c4cd3edb1a667cfce612964
/home/ali/projects/RoboLab/output/v1_cosmos_vague/RubiksCubeLeftOfBowlMatchedTask/predicted_chunks/episode_004/chunk_000/conditioning.png,581259,f9324531fe1fee28883cb6599e2dd613a711fdd68e47eaffd505e33d86b89f21
/home/ali/projects/RoboLab/output/v1_cosmos_vague/RubiksCubeLeftOfBowlMatchedTask/predicted_chunks/episode_004/chunk_000/future.mp4,477057,f18bd312d88e23867e72777e8c7d5909aded0cdf948a84c8477c1d03802a09ee
/home/ali/projects/RoboLab/output/v1_cosmos_vague/RubiksCubeLeftOfBowlMatchedTask/predicted_chunks/episode_004/chunk_000/metadata.json,766,938e4164571180b5d6d51ba5c468464b700b5576b57edc0e7ba767e181616142
/home/ali/projects/RoboLab/output/v1_cosmos_vague/RubiksCubeLeftOfBowlMatchedTask/predicted_chunks/episode_004/chunk_001/action.npy,1152,a049155456f0f31e8629af37ca9c01935863db45323746b3ae4d0b3792ec3996
/home/ali/projects/RoboLab/output/v1_cosmos_vague/RubiksCubeLeftOfBowlMatchedTask/predicted_chunks/episode_004/chunk_001/conditioning.png,560751,0f5657acaff097719431b08f5de4dc1147eb4b8cfeddfe369bc08b5e0f7d35a2
/home/ali/projects/RoboLab/output/v1_cosmos_vague/RubiksCubeLeftOfBowlMatchedTask/predicted_chunks/episode_004/chunk_001/future.mp4,475511,dd5ad43ad4e479ecb2b778593aef6f69b690680bfd3714453e8516fcf4aff3d6
/home/ali/projects/RoboLab/output/v1_cosmos_vague/RubiksCubeLeftOfBowlMatchedTask/predicted_chunks/episode_004/chunk_001/metadata.json,849,69aac094b9b7c4f0c6cb193641737cc010d1a3423f1eda0f77cd4d58c014adbf
/home/ali/projects/RoboLab/output/v1_cosmos_vague/RubiksCubeLeftOfBowlMatchedTask/predicted_chunks/episode_004/chunk_002/action.npy,1152,a5168c8971c013e1db19ca53ccad0a22f23e6a5b08fe5b73e2e504e390af5b7a
/home/ali/projects/RoboLab/output/v1_cosmos_vague/RubiksCubeLeftOfBowlMatchedTask/predicted_chunks/episode_004/chunk_002/conditioning.png,561074,98cc492028647b289099cecb68eb6d8a45fe38fda6dfcc045636fddd9aa5fefc
/home/ali/projects/RoboLab/output/v1_cosmos_vague/RubiksCubeLeftOfBowlMatchedTask/predicted_chunks/episode_004/chunk_002/future.mp4,373454,c44673b5d448fc55b43f04928ba3b22f0df89119222a95c22fb0fb36ed32e7cb
/home/ali/projects/RoboLab/output/v1_cosmos_vague/RubiksCubeLeftOfBowlMatchedTask/predicted_chunks/episode_004/chunk_002/metadata.json,844,958d59bd85a1944721c5ceb08682dc252967cea9f451d7b6fe9e2ed5c0b6c724
/home/ali/projects/RoboLab/output/v1_cosmos_vague/RubiksCubeLeftOfBowlMatchedTask/predicted_chunks/episode_004/chunk_003/action.npy,1152,4b1d935de3e6b5663e392e526bda94b6e8166f967873dbbc21dcc0e8a52c4c02
/home/ali/projects/RoboLab/output/v1_cosmos_vague/RubiksCubeLeftOfBowlMatchedTask/predicted_chunks/episode_004/chunk_003/conditioning.png,554510,cac41e479433adb518ba542cad29a965b4da81fe982fcc986df97335d4d921fd
/home/ali/projects/RoboLab/output/v1_cosmos_vague/RubiksCubeLeftOfBowlMatchedTask/predicted_chunks/episode_004/chunk_003/future.mp4,467878,c3b396fe40cf73b4bc6f36ff53b03de993265c01b2eb55856b8c62adb14a6016
/home/ali/projects/RoboLab/output/v1_cosmos_vague/RubiksCubeLeftOfBowlMatchedTask/predicted_chunks/episode_004/chunk_003/metadata.json,845,70cced243383029b7e0ddfe863b59f4895d9825b4b4aaa72f1c895ede1503c4e
/home/ali/projects/RoboLab/output/v1_cosmos_vague/RubiksCubeLeftOfBowlMatchedTask/predicted_chunks/episode_004/chunk_004/action.npy,1152,3572ceaa688a72786ffcb11902c4da1b978b301f6d376482cd319e422331f55e
/home/ali/projects/RoboLab/output/v1_cosmos_vague/RubiksCubeLeftOfBowlMatchedTask/predicted_chunks/episode_004/chunk_004/conditioning.png,571513,3ca5d2f05d4a25414e63d553cff43b9bd38c2bfa0dc1a79ca781a35ed7e610e7
/home/ali/projects/RoboLab/output/v1_cosmos_vague/RubiksCubeLeftOfBowlMatchedTask/predicted_chunks/episode_004/chunk_004/future.mp4,520386,1c59696d07ecdcfe396a0ca6204fa912b626df9973e1b481681d1c7861458411
/home/ali/projects/RoboLab/output/v1_cosmos_vague/RubiksCubeLeftOfBowlMatchedTask/predicted_chunks/episode_004/chunk_004/metadata.json,848,f764247da6e059fdbdf479f697291fecb79f8d031023dbe07f62c5fe4f3daf98
/home/ali/projects/RoboLab/output/v1_cosmos_vague/RubiksCubeLeftOfBowlMatchedTask/predicted_chunks/episode_004/chunk_005/action.npy,1152,88eace15688486caf6dd6dbf9b6e0e67fcfcde9cb43a1ab8190d14e4d67ef4ee
/home/ali/projects/RoboLab/output/v1_cosmos_vague/RubiksCubeLeftOfBowlMatchedTask/predicted_chunks/episode_004/chunk_005/conditioning.png,541138,f2e463b68cc03adb996f1f24b434d4410a0762096cf28a335e34eb0d0e803f1e
/home/ali/projects/RoboLab/output/v1_cosmos_vague/RubiksCubeLeftOfBowlMatchedTask/predicted_chunks/episode_004/chunk_005/future.mp4,447133,e822f814fa5395a48772920f2bd4627aa86ab49b8ff2bdad378e52f69f30837c
/home/ali/projects/RoboLab/output/v1_cosmos_vague/RubiksCubeLeftOfBowlMatchedTask/predicted_chunks/episode_004/chunk_005/metadata.json,850,f2de40b77ea18a275fce50b13887e283f62bdb364975985a0a50c47a51b936f8
/home/ali/projects/RoboLab/output/v1_cosmos_vague/RubiksCubeLeftOfBowlMatchedTask/predicted_chunks/episode_004/chunk_006/action.npy,1152,58a8bf9a20d59320b0f01ae9ac0bb3c8b17e782f381ed7491bbcacf079529236
/home/ali/projects/RoboLab/output/v1_cosmos_vague/RubiksCubeLeftOfBowlMatchedTask/predicted_chunks/episode_004/chunk_006/conditioning.png,548875,3edb1499d7199d149d80516d78fa041f57039e509f39bb9ae7235985cd51b678
/home/ali/projects/RoboLab/output/v1_cosmos_vague/RubiksCubeLeftOfBowlMatchedTask/predicted_chunks/episode_004/chunk_006/future.mp4,334680,d1d865196923048c100a303c40fdbf8e8a2855fcc37d0c12a6b1d778f5dde980
/home/ali/projects/RoboLab/output/v1_cosmos_vague/RubiksCubeLeftOfBowlMatchedTask/predicted_chunks/episode_004/chunk_006/metadata.json,852,cfa6b05bbe5f6a829f2e421f1da3d626fea5573509171c4f3cc9caa49d1d6172
/home/ali/projects/RoboLab/output/v1_cosmos_vague/RubiksCubeLeftOfBowlMatchedTask/predicted_chunks/episode_004/chunk_007/action.npy,1152,3301c83dfbcdb6327bc9a051442786424a2a64f05b3e98bd76a7d81e8453f5a6
/home/ali/projects/RoboLab/output/v1_cosmos_vague/RubiksCubeLeftOfBowlMatchedTask/predicted_chunks/episode_004/chunk_007/conditioning.png,543186,bd09b31c2612ac3be07fd6d0d180a7253f156770f84571734594060c23d4c835
/home/ali/projects/RoboLab/output/v1_cosmos_vague/RubiksCubeLeftOfBowlMatchedTask/predicted_chunks/episode_004/chunk_007/future.mp4,472140,15071bc4bcbb24c18b96e5230fc142260bc5fea6b08339719d91a5d45ae35600
/home/ali/projects/RoboLab/output/v1_cosmos_vague/RubiksCubeLeftOfBowlMatchedTask/predicted_chunks/episode_004/chunk_007/metadata.json,851,c9b919ef889ffb84669fe6537457af386d18da87c425f29e8dbb2580836f36f2
/home/ali/projects/RoboLab/output/v1_cosmos_vague/RubiksCubeLeftOfBowlMatchedTask/predicted_chunks/episode_004/chunk_008/action.npy,1152,fbba4007f7275b1bad0def783393d40aa4f81d8aaf4cac0440d2d9833dfc7480
/home/ali/projects/RoboLab/output/v1_cosmos_vague/RubiksCubeLeftOfBowlMatchedTask/predicted_chunks/episode_004/chunk_008/conditioning.png,557347,a2c70a3da1e2d105f091ef9883b52d621660a20bf7955f92e681b6c3b0f4d0ee
/home/ali/projects/RoboLab/output/v1_cosmos_vague/RubiksCubeLeftOfBowlMatchedTask/predicted_chunks/episode_004/chunk_008/future.mp4,413420,b5303dab9d83041fdea5675b17c81681bf2d5bf126b942a8008e5f2a3a92662b
/home/ali/projects/RoboLab/output/v1_cosmos_vague/RubiksCubeLeftOfBowlMatchedTask/predicted_chunks/episode_004/chunk_008/metadata.json,848,e409b2b1d62727f7fbfa0aa8915c0769bcbcd5ac31c342d15c07ff875d4de94f
/home/ali/projects/RoboLab/output/v1_cosmos_vague/RubiksCubeLeftOfBowlMatchedTask/predicted_chunks/episode_004/chunk_009/action.npy,1152,7b167d85837b8e692b39eda09b9c0ad384eb5857497a554af020388fcce937cb
/home/ali/projects/RoboLab/output/v1_cosmos_vague/RubiksCubeLeftOfBowlMatchedTask/predicted_chunks/episode_004/chunk_009/conditioning.png,551924,eccbf35b03497e9db4a87f5af3078ce4cd06a4f1bff4da921315233e76aaa24f
/home/ali/projects/RoboLab/output/v1_cosmos_vague/RubiksCubeLeftOfBowlMatchedTask/predicted_chunks/episode_004/chunk_009/future.mp4,454693,c013328155695bfd9c44610b82a79e211330c704936beed2ad9298534e26b9e9
/home/ali/projects/RoboLab/output/v1_cosmos_vague/RubiksCubeLeftOfBowlMatchedTask/predicted_chunks/episode_004/chunk_009/metadata.json,848,47662550eeaf8d3eaa060d2ed7e01d683817aac66a08d243cc713ca6af12bcac
/home/ali/projects/RoboLab/output/v1_cosmos_vague/RubiksCubeLeftOfBowlMatchedTask/predicted_chunks/episode_004/chunk_010/action.npy,1152,8435fa2b170e181fc1c35e5bd284a1ef91b1b53a6f21f9724ce556c40db0605f
/home/ali/projects/RoboLab/output/v1_cosmos_vague/RubiksCubeLeftOfBowlMatchedTask/predicted_chunks/episode_004/chunk_010/conditioning.png,547145,a7a1641e21ff1453abc70e0b0f48a8f0bc845dbb01c3d8956431cedd9272733e
/home/ali/projects/RoboLab/output/v1_cosmos_vague/RubiksCubeLeftOfBowlMatchedTask/predicted_chunks/episode_004/chunk_010/future.mp4,493350,0233b322c699bd5957e26187311a20d4be91584a2b98ef1a25ec2d111f2a028f
/home/ali/projects/RoboLab/output/v1_cosmos_vague/RubiksCubeLeftOfBowlMatchedTask/predicted_chunks/episode_004/chunk_010/metadata.json,849,9c0180f0afa2d94a322edea4e8380759090d37ef0f1fc3aea675dda8f7c0568a
/home/ali/projects/RoboLab/output/v1_cosmos_vague/RubiksCubeLeftOfBowlMatchedTask/predicted_chunks/episode_004/chunk_011/action.npy,1152,f030d66e402d4a4ced5e367f4e0898b68775f4bc6af1fcd36cc9025646b30476
/home/ali/projects/RoboLab/output/v1_cosmos_vague/RubiksCubeLeftOfBowlMatchedTask/predicted_chunks/episode_004/chunk_011/conditioning.png,537249,c86c7fe1cfb082234de4696199205ceb92f3e6f3dd02c74433d98deb017a1b45
/home/ali/projects/RoboLab/output/v1_cosmos_vague/RubiksCubeLeftOfBowlMatchedTask/predicted_chunks/episode_004/chunk_011/future.mp4,457372,1cfa2464993348327b2caa3691acd5ee8385015d46ca77b5f6429cdf82353a00
/home/ali/projects/RoboLab/output/v1_cosmos_vague/RubiksCubeLeftOfBowlMatchedTask/predicted_chunks/episode_004/chunk_011/metadata.json,832,76035eefbf21e2e557c31c90d0bf835fcba808516bfc54d78498d227266bc2cb
/home/ali/projects/RoboLab/output/v1_cosmos_vague/RubiksCubeLeftOfBowlMatchedTask/predicted_chunks/episode_004/chunk_012/action.npy,1152,6c96f1c0dd49646a3164dbb49ba20a80781ebb9d8a0500139f2b425e0cd4db10
/home/ali/projects/RoboLab/output/v1_cosmos_vague/RubiksCubeLeftOfBowlMatchedTask/predicted_chunks/episode_004/chunk_012/conditioning.png,557761,7d15fd2178f4722d79c21437845db9621665c3a87dc78dc1a7a7df386a11914e
/home/ali/projects/RoboLab/output/v1_cosmos_vague/RubiksCubeLeftOfBowlMatchedTask/predicted_chunks/episode_004/chunk_012/future.mp4,444882,62cc01bf6e7f353eaecdac39946f0904afc2d5d5f79bfdaa9c918008c7f0a3ec
/home/ali/projects/RoboLab/output/v1_cosmos_vague/RubiksCubeLeftOfBowlMatchedTask/predicted_chunks/episode_004/chunk_012/metadata.json,854,68a217f19420e144832013230b4196c4ec04d12fc819e2f259ccda5588bbe640
/home/ali/projects/RoboLab/output/v1_cosmos_vague/RubiksCubeLeftOfBowlMatchedTask/predicted_chunks/episode_004/chunk_013/action.npy,1152,287fa4ab1901cab30306240d59f51e6122e93edc19cdc2a2bfca7482523c3770
/home/ali/projects/RoboLab/output/v1_cosmos_vague/RubiksCubeLeftOfBowlMatchedTask/predicted_chunks/episode_004/chunk_013/conditioning.png,576915,cabb4ec96427a07241d9644c443480467d6a77af3911ecba6e1ca505959f5f0a
/home/ali/projects/RoboLab/output/v1_cosmos_vague/RubiksCubeLeftOfBowlMatchedTask/predicted_chunks/episode_004/chunk_013/future.mp4,422436,6c0cadc32163175d63c1277dfb27acc9f0d0e5f806549c3fceb0354be7e1f40d
/home/ali/projects/RoboLab/output/v1_cosmos_vague/RubiksCubeLeftOfBowlMatchedTask/predicted_chunks/episode_004/chunk_013/metadata.json,836,35bffe3e3266b21396d0f806de658ab4c179ec03aa48b48cb5e1e248c7db28e4
/home/ali/projects/RoboLab/output/v1_cosmos_vague/RubiksCubeLeftOfBowlMatchedTask/predicted_chunks/episode_004/chunk_014/action.npy,1152,58fa0f1ca46d6ed050d1323e68af4b67976263b880a59cd2a763f7ceae0c5c6c
/home/ali/projects/RoboLab/output/v1_cosmos_vague/RubiksCubeLeftOfBowlMatchedTask/predicted_chunks/episode_004/chunk_014/conditioning.png,586730,0c5881a92521422c096ca276501db8828dfe80249345546f6265353651f0c00d
/home/ali/projects/RoboLab/output/v1_cosmos_vague/RubiksCubeLeftOfBowlMatchedTask/predicted_chunks/episode_004/chunk_014/future.mp4,397059,2092b4d6cdb89133a7db962457e84c6f813c59a670eaaf83a736903ac7d96263
/home/ali/projects/RoboLab/output/v1_cosmos_vague/RubiksCubeLeftOfBowlMatchedTask/predicted_chunks/episode_004/chunk_014/metadata.json,854,720f1a413c7fc50f61a96941b3dcefc95a3445fff2a4ae28db3ed11c92dfe3da
/home/ali/projects/RoboLab/output/v1_cosmos_vague/RubiksCubeLeftOfBowlMatchedTask/predicted_chunks/episode_005/chunk_000/action.npy,1152,7ba9710be30671d62b4fb4cb550accc57586bfec05b4bb75fe5ab08a709d539a
/home/ali/projects/RoboLab/output/v1_cosmos_vague/RubiksCubeLeftOfBowlMatchedTask/predicted_chunks/episode_005/chunk_000/conditioning.png,584915,7c6b421abab37e080bdb8bcf77c8b9e49ee1545cf1e6ee28432e3eda4457bdb8
/home/ali/projects/RoboLab/output/v1_cosmos_vague/RubiksCubeLeftOfBowlMatchedTask/predicted_chunks/episode_005/chunk_000/future.mp4,523093,a2d2f46860ffa43920ed1c6f1b2611543aedfba25e9758859ba20042b6aab597
/home/ali/projects/RoboLab/output/v1_cosmos_vague/RubiksCubeLeftOfBowlMatchedTask/predicted_chunks/episode_005/chunk_000/metadata.json,766,00d6bb3789f59f25f5d9c4ff3b6c02f13f4eb4f4c63102dca4f4f906ae07cbfe
/home/ali/projects/RoboLab/output/v1_cosmos_vague/RubiksCubeLeftOfBowlMatchedTask/predicted_chunks/episode_005/chunk_001/action.npy,1152,1ec537e3859251e3d7930ef4b4b8fad99c040c08ed8f8f5b500c992a9c823a67
/home/ali/projects/RoboLab/output/v1_cosmos_vague/RubiksCubeLeftOfBowlMatchedTask/predicted_chunks/episode_005/chunk_001/conditioning.png,544615,24bea8cb95db29a03600217e7c0455b4c55040f8beb0638f60a7c66518002a1a
/home/ali/projects/RoboLab/output/v1_cosmos_vague/RubiksCubeLeftOfBowlMatchedTask/predicted_chunks/episode_005/chunk_001/future.mp4,372694,99ac9a2bc114992c93a0967155b47d94dac8c0cdae232d90a0ecc47f055d3126
/home/ali/projects/RoboLab/output/v1_cosmos_vague/RubiksCubeLeftOfBowlMatchedTask/predicted_chunks/episode_005/chunk_001/metadata.json,850,06c8176bd20b6c3c9145e91da31c074212c679881537ee4f2bab79a81657548c
/home/ali/projects/RoboLab/output/v1_cosmos_vague/RubiksCubeLeftOfBowlMatchedTask/predicted_chunks/episode_005/chunk_002/action.npy,1152,460d843781e6ed6274cd55303908ef782d06d8c5b9eff199572b86a141024fce
/home/ali/projects/RoboLab/output/v1_cosmos_vague/RubiksCubeLeftOfBowlMatchedTask/predicted_chunks/episode_005/chunk_002/conditioning.png,527784,9e2caff27b54a2d4a78c00aba0b7e691fc2af4adc3f382a59650486074087e08
/home/ali/projects/RoboLab/output/v1_cosmos_vague/RubiksCubeLeftOfBowlMatchedTask/predicted_chunks/episode_005/chunk_002/future.mp4,339741,b5514055191565923be452e3de0ea32d8b0d778b9b22ddfed00dfc4544985ec8
/home/ali/projects/RoboLab/output/v1_cosmos_vague/RubiksCubeLeftOfBowlMatchedTask/predicted_chunks/episode_005/chunk_002/metadata.json,850,3bd660247979549f70998e12412a50095bebb6f4f18d89af1459251ea923867c
/home/ali/projects/RoboLab/output/v1_cosmos_vague/RubiksCubeLeftOfBowlMatchedTask/predicted_chunks/episode_005/chunk_003/action.npy,1152,31cea7c921799f31e6e6543fb114844e13483a4b2c0fb3fa8406bbd1a1f1e57f
/home/ali/projects/RoboLab/output/v1_cosmos_vague/RubiksCubeLeftOfBowlMatchedTask/predicted_chunks/episode_005/chunk_003/conditioning.png,530891,90650bc222256c280c3ffeada16c2f87ecf1bdb261edfa6d635122c3ec13db3d
/home/ali/projects/RoboLab/output/v1_cosmos_vague/RubiksCubeLeftOfBowlMatchedTask/predicted_chunks/episode_005/chunk_003/future.mp4,378697,cf4325a1c2519e90d685e6e581c8b0818d43704ca05fd907deecd5de3af76593
/home/ali/projects/RoboLab/output/v1_cosmos_vague/RubiksCubeLeftOfBowlMatchedTask/predicted_chunks/episode_005/chunk_003/metadata.json,828,1029d25f323ecab617a826546484057ddde88d09c7be064e2eebd0ad67f8aa2a
/home/ali/projects/RoboLab/output/v1_cosmos_vague/RubiksCubeLeftOfBowlMatchedTask/predicted_chunks/episode_005/chunk_004/action.npy,1152,8cc95ccb9822070480d112b8f4ff8bdd7b87b36a5d1e240aa02f841ed7fad9e6
/home/ali/projects/RoboLab/output/v1_cosmos_vague/RubiksCubeLeftOfBowlMatchedTask/predicted_chunks/episode_005/chunk_004/conditioning.png,535947,0891348a732778c750e341e8b67d9eae0740c902b29597dfd3366461f3bbbba8
/home/ali/projects/RoboLab/output/v1_cosmos_vague/RubiksCubeLeftOfBowlMatchedTask/predicted_chunks/episode_005/chunk_004/future.mp4,438360,3e0a16188f35b594d56c9e0f21a703abee811ad9d8d8fd154794fdf8160c91cb
/home/ali/projects/RoboLab/output/v1_cosmos_vague/RubiksCubeLeftOfBowlMatchedTask/predicted_chunks/episode_005/chunk_004/metadata.json,849,55bd50032b33a0adae272dfe96c96ea19fac3c93f5121b99f05f040241e5bea0
/home/ali/projects/RoboLab/output/v1_cosmos_vague/RubiksCubeLeftOfBowlMatchedTask/predicted_chunks/episode_006/chunk_000/action.npy,1152,7c55a297e16833b9eab46fec958d3cbf56ded820b7143b473f38dc304d0d6071
/home/ali/projects/RoboLab/output/v1_cosmos_vague/RubiksCubeLeftOfBowlMatchedTask/predicted_chunks/episode_006/chunk_000/conditioning.png,578473,f2128c54a453f21801c4bb3212c2f964b695389b7d3fe086b7f62216fbbb0dc2
/home/ali/projects/RoboLab/output/v1_cosmos_vague/RubiksCubeLeftOfBowlMatchedTask/predicted_chunks/episode_006/chunk_000/future.mp4,515788,bfe39c259b9bb7a4c519fcbfc86b7749b743996704e23e99290abacb4386eeea
/home/ali/projects/RoboLab/output/v1_cosmos_vague/RubiksCubeLeftOfBowlMatchedTask/predicted_chunks/episode_006/chunk_000/metadata.json,766,716ff02a712bd4c7565019550e03b132baa1efebcc101fe13e0198271d97fd6a
/home/ali/projects/RoboLab/output/v1_cosmos_vague/RubiksCubeLeftOfBowlMatchedTask/predicted_chunks/episode_006/chunk_001/action.npy,1152,886b03c46102a8fb1dac518efabe27630694cbfef938514f35ca176900c3a36d
/home/ali/projects/RoboLab/output/v1_cosmos_vague/RubiksCubeLeftOfBowlMatchedTask/predicted_chunks/episode_006/chunk_001/conditioning.png,551797,02f6e2b4d06d2b27365486d5649ea43c0f38ba8be345da39df96dee1bb752625
/home/ali/projects/RoboLab/output/v1_cosmos_vague/RubiksCubeLeftOfBowlMatchedTask/predicted_chunks/episode_006/chunk_001/future.mp4,399151,88da426c5b7dd46ff9e8cbd385348b69ab6ffb92aed8c0d6ae12ebea479b5812
/home/ali/projects/RoboLab/output/v1_cosmos_vague/RubiksCubeLeftOfBowlMatchedTask/predicted_chunks/episode_006/chunk_001/metadata.json,848,148933ca7bf611025b94cd2ccfe9d22216c13b810a588f9d0d2dc872dc74a760
/home/ali/projects/RoboLab/output/v1_cosmos_vague/RubiksCubeLeftOfBowlMatchedTask/predicted_chunks/episode_006/chunk_002/action.npy,1152,e5d46797f80c2a80a2d217f7df1ca95595be29c0fcfaead1514596efd488750f
/home/ali/projects/RoboLab/output/v1_cosmos_vague/RubiksCubeLeftOfBowlMatchedTask/predicted_chunks/episode_006/chunk_002/conditioning.png,507616,c2c34c61e9c263a0d2e2284b0c2e26318bfafefb2326736e096c1fac3b81eddf
/home/ali/projects/RoboLab/output/v1_cosmos_vague/RubiksCubeLeftOfBowlMatchedTask/predicted_chunks/episode_006/chunk_002/future.mp4,448328,61160bc1d45ab6e015bc640a94f75c7f5d78637a03515edc51acc031d10b2f05
/home/ali/projects/RoboLab/output/v1_cosmos_vague/RubiksCubeLeftOfBowlMatchedTask/predicted_chunks/episode_006/chunk_002/metadata.json,848,eceb87b6a6e6f6f058c99dc4aaa3243a54e49617836a2e148ac3c0db15d67a4b
/home/ali/projects/RoboLab/output/v1_cosmos_vague/RubiksCubeLeftOfBowlMatchedTask/predicted_chunks/episode_006/chunk_003/action.npy,1152,3821f5b1b2cd09656e55e08ee0302fcdb997def386eef9212cc0c8e73752e6c7
/home/ali/projects/RoboLab/output/v1_cosmos_vague/RubiksCubeLeftOfBowlMatchedTask/predicted_chunks/episode_006/chunk_003/conditioning.png,555923,b7d44588b685408ede10b6c70dcb8596527ff1b1cd0c3a937e850db5b4164bce
/home/ali/projects/RoboLab/output/v1_cosmos_vague/RubiksCubeLeftOfBowlMatchedTask/predicted_chunks/episode_006/chunk_003/future.mp4,381047,11c8399977017515f984fe6f1305c1b6bd29747909e729238ac370a0026fb0df
/home/ali/projects/RoboLab/output/v1_cosmos_vague/RubiksCubeLeftOfBowlMatchedTask/predicted_chunks/episode_006/chunk_003/metadata.json,848,496b1b5d563e52b6613dfeba32665a68023d9157b4dd3e63e255454fd70038f0
/home/ali/projects/RoboLab/output/v1_cosmos_vague/RubiksCubeLeftOfBowlMatchedTask/predicted_chunks/episode_006/chunk_004/action.npy,1152,f93d5cc0deb6ae8a49f0097663db8a919bb74436ecd8090bd461e9496d3ab186
/home/ali/projects/RoboLab/output/v1_cosmos_vague/RubiksCubeLeftOfBowlMatchedTask/predicted_chunks/episode_006/chunk_004/conditioning.png,522113,265059219df3fcd64380be76e193fb8b1e3bc8e666e4f79e231b4cc35ea7d532
/home/ali/projects/RoboLab/output/v1_cosmos_vague/RubiksCubeLeftOfBowlMatchedTask/predicted_chunks/episode_006/chunk_004/future.mp4,460712,73239c31891311d06c72dc1494c27cfe29369c73ccf7bae648e80f74a86bccfa
/home/ali/projects/RoboLab/output/v1_cosmos_vague/RubiksCubeLeftOfBowlMatchedTask/predicted_chunks/episode_006/chunk_004/metadata.json,827,7e7c52f9b1fec9625541caef9a00a8144d5f6a9a83ee0c322307c3bb0b2c5caa
/home/ali/projects/RoboLab/output/v1_cosmos_vague/RubiksCubeLeftOfBowlMatchedTask/predicted_chunks/episode_006/chunk_005/action.npy,1152,a2f01b44497c7a1fb808561da358d7b9c557b368860a7b5b89dc17b5df2ab37e
/home/ali/projects/RoboLab/output/v1_cosmos_vague/RubiksCubeLeftOfBowlMatchedTask/predicted_chunks/episode_006/chunk_005/conditioning.png,571369,627e93ba13560d8ec6432af3840ae3c3f0915b5bbb1bc2e201075006d82eb04f
/home/ali/projects/RoboLab/output/v1_cosmos_vague/RubiksCubeLeftOfBowlMatchedTask/predicted_chunks/episode_006/chunk_005/future.mp4,646039,6e9f8bf7595676f0403981b0baaf0909b98b827e67fa6efc6fe28eda9b0f5c77
/home/ali/projects/RoboLab/output/v1_cosmos_vague/RubiksCubeLeftOfBowlMatchedTask/predicted_chunks/episode_006/chunk_005/metadata.json,848,d6d24c868e582fbefdfd22a3878b59cb1ce5577a232cbd542a6badb52881759b
/home/ali/projects/RoboLab/output/v1_cosmos_vague/RubiksCubeLeftOfBowlMatchedTask/predicted_chunks/episode_006/chunk_006/action.npy,1152,09de21ef42314acc12e3b8660f1f58a946d3b47d8fec8fb479a0a9fe6b031530
/home/ali/projects/RoboLab/output/v1_cosmos_vague/RubiksCubeLeftOfBowlMatchedTask/predicted_chunks/episode_006/chunk_006/conditioning.png,535430,226c225d78b69c42e3148d9531d58adeab8144d3f1a726c0550b79cde4aa5e01
/home/ali/projects/RoboLab/output/v1_cosmos_vague/RubiksCubeLeftOfBowlMatchedTask/predicted_chunks/episode_006/chunk_006/future.mp4,566374,0cb81191bb42c4a912953d3e625e99ddc56a70261f3d992204aee05fe3e3c202
/home/ali/projects/RoboLab/output/v1_cosmos_vague/RubiksCubeLeftOfBowlMatchedTask/predicted_chunks/episode_006/chunk_006/metadata.json,847,1b72061131fb949b64cb98813073899351dfa12bcce7d9a0b009a8597c011757
/home/ali/projects/RoboLab/output/v1_cosmos_vague/RubiksCubeLeftOfBowlMatchedTask/predicted_chunks/episode_006/chunk_007/action.npy,1152,c992457e8b5ed80232d6fd478aebb51b6b21a1fb16837a7167b12381bc08a66c
/home/ali/projects/RoboLab/output/v1_cosmos_vague/RubiksCubeLeftOfBowlMatchedTask/predicted_chunks/episode_006/chunk_007/conditioning.png,540447,3231cfc892d9a0a4fe28c848b1f7cd0463f4b104852cef2dff1a833afb0ef1d4
/home/ali/projects/RoboLab/output/v1_cosmos_vague/RubiksCubeLeftOfBowlMatchedTask/predicted_chunks/episode_006/chunk_007/future.mp4,369049,d05b640118133dff6fb2ca5ed629a6f3b7ae714617816d30252ada83a6f8d77a
/home/ali/projects/RoboLab/output/v1_cosmos_vague/RubiksCubeLeftOfBowlMatchedTask/predicted_chunks/episode_006/chunk_007/metadata.json,851,b04616bd8bb77f40534f7bab940ce176229d4bcce7e55f013faccd404c60b898
/home/ali/projects/RoboLab/output/v1_cosmos_vague/RubiksCubeLeftOfBowlMatchedTask/predicted_chunks/episode_006/chunk_008/action.npy,1152,b862fd9c5bfa16431824099e06e7ccb5d1ee6cd29fe080f18ed51637657fff09
/home/ali/projects/RoboLab/output/v1_cosmos_vague/RubiksCubeLeftOfBowlMatchedTask/predicted_chunks/episode_006/chunk_008/conditioning.png,549952,7fee94d7277ad7508bdc2c83f4b0ac8c482b4ec62011076e37ddc0821a6613c7
/home/ali/projects/RoboLab/output/v1_cosmos_vague/RubiksCubeLeftOfBowlMatchedTask/predicted_chunks/episode_006/chunk_008/future.mp4,435934,9331b42f4cdb5a9a3da283623f7b151cda9f86703ab7ed3abde801f0f3a1a1d3
/home/ali/projects/RoboLab/output/v1_cosmos_vague/RubiksCubeLeftOfBowlMatchedTask/predicted_chunks/episode_006/chunk_008/metadata.json,852,55e6c2588f58fce6fd95d6aecb2887d1d11085c884d6444c7803890af44e2923
/home/ali/projects/RoboLab/output/v1_cosmos_vague/RubiksCubeLeftOfBowlMatchedTask/predicted_chunks/episode_006/chunk_009/action.npy,1152,b55825ed7cec007453c872e230869a23bb0816ec0958970e5849d689c11adddd
/home/ali/projects/RoboLab/output/v1_cosmos_vague/RubiksCubeLeftOfBowlMatchedTask/predicted_chunks/episode_006/chunk_009/conditioning.png,547482,519ab3bbca63d4f24adf7074246ebec7f58f82dcc1f93bbfb5765009ca53e6c6
/home/ali/projects/RoboLab/output/v1_cosmos_vague/RubiksCubeLeftOfBowlMatchedTask/predicted_chunks/episode_006/chunk_009/future.mp4,421722,b33029469412e93a839090bd2943079da48e2d3fbd124ddc9df9faa14b900292
/home/ali/projects/RoboLab/output/v1_cosmos_vague/RubiksCubeLeftOfBowlMatchedTask/predicted_chunks/episode_006/chunk_009/metadata.json,853,f015de6addc81f3b426168991939703ec43bdd22bf79d03e630f16d78aee9b17
/home/ali/projects/RoboLab/output/v1_cosmos_vague/RubiksCubeLeftOfBowlMatchedTask/predicted_chunks/episode_006/chunk_010/action.npy,1152,9ce28f77f1cbc3c6d9ec4356c8f2371a98c442b005e938000419c86d69ee952f
/home/ali/projects/RoboLab/output/v1_cosmos_vague/RubiksCubeLeftOfBowlMatchedTask/predicted_chunks/episode_006/chunk_010/conditioning.png,541109,86d84d6c290958f414cb573a303e646f99c429b335ce8b0f53f4b6e332d7fb39
/home/ali/projects/RoboLab/output/v1_cosmos_vague/RubiksCubeLeftOfBowlMatchedTask/predicted_chunks/episode_006/chunk_010/future.mp4,416055,b5c10d1d77a00687625e379ad5000c2e640ea0752f08acde55502a39ddee8ab7
/home/ali/projects/RoboLab/output/v1_cosmos_vague/RubiksCubeLeftOfBowlMatchedTask/predicted_chunks/episode_006/chunk_010/metadata.json,836,ae1b8528c8e87311742365df7cc7a3abb40d059d38233e0f9d2696b2f88f7e5f
/home/ali/projects/RoboLab/output/v1_cosmos_vague/RubiksCubeLeftOfBowlMatchedTask/predicted_chunks/episode_006/chunk_011/action.npy,1152,5ddf67d847ad1729d0f307b74daf86dc36a3c8aca6157ea49809456ea20ebcc2
/home/ali/projects/RoboLab/output/v1_cosmos_vague/RubiksCubeLeftOfBowlMatchedTask/predicted_chunks/episode_006/chunk_011/conditioning.png,536814,39cafe8b839957fbb45b4fd2de18e39ab8084d6a3c0f5be344b063d097b44140
/home/ali/projects/RoboLab/output/v1_cosmos_vague/RubiksCubeLeftOfBowlMatchedTask/predicted_chunks/episode_006/chunk_011/future.mp4,410986,845ce0cd1d552ca991cb3d3c9ca79d9356d4e15b3eaa863602409c5061937421
/home/ali/projects/RoboLab/output/v1_cosmos_vague/RubiksCubeLeftOfBowlMatchedTask/predicted_chunks/episode_006/chunk_011/metadata.json,851,0a77286598d671728de59c4ca81cb2e7e97d9fdab2de1b3eede2ca70d990aed5
/home/ali/projects/RoboLab/output/v1_cosmos_vague/RubiksCubeLeftOfBowlMatchedTask/predicted_chunks/episode_006/chunk_012/action.npy,1152,37f974eb620e185fbc5722a7e5c49146b1ea207aa579fdb3c02072f8f13fb3cd
/home/ali/projects/RoboLab/output/v1_cosmos_vague/RubiksCubeLeftOfBowlMatchedTask/predicted_chunks/episode_006/chunk_012/conditioning.png,534743,dad1d664f206bd32fb84777a6c0925d3498b86cb2012d52102234f601bb2e6a3
/home/ali/projects/RoboLab/output/v1_cosmos_vague/RubiksCubeLeftOfBowlMatchedTask/predicted_chunks/episode_006/chunk_012/future.mp4,362299,f7dda67b9c5399b9edfc9c9910f59b756545cfc2673c61693c8e71a52181ef9a
/home/ali/projects/RoboLab/output/v1_cosmos_vague/RubiksCubeLeftOfBowlMatchedTask/predicted_chunks/episode_006/chunk_012/metadata.json,848,1dadcf3b8f16199c3547a6831f60f462ffd6407a887f8adf460ed4a4a22c1960
/home/ali/projects/RoboLab/output/v1_cosmos_vague/RubiksCubeLeftOfBowlMatchedTask/predicted_chunks/episode_006/chunk_013/action.npy,1152,77b6448183b27f037819d5eb29c0689871b3baedc7974d2aa0b63ef2bf1b415d
/home/ali/projects/RoboLab/output/v1_cosmos_vague/RubiksCubeLeftOfBowlMatchedTask/predicted_chunks/episode_006/chunk_013/conditioning.png,544175,faa59e2267c0d6d6c7cc087bdd0710930d2298dbc0061148f66431d73e773f3c
/home/ali/projects/RoboLab/output/v1_cosmos_vague/RubiksCubeLeftOfBowlMatchedTask/predicted_chunks/episode_006/chunk_013/future.mp4,419606,2e50833be1b9c9e82e34148b91a1333fda6bfd7c3121564f1a85f5b16872f7aa
/home/ali/projects/RoboLab/output/v1_cosmos_vague/RubiksCubeLeftOfBowlMatchedTask/predicted_chunks/episode_006/chunk_013/metadata.json,850,d87e75cc822d6892f59b380f38c875ffd3b09b99093a8c5e996cb3dda67d2420
/home/ali/projects/RoboLab/output/v1_cosmos_vague/RubiksCubeLeftOfBowlMatchedTask/predicted_chunks/episode_006/chunk_014/action.npy,1152,c8bb61b42b13c3d293dd2b2df9902ab004aec26740306b5420a299eca7422108
/home/ali/projects/RoboLab/output/v1_cosmos_vague/RubiksCubeLeftOfBowlMatchedTask/predicted_chunks/episode_006/chunk_014/conditioning.png,542426,a48f25f041045fe75e8e6c4decaaf59df43985e6327d92efcb45feb47a26fa6c
/home/ali/projects/RoboLab/output/v1_cosmos_vague/RubiksCubeLeftOfBowlMatchedTask/predicted_chunks/episode_006/chunk_014/future.mp4,579457,b8af8cab635cfab0cf2a03a3c502a8b20e54bc3e6a6fcdc75ab63fe1f7380d32
/home/ali/projects/RoboLab/output/v1_cosmos_vague/RubiksCubeLeftOfBowlMatchedTask/predicted_chunks/episode_006/chunk_014/metadata.json,851,9b1d5b9a37e308312126fcbf96810389bfbd4b864453b60b9033a76b86b7ac21
/home/ali/projects/RoboLab/output/v1_cosmos_vague/RubiksCubeLeftOfBowlMatchedTask/predicted_chunks/episode_007/chunk_000/action.npy,1152,d951d5907fe3aeb20723023ce69aedfd6eb00a15b6336d8565a958d5015273b2
/home/ali/projects/RoboLab/output/v1_cosmos_vague/RubiksCubeLeftOfBowlMatchedTask/predicted_chunks/episode_007/chunk_000/conditioning.png,583842,aa2ef79a83fa9a2e5ac6f670d1de845c3595c84d21de9d3e48f1102e7fc9fd1d
/home/ali/projects/RoboLab/output/v1_cosmos_vague/RubiksCubeLeftOfBowlMatchedTask/predicted_chunks/episode_007/chunk_000/future.mp4,493316,99a2aa4b32433a63fe82a45661135ed881a09162d8699c644b13852aaddfac66
/home/ali/projects/RoboLab/output/v1_cosmos_vague/RubiksCubeLeftOfBowlMatchedTask/predicted_chunks/episode_007/chunk_000/metadata.json,766,22305bcaeddf25d03fd75845b4d8f7dcabfef05de8d9b21c8f0174b42c4956b8
/home/ali/projects/RoboLab/output/v1_cosmos_vague/RubiksCubeLeftOfBowlMatchedTask/predicted_chunks/episode_007/chunk_001/action.npy,1152,336a79016d5507635c1bfd043b352a5b8b613429f0d63aea2dc6108bed086e77
/home/ali/projects/RoboLab/output/v1_cosmos_vague/RubiksCubeLeftOfBowlMatchedTask/predicted_chunks/episode_007/chunk_001/conditioning.png,547624,626d5d85ef35cc5df343e44b60851882c70f77ab98d3482d4005058b564cf99f
/home/ali/projects/RoboLab/output/v1_cosmos_vague/RubiksCubeLeftOfBowlMatchedTask/predicted_chunks/episode_007/chunk_001/future.mp4,398434,5d879843e3db945138143316a07def91f5e575286bd5415c0295250f796e370b
/home/ali/projects/RoboLab/output/v1_cosmos_vague/RubiksCubeLeftOfBowlMatchedTask/predicted_chunks/episode_007/chunk_001/metadata.json,849,ae3eddbe7842f03baacd89f22cdd2070c57b8b63efa504427e42713685629384
/home/ali/projects/RoboLab/output/v1_cosmos_vague/RubiksCubeLeftOfBowlMatchedTask/predicted_chunks/episode_007/chunk_002/action.npy,1152,93d29b4438d44a0f881542fac203714b4ac9b8e78c7e2452177d603dd78ba79b
/home/ali/projects/RoboLab/output/v1_cosmos_vague/RubiksCubeLeftOfBowlMatchedTask/predicted_chunks/episode_007/chunk_002/conditioning.png,537865,655c753e9131968fae5975e273089ddf2a1b068fcdc42288161ac190a05602ff
/home/ali/projects/RoboLab/output/v1_cosmos_vague/RubiksCubeLeftOfBowlMatchedTask/predicted_chunks/episode_007/chunk_002/future.mp4,484299,b120422f43c0b84827bfd38cde2a5fa9c4f7556ab9a430e86bbfb242e53fb15a
/home/ali/projects/RoboLab/output/v1_cosmos_vague/RubiksCubeLeftOfBowlMatchedTask/predicted_chunks/episode_007/chunk_002/metadata.json,832,d91e7ef26c6d9f5381a14407bb70214596f24d54f64a6ebe1694c7988b0dd5af
/home/ali/projects/RoboLab/output/v1_cosmos_vague/RubiksCubeLeftOfBowlMatchedTask/predicted_chunks/episode_007/chunk_003/action.npy,1152,6cc038fa9ab815bcc8fa1b5a9b82ac8f6427fb06363f991c3f00549fa7e4dfed
/home/ali/projects/RoboLab/output/v1_cosmos_vague/RubiksCubeLeftOfBowlMatchedTask/predicted_chunks/episode_007/chunk_003/conditioning.png,550991,13407f7d3a010d38e886ffc910a6200cbc45004e23698eb089ef5de5eba2d741
/home/ali/projects/RoboLab/output/v1_cosmos_vague/RubiksCubeLeftOfBowlMatchedTask/predicted_chunks/episode_007/chunk_003/future.mp4,411950,fa0c9fc72fa8f2826bfd78d7dd5bb1092a5211e7e599799887ead8486396911d
/home/ali/projects/RoboLab/output/v1_cosmos_vague/RubiksCubeLeftOfBowlMatchedTask/predicted_chunks/episode_007/chunk_003/metadata.json,846,74858377c8bbc4af4b129d5c27ce4b399487e0a5ef5464baa46e860950da7947
/home/ali/projects/RoboLab/output/v1_cosmos_vague/RubiksCubeLeftOfBowlMatchedTask/predicted_chunks/episode_007/chunk_004/action.npy,1152,b606627a5af66995b90095c6ce509d3016f347aeb89884c212010852e24208fd
/home/ali/projects/RoboLab/output/v1_cosmos_vague/RubiksCubeLeftOfBowlMatchedTask/predicted_chunks/episode_007/chunk_004/conditioning.png,551743,ed1180cf5ef79501bf1727f8d5cf36ceb44012f1cf70f06ac1b97c832fafe37c
/home/ali/projects/RoboLab/output/v1_cosmos_vague/RubiksCubeLeftOfBowlMatchedTask/predicted_chunks/episode_007/chunk_004/future.mp4,402480,28baee918028470e32f8cc1bf712374d422a9d30f5bca505db1d30fcda7bbf24
/home/ali/projects/RoboLab/output/v1_cosmos_vague/RubiksCubeLeftOfBowlMatchedTask/predicted_chunks/episode_007/chunk_004/metadata.json,854,bc10c77c74835f3cb15aafede65f5ae9d5055975fe1c0a9bd87acffaf58081b2
/home/ali/projects/RoboLab/output/v1_cosmos_vague/RubiksCubeLeftOfBowlMatchedTask/predicted_chunks/episode_007/chunk_005/action.npy,1152,c556f571de8997d1c712f0be137d8274d21a81ee364c2dbf980ba27332fd3139
/home/ali/projects/RoboLab/output/v1_cosmos_vague/RubiksCubeLeftOfBowlMatchedTask/predicted_chunks/episode_007/chunk_005/conditioning.png,557892,60cf76b4dd459aec6c3a3d360f91beb51a2e629c2c5a81af8dd5edb13e8c4a59
/home/ali/projects/RoboLab/output/v1_cosmos_vague/RubiksCubeLeftOfBowlMatchedTask/predicted_chunks/episode_007/chunk_005/future.mp4,399567,d63859ff9be753ccd014302ba2d1d437bee2b0e9888aed22105675a26a9e846d
/home/ali/projects/RoboLab/output/v1_cosmos_vague/RubiksCubeLeftOfBowlMatchedTask/predicted_chunks/episode_007/chunk_005/metadata.json,853,0b2afefb1482342afe7a8b587f4758534d7804e2753e248f95ee1fb33423bd75
/home/ali/projects/RoboLab/output/v1_cosmos_vague/RubiksCubeLeftOfBowlMatchedTask/predicted_chunks/episode_007/chunk_006/action.npy,1152,95a4f12acaa80b3f8079a046e96eee426c4c4243e3011424b58e294b18d1206b
/home/ali/projects/RoboLab/output/v1_cosmos_vague/RubiksCubeLeftOfBowlMatchedTask/predicted_chunks/episode_007/chunk_006/conditioning.png,543706,0807aeeb748027a03b72d935f72d8340fe6e633b966268ed32943859411f2fcf
/home/ali/projects/RoboLab/output/v1_cosmos_vague/RubiksCubeLeftOfBowlMatchedTask/predicted_chunks/episode_007/chunk_006/future.mp4,395391,9e549d47378bd81a1efce8da56d3355da8f67c8a6db7339da925e9642f9f9049
/home/ali/projects/RoboLab/output/v1_cosmos_vague/RubiksCubeLeftOfBowlMatchedTask/predicted_chunks/episode_007/chunk_006/metadata.json,855,726e95e6b6db3c07157f9ea55969745ae4e6958ae0888126e4ec72f90891802c
/home/ali/projects/RoboLab/output/v1_cosmos_vague/RubiksCubeLeftOfBowlMatchedTask/predicted_chunks/episode_007/chunk_007/action.npy,1152,cd3161e9af09a0c2cb8a29110b7131512867c58c0b46dffd0c3b295d2bba5f92
/home/ali/projects/RoboLab/output/v1_cosmos_vague/RubiksCubeLeftOfBowlMatchedTask/predicted_chunks/episode_007/chunk_007/conditioning.png,526898,7266f6456ce3fad7f672beabbcfd24823b2ee120e81e6531fd007bc20d7a90d3
/home/ali/projects/RoboLab/output/v1_cosmos_vague/RubiksCubeLeftOfBowlMatchedTask/predicted_chunks/episode_007/chunk_007/future.mp4,362168,4612b05af01ce01517d5aa80a4c47c4276be2ec2c2e1f39d6bc1e1ada279f906
/home/ali/projects/RoboLab/output/v1_cosmos_vague/RubiksCubeLeftOfBowlMatchedTask/predicted_chunks/episode_007/chunk_007/metadata.json,853,9b396dd6b2993ccb896bbb025acda0bca9b5fcd504a452ca51c48b629c088bb4
/home/ali/projects/RoboLab/output/v1_cosmos_vague/RubiksCubeLeftOfBowlMatchedTask/predicted_chunks/episode_007/chunk_008/action.npy,1152,20e847d4174e4f9f901f0b090358d2a7e512f393aeb4c77f2f44d7e2f3997f8e
/home/ali/projects/RoboLab/output/v1_cosmos_vague/RubiksCubeLeftOfBowlMatchedTask/predicted_chunks/episode_007/chunk_008/conditioning.png,526291,b9b8a8c97d36fa2c7392c38b520c01796daa6e803369ab8543e2683ef596d122
/home/ali/projects/RoboLab/output/v1_cosmos_vague/RubiksCubeLeftOfBowlMatchedTask/predicted_chunks/episode_007/chunk_008/future.mp4,372479,b0f2b40e90651e61fe49c984d762c41d56ddb0fd31b1746928e69d43cbe63ff8
/home/ali/projects/RoboLab/output/v1_cosmos_vague/RubiksCubeLeftOfBowlMatchedTask/predicted_chunks/episode_007/chunk_008/metadata.json,839,feb6796e482c9de0015476b2392016db7ece4649403f2334cb837d20aa251f81
/home/ali/projects/RoboLab/output/v1_cosmos_vague/RubiksCubeLeftOfBowlMatchedTask/predicted_chunks/episode_007/chunk_009/action.npy,1152,987b975b1139d84a92a58de25d40c98b1b0b7633ffc76b4f2cb2453212418331
/home/ali/projects/RoboLab/output/v1_cosmos_vague/RubiksCubeLeftOfBowlMatchedTask/predicted_chunks/episode_007/chunk_009/conditioning.png,525523,2bd372599eefc4303059a9b769ddd23e2db3c627b56d139e535ac4081f694781
/home/ali/projects/RoboLab/output/v1_cosmos_vague/RubiksCubeLeftOfBowlMatchedTask/predicted_chunks/episode_007/chunk_009/future.mp4,377949,29ae6498f6fa20d1519f488921a5a71039fade6bcbf99b7248b9b579523a1a41
/home/ali/projects/RoboLab/output/v1_cosmos_vague/RubiksCubeLeftOfBowlMatchedTask/predicted_chunks/episode_007/chunk_009/metadata.json,856,976d2e0ef068dda2118a80df143592fe941a6056cf81ea2b58002520068f3ca1
/home/ali/projects/RoboLab/output/v1_cosmos_vague/RubiksCubeLeftOfBowlMatchedTask/predicted_chunks/episode_007/chunk_010/action.npy,1152,4c1c256290871cb597c1c5ec07ac123a101a46963ff2c66a0607970332331db1
/home/ali/projects/RoboLab/output/v1_cosmos_vague/RubiksCubeLeftOfBowlMatchedTask/predicted_chunks/episode_007/chunk_010/conditioning.png,506015,c913a4d428ef0a7c748898b689dfba62c9efb817b535fe96fca849e6946efd92
/home/ali/projects/RoboLab/output/v1_cosmos_vague/RubiksCubeLeftOfBowlMatchedTask/predicted_chunks/episode_007/chunk_010/future.mp4,293579,f607ed0b3b959490ef1ce21c284f81c6a2b8bd9bb56df021124e22ca5934bd5d
/home/ali/projects/RoboLab/output/v1_cosmos_vague/RubiksCubeLeftOfBowlMatchedTask/predicted_chunks/episode_007/chunk_010/metadata.json,849,f184bab75eeb98e392a10c0480a7f2c976b035c3ef05d56d6e78d60df59e9ff9
/home/ali/projects/RoboLab/output/v1_cosmos_vague/RubiksCubeLeftOfBowlMatchedTask/predicted_chunks/episode_007/chunk_011/action.npy,1152,ba8a12117fa036886d28aa825118fece17c7633af194bb989190cbbe11e83e4e
/home/ali/projects/RoboLab/output/v1_cosmos_vague/RubiksCubeLeftOfBowlMatchedTask/predicted_chunks/episode_007/chunk_011/conditioning.png,514999,63ca678198e160bdea6f3a018903aeb0360df8649eb360c8ebf49e395bd0ba7c
/home/ali/projects/RoboLab/output/v1_cosmos_vague/RubiksCubeLeftOfBowlMatchedTask/predicted_chunks/episode_007/chunk_011/future.mp4,353000,fed6a0144766cd2f88feec1d184ea8324f9b9ca25647012a3a5d8e99a0f9dc9f
/home/ali/projects/RoboLab/output/v1_cosmos_vague/RubiksCubeLeftOfBowlMatchedTask/predicted_chunks/episode_007/chunk_011/metadata.json,836,8924dde770412851f4fbbb55b00223623343a1868a727c325878077b1bf5061f
/home/ali/projects/RoboLab/output/v1_cosmos_vague/RubiksCubeLeftOfBowlMatchedTask/predicted_chunks/episode_007/chunk_012/action.npy,1152,9197ce3c19c62225f199c17eb73d4bdb85fc6190a95eda02f9152b62befe2326
/home/ali/projects/RoboLab/output/v1_cosmos_vague/RubiksCubeLeftOfBowlMatchedTask/predicted_chunks/episode_007/chunk_012/conditioning.png,530957,b99b21253ac49331e542eb35ac5a084923c56ce1ade67601ed16c6ef34916b75
/home/ali/projects/RoboLab/output/v1_cosmos_vague/RubiksCubeLeftOfBowlMatchedTask/predicted_chunks/episode_007/chunk_012/future.mp4,367680,77f24d263ccbac74af2bdd7a8959beadfdc2ed7aa3bd97c4ee3883187b4630af
/home/ali/projects/RoboLab/output/v1_cosmos_vague/RubiksCubeLeftOfBowlMatchedTask/predicted_chunks/episode_007/chunk_012/metadata.json,856,511657a768df3837a467349ca874202f090bdf18eb92c0daddda4b148bbc578f
/home/ali/projects/RoboLab/output/v1_cosmos_vague/RubiksCubeLeftOfBowlMatchedTask/predicted_chunks/episode_007/chunk_013/action.npy,1152,90fe89428ac92c4fa21438987abbe362e1bfe24e83b32e467bdc2c4687df48a8
/home/ali/projects/RoboLab/output/v1_cosmos_vague/RubiksCubeLeftOfBowlMatchedTask/predicted_chunks/episode_007/chunk_013/conditioning.png,512930,fbcdc0f40afd1b11b661fc538e5d26f0e5ac9270b7c828e38333177cb889efd9
/home/ali/projects/RoboLab/output/v1_cosmos_vague/RubiksCubeLeftOfBowlMatchedTask/predicted_chunks/episode_007/chunk_013/future.mp4,336332,77b1b69f2f703a8789cde4081cba08283fb0f3c6ed1bea19a21a539a054e5486
/home/ali/projects/RoboLab/output/v1_cosmos_vague/RubiksCubeLeftOfBowlMatchedTask/predicted_chunks/episode_007/chunk_013/metadata.json,851,1e8a4c9f5c3ff0983eec73d9fb6dcb6f888ca5f7ff1499b3f82e1461a0d943ef
/home/ali/projects/RoboLab/output/v1_cosmos_vague/RubiksCubeLeftOfBowlMatchedTask/predicted_chunks/episode_007/chunk_014/action.npy,1152,749f9199f77559f1f951126618245f82312d5a31d29bdd5396945c134d862a49
/home/ali/projects/RoboLab/output/v1_cosmos_vague/RubiksCubeLeftOfBowlMatchedTask/predicted_chunks/episode_007/chunk_014/conditioning.png,489466,5bfb3ec369c523dc581fbaea58455571f397a2c9903ad17e5d8f8d05682e9ee5
/home/ali/projects/RoboLab/output/v1_cosmos_vague/RubiksCubeLeftOfBowlMatchedTask/predicted_chunks/episode_007/chunk_014/future.mp4,385124,a67f431bc10ff8989dab0fea02b0abb61991c4b191e588c8d9d59c095a375042
/home/ali/projects/RoboLab/output/v1_cosmos_vague/RubiksCubeLeftOfBowlMatchedTask/predicted_chunks/episode_007/chunk_014/metadata.json,855,2c8e876b0fe9fa4de011b2c5ce98c703ef838d3eb2244da444cc3e8d50528e61
/home/ali/projects/RoboLab/output/v1_cosmos_vague/RubiksCubeLeftOfBowlMatchedTask/predicted_chunks/episode_008/chunk_000/action.npy,1152,a17c2d65164858ee0a811ecaca0bf9e2562ed7f9588f55288126f10073daecfd
/home/ali/projects/RoboLab/output/v1_cosmos_vague/RubiksCubeLeftOfBowlMatchedTask/predicted_chunks/episode_008/chunk_000/conditioning.png,570476,71b6c9df65a430f73e38310fc0fd5f54cd5f861d86d294549110ddceb6b64299
/home/ali/projects/RoboLab/output/v1_cosmos_vague/RubiksCubeLeftOfBowlMatchedTask/predicted_chunks/episode_008/chunk_000/future.mp4,502242,6c81a80d72301291794d5b943a3b70122b2784dd4ae9b41da8ea7be8ac2c846a
/home/ali/projects/RoboLab/output/v1_cosmos_vague/RubiksCubeLeftOfBowlMatchedTask/predicted_chunks/episode_008/chunk_000/metadata.json,766,996aa6188e20ed24833add92e1492c803f3f19c257a3c76059eefba791d21b2c
/home/ali/projects/RoboLab/output/v1_cosmos_vague/RubiksCubeLeftOfBowlMatchedTask/predicted_chunks/episode_008/chunk_001/action.npy,1152,c05c59a6f7994bb74292fc980be52b9e6da1e6e1f1bd6c520f7d1be5440be214
/home/ali/projects/RoboLab/output/v1_cosmos_vague/RubiksCubeLeftOfBowlMatchedTask/predicted_chunks/episode_008/chunk_001/conditioning.png,546424,b624be488bce6b8c6b12ab7d373965144fe2b35006a7fc674702abaf106842ec
/home/ali/projects/RoboLab/output/v1_cosmos_vague/RubiksCubeLeftOfBowlMatchedTask/predicted_chunks/episode_008/chunk_001/future.mp4,422613,208b96e8c5ab9f13ff8d1591672c073c0287c9b24dbd2c5e317a4a38e30f0ae2
/home/ali/projects/RoboLab/output/v1_cosmos_vague/RubiksCubeLeftOfBowlMatchedTask/predicted_chunks/episode_008/chunk_001/metadata.json,850,e48882ba5ff444e7ee285373c94669d3cf4592deffae6b501b65a604c091016f
/home/ali/projects/RoboLab/output/v1_cosmos_vague/RubiksCubeLeftOfBowlMatchedTask/predicted_chunks/episode_008/chunk_002/action.npy,1152,7489ae265a942a9c2eff30a02b6260954f25d05cbb96b2e2af9e41155fb62ff0
/home/ali/projects/RoboLab/output/v1_cosmos_vague/RubiksCubeLeftOfBowlMatchedTask/predicted_chunks/episode_008/chunk_002/conditioning.png,515393,f8a9edd290ae28e6c83195c32bf68163d0028e0c0dc50fdf3922bfa8c0029392
/home/ali/projects/RoboLab/output/v1_cosmos_vague/RubiksCubeLeftOfBowlMatchedTask/predicted_chunks/episode_008/chunk_002/future.mp4,489652,a0d7b38b5eb6054708c88dbb1a6e80c5d6e318689ffd3ef70fff6bf96a68a091
/home/ali/projects/RoboLab/output/v1_cosmos_vague/RubiksCubeLeftOfBowlMatchedTask/predicted_chunks/episode_008/chunk_002/metadata.json,830,56b1dbd3ef58818caaee631143707380348e5e18ea0dea92efbe76c37a376e63
/home/ali/projects/RoboLab/output/v1_cosmos_vague/RubiksCubeLeftOfBowlMatchedTask/predicted_chunks/episode_008/chunk_003/action.npy,1152,3fbf4a473d5cf3fb94bcd27fc90db563a070f46d8aa7d973dd842a4c0eaf572c
/home/ali/projects/RoboLab/output/v1_cosmos_vague/RubiksCubeLeftOfBowlMatchedTask/predicted_chunks/episode_008/chunk_003/conditioning.png,575212,77a2cdabdba9292a2a3f79701364c2090725a1ad4b1e5d7b38ea5fc5d31d45db
/home/ali/projects/RoboLab/output/v1_cosmos_vague/RubiksCubeLeftOfBowlMatchedTask/predicted_chunks/episode_008/chunk_003/future.mp4,596147,c48891f934124095d75d857a5d929aca33dda557b3da68b192e158191befefe6
/home/ali/projects/RoboLab/output/v1_cosmos_vague/RubiksCubeLeftOfBowlMatchedTask/predicted_chunks/episode_008/chunk_003/metadata.json,850,d1d618d8a7c539d0f74b05bc3791dddd3504a72be4f2fea01379d6be9fcde129
/home/ali/projects/RoboLab/output/v1_cosmos_vague/RubiksCubeLeftOfBowlMatchedTask/predicted_chunks/episode_008/chunk_004/action.npy,1152,7557090f97978439877fb948add8ab25b13c9a06327531786505b875954fd5b2
/home/ali/projects/RoboLab/output/v1_cosmos_vague/RubiksCubeLeftOfBowlMatchedTask/predicted_chunks/episode_008/chunk_004/conditioning.png,550039,48e37e34e7cb4a6ac261975372008f616d8cc702322e09401c5a48791339395d
/home/ali/projects/RoboLab/output/v1_cosmos_vague/RubiksCubeLeftOfBowlMatchedTask/predicted_chunks/episode_008/chunk_004/future.mp4,362317,ade5ffb363f2e2fa5548f62a26e2a2ce3eb1d522e25439f35459d3c5efd14b43
/home/ali/projects/RoboLab/output/v1_cosmos_vague/RubiksCubeLeftOfBowlMatchedTask/predicted_chunks/episode_008/chunk_004/metadata.json,849,be3dd4de65afb4f603e60b5526a950125ee587d9a13eb3e8f4d70ffb78872105
/home/ali/projects/RoboLab/output/v1_cosmos_vague/RubiksCubeLeftOfBowlMatchedTask/predicted_chunks/episode_008/chunk_005/action.npy,1152,e869aafba5e045b0d5464b497067be9c11c67bb104f2b05df58beac616bf0c43
/home/ali/projects/RoboLab/output/v1_cosmos_vague/RubiksCubeLeftOfBowlMatchedTask/predicted_chunks/episode_008/chunk_005/conditioning.png,547270,a04ce38204574f05f2a9de21fa81528602a135f9c9e475a4c66c304c71d803ea
/home/ali/projects/RoboLab/output/v1_cosmos_vague/RubiksCubeLeftOfBowlMatchedTask/predicted_chunks/episode_008/chunk_005/future.mp4,339779,0fd802875bb750fc7b6b54f36d48dcea65910ebd226dd0e76c4ec17953faf53e
/home/ali/projects/RoboLab/output/v1_cosmos_vague/RubiksCubeLeftOfBowlMatchedTask/predicted_chunks/episode_008/chunk_005/metadata.json,847,cf41095e9bc1073cb880859b6f579b813771d1e6ff9568bd9373b0b78d7ae289
/home/ali/projects/RoboLab/output/v1_cosmos_vague/RubiksCubeLeftOfBowlMatchedTask/predicted_chunks/episode_008/chunk_006/action.npy,1152,ea53a5c742b743a2a2036718dfb375ae933b6f982bd0aefa8a0fa46f4ed2bd4b
/home/ali/projects/RoboLab/output/v1_cosmos_vague/RubiksCubeLeftOfBowlMatchedTask/predicted_chunks/episode_008/chunk_006/conditioning.png,545782,a8047c6106f7b62d4dfa127fa2a47376130feadeb9dc3afe65105672cba899ff
/home/ali/projects/RoboLab/output/v1_cosmos_vague/RubiksCubeLeftOfBowlMatchedTask/predicted_chunks/episode_008/chunk_006/future.mp4,496038,f6bccbbe467fe3f578270f132edb52883c3b09096672b76cd4d7b2e9b02d20f1
/home/ali/projects/RoboLab/output/v1_cosmos_vague/RubiksCubeLeftOfBowlMatchedTask/predicted_chunks/episode_008/chunk_006/metadata.json,851,79ff7eef8158dbb1cb4697383718b37a92e58b84b17ef98ff82d0f1d30dceca9
/home/ali/projects/RoboLab/output/v1_cosmos_vague/RubiksCubeLeftOfBowlMatchedTask/predicted_chunks/episode_008/chunk_007/action.npy,1152,6eb834ecae58d313c51e56792e5128e874df5488c6a38f6d534a91987e626561
/home/ali/projects/RoboLab/output/v1_cosmos_vague/RubiksCubeLeftOfBowlMatchedTask/predicted_chunks/episode_008/chunk_007/conditioning.png,568502,04baa3f335cbef80cda428a26942c4babfc5cacb2424ab3af0c2bd0b390d1d2f
/home/ali/projects/RoboLab/output/v1_cosmos_vague/RubiksCubeLeftOfBowlMatchedTask/predicted_chunks/episode_008/chunk_007/future.mp4,511105,6142276a59e920f8a6bac0011280e569c1359b27cf1853848806e6c0c848a801
/home/ali/projects/RoboLab/output/v1_cosmos_vague/RubiksCubeLeftOfBowlMatchedTask/predicted_chunks/episode_008/chunk_007/metadata.json,846,9b33f36fae39b388c75625397e594a31060b13ec9a16879d9a891fa4b42a47e1
/home/ali/projects/RoboLab/output/v1_cosmos_vague/RubiksCubeLeftOfBowlMatchedTask/predicted_chunks/episode_008/chunk_008/action.npy,1152,9723eb211a188d3332185bdb54ed50f3f4cb4f79d280185f2101ac824b9befa6
/home/ali/projects/RoboLab/output/v1_cosmos_vague/RubiksCubeLeftOfBowlMatchedTask/predicted_chunks/episode_008/chunk_008/conditioning.png,553822,2de1856063b85c794c08a9bf9308fcf97b6dfc4c9b2d7fda2465771f79ef50eb
/home/ali/projects/RoboLab/output/v1_cosmos_vague/RubiksCubeLeftOfBowlMatchedTask/predicted_chunks/episode_008/chunk_008/future.mp4,427910,c100497a449c9e598dc31ffe501c8d4aa80eabde42015f617baed5b97b227c24
/home/ali/projects/RoboLab/output/v1_cosmos_vague/RubiksCubeLeftOfBowlMatchedTask/predicted_chunks/episode_008/chunk_008/metadata.json,847,c8f26a9d51b3f31e80addf67ce4df8e7f3cd65ef2126d47fe63391bf6cb28843
/home/ali/projects/RoboLab/output/v1_cosmos_vague/RubiksCubeLeftOfBowlMatchedTask/predicted_chunks/episode_008/chunk_009/action.npy,1152,50cc7f99f0e74076da8301ef8fe574910bcccc521f96550fa13e98243880d4ce
/home/ali/projects/RoboLab/output/v1_cosmos_vague/RubiksCubeLeftOfBowlMatchedTask/predicted_chunks/episode_008/chunk_009/conditioning.png,533793,bcfd2fdd282bfa8ba1b4fffc525f095144da623c976392a21ee04af7bbe83552
/home/ali/projects/RoboLab/output/v1_cosmos_vague/RubiksCubeLeftOfBowlMatchedTask/predicted_chunks/episode_008/chunk_009/future.mp4,471206,abdb3f8122d5d720ef7edca9a205af65f7ce608392b49421d29cde98995d8181
/home/ali/projects/RoboLab/output/v1_cosmos_vague/RubiksCubeLeftOfBowlMatchedTask/predicted_chunks/episode_008/chunk_009/metadata.json,851,04f6df4886576f2458a5b252108b40cbd60457254f1789a208130202caa9f9f6
/home/ali/projects/RoboLab/output/v1_cosmos_vague/RubiksCubeLeftOfBowlMatchedTask/predicted_chunks/episode_008/chunk_010/action.npy,1152,92c6e329217d19ea412e458bf6f9b5469fdaa6586bf3556ba486288455605b88
/home/ali/projects/RoboLab/output/v1_cosmos_vague/RubiksCubeLeftOfBowlMatchedTask/predicted_chunks/episode_008/chunk_010/conditioning.png,561805,3ef781d5d7c54f55b005bbead193796041827f94dbbe01ca70d82e1e8005b872
/home/ali/projects/RoboLab/output/v1_cosmos_vague/RubiksCubeLeftOfBowlMatchedTask/predicted_chunks/episode_008/chunk_010/future.mp4,555329,4736c1ddb4bf3e78fe2e01d73677a0f17d5fbad009229921658940d954690cfa
/home/ali/projects/RoboLab/output/v1_cosmos_vague/RubiksCubeLeftOfBowlMatchedTask/predicted_chunks/episode_008/chunk_010/metadata.json,853,0d3cb6a14956826bae300c2827bda1f256918122a7ad5f0f3c2f7b2de1afcb1f
/home/ali/projects/RoboLab/output/v1_cosmos_vague/RubiksCubeLeftOfBowlMatchedTask/predicted_chunks/episode_008/chunk_011/action.npy,1152,5a29056652f38f07e1226d5659bcd218706b8a11c0b5ac92d615163ae86541b3
/home/ali/projects/RoboLab/output/v1_cosmos_vague/RubiksCubeLeftOfBowlMatchedTask/predicted_chunks/episode_008/chunk_011/conditioning.png,572424,f5e0378f16abe4eee4c6dc678d6499d111d4ff905c2dfe23aa64e6f2352bbaa0
/home/ali/projects/RoboLab/output/v1_cosmos_vague/RubiksCubeLeftOfBowlMatchedTask/predicted_chunks/episode_008/chunk_011/future.mp4,526497,e73af045c6246641c19a1cb5bf37c2b440b3d57f43c9bac561a3a089ab72b443
/home/ali/projects/RoboLab/output/v1_cosmos_vague/RubiksCubeLeftOfBowlMatchedTask/predicted_chunks/episode_008/chunk_011/metadata.json,856,e4190547f87e32415755068714547bd558aaa5bc37b0c8d1a5903f0cd386951a
/home/ali/projects/RoboLab/output/v1_cosmos_vague/RubiksCubeLeftOfBowlMatchedTask/predicted_chunks/episode_008/chunk_012/action.npy,1152,e5bba900717cfa6d09d3682523322d0e9870fcd1ea5014c81a0247de1e037eef
/home/ali/projects/RoboLab/output/v1_cosmos_vague/RubiksCubeLeftOfBowlMatchedTask/predicted_chunks/episode_008/chunk_012/conditioning.png,566658,659dad12e7f389127e31da11ff57ec190cd8e5835d9fb2ff95808099aa35884d
/home/ali/projects/RoboLab/output/v1_cosmos_vague/RubiksCubeLeftOfBowlMatchedTask/predicted_chunks/episode_008/chunk_012/future.mp4,592647,7dc08d0e33fb25dabbc3d509a9ee8063c69f7f4a81e80de11281d489805c9503
/home/ali/projects/RoboLab/output/v1_cosmos_vague/RubiksCubeLeftOfBowlMatchedTask/predicted_chunks/episode_008/chunk_012/metadata.json,849,dc06b64b6205d9f4eec243c2b046bb75fa68ae48fe6702cdb5a94c2380752e0c
/home/ali/projects/RoboLab/output/v1_cosmos_vague/RubiksCubeLeftOfBowlMatchedTask/predicted_chunks/episode_008/chunk_013/action.npy,1152,6cabc699fc11cb18704b36a4279529f62442c7f927256152101bebb8d7fb33e2
/home/ali/projects/RoboLab/output/v1_cosmos_vague/RubiksCubeLeftOfBowlMatchedTask/predicted_chunks/episode_008/chunk_013/conditioning.png,574494,06d644bf1e26873634f07170f6b569a9e5d56dc8ed92ea3c126ea2d6fd8de0ee
/home/ali/projects/RoboLab/output/v1_cosmos_vague/RubiksCubeLeftOfBowlMatchedTask/predicted_chunks/episode_008/chunk_013/future.mp4,524187,560ecc96c0c2499fe199b43d09533a68602c30dc147505a039cebaf229cbb762
/home/ali/projects/RoboLab/output/v1_cosmos_vague/RubiksCubeLeftOfBowlMatchedTask/predicted_chunks/episode_008/chunk_013/metadata.json,851,07fa2bcf9cff8d11f8a2663df57fe6a87d75fd6f5daf2ded3283309c5523eec5
/home/ali/projects/RoboLab/output/v1_cosmos_vague/RubiksCubeLeftOfBowlMatchedTask/predicted_chunks/episode_008/chunk_014/action.npy,1152,fb66ac2a07ca0f04f8dec4559cada426580296a183254799a1c8112ce905079d
/home/ali/projects/RoboLab/output/v1_cosmos_vague/RubiksCubeLeftOfBowlMatchedTask/predicted_chunks/episode_008/chunk_014/conditioning.png,562383,6e0cbd5d9ca15288beb76effb438051f131906541218eaeb95e4958e67c4e2c0
/home/ali/projects/RoboLab/output/v1_cosmos_vague/RubiksCubeLeftOfBowlMatchedTask/predicted_chunks/episode_008/chunk_014/future.mp4,395523,31977a1f768b84c29897e31fdb42d0366f105084a667aac85ff675e8a5ef43b9
/home/ali/projects/RoboLab/output/v1_cosmos_vague/RubiksCubeLeftOfBowlMatchedTask/predicted_chunks/episode_008/chunk_014/metadata.json,852,6dc18964cd418aa5f3ed319ef47302027f04e88c18190271a26a005a45dbfd3d
/home/ali/projects/RoboLab/output/v1_cosmos_vague/RubiksCubeLeftOfBowlMatchedTask/predicted_chunks/episode_009/chunk_000/action.npy,1152,62e5c1a2bfb5b74948549b730a158d7bead4e4b7b08393ce41cea48df6ac0486
/home/ali/projects/RoboLab/output/v1_cosmos_vague/RubiksCubeLeftOfBowlMatchedTask/predicted_chunks/episode_009/chunk_000/conditioning.png,577509,3f0cdc8a4f9a5eb48f7fc744b5639715806090f6466d4facdddc7cca2ccaed2a
/home/ali/projects/RoboLab/output/v1_cosmos_vague/RubiksCubeLeftOfBowlMatchedTask/predicted_chunks/episode_009/chunk_000/future.mp4,490724,112725fa029563eda7de2353901cc48168a206b9fd17a85d4e6076cf8aa7521a
/home/ali/projects/RoboLab/output/v1_cosmos_vague/RubiksCubeLeftOfBowlMatchedTask/predicted_chunks/episode_009/chunk_000/metadata.json,766,efb3b0c220340c77fb9c6ccea8b69e843b857c785cd60f35303de06117b3ccfc
/home/ali/projects/RoboLab/output/v1_cosmos_vague/RubiksCubeLeftOfBowlMatchedTask/predicted_chunks/episode_009/chunk_001/action.npy,1152,5b818a4f087a9c0723a51f0ab4f1836a32e62f7f7f712042f9bb6f7e701e6094
/home/ali/projects/RoboLab/output/v1_cosmos_vague/RubiksCubeLeftOfBowlMatchedTask/predicted_chunks/episode_009/chunk_001/conditioning.png,558453,aa0644783edf196e3d51ae781c448d00c67cf63bc0cd556e37f402f727bfc3b2
/home/ali/projects/RoboLab/output/v1_cosmos_vague/RubiksCubeLeftOfBowlMatchedTask/predicted_chunks/episode_009/chunk_001/future.mp4,423108,60f3a5ff998fc6bd8f119d15177800d379c098f6dbf687d734225fe7a1d632bf
/home/ali/projects/RoboLab/output/v1_cosmos_vague/RubiksCubeLeftOfBowlMatchedTask/predicted_chunks/episode_009/chunk_001/metadata.json,853,7319a37a1b602fbb5ab3eb8b6bfeb983263afa8b11416e45f09b6b8c654c134d
/home/ali/projects/RoboLab/output/v1_cosmos_vague/RubiksCubeLeftOfBowlMatchedTask/predicted_chunks/episode_009/chunk_002/action.npy,1152,29411d9cc67fb9941ba9e23d607c070bbce50526a7e7a8496a6d4f104a5bc1fb
/home/ali/projects/RoboLab/output/v1_cosmos_vague/RubiksCubeLeftOfBowlMatchedTask/predicted_chunks/episode_009/chunk_002/conditioning.png,545290,c2b36c2a36668741ed9f96b43b6c651796294c6ab417f60284c5e87e1bd54c57
/home/ali/projects/RoboLab/output/v1_cosmos_vague/RubiksCubeLeftOfBowlMatchedTask/predicted_chunks/episode_009/chunk_002/future.mp4,440852,1ef6c9be93d8803823a07067fce5b5f39466df4063a6a76d672892e645664357
/home/ali/projects/RoboLab/output/v1_cosmos_vague/RubiksCubeLeftOfBowlMatchedTask/predicted_chunks/episode_009/chunk_002/metadata.json,850,60778cab8957b8a4b6fd0525a6f41a70c897feb2894a918dfe3fdaf04cad0249
/home/ali/projects/RoboLab/output/v1_cosmos_vague/RubiksCubeLeftOfBowlMatchedTask/predicted_chunks/episode_009/chunk_003/action.npy,1152,318b3d9c1df0351b75ecde68df7642eaf26f2c411932a5bd2348d5d19e4c0a7c
/home/ali/projects/RoboLab/output/v1_cosmos_vague/RubiksCubeLeftOfBowlMatchedTask/predicted_chunks/episode_009/chunk_003/conditioning.png,573539,d580d7ea365dcb1ba5b628a319155958fabfb7292cbda28b9e120dab9f1f17a9
/home/ali/projects/RoboLab/output/v1_cosmos_vague/RubiksCubeLeftOfBowlMatchedTask/predicted_chunks/episode_009/chunk_003/future.mp4,379638,d47669f09481848488165db4bb6571ec9edd2f9d46bfb2302dc592e89dc0be5d
/home/ali/projects/RoboLab/output/v1_cosmos_vague/RubiksCubeLeftOfBowlMatchedTask/predicted_chunks/episode_009/chunk_003/metadata.json,834,6b31b8e8db5029eda18dc43a7c4c80d7e672edabe5184580f9370208e628fb4c
/home/ali/projects/RoboLab/output/v1_cosmos_vague/RubiksCubeLeftOfBowlMatchedTask/predicted_chunks/episode_009/chunk_004/action.npy,1152,081af31ce377499320ac84469501e1822fec7e5ee89021005b674e77e8207ca3
/home/ali/projects/RoboLab/output/v1_cosmos_vague/RubiksCubeLeftOfBowlMatchedTask/predicted_chunks/episode_009/chunk_004/conditioning.png,574117,9bad4c116f148a3b2b38f31695dfefca1edb522d1bd5d6c415f551a0e5402c0f
/home/ali/projects/RoboLab/output/v1_cosmos_vague/RubiksCubeLeftOfBowlMatchedTask/predicted_chunks/episode_009/chunk_004/future.mp4,413305,a4336788db578981195c53321ff0473fc6b136001135788ba9d2a7e1b64ba2e9
/home/ali/projects/RoboLab/output/v1_cosmos_vague/RubiksCubeLeftOfBowlMatchedTask/predicted_chunks/episode_009/chunk_004/metadata.json,832,094de2156e8c3fa4955d480a8d3ef04031637722e52193186e3303cce344b862
/home/ali/projects/RoboLab/output/v1_cosmos_vague/RubiksCubeLeftOfBowlMatchedTask/predicted_chunks/episode_009/chunk_005/action.npy,1152,8e272f3ae2dcb05fc11f5ac9ee0691b218750879bb47600930f6360150936330
/home/ali/projects/RoboLab/output/v1_cosmos_vague/RubiksCubeLeftOfBowlMatchedTask/predicted_chunks/episode_009/chunk_005/conditioning.png,560754,1549a8a6ae985d7fd12a08d77a06cf62f2ec59e270db65ed220c48145ceabcb7
/home/ali/projects/RoboLab/output/v1_cosmos_vague/RubiksCubeLeftOfBowlMatchedTask/predicted_chunks/episode_009/chunk_005/future.mp4,476598,b33ff6ab1dcd2c5a6dcfd8118d714b60a11d8d349049e6437f634bb8ace51afe
/home/ali/projects/RoboLab/output/v1_cosmos_vague/RubiksCubeLeftOfBowlMatchedTask/predicted_chunks/episode_009/chunk_005/metadata.json,853,f77cf1af4a0628fd50c79634253f459dcb864a1a63c79b53b98800786f9fc76d
/home/ali/projects/RoboLab/output/v1_cosmos_vague/RubiksCubeLeftOfBowlMatchedTask/predicted_chunks/episode_009/chunk_006/action.npy,1152,0a95996e25ba3f16b17ce9be13a786946f0e626a44f64608152cd4b31196f783
/home/ali/projects/RoboLab/output/v1_cosmos_vague/RubiksCubeLeftOfBowlMatchedTask/predicted_chunks/episode_009/chunk_006/conditioning.png,535345,d374050ddfa0b168b5b64407f2e63132607e92cf4c51526365e8d8313e7ebfc1
/home/ali/projects/RoboLab/output/v1_cosmos_vague/RubiksCubeLeftOfBowlMatchedTask/predicted_chunks/episode_009/chunk_006/future.mp4,368482,2640cd53c0c84a9cad60216c8045dac2c28f4e5388202e3030c14cc51fef2ade
/home/ali/projects/RoboLab/output/v1_cosmos_vague/RubiksCubeLeftOfBowlMatchedTask/predicted_chunks/episode_009/chunk_006/metadata.json,833,715d97facad098d5988b7e71cea21284408364e06b3889b2da5b268620d9793c
/home/ali/projects/RoboLab/output/v1_cosmos_vague/RubiksCubeLeftOfBowlMatchedTask/predicted_chunks/episode_009/chunk_007/action.npy,1152,3b48ef407c17795c79c85200d69b9c29b4d1d34b790517b256d8af72d3666ae8
/home/ali/projects/RoboLab/output/v1_cosmos_vague/RubiksCubeLeftOfBowlMatchedTask/predicted_chunks/episode_009/chunk_007/conditioning.png,543043,84a05c0eb22f766fb405d057f471c0ffd4cea172eaa6bb4c3e584dda734820eb
/home/ali/projects/RoboLab/output/v1_cosmos_vague/RubiksCubeLeftOfBowlMatchedTask/predicted_chunks/episode_009/chunk_007/future.mp4,374573,dbe456f1aaee90e3a165a06502c87c7d7e430e43858144361d6e5bad726e66cd
/home/ali/projects/RoboLab/output/v1_cosmos_vague/RubiksCubeLeftOfBowlMatchedTask/predicted_chunks/episode_009/chunk_007/metadata.json,851,0edbb709b471bc401a28501bae2a95922466caa750ab72752080f06779966882
/home/ali/projects/RoboLab/output/v1_cosmos_vague/RubiksCubeLeftOfBowlMatchedTask/predicted_chunks/episode_009/chunk_008/action.npy,1152,a52f5215ae841460904060ff66920ce24513672d7851798a00e86e8a2f387ee0
/home/ali/projects/RoboLab/output/v1_cosmos_vague/RubiksCubeLeftOfBowlMatchedTask/predicted_chunks/episode_009/chunk_008/conditioning.png,548880,397a6e7534e3507910aa7e4a7fafdbbe984ba7fc829d3489de8da4c937700ea7
/home/ali/projects/RoboLab/output/v1_cosmos_vague/RubiksCubeLeftOfBowlMatchedTask/predicted_chunks/episode_009/chunk_008/future.mp4,366230,6b2082b76f5967481f7a08a9fa4f0183c717db8dd3e746e1a0937388f229a14b
/home/ali/projects/RoboLab/output/v1_cosmos_vague/RubiksCubeLeftOfBowlMatchedTask/predicted_chunks/episode_009/chunk_008/metadata.json,829,c97bd1ff5490d5b3baa86f15872058d50dda52988d28696372cadad9ed4ab872
/home/ali/projects/RoboLab/output/v1_cosmos_vague/RubiksCubeLeftOfBowlMatchedTask/predicted_chunks/episode_009/chunk_009/action.npy,1152,51e29492f5d195865acd7cb48cf4063737d8af4dbaf2fd0421e172941821da55
/home/ali/projects/RoboLab/output/v1_cosmos_vague/RubiksCubeLeftOfBowlMatchedTask/predicted_chunks/episode_009/chunk_009/conditioning.png,553089,2c65c6442e60c954f2953d09b4572b73c24d7cf3f68e8d5f2e193d767bb1ecd4
/home/ali/projects/RoboLab/output/v1_cosmos_vague/RubiksCubeLeftOfBowlMatchedTask/predicted_chunks/episode_009/chunk_009/future.mp4,385322,9177f2cd9b77b945377052c0e89985bb2b7372876a7678ccc534f501dd0d6f43
/home/ali/projects/RoboLab/output/v1_cosmos_vague/RubiksCubeLeftOfBowlMatchedTask/predicted_chunks/episode_009/chunk_009/metadata.json,849,3b5526609fb3ae636c4c8444a5fec47c201ac6aaff4e58f670ef81f2e7efb437
/home/ali/projects/RoboLab/output/v1_cosmos_vague/RubiksCubeLeftOfBowlMatchedTask/predicted_chunks/episode_009/chunk_010/action.npy,1152,a3a1f745ae31d6516c813094375be44066f147359348a53263d0fbe39cd8544d
/home/ali/projects/RoboLab/output/v1_cosmos_vague/RubiksCubeLeftOfBowlMatchedTask/predicted_chunks/episode_009/chunk_010/conditioning.png,553813,a4c3f9dd6403d53c91b018e01dd74f19c90b22b199497d545f375de1acfdf611
/home/ali/projects/RoboLab/output/v1_cosmos_vague/RubiksCubeLeftOfBowlMatchedTask/predicted_chunks/episode_009/chunk_010/future.mp4,362145,103e86cf9d494f483085fb3260a03f81f2f4ba32ea46baef1bf432663d9626e2
/home/ali/projects/RoboLab/output/v1_cosmos_vague/RubiksCubeLeftOfBowlMatchedTask/predicted_chunks/episode_009/chunk_010/metadata.json,852,031d105397508595ebca73c9bc9d310a4832242407aa11b5bc31a49bab741610
/home/ali/projects/RoboLab/output/v1_cosmos_vague/RubiksCubeLeftOfBowlMatchedTask/predicted_chunks/episode_009/chunk_011/action.npy,1152,c54dde91b4401e686c38f17373d18b5dc3d48317f7265caba1e65af320713ddb
/home/ali/projects/RoboLab/output/v1_cosmos_vague/RubiksCubeLeftOfBowlMatchedTask/predicted_chunks/episode_009/chunk_011/conditioning.png,561844,90be54196523360d3e431a8a5fdced7536272975662bb1cb1b4aebb088388c04
/home/ali/projects/RoboLab/output/v1_cosmos_vague/RubiksCubeLeftOfBowlMatchedTask/predicted_chunks/episode_009/chunk_011/future.mp4,408730,27fa909b4122d86366388488a2807bb4fb6cf05b16c0f350672fe841edc820c6
/home/ali/projects/RoboLab/output/v1_cosmos_vague/RubiksCubeLeftOfBowlMatchedTask/predicted_chunks/episode_009/chunk_011/metadata.json,848,598b268064dd43a4d8d134336414789c1e7dcd13694d5da65b8e04b711b8502a
/home/ali/projects/RoboLab/output/v1_cosmos_vague/RubiksCubeLeftOfBowlMatchedTask/predicted_chunks/episode_009/chunk_012/action.npy,1152,8d555d10a2c4ffb1322e086c1d6cc23ae88043e3bfd5c5fad903085ee70709ae
/home/ali/projects/RoboLab/output/v1_cosmos_vague/RubiksCubeLeftOfBowlMatchedTask/predicted_chunks/episode_009/chunk_012/conditioning.png,554613,8f609980b68e7ad5e6757c3fb1b82172791849cedac986e68aff007f6331000b
/home/ali/projects/RoboLab/output/v1_cosmos_vague/RubiksCubeLeftOfBowlMatchedTask/predicted_chunks/episode_009/chunk_012/future.mp4,394809,f9e7f24c82f0f9212db4797f6987939974aacaa23e585615165817da7383ac16
/home/ali/projects/RoboLab/output/v1_cosmos_vague/RubiksCubeLeftOfBowlMatchedTask/predicted_chunks/episode_009/chunk_012/metadata.json,852,924d1bfb77f035a99e21014fc76a4715da8c3ae715da113566a71831cc0ad70f
/home/ali/projects/RoboLab/output/v1_cosmos_vague/RubiksCubeLeftOfBowlMatchedTask/predicted_chunks/episode_009/chunk_013/action.npy,1152,7bfa7e3b334b8f27e74be940fd186aa0e9c6b8a27fc466eca0b7f153464c86fb
/home/ali/projects/RoboLab/output/v1_cosmos_vague/RubiksCubeLeftOfBowlMatchedTask/predicted_chunks/episode_009/chunk_013/conditioning.png,533550,8fae02b7e4fdc4084507fc798cdef720c8c6418f06d8f0c511a50b3a45fd8e7d
/home/ali/projects/RoboLab/output/v1_cosmos_vague/RubiksCubeLeftOfBowlMatchedTask/predicted_chunks/episode_009/chunk_013/future.mp4,434810,ca5238039f61b331648f9dad94330cf02418b5aa6290cbc248b4e8291d01b163
/home/ali/projects/RoboLab/output/v1_cosmos_vague/RubiksCubeLeftOfBowlMatchedTask/predicted_chunks/episode_009/chunk_013/metadata.json,836,5b837bccc808b72876fd547d0e885008cac524d630a4020a3a65619f736e2e81
/home/ali/projects/RoboLab/output/v1_cosmos_vague/RubiksCubeLeftOfBowlMatchedTask/predicted_chunks/episode_009/chunk_014/action.npy,1152,62c25ac64f98162111690878276d90f7a1f91a81cf9e2598f2192fd4f512b0ac
/home/ali/projects/RoboLab/output/v1_cosmos_vague/RubiksCubeLeftOfBowlMatchedTask/predicted_chunks/episode_009/chunk_014/conditioning.png,541842,0587a5adb2476bbb8e2463c3958bed58c1758047b1910c3ab0551fa1c654111e
/home/ali/projects/RoboLab/output/v1_cosmos_vague/RubiksCubeLeftOfBowlMatchedTask/predicted_chunks/episode_009/chunk_014/future.mp4,369993,a574fb1c29580eafd8ef3147e8e29dc5f992b75ddeafb78d33f613239deaaabd
/home/ali/projects/RoboLab/output/v1_cosmos_vague/RubiksCubeLeftOfBowlMatchedTask/predicted_chunks/episode_009/chunk_014/metadata.json,833,ff116832b20df586ff4b65f50717fedb4d4608cede535bd191ca68595ec6da68
/home/ali/projects/RoboLab/output/v1_cosmos_vague/RubiksCubeLeftOfBowlMatchedTask/predicted_chunks/manifest.jsonl,90228,10c67436b5e060c92cfaf44d92f7d5b99a663e3f3ee2889a724bcfad5a08c47e
/home/ali/projects/RoboLab/output/v1_cosmos_vague/RubiksCubeLeftOfBowlMatchedTask/run_0.hdf5,336635,08326b0e6ceecf86494c7417c0e88fda20f5cd4514cfb9f6e9a36d237549f11a
/home/ali/projects/RoboLab/output/v1_cosmos_vague/RubiksCubeLeftOfBowlMatchedTask/run_1.hdf5,308275,6aa84547963ac61c0133a18412961b6ca5dc37b57e0803e140c7ea49d5bb46e7
/home/ali/projects/RoboLab/output/v1_cosmos_vague/RubiksCubeLeftOfBowlMatchedTask/run_2.hdf5,228012,2f2da8936cf63650d102ca00150479aa7aab43ff968a98d7d0949e47f2b9f224
/home/ali/projects/RoboLab/output/v1_cosmos_vague/RubiksCubeLeftOfBowlMatchedTask/run_3.hdf5,345159,5b8b0fc3a46fa4c19506e4483b24648d8c10236102dcb4e5bb6707902884f84b
/home/ali/projects/RoboLab/output/v1_cosmos_vague/RubiksCubeLeftOfBowlMatchedTask/run_4.hdf5,345420,c85f46cce9b180b465ec29b54087012d81a50db6ad2f04c50a0e8a9178e739cf
/home/ali/projects/RoboLab/output/v1_cosmos_vague/RubiksCubeLeftOfBowlMatchedTask/run_5.hdf5,236261,08a05074f2ab596a58b68130c2057241e6cdfcc6befb7e880de05b24e23fc453
/home/ali/projects/RoboLab/output/v1_cosmos_vague/RubiksCubeLeftOfBowlMatchedTask/run_6.hdf5,344271,f25dffa4230b6ae51fd79c4b793caf5de0afa95557075ee24dc2ab38c20e0c90
/home/ali/projects/RoboLab/output/v1_cosmos_vague/RubiksCubeLeftOfBowlMatchedTask/run_7.hdf5,339040,b77c4527c624ff2cf5423d1e77d0b793731ce665f89100a92884aaa295d40f3d
/home/ali/projects/RoboLab/output/v1_cosmos_vague/RubiksCubeLeftOfBowlMatchedTask/run_8.hdf5,344936,cb201c9eb565342e9e79f5b11346ccd9685ab562c1c43aa9506a9acc9f07185f
/home/ali/projects/RoboLab/output/v1_cosmos_vague/RubiksCubeLeftOfBowlMatchedTask/run_9.hdf5,347631,9a6abf081e51af239ff714e41c17fa990a2e6b97b91b468c25d47d33019d3d5d
/home/ali/projects/RoboLab/output/v1_cosmos_vague/RubiksCubeRightOfBowlMatchedTask/env_cfg.json,43171,99461dc29a1ae92ebe7ca778ef22dd3bed0b33d455e8b7b8f04fb25b048a3ba8
/home/ali/projects/RoboLab/output/v1_cosmos_vague/RubiksCubeRightOfBowlMatchedTask/log_0_env0.json,1906,1cbd7cad555681d1ea1a795c90f323baa21f1a30bb856c9b85e373f9ff314c6f
/home/ali/projects/RoboLab/output/v1_cosmos_vague/RubiksCubeRightOfBowlMatchedTask/log_1_env0.json,1865,edede5a838928777bc3638f572e8ff4859f336ac5fe7072c55638fcfdec0d636
/home/ali/projects/RoboLab/output/v1_cosmos_vague/RubiksCubeRightOfBowlMatchedTask/log_2_env0.json,1197,9a6dffafad98f510e73cfa413fd622b39ea4b7cf1aaae611a55b60cb56d69ef7
/home/ali/projects/RoboLab/output/v1_cosmos_vague/RubiksCubeRightOfBowlMatchedTask/log_3_env0.json,1591,1f1a94aa35ddb99a191fcca713377471e27c34c986d76e6b3e21a1faa3e48a99
/home/ali/projects/RoboLab/output/v1_cosmos_vague/RubiksCubeRightOfBowlMatchedTask/log_4_env0.json,2817,9f90319650c79663ba6a65623b8a58970089114e8bf6372c433b778d48a916a5
/home/ali/projects/RoboLab/output/v1_cosmos_vague/RubiksCubeRightOfBowlMatchedTask/log_5_env0.json,1453,5f5c87f6b997147bae2432e828159540feadc768a4fe23b7d7276c2ea19b07dc
/home/ali/projects/RoboLab/output/v1_cosmos_vague/RubiksCubeRightOfBowlMatchedTask/log_6_env0.json,1438,86232876112569f1e9eea8438b66dd53bb32e947693ca8f7557ef8326448c40e
/home/ali/projects/RoboLab/output/v1_cosmos_vague/RubiksCubeRightOfBowlMatchedTask/log_7_env0.json,1197,875b38374af1836cb5a764b692b14c860e57a93890197539f61b07e3d49403d9
/home/ali/projects/RoboLab/output/v1_cosmos_vague/RubiksCubeRightOfBowlMatchedTask/log_8_env0.json,1574,e9ee33ee832a402928678ada71ce2b37db7cc65beb0140f757e578af1748bf95
/home/ali/projects/RoboLab/output/v1_cosmos_vague/RubiksCubeRightOfBowlMatchedTask/log_9_env0.json,2602,f65f52fd3ec9e2e95ca37517775b3fbc13d23b544f60464c071c7c6f06e0b68e
/home/ali/projects/RoboLab/output/v1_cosmos_vague/RubiksCubeRightOfBowlMatchedTask/predicted_chunks/episode_000/chunk_000/action.npy,1152,96bbf44a05adfec9bb779ef102b757edca7bf75f3252eff8a86b47c9f965ea1e
/home/ali/projects/RoboLab/output/v1_cosmos_vague/RubiksCubeRightOfBowlMatchedTask/predicted_chunks/episode_000/chunk_000/conditioning.png,579369,0a824f182a2cb238e996bcbe1754a2437879c98381ea57eb0db4f717890b2744
/home/ali/projects/RoboLab/output/v1_cosmos_vague/RubiksCubeRightOfBowlMatchedTask/predicted_chunks/episode_000/chunk_000/future.mp4,536239,558022b2faf71f99a8a54451180c75bf24d8cdc1028c829941e718b3dc3b6cb1
/home/ali/projects/RoboLab/output/v1_cosmos_vague/RubiksCubeRightOfBowlMatchedTask/predicted_chunks/episode_000/chunk_000/metadata.json,768,3406d39c997d6c5b0de5828bf5a4eef0f8b9b32493397f844e899a4407ed6dda
/home/ali/projects/RoboLab/output/v1_cosmos_vague/RubiksCubeRightOfBowlMatchedTask/predicted_chunks/episode_000/chunk_001/action.npy,1152,79bd4d0e8b078d78acd3b9e6954e9887988ebc929ce02e5c73ecdae2f417b0fa
/home/ali/projects/RoboLab/output/v1_cosmos_vague/RubiksCubeRightOfBowlMatchedTask/predicted_chunks/episode_000/chunk_001/conditioning.png,540297,ffdaae7a077ee06c2177edfcf2ccf7c877f5532fd3d9fd11faa34a47a66adb06
/home/ali/projects/RoboLab/output/v1_cosmos_vague/RubiksCubeRightOfBowlMatchedTask/predicted_chunks/episode_000/chunk_001/future.mp4,457181,b90240c2fa73f45b589b86ea9f4d2408f67bbd57d113299ab8907ae192ac71f0
/home/ali/projects/RoboLab/output/v1_cosmos_vague/RubiksCubeRightOfBowlMatchedTask/predicted_chunks/episode_000/chunk_001/metadata.json,850,1aff1eab997b47d2e8848844a015df5e287ac0a27f0caeb13aef11fbab2f0d53
/home/ali/projects/RoboLab/output/v1_cosmos_vague/RubiksCubeRightOfBowlMatchedTask/predicted_chunks/episode_000/chunk_002/action.npy,1152,80d45b146530b1e6da47f63019610589f383b3c074f98553bdef70fffcd91957
/home/ali/projects/RoboLab/output/v1_cosmos_vague/RubiksCubeRightOfBowlMatchedTask/predicted_chunks/episode_000/chunk_002/conditioning.png,553847,95a0087c79c2b4b85167e3ca3586cf0fcab0228ff67d8df748af81888c179484
/home/ali/projects/RoboLab/output/v1_cosmos_vague/RubiksCubeRightOfBowlMatchedTask/predicted_chunks/episode_000/chunk_002/future.mp4,470488,b049ddbbf27455243dc428d92e24997df027b34fad3a26285120141099f9355e
/home/ali/projects/RoboLab/output/v1_cosmos_vague/RubiksCubeRightOfBowlMatchedTask/predicted_chunks/episode_000/chunk_002/metadata.json,852,5c68cb1ae062e000ce05bb3b68207fcc1ea88c217fa67c838449b15b8a072876
/home/ali/projects/RoboLab/output/v1_cosmos_vague/RubiksCubeRightOfBowlMatchedTask/predicted_chunks/episode_000/chunk_003/action.npy,1152,c0a401bd4e71faec573d570f3f33b3dc7d695bf47192e7b9d5e36979ed4f3cd5
/home/ali/projects/RoboLab/output/v1_cosmos_vague/RubiksCubeRightOfBowlMatchedTask/predicted_chunks/episode_000/chunk_003/conditioning.png,562549,eac9a8ee0185cebdfe8c43984d12a8acdcbdac0d7a87fd3ff6da43814908fb92
/home/ali/projects/RoboLab/output/v1_cosmos_vague/RubiksCubeRightOfBowlMatchedTask/predicted_chunks/episode_000/chunk_003/future.mp4,550514,c8e7491105b4d317f4940e9bd4b960ec0897d5783233981c8a584b4a6a98afb2
/home/ali/projects/RoboLab/output/v1_cosmos_vague/RubiksCubeRightOfBowlMatchedTask/predicted_chunks/episode_000/chunk_003/metadata.json,851,d93aa8efdaaa2fd4e2ac584164fa9247854d6c6fe48e45dec93ee16d0c26cfe2
/home/ali/projects/RoboLab/output/v1_cosmos_vague/RubiksCubeRightOfBowlMatchedTask/predicted_chunks/episode_000/chunk_004/action.npy,1152,5e733e86efd2959b3c6afaa171b789869b35b8f08c9e1ad1ad815adb782662b3
/home/ali/projects/RoboLab/output/v1_cosmos_vague/RubiksCubeRightOfBowlMatchedTask/predicted_chunks/episode_000/chunk_004/conditioning.png,498354,23c47469df68d083fe3451c43313301b6913c403b76a00a36ccc7941ceeb42e7
/home/ali/projects/RoboLab/output/v1_cosmos_vague/RubiksCubeRightOfBowlMatchedTask/predicted_chunks/episode_000/chunk_004/future.mp4,368461,4a8ae6b76837908cb07b7875685468e21abbfba509fca0680936b5236650bfc1
/home/ali/projects/RoboLab/output/v1_cosmos_vague/RubiksCubeRightOfBowlMatchedTask/predicted_chunks/episode_000/chunk_004/metadata.json,847,dbb97249f14ca7b9754dd6601ee602177cb8fc4116fec4ff2d4649c52a6d0c2c
/home/ali/projects/RoboLab/output/v1_cosmos_vague/RubiksCubeRightOfBowlMatchedTask/predicted_chunks/episode_001/chunk_000/action.npy,1152,8e5f63c38926b02c41ea31e7f855d8fd61c43e3562270a9c26edcb85555a35dc
/home/ali/projects/RoboLab/output/v1_cosmos_vague/RubiksCubeRightOfBowlMatchedTask/predicted_chunks/episode_001/chunk_000/conditioning.png,577400,9e246a657641a080db3f3a82c1a594a585c3f725fb684b0ead6f76e601f6cd27
/home/ali/projects/RoboLab/output/v1_cosmos_vague/RubiksCubeRightOfBowlMatchedTask/predicted_chunks/episode_001/chunk_000/future.mp4,500935,c1415e5d84504dec4afabdea13ec1efb8c0a57744f4b4b124c7814b5a6d580e2
/home/ali/projects/RoboLab/output/v1_cosmos_vague/RubiksCubeRightOfBowlMatchedTask/predicted_chunks/episode_001/chunk_000/metadata.json,768,4b5510b8308afd24aa0488751787441d746bbd2ea02712a536b7521b6298e1ec
/home/ali/projects/RoboLab/output/v1_cosmos_vague/RubiksCubeRightOfBowlMatchedTask/predicted_chunks/episode_001/chunk_001/action.npy,1152,1184b955b1567d49816406e31a35da877213844cd6fd838800361a43cda57a75
/home/ali/projects/RoboLab/output/v1_cosmos_vague/RubiksCubeRightOfBowlMatchedTask/predicted_chunks/episode_001/chunk_001/conditioning.png,551745,86098d6c87c5e2bba278ce5bf08145a147db4d2ef16bdfb6aa71c346aaebc044
/home/ali/projects/RoboLab/output/v1_cosmos_vague/RubiksCubeRightOfBowlMatchedTask/predicted_chunks/episode_001/chunk_001/future.mp4,398239,38e8818a5d3d5f7ec77f1963a0f6a20062ad6b0a1fec43cf8e686f6a90792bae
/home/ali/projects/RoboLab/output/v1_cosmos_vague/RubiksCubeRightOfBowlMatchedTask/predicted_chunks/episode_001/chunk_001/metadata.json,855,656e387f653342db219cb226285c1fcb27eb82eb805c7c0050406453bb499f93
/home/ali/projects/RoboLab/output/v1_cosmos_vague/RubiksCubeRightOfBowlMatchedTask/predicted_chunks/episode_001/chunk_002/action.npy,1152,06115f0381fe5082a9a34f1b0c614b838df9daef5a1a67daf3d23f3e9f8e3c46
/home/ali/projects/RoboLab/output/v1_cosmos_vague/RubiksCubeRightOfBowlMatchedTask/predicted_chunks/episode_001/chunk_002/conditioning.png,521604,d6195b27ef0437520330950d6c02e4d58f431285edb43910824d90e3a35640b4
/home/ali/projects/RoboLab/output/v1_cosmos_vague/RubiksCubeRightOfBowlMatchedTask/predicted_chunks/episode_001/chunk_002/future.mp4,429294,b9a8f5af985a863630ee709474d971fc844946f449cb2cb54b33b1bc7d721942
/home/ali/projects/RoboLab/output/v1_cosmos_vague/RubiksCubeRightOfBowlMatchedTask/predicted_chunks/episode_001/chunk_002/metadata.json,851,99fe83e614580407abd8cc4af0b723e72141ed173cdacaaddf9750d9a32335f5
/home/ali/projects/RoboLab/output/v1_cosmos_vague/RubiksCubeRightOfBowlMatchedTask/predicted_chunks/episode_001/chunk_003/action.npy,1152,c155e246a2f5958d328d4064ae14213dd9ccd3e13533a8a5d3215915b4dcdfe8
/home/ali/projects/RoboLab/output/v1_cosmos_vague/RubiksCubeRightOfBowlMatchedTask/predicted_chunks/episode_001/chunk_003/conditioning.png,519381,bfbff1d3e4add9486c9f9bc51856eda382a57e483db34764c7caebf2529ab686
/home/ali/projects/RoboLab/output/v1_cosmos_vague/RubiksCubeRightOfBowlMatchedTask/predicted_chunks/episode_001/chunk_003/future.mp4,519178,265391320bd421f81754b78b3fdd2c7a71f17dd46c81fcb3c17fa39ff720773f
/home/ali/projects/RoboLab/output/v1_cosmos_vague/RubiksCubeRightOfBowlMatchedTask/predicted_chunks/episode_001/chunk_003/metadata.json,850,4d4f9af47b80c28ab84b7f8d8ce73b7e2d46d72a3c425722f31d5cdecc065566
/home/ali/projects/RoboLab/output/v1_cosmos_vague/RubiksCubeRightOfBowlMatchedTask/predicted_chunks/episode_001/chunk_004/action.npy,1152,d149b99cf7ab6892cdb9866d69b31dfeb7ffd0c2ef6253b025c9e624c1ed950c
/home/ali/projects/RoboLab/output/v1_cosmos_vague/RubiksCubeRightOfBowlMatchedTask/predicted_chunks/episode_001/chunk_004/conditioning.png,557052,4c3d984acdd5983965f084c674a6fded4a59560657cab4237c80507364c49370
/home/ali/projects/RoboLab/output/v1_cosmos_vague/RubiksCubeRightOfBowlMatchedTask/predicted_chunks/episode_001/chunk_004/future.mp4,534804,88b394f7baf49f3f3b97de9ae1cc47c123380f005e61e0726a8bdaf0c9d05d54
/home/ali/projects/RoboLab/output/v1_cosmos_vague/RubiksCubeRightOfBowlMatchedTask/predicted_chunks/episode_001/chunk_004/metadata.json,853,7b22c5254670e138343f65de9455bf10dea26fa6985f200ad303f3e96188b862
/home/ali/projects/RoboLab/output/v1_cosmos_vague/RubiksCubeRightOfBowlMatchedTask/predicted_chunks/episode_001/chunk_005/action.npy,1152,0be94d0cd7dea627e9cf38dc4061d9a981086fabf13d41569eb46777619ce708
/home/ali/projects/RoboLab/output/v1_cosmos_vague/RubiksCubeRightOfBowlMatchedTask/predicted_chunks/episode_001/chunk_005/conditioning.png,494653,51a7e4a43b815a0bf54cf98917f3f9784c6dc20f215e5d0eac113af6f09a1f1c
/home/ali/projects/RoboLab/output/v1_cosmos_vague/RubiksCubeRightOfBowlMatchedTask/predicted_chunks/episode_001/chunk_005/future.mp4,458843,a3fd69806ad5a2e4a66412655ab95b4a1eea61b99450c412c01eb95e3aa7194f
/home/ali/projects/RoboLab/output/v1_cosmos_vague/RubiksCubeRightOfBowlMatchedTask/predicted_chunks/episode_001/chunk_005/metadata.json,848,37b19e27ad3abc6ad72c283792f2e5380d38d7de41b8ec75ad2ca992455e147c
/home/ali/projects/RoboLab/output/v1_cosmos_vague/RubiksCubeRightOfBowlMatchedTask/predicted_chunks/episode_002/chunk_000/action.npy,1152,7a2b4a805438fdab36adf3acd4131889dad061ef101a7a30a257d0ac0d374b4d
/home/ali/projects/RoboLab/output/v1_cosmos_vague/RubiksCubeRightOfBowlMatchedTask/predicted_chunks/episode_002/chunk_000/conditioning.png,580985,e04f83b3f09ccf16f6b8c8d6f5a907585bf95486a05022831b39404cd5ef0494
/home/ali/projects/RoboLab/output/v1_cosmos_vague/RubiksCubeRightOfBowlMatchedTask/predicted_chunks/episode_002/chunk_000/future.mp4,506378,296f625b1587e28667c70ad33bc2fd7557a9ad7074418d81f9444c43346bdfb6
/home/ali/projects/RoboLab/output/v1_cosmos_vague/RubiksCubeRightOfBowlMatchedTask/predicted_chunks/episode_002/chunk_000/metadata.json,768,d4d99ef02c5132695112c5d96ed2e0786b29bcf718407f5ae1b868ad23ce2ab5
/home/ali/projects/RoboLab/output/v1_cosmos_vague/RubiksCubeRightOfBowlMatchedTask/predicted_chunks/episode_002/chunk_001/action.npy,1152,6659acb97e7daf77c27f7991d4d1d9474ebd8009bf678697c5bf26d1c5f3dc07
/home/ali/projects/RoboLab/output/v1_cosmos_vague/RubiksCubeRightOfBowlMatchedTask/predicted_chunks/episode_002/chunk_001/conditioning.png,561993,5f3892d34653c7d81f07309b83a7c4f85eadd997afbe6e81aa7411e9fb76ae27
/home/ali/projects/RoboLab/output/v1_cosmos_vague/RubiksCubeRightOfBowlMatchedTask/predicted_chunks/episode_002/chunk_001/future.mp4,422160,352bd52409f571d224e18ce603a5f8d9469d813c682bc3a292cabaf14a40a48f
/home/ali/projects/RoboLab/output/v1_cosmos_vague/RubiksCubeRightOfBowlMatchedTask/predicted_chunks/episode_002/chunk_001/metadata.json,852,7fbd767582e3e626c34a5c08c315684e616fe29c07ae724f6b0a32afff6b9512
/home/ali/projects/RoboLab/output/v1_cosmos_vague/RubiksCubeRightOfBowlMatchedTask/predicted_chunks/episode_002/chunk_002/action.npy,1152,25b7a32dbaa36acc78e373f89af64f9600f32288f3f26bd0639477a0be088bb6
/home/ali/projects/RoboLab/output/v1_cosmos_vague/RubiksCubeRightOfBowlMatchedTask/predicted_chunks/episode_002/chunk_002/conditioning.png,539617,d54ac0cc99cfb49e19906a4459d0f25a5e04463221542f8c8162f2b1bbeae396
/home/ali/projects/RoboLab/output/v1_cosmos_vague/RubiksCubeRightOfBowlMatchedTask/predicted_chunks/episode_002/chunk_002/future.mp4,401804,e19364f9c0571ef6d043442014166f72863508357da41fadcc2ce296eb36bdb9
/home/ali/projects/RoboLab/output/v1_cosmos_vague/RubiksCubeRightOfBowlMatchedTask/predicted_chunks/episode_002/chunk_002/metadata.json,852,de48abc8dad7f366cae0c42d0c3a1f7083407fff592d1d777c5c139ebb43eaaf
/home/ali/projects/RoboLab/output/v1_cosmos_vague/RubiksCubeRightOfBowlMatchedTask/predicted_chunks/episode_002/chunk_003/action.npy,1152,301f16daab92c1c46b5ed20d365d2743c06304e4de6ac191c895fa85649187e0
/home/ali/projects/RoboLab/output/v1_cosmos_vague/RubiksCubeRightOfBowlMatchedTask/predicted_chunks/episode_002/chunk_003/conditioning.png,527898,407e98486b0e6e74fa6df6a19c3b31b547b2839053ef8ba6693db9005e3f55b5
/home/ali/projects/RoboLab/output/v1_cosmos_vague/RubiksCubeRightOfBowlMatchedTask/predicted_chunks/episode_002/chunk_003/future.mp4,474289,4be311785ef34738c97d039d47452666b7ce079b9fcf3d7e8daf08d4327de0e4
/home/ali/projects/RoboLab/output/v1_cosmos_vague/RubiksCubeRightOfBowlMatchedTask/predicted_chunks/episode_002/chunk_003/metadata.json,847,e77909055f5507173cc7a038c7d45203aa475709e9fe33399e63e30bb585e23e
/home/ali/projects/RoboLab/output/v1_cosmos_vague/RubiksCubeRightOfBowlMatchedTask/predicted_chunks/episode_002/chunk_004/action.npy,1152,39afdee3a04190caa0567e3cde5efa21c4ac45a1bc5eab5d894c12d84c16824c
/home/ali/projects/RoboLab/output/v1_cosmos_vague/RubiksCubeRightOfBowlMatchedTask/predicted_chunks/episode_002/chunk_004/conditioning.png,573052,eb26123a73ad4c851375be98fef88afd26a528e8af98c9a2c434a7396e7aa135
/home/ali/projects/RoboLab/output/v1_cosmos_vague/RubiksCubeRightOfBowlMatchedTask/predicted_chunks/episode_002/chunk_004/future.mp4,476944,aa9743b7481713815ec134ac05540f2e0d30e416c92f903518bfaf4fd5a4525b
/home/ali/projects/RoboLab/output/v1_cosmos_vague/RubiksCubeRightOfBowlMatchedTask/predicted_chunks/episode_002/chunk_004/metadata.json,852,be06423d36a61bceeff86b84af7f91a3a2059577f7c647b9521b69f380a70703
/home/ali/projects/RoboLab/output/v1_cosmos_vague/RubiksCubeRightOfBowlMatchedTask/predicted_chunks/episode_003/chunk_000/action.npy,1152,9de88a0e00d0f750beafd65065dde2c9dc16af5d663d90c01747d21026caecc9
/home/ali/projects/RoboLab/output/v1_cosmos_vague/RubiksCubeRightOfBowlMatchedTask/predicted_chunks/episode_003/chunk_000/conditioning.png,579149,5cd43cf03079cdc78fc190eee2bd13c574ac9155ee1482236d54e1f93e0ffff4
/home/ali/projects/RoboLab/output/v1_cosmos_vague/RubiksCubeRightOfBowlMatchedTask/predicted_chunks/episode_003/chunk_000/future.mp4,516336,458ca58ff0763398785f22c0443e40f6e9e51b23ebcca4e78a5867e1227dbad5
/home/ali/projects/RoboLab/output/v1_cosmos_vague/RubiksCubeRightOfBowlMatchedTask/predicted_chunks/episode_003/chunk_000/metadata.json,768,e20e583a8175eb5d61b11dee07f4c05c7c0cbd6a3ba3af41e7cd42bcf79bbdec
/home/ali/projects/RoboLab/output/v1_cosmos_vague/RubiksCubeRightOfBowlMatchedTask/predicted_chunks/episode_003/chunk_001/action.npy,1152,9dbb9db6de8a9695ad47358828af470f28eafa030fab1b2aa915840f6184dfd8
/home/ali/projects/RoboLab/output/v1_cosmos_vague/RubiksCubeRightOfBowlMatchedTask/predicted_chunks/episode_003/chunk_001/conditioning.png,562811,fd9c8c02a0b70a4f0cf942c715e900dfec7566bacb73959fa2b854f380b464fd
/home/ali/projects/RoboLab/output/v1_cosmos_vague/RubiksCubeRightOfBowlMatchedTask/predicted_chunks/episode_003/chunk_001/future.mp4,409701,b010941b30fa96df516c7eeb652a3c226fd0295b2fbb864ea25f034b6b8808a7
/home/ali/projects/RoboLab/output/v1_cosmos_vague/RubiksCubeRightOfBowlMatchedTask/predicted_chunks/episode_003/chunk_001/metadata.json,851,e4679685cc8b96f0803ae5d4ae846713a03a484d04fabc7bae8ac98d10a9e97d
/home/ali/projects/RoboLab/output/v1_cosmos_vague/RubiksCubeRightOfBowlMatchedTask/predicted_chunks/episode_003/chunk_002/action.npy,1152,155b16e646d594a4f2c2df1ade56281aea8e7a6e3bad92978988ea269b1b3d5a
/home/ali/projects/RoboLab/output/v1_cosmos_vague/RubiksCubeRightOfBowlMatchedTask/predicted_chunks/episode_003/chunk_002/conditioning.png,548491,9f8e12be680c9893b4cf3e485f4e54de0565b3040ecc29e1d42bc25dcf6eab11
/home/ali/projects/RoboLab/output/v1_cosmos_vague/RubiksCubeRightOfBowlMatchedTask/predicted_chunks/episode_003/chunk_002/future.mp4,389562,398e9f634632c5487fcc71d3abfe2c5a73d4354e7125ef0bd6409bd1c47343a4
/home/ali/projects/RoboLab/output/v1_cosmos_vague/RubiksCubeRightOfBowlMatchedTask/predicted_chunks/episode_003/chunk_002/metadata.json,853,4d00382924876a39dd8770a936d5c2655e452316efbe2323c8eda8bdefde1c46
/home/ali/projects/RoboLab/output/v1_cosmos_vague/RubiksCubeRightOfBowlMatchedTask/predicted_chunks/episode_003/chunk_003/action.npy,1152,2872bb5e212b20f1c42b1dc26c64a2b3d83d638f0a20055d193a4a2e0ae3f938
/home/ali/projects/RoboLab/output/v1_cosmos_vague/RubiksCubeRightOfBowlMatchedTask/predicted_chunks/episode_003/chunk_003/conditioning.png,534112,bb0711c6e2b32c5c4925406865c94b08316ae58601409ab1ac654d1a5ac3e26f
/home/ali/projects/RoboLab/output/v1_cosmos_vague/RubiksCubeRightOfBowlMatchedTask/predicted_chunks/episode_003/chunk_003/future.mp4,408110,8bf3b0c1cbb885a16ca0015179d945006c90cbdae018493ba71e7c5ef6c4cdeb
/home/ali/projects/RoboLab/output/v1_cosmos_vague/RubiksCubeRightOfBowlMatchedTask/predicted_chunks/episode_003/chunk_003/metadata.json,852,268c1f8a39aa50a334bf53b6280c48a4f2c106d6edff722a0ca117c9863a765d
/home/ali/projects/RoboLab/output/v1_cosmos_vague/RubiksCubeRightOfBowlMatchedTask/predicted_chunks/episode_003/chunk_004/action.npy,1152,1afed2150f5530105f54442c6e99a203bb774cb875447832d1f9f965a49dea78
/home/ali/projects/RoboLab/output/v1_cosmos_vague/RubiksCubeRightOfBowlMatchedTask/predicted_chunks/episode_003/chunk_004/conditioning.png,539890,807415b8d6dcdfbb8a58ca12c149bf62db6afee4ffcca49370eaae2df56cebfc
/home/ali/projects/RoboLab/output/v1_cosmos_vague/RubiksCubeRightOfBowlMatchedTask/predicted_chunks/episode_003/chunk_004/future.mp4,429122,71581b012e0979b7826ba0c53fb30eca3d0c2083ec0fc83dc7f0dbc45419ffba
/home/ali/projects/RoboLab/output/v1_cosmos_vague/RubiksCubeRightOfBowlMatchedTask/predicted_chunks/episode_003/chunk_004/metadata.json,833,be3b3ffca59ef00811748f9fc977639bd9e898334ed4f313a985c73635dd402a
/home/ali/projects/RoboLab/output/v1_cosmos_vague/RubiksCubeRightOfBowlMatchedTask/predicted_chunks/episode_003/chunk_005/action.npy,1152,e61219eb4da5b46dceb0156d76f40c11f397fff1bdde587a9506444584d1ee3f
/home/ali/projects/RoboLab/output/v1_cosmos_vague/RubiksCubeRightOfBowlMatchedTask/predicted_chunks/episode_003/chunk_005/conditioning.png,540098,4e9c8a363e72fb69a073c21a8f8a37a965c32f03e0cd2af9a002a2e60ce0140d
/home/ali/projects/RoboLab/output/v1_cosmos_vague/RubiksCubeRightOfBowlMatchedTask/predicted_chunks/episode_003/chunk_005/future.mp4,546840,8bf1ad58def4c321744ccd663da7f93d8a5534f31623d00d54e0949255bc9b54
/home/ali/projects/RoboLab/output/v1_cosmos_vague/RubiksCubeRightOfBowlMatchedTask/predicted_chunks/episode_003/chunk_005/metadata.json,848,ca423a2798768688f4612210639a0a6ec2ed0eddcc70a914dc2f1997ab2a5870
/home/ali/projects/RoboLab/output/v1_cosmos_vague/RubiksCubeRightOfBowlMatchedTask/predicted_chunks/episode_003/chunk_006/action.npy,1152,4f20d81f0791ed7d38b0ab3573ca6755521d06011407e3182dec92ed41f4a501
/home/ali/projects/RoboLab/output/v1_cosmos_vague/RubiksCubeRightOfBowlMatchedTask/predicted_chunks/episode_003/chunk_006/conditioning.png,545836,5de9d06167db18ac7e6ded568974fa1369fdf56a9c272704ce13fb683ed2be5d
/home/ali/projects/RoboLab/output/v1_cosmos_vague/RubiksCubeRightOfBowlMatchedTask/predicted_chunks/episode_003/chunk_006/future.mp4,453500,1e6dc38ec421e949551fe9f25ccc44d016113cb3d943051cc826ce016b4d47e2
/home/ali/projects/RoboLab/output/v1_cosmos_vague/RubiksCubeRightOfBowlMatchedTask/predicted_chunks/episode_003/chunk_006/metadata.json,853,cbe0fba1483268e4ffb7620a41fca212fcc724a6721974709e095f82ff4a00dd
/home/ali/projects/RoboLab/output/v1_cosmos_vague/RubiksCubeRightOfBowlMatchedTask/predicted_chunks/episode_003/chunk_007/action.npy,1152,9db1a9ec6067fd0e4b4c36a487aed35a62d96e906b693c20a30f0ad1d1298957
/home/ali/projects/RoboLab/output/v1_cosmos_vague/RubiksCubeRightOfBowlMatchedTask/predicted_chunks/episode_003/chunk_007/conditioning.png,528502,aedf485031aab8ae2a5092136021e5c9721c6ea9b726f2390cc4999cc7437a1a
/home/ali/projects/RoboLab/output/v1_cosmos_vague/RubiksCubeRightOfBowlMatchedTask/predicted_chunks/episode_003/chunk_007/future.mp4,433569,63c0812f06212bbf4c1943c24ca693ce686b170d6e58520c3cc806a11992d088
/home/ali/projects/RoboLab/output/v1_cosmos_vague/RubiksCubeRightOfBowlMatchedTask/predicted_chunks/episode_003/chunk_007/metadata.json,850,7355a629bf554de7335a06e9fa701cf9a3a60c100ea8af6e74d50d2f5339c1d9
/home/ali/projects/RoboLab/output/v1_cosmos_vague/RubiksCubeRightOfBowlMatchedTask/predicted_chunks/episode_004/chunk_000/action.npy,1152,c81b27f7bbcf588f87c55b69867dfdff3021a66daaa65e9297cfb095afc84c33
/home/ali/projects/RoboLab/output/v1_cosmos_vague/RubiksCubeRightOfBowlMatchedTask/predicted_chunks/episode_004/chunk_000/conditioning.png,575623,5dd1ceb7178732ff52c9ab44512f2e12cd8f3895ae25bf7a2e2852bc58fc0007
/home/ali/projects/RoboLab/output/v1_cosmos_vague/RubiksCubeRightOfBowlMatchedTask/predicted_chunks/episode_004/chunk_000/future.mp4,481415,dcf0f909fb019b1d883a71cde3de1038e1baf01aa753a44b68cad71893ba9e18
/home/ali/projects/RoboLab/output/v1_cosmos_vague/RubiksCubeRightOfBowlMatchedTask/predicted_chunks/episode_004/chunk_000/metadata.json,768,b7da23ccbb47ec220adc8d018645753365d4de61ce83e081ac31268475a7ec85
/home/ali/projects/RoboLab/output/v1_cosmos_vague/RubiksCubeRightOfBowlMatchedTask/predicted_chunks/episode_004/chunk_001/action.npy,1152,4463944274136f78783a027f37ebedfe2b571d1c9f813e640efc881e7ca43cbc
/home/ali/projects/RoboLab/output/v1_cosmos_vague/RubiksCubeRightOfBowlMatchedTask/predicted_chunks/episode_004/chunk_001/conditioning.png,561853,4c400313b3743bccfe519bcb819cbdc743ef0e6d363005188405f88f435cb0bc
/home/ali/projects/RoboLab/output/v1_cosmos_vague/RubiksCubeRightOfBowlMatchedTask/predicted_chunks/episode_004/chunk_001/future.mp4,471639,e53aab87d13da1414663cc4fbbff8a79d1afc6f3ab77b721f74ebf3ba3239fe9
/home/ali/projects/RoboLab/output/v1_cosmos_vague/RubiksCubeRightOfBowlMatchedTask/predicted_chunks/episode_004/chunk_001/metadata.json,852,4303874e1d220f50be5f193df9f62561d7f6827aeee7646e3b626323c10639df
/home/ali/projects/RoboLab/output/v1_cosmos_vague/RubiksCubeRightOfBowlMatchedTask/predicted_chunks/episode_004/chunk_002/action.npy,1152,1fa8864d986af163d88575cb29725dacff0d84b249dc44f0782e92e5bc7b294a
/home/ali/projects/RoboLab/output/v1_cosmos_vague/RubiksCubeRightOfBowlMatchedTask/predicted_chunks/episode_004/chunk_002/conditioning.png,559533,3be00ee16c45ce94f973b79c10511ed4be61194c4671b6e9300d92f3c21d74d1
/home/ali/projects/RoboLab/output/v1_cosmos_vague/RubiksCubeRightOfBowlMatchedTask/predicted_chunks/episode_004/chunk_002/future.mp4,388849,20e4bcbdf6e2a69e75a84a66fefdbbf08194ddf5a66586243005496b5cfab0ff
/home/ali/projects/RoboLab/output/v1_cosmos_vague/RubiksCubeRightOfBowlMatchedTask/predicted_chunks/episode_004/chunk_002/metadata.json,850,c816ed04766e6f60d169cbce3d35f5acbe2a34cb63c7325047d72f166bf36b19
/home/ali/projects/RoboLab/output/v1_cosmos_vague/RubiksCubeRightOfBowlMatchedTask/predicted_chunks/episode_004/chunk_003/action.npy,1152,b2f493a592d65c326f656e6deba8f467c4b39c071990d227253fbd91890a6fdc
/home/ali/projects/RoboLab/output/v1_cosmos_vague/RubiksCubeRightOfBowlMatchedTask/predicted_chunks/episode_004/chunk_003/conditioning.png,543434,8fb5572e48d56cd170281daeb77b58c4611a9998bd05042ac0fc6f586da45c71
/home/ali/projects/RoboLab/output/v1_cosmos_vague/RubiksCubeRightOfBowlMatchedTask/predicted_chunks/episode_004/chunk_003/future.mp4,329409,374477a6f0eebd210a469c896cd7e34bc851381741e224cfa380ada9e0db7775
/home/ali/projects/RoboLab/output/v1_cosmos_vague/RubiksCubeRightOfBowlMatchedTask/predicted_chunks/episode_004/chunk_003/metadata.json,849,c5a8466dcc6117f5c7feee2a1bb2f6c6148d1242a771f64230a9e454c8725693
/home/ali/projects/RoboLab/output/v1_cosmos_vague/RubiksCubeRightOfBowlMatchedTask/predicted_chunks/episode_004/chunk_004/action.npy,1152,7212e531d46a2a2ec7fe362c6b1ec5c8329058ba1e75c96b06e609807477ef3e
/home/ali/projects/RoboLab/output/v1_cosmos_vague/RubiksCubeRightOfBowlMatchedTask/predicted_chunks/episode_004/chunk_004/conditioning.png,557305,a7a11935e96139704b4c9f9aae28333f86e32c055e882b4acad62270795e0eb0
/home/ali/projects/RoboLab/output/v1_cosmos_vague/RubiksCubeRightOfBowlMatchedTask/predicted_chunks/episode_004/chunk_004/future.mp4,354854,f33867f48648960dbf0d1e9668b68b5c40bfe1a3ba97c3adf5678521a16dfe87
/home/ali/projects/RoboLab/output/v1_cosmos_vague/RubiksCubeRightOfBowlMatchedTask/predicted_chunks/episode_004/chunk_004/metadata.json,846,8024c06a64bae29a2a59ac1389a8068119312ed4d91d7269d8bff229adaffa83
/home/ali/projects/RoboLab/output/v1_cosmos_vague/RubiksCubeRightOfBowlMatchedTask/predicted_chunks/episode_004/chunk_005/action.npy,1152,57c8e0a954146162a180f9682b97bbef90dccf7ae7b3770e99bb9040f47c8951
/home/ali/projects/RoboLab/output/v1_cosmos_vague/RubiksCubeRightOfBowlMatchedTask/predicted_chunks/episode_004/chunk_005/conditioning.png,545240,7d277e0c138069458ad3da9ed52ab84e10640427f3cfd5e465f98ed97bd87d5b
/home/ali/projects/RoboLab/output/v1_cosmos_vague/RubiksCubeRightOfBowlMatchedTask/predicted_chunks/episode_004/chunk_005/future.mp4,471348,5a24465294a6509c6a919505198fec6a9202212f964add6f3c4a1c9b4b0eb7ce
/home/ali/projects/RoboLab/output/v1_cosmos_vague/RubiksCubeRightOfBowlMatchedTask/predicted_chunks/episode_004/chunk_005/metadata.json,851,78cf5a9dc627ba4d6ac2d740dd4c128c69f348ab85b1b36d168443f4a8996936
/home/ali/projects/RoboLab/output/v1_cosmos_vague/RubiksCubeRightOfBowlMatchedTask/predicted_chunks/episode_004/chunk_006/action.npy,1152,02d4d751b72fd37a74ef7b32b98bb591f380a9b4425ec50eec90080da7b30977
/home/ali/projects/RoboLab/output/v1_cosmos_vague/RubiksCubeRightOfBowlMatchedTask/predicted_chunks/episode_004/chunk_006/conditioning.png,557801,aee15762cf8c56307582bfeb2d5c08cf520d348a20a7d6a94531743b177c818b
/home/ali/projects/RoboLab/output/v1_cosmos_vague/RubiksCubeRightOfBowlMatchedTask/predicted_chunks/episode_004/chunk_006/future.mp4,522100,22c671121a217cbdcb7c9de4105b2b3f4ecc1651a55bcf04cb9a0bf6b3267b1f
/home/ali/projects/RoboLab/output/v1_cosmos_vague/RubiksCubeRightOfBowlMatchedTask/predicted_chunks/episode_004/chunk_006/metadata.json,853,4a436a5337aa2606b944d7bd8e281ef3e5cc6ad2b931b3daeb6f2691278200c2
/home/ali/projects/RoboLab/output/v1_cosmos_vague/RubiksCubeRightOfBowlMatchedTask/predicted_chunks/episode_004/chunk_007/action.npy,1152,8fc210a8d3068d2c3b0779c32c2daa565cc68b520e065335ed11d3e90168fec6
/home/ali/projects/RoboLab/output/v1_cosmos_vague/RubiksCubeRightOfBowlMatchedTask/predicted_chunks/episode_004/chunk_007/conditioning.png,522111,d4f21586e8694511dc1660d003f9a4218d97be2a9886522a36321d6ab5fd7bb6
/home/ali/projects/RoboLab/output/v1_cosmos_vague/RubiksCubeRightOfBowlMatchedTask/predicted_chunks/episode_004/chunk_007/future.mp4,511978,cab2dab4999d10e9b27a88c8f722f897b5d3f0ad4f17f6fa9f41ea0f14f5480e
/home/ali/projects/RoboLab/output/v1_cosmos_vague/RubiksCubeRightOfBowlMatchedTask/predicted_chunks/episode_004/chunk_007/metadata.json,852,32e4423249eeaa665361a4e9bc3ac1327a9d3a22e44949b435240bd2a01a428e
/home/ali/projects/RoboLab/output/v1_cosmos_vague/RubiksCubeRightOfBowlMatchedTask/predicted_chunks/episode_004/chunk_008/action.npy,1152,104775377dc8936f9e7a382a2f2c03123984e36b927cb19c1a0f1d38f0c302ce
/home/ali/projects/RoboLab/output/v1_cosmos_vague/RubiksCubeRightOfBowlMatchedTask/predicted_chunks/episode_004/chunk_008/conditioning.png,537814,f5d8b8dc8072759c6100bd09101506456a36cb2b265ded421e50890739c45a23
/home/ali/projects/RoboLab/output/v1_cosmos_vague/RubiksCubeRightOfBowlMatchedTask/predicted_chunks/episode_004/chunk_008/future.mp4,591597,4781e2914be1551ead4f98eaa95c6ceb5b3df93ba881a7e9df898523cd837cbe
/home/ali/projects/RoboLab/output/v1_cosmos_vague/RubiksCubeRightOfBowlMatchedTask/predicted_chunks/episode_004/chunk_008/metadata.json,853,f5bea1c160c0c6573c63075f000ba171e68f6583529201e88bf2c11c1530ea8f
/home/ali/projects/RoboLab/output/v1_cosmos_vague/RubiksCubeRightOfBowlMatchedTask/predicted_chunks/episode_004/chunk_009/action.npy,1152,6931e069c2bc9156ee0e2f0cadeb86d9ec50af358ae250eb4eaeb11ed00ba22c
/home/ali/projects/RoboLab/output/v1_cosmos_vague/RubiksCubeRightOfBowlMatchedTask/predicted_chunks/episode_004/chunk_009/conditioning.png,498238,d925aa6af5783f8ed6a70ecae27811593fb3493bcb76a0a1720c460b0f26fbab
/home/ali/projects/RoboLab/output/v1_cosmos_vague/RubiksCubeRightOfBowlMatchedTask/predicted_chunks/episode_004/chunk_009/future.mp4,489337,17cf3548b8bbeb3b2b9aa09a572d4b72cf1f73861ea3b639e5ed83dbccfe9be5
/home/ali/projects/RoboLab/output/v1_cosmos_vague/RubiksCubeRightOfBowlMatchedTask/predicted_chunks/episode_004/chunk_009/metadata.json,851,8c8798c5380fd3d1116d2eb655f1280b33d1048afd7fadc342bca54799894d47
/home/ali/projects/RoboLab/output/v1_cosmos_vague/RubiksCubeRightOfBowlMatchedTask/predicted_chunks/episode_004/chunk_010/action.npy,1152,91d54dfdcbe77baa6581d15a64d7a6248085985ddf1b2c7c82e9ca2d68bee7b6
/home/ali/projects/RoboLab/output/v1_cosmos_vague/RubiksCubeRightOfBowlMatchedTask/predicted_chunks/episode_004/chunk_010/conditioning.png,465787,ee08496d42a7febd8c4b0193a35e85502c97669f4e1cb04f3091bcf2e1e0c934
/home/ali/projects/RoboLab/output/v1_cosmos_vague/RubiksCubeRightOfBowlMatchedTask/predicted_chunks/episode_004/chunk_010/future.mp4,421536,c3e03904442a5ad57aaf8f8e7dfe8c6578846ab79acc942b04fa539295fdeb10
/home/ali/projects/RoboLab/output/v1_cosmos_vague/RubiksCubeRightOfBowlMatchedTask/predicted_chunks/episode_004/chunk_010/metadata.json,851,a890129bfe8811e4624c76ce0f146fa07bdf2e616c61bf5daa98ce6ebf55f8d1
/home/ali/projects/RoboLab/output/v1_cosmos_vague/RubiksCubeRightOfBowlMatchedTask/predicted_chunks/episode_005/chunk_000/action.npy,1152,6096bb55bdbcbc7eeb06792587c577b33c5c01fc806ad09ef070298bc09c9e10
/home/ali/projects/RoboLab/output/v1_cosmos_vague/RubiksCubeRightOfBowlMatchedTask/predicted_chunks/episode_005/chunk_000/conditioning.png,571687,44bfb566a7e809c90e4a4fcad4dc1c2ee4902aa112b2020e9973566f752264a6
/home/ali/projects/RoboLab/output/v1_cosmos_vague/RubiksCubeRightOfBowlMatchedTask/predicted_chunks/episode_005/chunk_000/future.mp4,514243,1a2d2fc4474a170a7ea3c57490aa46980864c2d549b54a1c3d8ddf577e958ada
/home/ali/projects/RoboLab/output/v1_cosmos_vague/RubiksCubeRightOfBowlMatchedTask/predicted_chunks/episode_005/chunk_000/metadata.json,768,e0aaa54391b4c55382a7483898f3e8ec3ec0bc43a8a1d7fdf1d4898df1eecb6d
/home/ali/projects/RoboLab/output/v1_cosmos_vague/RubiksCubeRightOfBowlMatchedTask/predicted_chunks/episode_005/chunk_001/action.npy,1152,0ec3be337025cfcf3221b78c1b50e4b58b4cca09d61aad53c5b72af7c58434c4
/home/ali/projects/RoboLab/output/v1_cosmos_vague/RubiksCubeRightOfBowlMatchedTask/predicted_chunks/episode_005/chunk_001/conditioning.png,553635,a1b4ef05e3ca98fc2f2986527dfc4139ace735e8058a48d06da4c946c36328a0
/home/ali/projects/RoboLab/output/v1_cosmos_vague/RubiksCubeRightOfBowlMatchedTask/predicted_chunks/episode_005/chunk_001/future.mp4,375373,9d9b6f563af24583a4cbc3a42d300fffc52c09d442a8e7b04bb500317facf226
/home/ali/projects/RoboLab/output/v1_cosmos_vague/RubiksCubeRightOfBowlMatchedTask/predicted_chunks/episode_005/chunk_001/metadata.json,852,efa34fc5ecd1494c34ed14aec16b493f68a74940539a0225ebc73cfbe48942db
/home/ali/projects/RoboLab/output/v1_cosmos_vague/RubiksCubeRightOfBowlMatchedTask/predicted_chunks/episode_005/chunk_002/action.npy,1152,400b9385e9f9da7da186ad55cb6d39d153b74e3839a898a1bc2ec4c1a1e6ea92
/home/ali/projects/RoboLab/output/v1_cosmos_vague/RubiksCubeRightOfBowlMatchedTask/predicted_chunks/episode_005/chunk_002/conditioning.png,535577,3baf48c6b2f161d6952ac61969fb373fd8c53c667de857a7fd70efe51162ae3c
/home/ali/projects/RoboLab/output/v1_cosmos_vague/RubiksCubeRightOfBowlMatchedTask/predicted_chunks/episode_005/chunk_002/future.mp4,616434,207a83652b52b26bdb650730ef9ffe6e075bad62065edff2b575c80ebe5642a4
/home/ali/projects/RoboLab/output/v1_cosmos_vague/RubiksCubeRightOfBowlMatchedTask/predicted_chunks/episode_005/chunk_002/metadata.json,852,824da0e80b31719bf074d692cc3222db449270385695f57ddd19cf4aef566c5e
/home/ali/projects/RoboLab/output/v1_cosmos_vague/RubiksCubeRightOfBowlMatchedTask/predicted_chunks/episode_005/chunk_003/action.npy,1152,e885a6456a8501d9ba0045769bb361aeae788c8cdb51e84ac0fb2996d1211ea4
/home/ali/projects/RoboLab/output/v1_cosmos_vague/RubiksCubeRightOfBowlMatchedTask/predicted_chunks/episode_005/chunk_003/conditioning.png,582159,bc0237dec80650adcd7f09e73d5a7a93fbe325b7c708cc4ee8d6a1b25bac601d
/home/ali/projects/RoboLab/output/v1_cosmos_vague/RubiksCubeRightOfBowlMatchedTask/predicted_chunks/episode_005/chunk_003/future.mp4,574387,faf6dfdc12f3cd934063978ecfe970a50994f1d232c7a4ace8a211daf9c601e4
/home/ali/projects/RoboLab/output/v1_cosmos_vague/RubiksCubeRightOfBowlMatchedTask/predicted_chunks/episode_005/chunk_003/metadata.json,849,8cd6db43b2a149ceeaf52379032614640e44b13b865ebb8622dd3f1add05d473
/home/ali/projects/RoboLab/output/v1_cosmos_vague/RubiksCubeRightOfBowlMatchedTask/predicted_chunks/episode_005/chunk_004/action.npy,1152,611980961d158061dc591d5ad478cc6ebcd355dfc43f87130ebd8d5c771db387
/home/ali/projects/RoboLab/output/v1_cosmos_vague/RubiksCubeRightOfBowlMatchedTask/predicted_chunks/episode_005/chunk_004/conditioning.png,552649,43b65ca75afbd3e202a2391003ef4010c53ad6ea4135e74e817ad8a2b36d5a45
/home/ali/projects/RoboLab/output/v1_cosmos_vague/RubiksCubeRightOfBowlMatchedTask/predicted_chunks/episode_005/chunk_004/future.mp4,414046,74cbd5d282776fa2ba4dcf06fa83cce3c11a0431bdf696ee745c9e10a5b89539
/home/ali/projects/RoboLab/output/v1_cosmos_vague/RubiksCubeRightOfBowlMatchedTask/predicted_chunks/episode_005/chunk_004/metadata.json,850,7cd71e5994d728585aca87b69e31a408360f509153ada19ffdb31bc5c0907f00
/home/ali/projects/RoboLab/output/v1_cosmos_vague/RubiksCubeRightOfBowlMatchedTask/predicted_chunks/episode_006/chunk_000/action.npy,1152,72dbc6ea76ce30cb6fa5fc22b412584d84115f0b821fb1d6158763fb47e89f4b
/home/ali/projects/RoboLab/output/v1_cosmos_vague/RubiksCubeRightOfBowlMatchedTask/predicted_chunks/episode_006/chunk_000/conditioning.png,575279,3b07bacc489f6946f121e99d0279b37d2124eb60019f2d164a70d62a64fe7d63
/home/ali/projects/RoboLab/output/v1_cosmos_vague/RubiksCubeRightOfBowlMatchedTask/predicted_chunks/episode_006/chunk_000/future.mp4,505841,170df9e16e6177d3a957d009e129a11ab36aecb1f18458a6078f754cd3420797
/home/ali/projects/RoboLab/output/v1_cosmos_vague/RubiksCubeRightOfBowlMatchedTask/predicted_chunks/episode_006/chunk_000/metadata.json,768,b0ddb07f6bfde50f059ded5937d73e9e2fe5267a5dce22fba029f0a10e13e586
/home/ali/projects/RoboLab/output/v1_cosmos_vague/RubiksCubeRightOfBowlMatchedTask/predicted_chunks/episode_006/chunk_001/action.npy,1152,f62e2080f8a26b86089ccc607ced4cb977e98148fefcb154cba325c63e334544
/home/ali/projects/RoboLab/output/v1_cosmos_vague/RubiksCubeRightOfBowlMatchedTask/predicted_chunks/episode_006/chunk_001/conditioning.png,558684,c6796e774e1e5ad669bc57be56053906e0f2bef31e048cd3c241a6dc30539a3b
/home/ali/projects/RoboLab/output/v1_cosmos_vague/RubiksCubeRightOfBowlMatchedTask/predicted_chunks/episode_006/chunk_001/future.mp4,397904,dbcfe2caff3206623933acb1815d5f7c6d44304ea86f3dc0606e8ab04ceaf066
/home/ali/projects/RoboLab/output/v1_cosmos_vague/RubiksCubeRightOfBowlMatchedTask/predicted_chunks/episode_006/chunk_001/metadata.json,852,0a24d9bf1210cfdfd0f905fa5940edba7b8bf2b43ed67105023d733085508564
/home/ali/projects/RoboLab/output/v1_cosmos_vague/RubiksCubeRightOfBowlMatchedTask/predicted_chunks/episode_006/chunk_002/action.npy,1152,da6fdd624d78ccea3385c269192d96188799c6af3d8028fccb8c43ab61b9ef22
/home/ali/projects/RoboLab/output/v1_cosmos_vague/RubiksCubeRightOfBowlMatchedTask/predicted_chunks/episode_006/chunk_002/conditioning.png,504925,7a962ef26fa7546872108f0aea2b7dfd26e4e4e06718f0404277a1db1a194a46
/home/ali/projects/RoboLab/output/v1_cosmos_vague/RubiksCubeRightOfBowlMatchedTask/predicted_chunks/episode_006/chunk_002/future.mp4,503856,7b0d08c1012a08fb6227070143ea43b53aa6b46fe4d6138fd5f1ff56252c48ca
/home/ali/projects/RoboLab/output/v1_cosmos_vague/RubiksCubeRightOfBowlMatchedTask/predicted_chunks/episode_006/chunk_002/metadata.json,849,b9dddaba94e06a72ef1e6da5caf37ba033ab039535f54661c486e966b41befd3
/home/ali/projects/RoboLab/output/v1_cosmos_vague/RubiksCubeRightOfBowlMatchedTask/predicted_chunks/episode_006/chunk_003/action.npy,1152,6a8600ad63c479a9d5c79275fba5013ef328eac849cd7294310a2dbaa1deb8a1
/home/ali/projects/RoboLab/output/v1_cosmos_vague/RubiksCubeRightOfBowlMatchedTask/predicted_chunks/episode_006/chunk_003/conditioning.png,577586,b968215b1b7bc248ed5c289bd4dff2f6226274847a2942e75496c4f051e99fd7
/home/ali/projects/RoboLab/output/v1_cosmos_vague/RubiksCubeRightOfBowlMatchedTask/predicted_chunks/episode_006/chunk_003/future.mp4,522817,917bd4c481ced450dbf6811fd6a1725c6e495257305969cd62330fe4ae8e2a9b
/home/ali/projects/RoboLab/output/v1_cosmos_vague/RubiksCubeRightOfBowlMatchedTask/predicted_chunks/episode_006/chunk_003/metadata.json,853,4b13f3c5995fe2946229ee91571046951702e8c3be59b403f1218218bf7cbf1c
/home/ali/projects/RoboLab/output/v1_cosmos_vague/RubiksCubeRightOfBowlMatchedTask/predicted_chunks/episode_006/chunk_004/action.npy,1152,5be8ae70b30cc27230758d57fa5ddf31cc6eae74fd78fcfaeb50df6c382c27e8
/home/ali/projects/RoboLab/output/v1_cosmos_vague/RubiksCubeRightOfBowlMatchedTask/predicted_chunks/episode_006/chunk_004/conditioning.png,562608,05334d50926a4e9547b85ac4f52e567ea525cef618cd6f05375d1e3aa7b7d00c
/home/ali/projects/RoboLab/output/v1_cosmos_vague/RubiksCubeRightOfBowlMatchedTask/predicted_chunks/episode_006/chunk_004/future.mp4,537439,045a8fcbfd387ca865f16969fc58dde19b484ddc6f771e22748c3a1cba98c387
/home/ali/projects/RoboLab/output/v1_cosmos_vague/RubiksCubeRightOfBowlMatchedTask/predicted_chunks/episode_006/chunk_004/metadata.json,851,6e6c77569d33e0a42788f0761c3532d36c911413838bc7992801f31bbbdad3c7
/home/ali/projects/RoboLab/output/v1_cosmos_vague/RubiksCubeRightOfBowlMatchedTask/predicted_chunks/episode_007/chunk_000/action.npy,1152,b81e0ac0e54733a5fda116822c3db021b88fa86a655164f168c3d8716c43950c
/home/ali/projects/RoboLab/output/v1_cosmos_vague/RubiksCubeRightOfBowlMatchedTask/predicted_chunks/episode_007/chunk_000/conditioning.png,570064,cb52fc67d4d2c231fc714d25dd1a93e7bc4cb2e549770067a84aab166ec148f5
/home/ali/projects/RoboLab/output/v1_cosmos_vague/RubiksCubeRightOfBowlMatchedTask/predicted_chunks/episode_007/chunk_000/future.mp4,480076,66dc85049f84752b5140dc18dfd565465fd663cb619eb441744ed04826260450
/home/ali/projects/RoboLab/output/v1_cosmos_vague/RubiksCubeRightOfBowlMatchedTask/predicted_chunks/episode_007/chunk_000/metadata.json,768,071b1787bc6215cee3a09eaa28d7c8095362f9cc4c2b4aaab9dd9e8e0ba73541
/home/ali/projects/RoboLab/output/v1_cosmos_vague/RubiksCubeRightOfBowlMatchedTask/predicted_chunks/episode_007/chunk_001/action.npy,1152,902e3f262eeddcd7e73b14a665613770c65d6fec1769a965afc9141240c8ce13
/home/ali/projects/RoboLab/output/v1_cosmos_vague/RubiksCubeRightOfBowlMatchedTask/predicted_chunks/episode_007/chunk_001/conditioning.png,550572,bc74a1f3e56772ad4c51c6a2dcde40de793e230502b39e0981e5c51cf4e1193d
/home/ali/projects/RoboLab/output/v1_cosmos_vague/RubiksCubeRightOfBowlMatchedTask/predicted_chunks/episode_007/chunk_001/future.mp4,406730,3d50c15de473f8cdc96ca3ca51791bea5c190fcf867367699cf5327637ba7c1f
/home/ali/projects/RoboLab/output/v1_cosmos_vague/RubiksCubeRightOfBowlMatchedTask/predicted_chunks/episode_007/chunk_001/metadata.json,848,32753279b486b01e16fa6576ff18da9759ea7b1cf1b4a92b55449d6136d70fad
/home/ali/projects/RoboLab/output/v1_cosmos_vague/RubiksCubeRightOfBowlMatchedTask/predicted_chunks/episode_007/chunk_002/action.npy,1152,043b8f3fed0fd0910b3288de176d626b4d9b8ef3ff634c4775df0cfd1dfe1ea7
/home/ali/projects/RoboLab/output/v1_cosmos_vague/RubiksCubeRightOfBowlMatchedTask/predicted_chunks/episode_007/chunk_002/conditioning.png,542900,b60416fc7c01c8d88177dfc536ab75acefbab111ac8c1ad9149bfd79bc5bcd33
/home/ali/projects/RoboLab/output/v1_cosmos_vague/RubiksCubeRightOfBowlMatchedTask/predicted_chunks/episode_007/chunk_002/future.mp4,444399,b23f31ab30d224abfafd9ddb3c33ea0bcf13d81657b126d2aa8d203b945807b8
/home/ali/projects/RoboLab/output/v1_cosmos_vague/RubiksCubeRightOfBowlMatchedTask/predicted_chunks/episode_007/chunk_002/metadata.json,851,b0820fed301b90123b296d8c12dd64d190ead40b7bc024fca0360893f03f8da0
/home/ali/projects/RoboLab/output/v1_cosmos_vague/RubiksCubeRightOfBowlMatchedTask/predicted_chunks/episode_007/chunk_003/action.npy,1152,d0d195e895394576d285d6d95aa67edf91014e1f2498f9a08e36a262c89e8a37
/home/ali/projects/RoboLab/output/v1_cosmos_vague/RubiksCubeRightOfBowlMatchedTask/predicted_chunks/episode_007/chunk_003/conditioning.png,567725,70719967bb81e12731c664d1430c063d915eb2339301a5ecef104b6b22dfb345
/home/ali/projects/RoboLab/output/v1_cosmos_vague/RubiksCubeRightOfBowlMatchedTask/predicted_chunks/episode_007/chunk_003/future.mp4,572891,2e65edd45de77c2b21727e7abb0f6a60ff7253260aab6c703d42f73a9f73e42d
/home/ali/projects/RoboLab/output/v1_cosmos_vague/RubiksCubeRightOfBowlMatchedTask/predicted_chunks/episode_007/chunk_003/metadata.json,846,1a18e12ee9a766b9729d6dc3da48df8f9637977333c831c178de67c100b0c5bb
/home/ali/projects/RoboLab/output/v1_cosmos_vague/RubiksCubeRightOfBowlMatchedTask/predicted_chunks/episode_008/chunk_000/action.npy,1152,8c364b5ba90923bcfdd3cf66073f238cebd86628a37b24b85846a9a05c6dad1b
/home/ali/projects/RoboLab/output/v1_cosmos_vague/RubiksCubeRightOfBowlMatchedTask/predicted_chunks/episode_008/chunk_000/conditioning.png,578832,17235e85363291b3577cbf17e737a1aeb97db974adbad5e96905f3be2497e151
/home/ali/projects/RoboLab/output/v1_cosmos_vague/RubiksCubeRightOfBowlMatchedTask/predicted_chunks/episode_008/chunk_000/future.mp4,503383,dda9a7a53f4a451f45eebeecbb16b3769203973dc6a8fc1af549e88992b0dfc9
/home/ali/projects/RoboLab/output/v1_cosmos_vague/RubiksCubeRightOfBowlMatchedTask/predicted_chunks/episode_008/chunk_000/metadata.json,768,c7674b19f628a19aafaca343ab993e0c732a6bb1dcfe793655f4956a1914daa7
/home/ali/projects/RoboLab/output/v1_cosmos_vague/RubiksCubeRightOfBowlMatchedTask/predicted_chunks/episode_008/chunk_001/action.npy,1152,bb1f63d27efad5ae77e7e6aab13fe65d8f3ad07ed0e24a18773384e05de2f7e5
/home/ali/projects/RoboLab/output/v1_cosmos_vague/RubiksCubeRightOfBowlMatchedTask/predicted_chunks/episode_008/chunk_001/conditioning.png,542140,6eb49b36236269f0e811a3b06e267f9bb9bb3a5a8c7111ec1b1117b932f44339
/home/ali/projects/RoboLab/output/v1_cosmos_vague/RubiksCubeRightOfBowlMatchedTask/predicted_chunks/episode_008/chunk_001/future.mp4,416324,175b40273e8292e219b72c379d96ca4f5cbe77f1531d6dcc504e2599d64b835c
/home/ali/projects/RoboLab/output/v1_cosmos_vague/RubiksCubeRightOfBowlMatchedTask/predicted_chunks/episode_008/chunk_001/metadata.json,853,f7a3f79cd458f0ce49d36d758e32fa8e161959e20df1fdc7b2eaa905a83de393
/home/ali/projects/RoboLab/output/v1_cosmos_vague/RubiksCubeRightOfBowlMatchedTask/predicted_chunks/episode_008/chunk_002/action.npy,1152,78d0586721fc0afc05fa30cf79c6d8a575e1e822bbacfbcc243990da5168d628
/home/ali/projects/RoboLab/output/v1_cosmos_vague/RubiksCubeRightOfBowlMatchedTask/predicted_chunks/episode_008/chunk_002/conditioning.png,519861,2529159d2d824fa8d0c6418d63b77d028eada4d05857e22b8dfc08bbd2b7edf9
/home/ali/projects/RoboLab/output/v1_cosmos_vague/RubiksCubeRightOfBowlMatchedTask/predicted_chunks/episode_008/chunk_002/future.mp4,469072,0247c5298dbd2f19a0ca8cc840dae050b111a22d962044b342ca6bd7610856d2
/home/ali/projects/RoboLab/output/v1_cosmos_vague/RubiksCubeRightOfBowlMatchedTask/predicted_chunks/episode_008/chunk_002/metadata.json,832,67c5b6e58065ba8fbce9087299c2cf51b306ac68122b219224448adffd9bdfc2
/home/ali/projects/RoboLab/output/v1_cosmos_vague/RubiksCubeRightOfBowlMatchedTask/predicted_chunks/episode_008/chunk_003/action.npy,1152,520d273ee9e6d1e5f7507bb3f863519ace7fd746275e18c5eb574c6b2d50ac91
/home/ali/projects/RoboLab/output/v1_cosmos_vague/RubiksCubeRightOfBowlMatchedTask/predicted_chunks/episode_008/chunk_003/conditioning.png,565769,42a5c096aa431cea73836285231ec54ae894fc43a93494c9739b0bba94c9baa7
/home/ali/projects/RoboLab/output/v1_cosmos_vague/RubiksCubeRightOfBowlMatchedTask/predicted_chunks/episode_008/chunk_003/future.mp4,560570,56e421b295f9e45ccd861d850e75f49e68331868dc96ee027de22dea2835d141
/home/ali/projects/RoboLab/output/v1_cosmos_vague/RubiksCubeRightOfBowlMatchedTask/predicted_chunks/episode_008/chunk_003/metadata.json,852,5ad5690771cd1c25485a1e9e86015012c77bf120c71dfae6ce45e8ed754e730b
/home/ali/projects/RoboLab/output/v1_cosmos_vague/RubiksCubeRightOfBowlMatchedTask/predicted_chunks/episode_008/chunk_004/action.npy,1152,22446c038a1c995d908ec91cd4bd886f3a29009d382c75f579922b785da02d94
/home/ali/projects/RoboLab/output/v1_cosmos_vague/RubiksCubeRightOfBowlMatchedTask/predicted_chunks/episode_008/chunk_004/conditioning.png,551614,89bb5843d74dc8249cec0ddba7f7897ead5e9a7c0778cb2bb93ff996d3a0a511
/home/ali/projects/RoboLab/output/v1_cosmos_vague/RubiksCubeRightOfBowlMatchedTask/predicted_chunks/episode_008/chunk_004/future.mp4,541458,38045937baf59ff5443c9a4b688ad32d83ff4287e0c80a4c391059af47cbf377
/home/ali/projects/RoboLab/output/v1_cosmos_vague/RubiksCubeRightOfBowlMatchedTask/predicted_chunks/episode_008/chunk_004/metadata.json,850,aeb9409ca1932dc4933c738fc20c70c3d34be8174a5a1ec6b71689ade709995d
/home/ali/projects/RoboLab/output/v1_cosmos_vague/RubiksCubeRightOfBowlMatchedTask/predicted_chunks/episode_008/chunk_005/action.npy,1152,da4db0fd33d1835b586f22f6de9e001005a786a662f2d06b17d9088d152bbd17
/home/ali/projects/RoboLab/output/v1_cosmos_vague/RubiksCubeRightOfBowlMatchedTask/predicted_chunks/episode_008/chunk_005/conditioning.png,538173,b21db6fb05b2868385ae4c83025465c3d4d3be09a4bd94c878cd700a16907494
/home/ali/projects/RoboLab/output/v1_cosmos_vague/RubiksCubeRightOfBowlMatchedTask/predicted_chunks/episode_008/chunk_005/future.mp4,426784,c5305333d3ce8e0c28d45cb427adf77096b9730d6df3dc4d7d9d02df352fcb3f
/home/ali/projects/RoboLab/output/v1_cosmos_vague/RubiksCubeRightOfBowlMatchedTask/predicted_chunks/episode_008/chunk_005/metadata.json,848,9babb6ae429bdde695bd33c402d2a646482d11d870ef1021883e85d27643fd38
/home/ali/projects/RoboLab/output/v1_cosmos_vague/RubiksCubeRightOfBowlMatchedTask/predicted_chunks/episode_009/chunk_000/action.npy,1152,0bcdc8e8aabf459818c9f83b2960532cb06662a6f6d97530d4b100fd2d318478
/home/ali/projects/RoboLab/output/v1_cosmos_vague/RubiksCubeRightOfBowlMatchedTask/predicted_chunks/episode_009/chunk_000/conditioning.png,569660,31c792b8b5836ef1ab0d1810d3d0ea30a655ba97ee010c37e963289599199416
/home/ali/projects/RoboLab/output/v1_cosmos_vague/RubiksCubeRightOfBowlMatchedTask/predicted_chunks/episode_009/chunk_000/future.mp4,471648,a0175621ad8f6c3eaf5064c84c9838291238e37f2057164b41b01784036d77c7
/home/ali/projects/RoboLab/output/v1_cosmos_vague/RubiksCubeRightOfBowlMatchedTask/predicted_chunks/episode_009/chunk_000/metadata.json,768,171319169b2e949f780a0a8d60b076daf69b085334622366bc53e61ccda33c68
/home/ali/projects/RoboLab/output/v1_cosmos_vague/RubiksCubeRightOfBowlMatchedTask/predicted_chunks/episode_009/chunk_001/action.npy,1152,9848fb0c4ebc2795057160dadf5b2cd64df412bc03dfaff35872d56950d5b2d0
/home/ali/projects/RoboLab/output/v1_cosmos_vague/RubiksCubeRightOfBowlMatchedTask/predicted_chunks/episode_009/chunk_001/conditioning.png,564581,b09e8684d684b82c84d88113d7b04bea6b749b3e8900e7f73b3cd0a32be9613b
/home/ali/projects/RoboLab/output/v1_cosmos_vague/RubiksCubeRightOfBowlMatchedTask/predicted_chunks/episode_009/chunk_001/future.mp4,432966,068f4b42820d45e6105256f027387c33fa8a086ca601ead504af8761a7836151
/home/ali/projects/RoboLab/output/v1_cosmos_vague/RubiksCubeRightOfBowlMatchedTask/predicted_chunks/episode_009/chunk_001/metadata.json,850,fbad4308c510c93f7132b5171aff38fc3601a5112410259f8874f330b6682f1c
/home/ali/projects/RoboLab/output/v1_cosmos_vague/RubiksCubeRightOfBowlMatchedTask/predicted_chunks/episode_009/chunk_002/action.npy,1152,186eb214d53bc98a4291447dc60af283ceaf9650af43be8bbca7e85f033db72c
/home/ali/projects/RoboLab/output/v1_cosmos_vague/RubiksCubeRightOfBowlMatchedTask/predicted_chunks/episode_009/chunk_002/conditioning.png,548433,530dd686aea7ee96475b3bd9e60b6467c0157510a923e4a548eb181ca96f6470
/home/ali/projects/RoboLab/output/v1_cosmos_vague/RubiksCubeRightOfBowlMatchedTask/predicted_chunks/episode_009/chunk_002/future.mp4,429293,fab5497c829000a1282fdb925d4e76973ab0bca5009410ca7f41828972404521
/home/ali/projects/RoboLab/output/v1_cosmos_vague/RubiksCubeRightOfBowlMatchedTask/predicted_chunks/episode_009/chunk_002/metadata.json,850,fe4fa2290d277413b5d8255ff68769c6ea7f41098de0df0ac1a60f5dab6783d6
/home/ali/projects/RoboLab/output/v1_cosmos_vague/RubiksCubeRightOfBowlMatchedTask/predicted_chunks/episode_009/chunk_003/action.npy,1152,faa0b93613c5d6e6a77910ba9d8dbba0649d3b474e8f67e147bed52571df8528
/home/ali/projects/RoboLab/output/v1_cosmos_vague/RubiksCubeRightOfBowlMatchedTask/predicted_chunks/episode_009/chunk_003/conditioning.png,558415,01e32dffe832cf70a1cd929d4122ad3ef55bf5be410f46f9f2f54c9f0f92395f
/home/ali/projects/RoboLab/output/v1_cosmos_vague/RubiksCubeRightOfBowlMatchedTask/predicted_chunks/episode_009/chunk_003/future.mp4,433732,6503d75c25483432f77e3316dbfca8a099bae70e7429b68a805dfc6ae8d00118
/home/ali/projects/RoboLab/output/v1_cosmos_vague/RubiksCubeRightOfBowlMatchedTask/predicted_chunks/episode_009/chunk_003/metadata.json,849,a1099613924903cf5196109e23cd398019b8b4f981eb4d2fa34737ac10386d07
/home/ali/projects/RoboLab/output/v1_cosmos_vague/RubiksCubeRightOfBowlMatchedTask/predicted_chunks/episode_009/chunk_004/action.npy,1152,005a0690302112cb536dbcaf4c4e10ce6fea06596c6f4298a1f766a8bbbcba86
/home/ali/projects/RoboLab/output/v1_cosmos_vague/RubiksCubeRightOfBowlMatchedTask/predicted_chunks/episode_009/chunk_004/conditioning.png,503033,b36a58c7f5f328d81aa43aaa9dd9f6632ff4316b66cdc7b14e2ec2be492a5b7e
/home/ali/projects/RoboLab/output/v1_cosmos_vague/RubiksCubeRightOfBowlMatchedTask/predicted_chunks/episode_009/chunk_004/future.mp4,351713,e18580dc24077b6577da1e045fa6b63b1e1a92b86b1a3ff7f34af932f044c0ac
/home/ali/projects/RoboLab/output/v1_cosmos_vague/RubiksCubeRightOfBowlMatchedTask/predicted_chunks/episode_009/chunk_004/metadata.json,847,241eb8e1c6e6b8159b2c31b3b15c764894bae9d29b18b91d10bbf39b4179d9c0
/home/ali/projects/RoboLab/output/v1_cosmos_vague/RubiksCubeRightOfBowlMatchedTask/predicted_chunks/episode_009/chunk_005/action.npy,1152,a89e1696c12c93f157a5590518330d6b0a5daf9ecc6e0d0f9d4eccd630cd88f2
/home/ali/projects/RoboLab/output/v1_cosmos_vague/RubiksCubeRightOfBowlMatchedTask/predicted_chunks/episode_009/chunk_005/conditioning.png,528652,da7b69a0af99f841f8ff60373e95d832134fbd412cebd23dc759a7585768a7ec
/home/ali/projects/RoboLab/output/v1_cosmos_vague/RubiksCubeRightOfBowlMatchedTask/predicted_chunks/episode_009/chunk_005/future.mp4,495993,f0f21e822b7edabb555eef9ce008587af4ff1e2245beb4c25f4fce357707db18
/home/ali/projects/RoboLab/output/v1_cosmos_vague/RubiksCubeRightOfBowlMatchedTask/predicted_chunks/episode_009/chunk_005/metadata.json,852,1c1dcf8121c4084c9601803cb391a282cf189c6a8db8cc9781a12d01f502473b
/home/ali/projects/RoboLab/output/v1_cosmos_vague/RubiksCubeRightOfBowlMatchedTask/predicted_chunks/episode_009/chunk_006/action.npy,1152,a77d813e988548c1d570c76b58abc63c6552ea0a72ae4bc9bd8f012e9eedc860
/home/ali/projects/RoboLab/output/v1_cosmos_vague/RubiksCubeRightOfBowlMatchedTask/predicted_chunks/episode_009/chunk_006/conditioning.png,543348,f0047bca2d211272cf7e5f673049c145fdb46c4c1bc937aac0fbb46bed626cbb
/home/ali/projects/RoboLab/output/v1_cosmos_vague/RubiksCubeRightOfBowlMatchedTask/predicted_chunks/episode_009/chunk_006/future.mp4,501563,3bdaf9030e31c05b01e44abddc1ef4bec7cc707dbe4b327edca4fc58f6e05bab
/home/ali/projects/RoboLab/output/v1_cosmos_vague/RubiksCubeRightOfBowlMatchedTask/predicted_chunks/episode_009/chunk_006/metadata.json,854,873dc63262dc048edf0bfed2021f7b2ae4d28342bbaadab0ba9515799d68506f
/home/ali/projects/RoboLab/output/v1_cosmos_vague/RubiksCubeRightOfBowlMatchedTask/predicted_chunks/episode_009/chunk_007/action.npy,1152,53785f180ea707fe2b0271f649d5735ff88f6ea7efdafd8d9c57427b198fab11
/home/ali/projects/RoboLab/output/v1_cosmos_vague/RubiksCubeRightOfBowlMatchedTask/predicted_chunks/episode_009/chunk_007/conditioning.png,540535,06a98c109d6f188209d667c46756fe8423cf2d03659bec490b19f61f39aa60bc
/home/ali/projects/RoboLab/output/v1_cosmos_vague/RubiksCubeRightOfBowlMatchedTask/predicted_chunks/episode_009/chunk_007/future.mp4,459767,812c797ee785f5c43b63e9ad52724616f5f94add4f115593c644b09c26a0c0fc
/home/ali/projects/RoboLab/output/v1_cosmos_vague/RubiksCubeRightOfBowlMatchedTask/predicted_chunks/episode_009/chunk_007/metadata.json,848,2379d7aa4422a1170bd91ec572cc8a84e725a2b864bce6011c2ddf40f7f1558a
/home/ali/projects/RoboLab/output/v1_cosmos_vague/RubiksCubeRightOfBowlMatchedTask/predicted_chunks/episode_009/chunk_008/action.npy,1152,b62f6e6312697a0222b8cdedba901a3bbae019e327471e43c9a6bdebf4857a11
/home/ali/projects/RoboLab/output/v1_cosmos_vague/RubiksCubeRightOfBowlMatchedTask/predicted_chunks/episode_009/chunk_008/conditioning.png,521878,0b3fc6fba7471e52e7fec9065b8f0b5da5f1952c171f9ed5308b3d2edf2e88da
/home/ali/projects/RoboLab/output/v1_cosmos_vague/RubiksCubeRightOfBowlMatchedTask/predicted_chunks/episode_009/chunk_008/future.mp4,408540,b36318bcad5eca046de74e3717a0b7344f3d0dfd2f4b10efe772c8ca17264dfb
/home/ali/projects/RoboLab/output/v1_cosmos_vague/RubiksCubeRightOfBowlMatchedTask/predicted_chunks/episode_009/chunk_008/metadata.json,850,89c445b2a0eee596c5ab9fa7842fb38e679eaa08f61bdcb0c4f93b20478e0ec3
/home/ali/projects/RoboLab/output/v1_cosmos_vague/RubiksCubeRightOfBowlMatchedTask/predicted_chunks/manifest.jsonl,46024,27f3046666a61f90836b653a726486a29d2812400878e5e65bbcec1ae579189a
/home/ali/projects/RoboLab/output/v1_cosmos_vague/RubiksCubeRightOfBowlMatchedTask/run_0.hdf5,239436,31d189e56cc24d44c616fbc4ec47a22c7f9c2413f761e0efbd62da8c24dd9300
/home/ali/projects/RoboLab/output/v1_cosmos_vague/RubiksCubeRightOfBowlMatchedTask/run_1.hdf5,246270,9e29e2764bb1e742d0ca0db1a45109a4200211c16d22d600a9e2d1eeabd2a8f2
/home/ali/projects/RoboLab/output/v1_cosmos_vague/RubiksCubeRightOfBowlMatchedTask/run_2.hdf5,238742,65cb9cae37decebdbfb4fd92a62277fe77e281d268a906d674337bcd9202bbd5
/home/ali/projects/RoboLab/output/v1_cosmos_vague/RubiksCubeRightOfBowlMatchedTask/run_3.hdf5,269103,0cd3adc13b3eab126ae2c7c3028ed83b5e66e25435ab2a81801da3f582e105b9
/home/ali/projects/RoboLab/output/v1_cosmos_vague/RubiksCubeRightOfBowlMatchedTask/run_4.hdf5,306559,c281acc0a2a444c62f63bac7357d158baf04c9bf3615e6ad8fecc4d5b5de9392
/home/ali/projects/RoboLab/output/v1_cosmos_vague/RubiksCubeRightOfBowlMatchedTask/run_5.hdf5,238334,f31f01503e0bb8bbf8624669153138f254f5ac71387473c794e1dd23f19496f9
/home/ali/projects/RoboLab/output/v1_cosmos_vague/RubiksCubeRightOfBowlMatchedTask/run_6.hdf5,236570,5853610a10c0affeafb5d3b55c5ee914ccc98922c7a3e0ec16000dec4ffc2dfb
/home/ali/projects/RoboLab/output/v1_cosmos_vague/RubiksCubeRightOfBowlMatchedTask/run_7.hdf5,227703,625429862c2b354e888f5b7f5b2cfe1dbd0b16a2ea43829d8ed6e9a9144eb4e9
/home/ali/projects/RoboLab/output/v1_cosmos_vague/RubiksCubeRightOfBowlMatchedTask/run_8.hdf5,249740,80f22ef68e10a486a04129d8f1747f4032f44ee1b8e75e1e6aecae0e1357e56e
/home/ali/projects/RoboLab/output/v1_cosmos_vague/RubiksCubeRightOfBowlMatchedTask/run_9.hdf5,277503,5cd443e34247c8547dd6e95d61b412f3f0819e62a71309f8c4d910094a1eb06d
/home/ali/projects/RoboLab/output/v1_cosmos_vague/episode_results.jsonl,24589,339999f6fd6628bcd868c14c7aaec52ac1e7b28387474f3adba7fdaedd840381
/home/ali/projects/RoboLab/output/v1_pi05_canonical/RubiksCubeLeftOfBowlMatchedTask/env_cfg.json,40103,9ae4a361fe1e8fa6076768fde211eacf0c29f31465dc287f9e6e013b87a6d76a
/home/ali/projects/RoboLab/output/v1_pi05_canonical/RubiksCubeLeftOfBowlMatchedTask/log_0_env0.json,1532,10f6c8e74ea8e0f6daabef40621755a4e35c9ab93fc30474f73971c5572527a8
/home/ali/projects/RoboLab/output/v1_pi05_canonical/RubiksCubeLeftOfBowlMatchedTask/log_1_env0.json,858,36d4a23495bb99432c87da5d3b9fc70875b8e2917ac06f1318a1b39ed0bbd4f5
/home/ali/projects/RoboLab/output/v1_pi05_canonical/RubiksCubeLeftOfBowlMatchedTask/log_2_env0.json,622,6320266c28577f920e5ea9ad4f58c754b00a379615fe1c5f7417a26f89142d7e
/home/ali/projects/RoboLab/output/v1_pi05_canonical/RubiksCubeLeftOfBowlMatchedTask/log_3_env0.json,626,cf4dd9cc40614cf9dd367a4d40f604ff058ab6c781ff504272bcdf3cc28e0ebe
/home/ali/projects/RoboLab/output/v1_pi05_canonical/RubiksCubeLeftOfBowlMatchedTask/log_4_env0.json,1316,482277d8b712ef10bef442b3065530cd7df0680c5183621e683f55c65f41d564
/home/ali/projects/RoboLab/output/v1_pi05_canonical/RubiksCubeLeftOfBowlMatchedTask/log_5_env0.json,507,9b98884899120fbd2fa86b571399f79c801a68fcf11bbc715a86726e7e6bc300
/home/ali/projects/RoboLab/output/v1_pi05_canonical/RubiksCubeLeftOfBowlMatchedTask/log_6_env0.json,621,a3a69f4326bd751efd0b5762b00e89d9688beebf8c47c75fad0f72bc0c938d22
/home/ali/projects/RoboLab/output/v1_pi05_canonical/RubiksCubeLeftOfBowlMatchedTask/log_7_env0.json,501,0b1708d17a3686b8a782cecc67fdc4d73ea211a7001167480aabe14672bbb3ac
/home/ali/projects/RoboLab/output/v1_pi05_canonical/RubiksCubeLeftOfBowlMatchedTask/log_8_env0.json,1323,a76754062b715b341f3e827a9cb335dedba981cf0a8ef2b53a9bec91a35e368b
/home/ali/projects/RoboLab/output/v1_pi05_canonical/RubiksCubeLeftOfBowlMatchedTask/log_9_env0.json,2315,c59af4ea646694454f441c86e86371c51ddc347a0e78c30bb6aa03ce9dea7b51
/home/ali/projects/RoboLab/output/v1_pi05_canonical/RubiksCubeLeftOfBowlMatchedTask/run_0.hdf5,320490,2f1350c817ebd997f1f8f91c11e1e681d66a07d567d7ac82401b86eb499d90eb
/home/ali/projects/RoboLab/output/v1_pi05_canonical/RubiksCubeLeftOfBowlMatchedTask/run_1.hdf5,320156,10178b53a76702da964955d76d4180d14e814d0fddc73579053168758582fa75
/home/ali/projects/RoboLab/output/v1_pi05_canonical/RubiksCubeLeftOfBowlMatchedTask/run_2.hdf5,319813,8c1982d184f2e2dbbb0cbe102fc28fce613d51ba48247816f6508c00784748e7
/home/ali/projects/RoboLab/output/v1_pi05_canonical/RubiksCubeLeftOfBowlMatchedTask/run_3.hdf5,318215,e6766221776056795625c1e01d766194b55e922addf53843ada68b1f7ed51cbd
/home/ali/projects/RoboLab/output/v1_pi05_canonical/RubiksCubeLeftOfBowlMatchedTask/run_4.hdf5,319233,2a38d25393a50a91c1bce61dffc2f66a593f51b8231808aaa54be03d60695d41
/home/ali/projects/RoboLab/output/v1_pi05_canonical/RubiksCubeLeftOfBowlMatchedTask/run_5.hdf5,319977,b4bd5a104ffb9bfb442a213180ac308976c38bf4c1ba13629fce7740cd267561
/home/ali/projects/RoboLab/output/v1_pi05_canonical/RubiksCubeLeftOfBowlMatchedTask/run_6.hdf5,321602,d0ad602f7b5966f728b3696849fbbb8a154bed51454130041ca13ff7b18fce75
/home/ali/projects/RoboLab/output/v1_pi05_canonical/RubiksCubeLeftOfBowlMatchedTask/run_7.hdf5,319572,e586f5fa85b0305e8b3f04264ab60a38382dd8c542217ac29d58724cc0899525
/home/ali/projects/RoboLab/output/v1_pi05_canonical/RubiksCubeLeftOfBowlMatchedTask/run_8.hdf5,323244,5381c5b14c56d7e50c1c4be5da957c6596a63c6e15a4ee61760442fb02209a30
/home/ali/projects/RoboLab/output/v1_pi05_canonical/RubiksCubeLeftOfBowlMatchedTask/run_9.hdf5,321363,93ebe94aa3e94edaefdf91b66c5b47d58793da6cceb149af221c6edfe61742de
/home/ali/projects/RoboLab/output/v1_pi05_canonical/RubiksCubeRightOfBowlMatchedTask/env_cfg.json,40113,ed403c6bd80b63adaee91e03e40111f00262d2459b37411c626f5917e404893f
/home/ali/projects/RoboLab/output/v1_pi05_canonical/RubiksCubeRightOfBowlMatchedTask/log_0_env0.json,3277,f91871bbd41a9927c48e5441263ea0f5d1333701e66298b982f06d672bdcf403
/home/ali/projects/RoboLab/output/v1_pi05_canonical/RubiksCubeRightOfBowlMatchedTask/log_1_env0.json,2405,315196b12b96e44201670330851c36f0a4239dc7321d5ea2bcab4cad71108cd3
/home/ali/projects/RoboLab/output/v1_pi05_canonical/RubiksCubeRightOfBowlMatchedTask/log_2_env0.json,2714,eebe6ad2b01236c37059f5f3d6b4af50c5dcb01cac2845e2f9cd3ba66b27814d
/home/ali/projects/RoboLab/output/v1_pi05_canonical/RubiksCubeRightOfBowlMatchedTask/log_3_env0.json,1888,9b8a2f72b85e6b73b30cace8303204da92b4ca968c486051ea7ec27a851fce0c
/home/ali/projects/RoboLab/output/v1_pi05_canonical/RubiksCubeRightOfBowlMatchedTask/log_4_env0.json,2272,fbb2b18c6518f8a62f150629e0e32f6a39913a922d44f62cb696222bfadc1b61
/home/ali/projects/RoboLab/output/v1_pi05_canonical/RubiksCubeRightOfBowlMatchedTask/log_5_env0.json,1427,985bed66ddc6da9501d8af99f03c26d55bcaaf28f2d46a9f53d768728be049de
/home/ali/projects/RoboLab/output/v1_pi05_canonical/RubiksCubeRightOfBowlMatchedTask/log_6_env0.json,1446,34a4d5751aeff0619d667d13f10eaef18dee616afffc8e0ed7d315e117a4f00d
/home/ali/projects/RoboLab/output/v1_pi05_canonical/RubiksCubeRightOfBowlMatchedTask/log_7_env0.json,1771,b60e556be2de5ea247c7ee4bede1aea42e688c0e1c59b3851a1be67c6cf2dfc8
/home/ali/projects/RoboLab/output/v1_pi05_canonical/RubiksCubeRightOfBowlMatchedTask/log_8_env0.json,2561,80519dcad3ec44b8504f6315bfd2c434da47621e6f40ea47d38cafe314ffeda5
/home/ali/projects/RoboLab/output/v1_pi05_canonical/RubiksCubeRightOfBowlMatchedTask/log_9_env0.json,1136,c39e3d625120d493a45ef2512ac6d4e96d7e3c7b0f01d0a69d87958a50bcd440
/home/ali/projects/RoboLab/output/v1_pi05_canonical/RubiksCubeRightOfBowlMatchedTask/run_0.hdf5,333407,dac8e77f3ce55978d337b78f3a6dd4f1b0df30c0963a4b77e0a49011762c853a
/home/ali/projects/RoboLab/output/v1_pi05_canonical/RubiksCubeRightOfBowlMatchedTask/run_1.hdf5,301717,2689eefd9ee372265967da2f1d342586fd60100ba73d19b4011ee613f2bb7f5b
/home/ali/projects/RoboLab/output/v1_pi05_canonical/RubiksCubeRightOfBowlMatchedTask/run_2.hdf5,322649,463c48681791e78d9142494276bb35730367936cc527c02fcbfb9d79d7d3ca74
/home/ali/projects/RoboLab/output/v1_pi05_canonical/RubiksCubeRightOfBowlMatchedTask/run_3.hdf5,253245,52c40218766a06c3ce06adfc4bcef33b82f54030e6dba32b3963ce20f5e6ae65
/home/ali/projects/RoboLab/output/v1_pi05_canonical/RubiksCubeRightOfBowlMatchedTask/run_4.hdf5,295892,27c74e0c3788ea7c3fb30b306a51f60423f781f4689fc2cd59aceccae11e9354
/home/ali/projects/RoboLab/output/v1_pi05_canonical/RubiksCubeRightOfBowlMatchedTask/run_5.hdf5,203779,fd7176d06d247916f294c05af339a960b879442891150dea09436d7a87916b80
/home/ali/projects/RoboLab/output/v1_pi05_canonical/RubiksCubeRightOfBowlMatchedTask/run_6.hdf5,199489,566e2c367dd8af507244db4a92805a83f8017455938467ad18df0547538b8c0f
/home/ali/projects/RoboLab/output/v1_pi05_canonical/RubiksCubeRightOfBowlMatchedTask/run_7.hdf5,228757,402a86baafa2247a5449fbe33fa3843a89df0cc8a25af2aa2a918daf05241872
/home/ali/projects/RoboLab/output/v1_pi05_canonical/RubiksCubeRightOfBowlMatchedTask/run_8.hdf5,277122,ab42f080799959c354e460b17b35c26454896c184131648e7c22e471d73a008a
/home/ali/projects/RoboLab/output/v1_pi05_canonical/RubiksCubeRightOfBowlMatchedTask/run_9.hdf5,259586,ef817c6b0ac5e17ba0ccc045ab875a7c25dcdcf39b152f03bbb22d7af037f80e
/home/ali/projects/RoboLab/output/v1_pi05_canonical/episode_results.jsonl,24400,b5f94529f1f0ac0e478add50ccb81806aba012a4376f95aac27f05d00dc313a3
/home/ali/projects/RoboLab/output/v1_pi05_contrastive/RubiksCubeLeftOfBowlMatchedTask/env_cfg.json,40135,1501f6acbe975ec9161f09c02794bfedf14b0ea0d26d1c2bf722890e1b0a1c87
/home/ali/projects/RoboLab/output/v1_pi05_contrastive/RubiksCubeLeftOfBowlMatchedTask/log_0_env0.json,500,44f85a6db842c695b255c7f6a230525ebd47123e7e8df57422099c63345f3f50
/home/ali/projects/RoboLab/output/v1_pi05_contrastive/RubiksCubeLeftOfBowlMatchedTask/log_1_env0.json,1326,27b7100a91a4d13367d24ee617d58c876a975f83b6ee3daf2c2b05ab0b7565c7
/home/ali/projects/RoboLab/output/v1_pi05_contrastive/RubiksCubeLeftOfBowlMatchedTask/log_2_env0.json,511,e3d67df99a5fbb7c2281f8a060068f3c4684d4324edfb1255667c1c117f072fa
/home/ali/projects/RoboLab/output/v1_pi05_contrastive/RubiksCubeLeftOfBowlMatchedTask/log_3_env0.json,857,897e85b4e8076950241920b1dc9642c0ddbea83d26cc5cbcb0c6ce1687d6e309
/home/ali/projects/RoboLab/output/v1_pi05_contrastive/RubiksCubeLeftOfBowlMatchedTask/log_4_env0.json,1661,bf6b74e64f72e221d8486cc2a2a57c86cb62d4c79b2867da51bd9a5d11e1f140
/home/ali/projects/RoboLab/output/v1_pi05_contrastive/RubiksCubeLeftOfBowlMatchedTask/log_5_env0.json,737,6a7d4e47aa1dce368d61c675ddba7b857823d7b5c5f062092db2c43d99291faf
/home/ali/projects/RoboLab/output/v1_pi05_contrastive/RubiksCubeLeftOfBowlMatchedTask/log_6_env0.json,2654,9455ef5c2c0aa96449c1f30b3fc178d99458d922ed5f1cee4f176574d50b2859
/home/ali/projects/RoboLab/output/v1_pi05_contrastive/RubiksCubeLeftOfBowlMatchedTask/log_7_env0.json,1072,95cbc5cf02aede8040dd80fca11dcacbb1ccc935ffee22d6cfc0a265601edb9f
/home/ali/projects/RoboLab/output/v1_pi05_contrastive/RubiksCubeLeftOfBowlMatchedTask/log_8_env0.json,616,456f73450862cda7ae7a06fdcacd7c6474afadf2fa497a944e2721c5b949cca1
/home/ali/projects/RoboLab/output/v1_pi05_contrastive/RubiksCubeLeftOfBowlMatchedTask/log_9_env0.json,1193,2c3b4459353c105ef8499714928a22aa05591942a9fa4065b850bb5185b7a8ee
/home/ali/projects/RoboLab/output/v1_pi05_contrastive/RubiksCubeLeftOfBowlMatchedTask/run_0.hdf5,319569,81636f9c5083e4cc1eba029445ae9d8fceefdb9b28e37defe12b9a607e1a5f50
/home/ali/projects/RoboLab/output/v1_pi05_contrastive/RubiksCubeLeftOfBowlMatchedTask/run_1.hdf5,195167,ce4a1dec45765d719bc3a08f5085eb435c7506f35f5224fc3e4dd2da0776b398
/home/ali/projects/RoboLab/output/v1_pi05_contrastive/RubiksCubeLeftOfBowlMatchedTask/run_2.hdf5,320001,0068f67ad2567b476bf6c8b0a3a7ed5481ac87b48b7803139094bf3025214e2a
/home/ali/projects/RoboLab/output/v1_pi05_contrastive/RubiksCubeLeftOfBowlMatchedTask/run_3.hdf5,319422,f36e8ecc1054640229bf99714c7482e7f62a06491b06653b6afe1fec0f3990c2
/home/ali/projects/RoboLab/output/v1_pi05_contrastive/RubiksCubeLeftOfBowlMatchedTask/run_4.hdf5,250068,334215f06ce062ecfcf28f799086bd132252a9f5347dc11c916cbc69bbd907c3
/home/ali/projects/RoboLab/output/v1_pi05_contrastive/RubiksCubeLeftOfBowlMatchedTask/run_5.hdf5,319561,68721471b903d6ccb0000a6fc8ebc72fbd9ba6cfb642747f2550c0db10100676
/home/ali/projects/RoboLab/output/v1_pi05_contrastive/RubiksCubeLeftOfBowlMatchedTask/run_6.hdf5,322674,945c2d471ca65b23a54295d5b1d100a5995a548315b4f125c83c18dd85ea080f
/home/ali/projects/RoboLab/output/v1_pi05_contrastive/RubiksCubeLeftOfBowlMatchedTask/run_7.hdf5,319444,bce4fc412b16522299da499111cf3904bc1fb97393730d664d1c67449df490a1
/home/ali/projects/RoboLab/output/v1_pi05_contrastive/RubiksCubeLeftOfBowlMatchedTask/run_8.hdf5,320165,450a12ac36336edf73de960b15a8cc04d4e150043584cde5441de3cdeaf06dc9
/home/ali/projects/RoboLab/output/v1_pi05_contrastive/RubiksCubeLeftOfBowlMatchedTask/run_9.hdf5,317308,3aaf60ba64fa4b6a9e3e4b09ff74501c039ffcdc862773b22f1c36de6adc821a
/home/ali/projects/RoboLab/output/v1_pi05_contrastive/RubiksCubeRightOfBowlMatchedTask/env_cfg.json,40144,3ab137b62d9dbe80a599ff7d86ded0f0ab8416d4e2ce4501c9f0f126f011a37c
/home/ali/projects/RoboLab/output/v1_pi05_contrastive/RubiksCubeRightOfBowlMatchedTask/log_0_env0.json,2310,8740756e727f86e8f31f4d720d4a428a453dd10cde16a342edc1fab1d91950b6
/home/ali/projects/RoboLab/output/v1_pi05_contrastive/RubiksCubeRightOfBowlMatchedTask/log_1_env0.json,2148,05971cff5e825f9e49dcb44305985ca8b79cec12708280a8c7308cf5ed6b3c78
/home/ali/projects/RoboLab/output/v1_pi05_contrastive/RubiksCubeRightOfBowlMatchedTask/log_2_env0.json,2241,5af39172ba28a27a464c0c34c3b3d0657fe549790d4069bd05671a35cf8850a8
/home/ali/projects/RoboLab/output/v1_pi05_contrastive/RubiksCubeRightOfBowlMatchedTask/log_3_env0.json,2365,d2bd36156f4c4273fb64fa2f77edb4d8f2b06f43ef0dd3ad14a2bfd1a6a311e2
/home/ali/projects/RoboLab/output/v1_pi05_contrastive/RubiksCubeRightOfBowlMatchedTask/log_4_env0.json,1788,633563b5add2baa05b21c5b8fbeab1c6474be1685c237c434c368722304da6f6
/home/ali/projects/RoboLab/output/v1_pi05_contrastive/RubiksCubeRightOfBowlMatchedTask/log_5_env0.json,3096,b74c23e53ca38e4434ef4dd9f6fcb570c681b3f93e6e6cc11753064b1ad5f069
/home/ali/projects/RoboLab/output/v1_pi05_contrastive/RubiksCubeRightOfBowlMatchedTask/log_6_env0.json,1327,c6d891cc5a285fcc063c30115822bce26240358e5cfd1ccbbe57dc67807f90be
/home/ali/projects/RoboLab/output/v1_pi05_contrastive/RubiksCubeRightOfBowlMatchedTask/log_7_env0.json,1623,d88c5c2e45bdbbbcfd65886f69df54dbf04a0cefa868b7c81df0a964699107d7
/home/ali/projects/RoboLab/output/v1_pi05_contrastive/RubiksCubeRightOfBowlMatchedTask/log_8_env0.json,2926,9b8c66ead6af11e6e970c50169a08d240f39270de736fe5ae12f5b294b95ac4a
/home/ali/projects/RoboLab/output/v1_pi05_contrastive/RubiksCubeRightOfBowlMatchedTask/log_9_env0.json,2344,72dbec8b1f3c72d4ec0fb8a635210081b9369401191b1e130a7c1753d4622b85
/home/ali/projects/RoboLab/output/v1_pi05_contrastive/RubiksCubeRightOfBowlMatchedTask/run_0.hdf5,323028,1054465f9532accb59bf9872bc121dc8f8c43fe3e83b897e119df24303477337
/home/ali/projects/RoboLab/output/v1_pi05_contrastive/RubiksCubeRightOfBowlMatchedTask/run_1.hdf5,321852,1bc70f22466e413dee08752643ea26d40a6842ebe1e74ee52e021f4914889fb3
/home/ali/projects/RoboLab/output/v1_pi05_contrastive/RubiksCubeRightOfBowlMatchedTask/run_2.hdf5,323039,b40d8c74e7a812e637f88b18ec8d2441e3a388164a5c4f804cbeee30c5034176
/home/ali/projects/RoboLab/output/v1_pi05_contrastive/RubiksCubeRightOfBowlMatchedTask/run_3.hdf5,324304,22dd73b961612c90f13f1e985e848db1debe2474e076ee01851f5c614ef4cd39
/home/ali/projects/RoboLab/output/v1_pi05_contrastive/RubiksCubeRightOfBowlMatchedTask/run_4.hdf5,273432,fe6b0c5561dc6d2c03e06a9d05204d78dc63605d2258d9563fab5d69ce0a2e34
/home/ali/projects/RoboLab/output/v1_pi05_contrastive/RubiksCubeRightOfBowlMatchedTask/run_5.hdf5,328762,be46f84327fa3e87c8eb6a093f6e0e0eb432855ec9477da30ab12d0ce22f98e0
/home/ali/projects/RoboLab/output/v1_pi05_contrastive/RubiksCubeRightOfBowlMatchedTask/run_6.hdf5,323361,0cf3d58d01919537e16a4a6343ff2e951a5b97bf287b37331b99516df6ee0ec3
/home/ali/projects/RoboLab/output/v1_pi05_contrastive/RubiksCubeRightOfBowlMatchedTask/run_7.hdf5,320586,610aef8c964a48836697da30f9d17d6990647454a32ef932896286f3029f3c3c
/home/ali/projects/RoboLab/output/v1_pi05_contrastive/RubiksCubeRightOfBowlMatchedTask/run_8.hdf5,328549,312e62cc90b6d39622b37b8a3421219da6e6d951be6a1b016dec2d720c5c5df4
/home/ali/projects/RoboLab/output/v1_pi05_contrastive/RubiksCubeRightOfBowlMatchedTask/run_9.hdf5,239160,a43171a4dab1b69edcc14bcc96c3c4ae6e1360a5e7d8348fb292dd19e277793d
/home/ali/projects/RoboLab/output/v1_pi05_contrastive/episode_results.jsonl,25760,665d965f4315e6ec480125fa9621470e74cb914ab0ba8ebaef34b1bf6c392f12
/home/ali/projects/RoboLab/output/v1_pi05_declarative/RubiksCubeLeftOfBowlMatchedTask/env_cfg.json,40115,f5bf5876467f7a4b9a8475d47b464587842e18431b4e015fe471e8c8f9db1502
/home/ali/projects/RoboLab/output/v1_pi05_declarative/RubiksCubeLeftOfBowlMatchedTask/log_0_env0.json,1668,3c05e9519eb955ebe8d21442f5ce029ae0d0c8fce0d915b1173d571749935a2d
/home/ali/projects/RoboLab/output/v1_pi05_declarative/RubiksCubeLeftOfBowlMatchedTask/log_1_env0.json,1193,a474c9b96dcfc921419b587011ec5a2bb17a6adb9f8a1a3baff6c8e068e6388f
/home/ali/projects/RoboLab/output/v1_pi05_declarative/RubiksCubeLeftOfBowlMatchedTask/log_2_env0.json,747,24ae399cd39ec459a339fa287a20f0e149aff26d9b09b316d8d03b000943cea4
/home/ali/projects/RoboLab/output/v1_pi05_declarative/RubiksCubeLeftOfBowlMatchedTask/log_3_env0.json,861,470398d5e0b7f14bdd2222ff4c9ea635ae8bfaa0bc2d4a2295f6c22bc4b8de3c
/home/ali/projects/RoboLab/output/v1_pi05_declarative/RubiksCubeLeftOfBowlMatchedTask/log_4_env0.json,616,ea87c87b40c98023f65d17eec2682bbdba623505de5f42be4c509850e4ddd056
/home/ali/projects/RoboLab/output/v1_pi05_declarative/RubiksCubeLeftOfBowlMatchedTask/log_5_env0.json,1198,ba9595b1a2dce07c57c1a2f08203cece191a81867571d709ff3d673cd660a576
/home/ali/projects/RoboLab/output/v1_pi05_declarative/RubiksCubeLeftOfBowlMatchedTask/log_6_env0.json,620,ba8900059ae172ecefeac5616a28752b164809c58a3663bfb13fdfb8dd8ae4d5
/home/ali/projects/RoboLab/output/v1_pi05_declarative/RubiksCubeLeftOfBowlMatchedTask/log_7_env0.json,968,c446b155baeaf1aa3a29b031414cce9f96ef95e196b2dc54a62a136ce0455279
/home/ali/projects/RoboLab/output/v1_pi05_declarative/RubiksCubeLeftOfBowlMatchedTask/log_8_env0.json,2224,dd4bb6495ca8df61ae2df37baceb3ee91753cf367a2a0ab476002aaecb540440
/home/ali/projects/RoboLab/output/v1_pi05_declarative/RubiksCubeLeftOfBowlMatchedTask/log_9_env0.json,1223,43e6a0820d42815d20727594392e79fd07a478422ecb8269a95ce2a193ab3fb0
/home/ali/projects/RoboLab/output/v1_pi05_declarative/RubiksCubeLeftOfBowlMatchedTask/run_0.hdf5,324487,c385bc1b4203654a9564a6fcbc30835c83576cf9105da473758d6ea8fddf5152
/home/ali/projects/RoboLab/output/v1_pi05_declarative/RubiksCubeLeftOfBowlMatchedTask/run_1.hdf5,318320,066b1bd373b691a4f813d9a5df77df7b01d32caf7ea5a808e5a4a9bf5565c12d
/home/ali/projects/RoboLab/output/v1_pi05_declarative/RubiksCubeLeftOfBowlMatchedTask/run_2.hdf5,322419,c2edc5d3703c23e125831fbdee22f14debeedb11ab7311de478b95156beac8a4
/home/ali/projects/RoboLab/output/v1_pi05_declarative/RubiksCubeLeftOfBowlMatchedTask/run_3.hdf5,320013,3401b35660b95f4bbe305afa9ec86d35aee029968a7c477d87c6c9a481972fa3
/home/ali/projects/RoboLab/output/v1_pi05_declarative/RubiksCubeLeftOfBowlMatchedTask/run_4.hdf5,321283,43bc32df61aa832028d87d3ea1d524899237cec544d5a0556d41fb2847f1ed45
/home/ali/projects/RoboLab/output/v1_pi05_declarative/RubiksCubeLeftOfBowlMatchedTask/run_5.hdf5,318885,312b5fc37880fce18bc341fdc5e8e2a04f2911f38c1e2347180ae39401c43743
/home/ali/projects/RoboLab/output/v1_pi05_declarative/RubiksCubeLeftOfBowlMatchedTask/run_6.hdf5,319532,a29452713ac28ed06e3cd094e9a7ff4caef3c739dc0596a02194f3b906870e0f
/home/ali/projects/RoboLab/output/v1_pi05_declarative/RubiksCubeLeftOfBowlMatchedTask/run_7.hdf5,323155,ba601ca08d38084565f9ac2f83b5f44bd9d321a99c19d56a7045e4e25d87c2f3
/home/ali/projects/RoboLab/output/v1_pi05_declarative/RubiksCubeLeftOfBowlMatchedTask/run_8.hdf5,325237,fd32a24a1bffc015c22f1254566a06ef82f08a4afb4cf24ad095b0dfc4146ddd
/home/ali/projects/RoboLab/output/v1_pi05_declarative/RubiksCubeLeftOfBowlMatchedTask/run_9.hdf5,322146,1ad60020909b5cd5c14ff12d170d7489e80296e3e3db5a29fea739cd2e378ca7
/home/ali/projects/RoboLab/output/v1_pi05_declarative/RubiksCubeRightOfBowlMatchedTask/env_cfg.json,40125,18826d2a939ae74a008aabc66b64b4fcd2c8d27db71b47168f89fa87fade6f2c
/home/ali/projects/RoboLab/output/v1_pi05_declarative/RubiksCubeRightOfBowlMatchedTask/log_0_env0.json,2483,8192276b7d871ecbbfbc3be2311b0488ad673e139e3ff30a3fdf677fef64e571
/home/ali/projects/RoboLab/output/v1_pi05_declarative/RubiksCubeRightOfBowlMatchedTask/log_1_env0.json,1984,fb4f1a7d82a43af02dd42575d527b3b8522b408097c18e8725db9df794886668
/home/ali/projects/RoboLab/output/v1_pi05_declarative/RubiksCubeRightOfBowlMatchedTask/log_2_env0.json,2588,1f1de8ed68a3a84f32ec39a92755d0ebaf3d2ecf7fb1451a037ee95be672e1e5
/home/ali/projects/RoboLab/output/v1_pi05_declarative/RubiksCubeRightOfBowlMatchedTask/log_3_env0.json,1435,aee5d4520c8eba0bb9666868068049da86da406e30dd4cee73e7558203f1a504
/home/ali/projects/RoboLab/output/v1_pi05_declarative/RubiksCubeRightOfBowlMatchedTask/log_4_env0.json,2350,4a90abe9dc4da273f16ace252b714fa15383893a9aa1e3e33442732b7154b2c8
/home/ali/projects/RoboLab/output/v1_pi05_declarative/RubiksCubeRightOfBowlMatchedTask/log_5_env0.json,3193,e47643411fe082fe453ac62d4e51dd2ed1e1c54b13d13ad483278b1a4f607265
/home/ali/projects/RoboLab/output/v1_pi05_declarative/RubiksCubeRightOfBowlMatchedTask/log_6_env0.json,3408,7ec017b6f99a2141edd12d9846e00e2a9c81914e62ed520ff238e4911c0f7d5c
/home/ali/projects/RoboLab/output/v1_pi05_declarative/RubiksCubeRightOfBowlMatchedTask/log_7_env0.json,2579,9685746632e6b66be1a2332307831e0ccd00f73a7d69a61ba6bd4191a4c339dc
/home/ali/projects/RoboLab/output/v1_pi05_declarative/RubiksCubeRightOfBowlMatchedTask/log_8_env0.json,1439,37b19cf25f09ffd6a80b09c901e4aa39e5b78579066fc50c09d63d4c8e93e485
/home/ali/projects/RoboLab/output/v1_pi05_declarative/RubiksCubeRightOfBowlMatchedTask/log_9_env0.json,1574,07026d9e59d41c966e1eb9f0554842cc8de7572ca3e4be9c67cce528090e340d
/home/ali/projects/RoboLab/output/v1_pi05_declarative/RubiksCubeRightOfBowlMatchedTask/run_0.hdf5,326906,bafc489de8aff7eb9529e1756840f414af14a1d7fad8b2854496b4189fffde98
/home/ali/projects/RoboLab/output/v1_pi05_declarative/RubiksCubeRightOfBowlMatchedTask/run_1.hdf5,263018,90799cc9bc499d480c31d08af1341613c4536c41ce88f0360abc4140765a76f6
/home/ali/projects/RoboLab/output/v1_pi05_declarative/RubiksCubeRightOfBowlMatchedTask/run_2.hdf5,323568,ac00d7f36668da2bf0393f56dc4268a9a97f18a6fcbca9a69345c0d4a0297293
/home/ali/projects/RoboLab/output/v1_pi05_declarative/RubiksCubeRightOfBowlMatchedTask/run_3.hdf5,283327,72c2690eaced0665bc392b3da733cbb121f2ed265c6d61af469e021e6afff534
/home/ali/projects/RoboLab/output/v1_pi05_declarative/RubiksCubeRightOfBowlMatchedTask/run_4.hdf5,279372,ead2186e0a7c71cd531bfc63862d2010d6e66d33872224fc78872e9d5f9702a3
/home/ali/projects/RoboLab/output/v1_pi05_declarative/RubiksCubeRightOfBowlMatchedTask/run_5.hdf5,313788,7ace3d1540403204830c240604c8435fc980b599e1ba636d93c37073f6c49982
/home/ali/projects/RoboLab/output/v1_pi05_declarative/RubiksCubeRightOfBowlMatchedTask/run_6.hdf5,325616,45e84626b10680887e451636fcd32b4c59e3057dc37a25677a7a657d57741a78
/home/ali/projects/RoboLab/output/v1_pi05_declarative/RubiksCubeRightOfBowlMatchedTask/run_7.hdf5,325000,fd12f69c5bca22aa477feceaaeabde977dd08b682ce7952a872ce007100a84af
/home/ali/projects/RoboLab/output/v1_pi05_declarative/RubiksCubeRightOfBowlMatchedTask/run_8.hdf5,221763,85f9280660ac78f93f8ad5761f42dc562f6e2a7f388c6f62769e7d293c03e245
/home/ali/projects/RoboLab/output/v1_pi05_declarative/RubiksCubeRightOfBowlMatchedTask/run_9.hdf5,226654,4ae547323f4ebb0759a07b1c27a553ce6fd660da2daf465b757fda14146ab83e
/home/ali/projects/RoboLab/output/v1_pi05_declarative/episode_results.jsonl,25282,d403002c1b0a4c5228a70c8c7db48279df517de96d41e543508fa17f21800394
/home/ali/projects/RoboLab/output/v1_pi05_vague/RubiksCubeLeftOfBowlMatchedTask/env_cfg.json,40085,66e34ad55c660be2025859326a136b8df7b4073f7540f4c32e9d8387538a7693
/home/ali/projects/RoboLab/output/v1_pi05_vague/RubiksCubeLeftOfBowlMatchedTask/log_0_env0.json,731,3a7d543b9a4673df22df45a488f560c9e7dc2e86fbc976d97e63b651a2d6acbf
/home/ali/projects/RoboLab/output/v1_pi05_vague/RubiksCubeLeftOfBowlMatchedTask/log_1_env0.json,511,ca65660342f651638f433144824b555d6b65be12797beaeed6c9ed92ce0d12a5
/home/ali/projects/RoboLab/output/v1_pi05_vague/RubiksCubeLeftOfBowlMatchedTask/log_2_env0.json,740,3f3b24d2523c37a6cc81931098e410cb0de35f1f84f718156f2696b59b8d5918
/home/ali/projects/RoboLab/output/v1_pi05_vague/RubiksCubeLeftOfBowlMatchedTask/log_3_env0.json,975,002264f701e5b606bd20d61d46b439d714f70f24c5f441be31e7dc45827ec41d
/home/ali/projects/RoboLab/output/v1_pi05_vague/RubiksCubeLeftOfBowlMatchedTask/log_4_env0.json,2375,3416964bd15ea85e0f42ad239f9076637235c0c3fb2ff53bffbed2f68948e6ff
/home/ali/projects/RoboLab/output/v1_pi05_vague/RubiksCubeLeftOfBowlMatchedTask/log_5_env0.json,1198,1a808fd795908f144658b1f8c2ce360474443724e025f5746d2060f7ded9edc7
/home/ali/projects/RoboLab/output/v1_pi05_vague/RubiksCubeLeftOfBowlMatchedTask/log_6_env0.json,386,e7746bdf83fa279624cfedb7c026be8cbbd42640223f41c16761b26b1ad5f3ef
/home/ali/projects/RoboLab/output/v1_pi05_vague/RubiksCubeLeftOfBowlMatchedTask/log_7_env0.json,1200,d4fa9aec9b772eefcf5ddce10de28e768d430a3e8fb46f81bd893db4d39df706
/home/ali/projects/RoboLab/output/v1_pi05_vague/RubiksCubeLeftOfBowlMatchedTask/log_8_env0.json,507,00f86818ee3be91323eef75d314b81ff59eba3097bea59b19d0adcede05c6cbd
/home/ali/projects/RoboLab/output/v1_pi05_vague/RubiksCubeLeftOfBowlMatchedTask/log_9_env0.json,1650,8b163e11aad8ab4b361376b90ca74c95e04ae8fbb4ca81960f04007b7e5e626a
/home/ali/projects/RoboLab/output/v1_pi05_vague/RubiksCubeLeftOfBowlMatchedTask/run_0.hdf5,320303,2e556bcae6ef0a1703e73a96320d1d33e1a4890c09cba1ce2c0580f63aca4f13
/home/ali/projects/RoboLab/output/v1_pi05_vague/RubiksCubeLeftOfBowlMatchedTask/run_1.hdf5,320986,823276618f0869e2794a1714b4ed8c1fecaa781cfeaad6b1e8e1ad572b611420
/home/ali/projects/RoboLab/output/v1_pi05_vague/RubiksCubeLeftOfBowlMatchedTask/run_2.hdf5,321672,fe5c02eb36458565f9e7f02bb97395e7e509a9b613c2355fece2b47bbead56e5
/home/ali/projects/RoboLab/output/v1_pi05_vague/RubiksCubeLeftOfBowlMatchedTask/run_3.hdf5,317408,424a261ec5a6e46786bbd9c0b869c524657030dba8aa2638426f4df7644a063d
/home/ali/projects/RoboLab/output/v1_pi05_vague/RubiksCubeLeftOfBowlMatchedTask/run_4.hdf5,322035,5a5e50c3bf6c9ff8c22b19565ee4a0b85d75250a83adc0edb18baab35807dc61
/home/ali/projects/RoboLab/output/v1_pi05_vague/RubiksCubeLeftOfBowlMatchedTask/run_5.hdf5,319474,0b3c7f20357e080a6a2d2575ec0bb14862380c62c65f4574a275f5e8b78c70c8
/home/ali/projects/RoboLab/output/v1_pi05_vague/RubiksCubeLeftOfBowlMatchedTask/run_6.hdf5,317831,c982a705fbed2af25cf5ef0c582813dd0f1f85f0121ebe1c341b302d0c7f0d45
/home/ali/projects/RoboLab/output/v1_pi05_vague/RubiksCubeLeftOfBowlMatchedTask/run_7.hdf5,321089,a10d05e220664b5679ddfbda3288efd89d079b26012e816a08f6f1c9700d4f1c
/home/ali/projects/RoboLab/output/v1_pi05_vague/RubiksCubeLeftOfBowlMatchedTask/run_8.hdf5,320642,19db21a20bc1a2c616bb28328c6c1abe1780c0daaf71d6433692b356ef29c7f0
/home/ali/projects/RoboLab/output/v1_pi05_vague/RubiksCubeLeftOfBowlMatchedTask/run_9.hdf5,217449,f70df24085d8244a4f1ffb080c53bad00deec50abc5a53ad3a8ec4f8427bc5cb
/home/ali/projects/RoboLab/output/v1_pi05_vague/RubiksCubeRightOfBowlMatchedTask/env_cfg.json,40095,2c9059dd2b0c523257a7a6ad8ea63ab0934ad6ccdb55b4a967caec9cbe5aa280
/home/ali/projects/RoboLab/output/v1_pi05_vague/RubiksCubeRightOfBowlMatchedTask/log_0_env0.json,2002,cb404cbefc6db3c81f3d3b6548f9031fc5810a649ee92cfb33ccb4d2e17af7b1
/home/ali/projects/RoboLab/output/v1_pi05_vague/RubiksCubeRightOfBowlMatchedTask/log_1_env0.json,2587,75118a836787bc55df30e84f9eee6fca6aeade2b059c1f8bf873ab68854045c2
/home/ali/projects/RoboLab/output/v1_pi05_vague/RubiksCubeRightOfBowlMatchedTask/log_2_env0.json,507,a59d0fb72e3477e65604f225cc9e40560e9807ba1a88fb33d3c573f5bd5a7681
/home/ali/projects/RoboLab/output/v1_pi05_vague/RubiksCubeRightOfBowlMatchedTask/log_3_env0.json,1555,34e70595d4b62c42e0d772e6102d3beebdc98755d7707eb9eb36f6735876b39b
/home/ali/projects/RoboLab/output/v1_pi05_vague/RubiksCubeRightOfBowlMatchedTask/log_4_env0.json,2010,4e749e99157146597db0c93d6f0dcf00cfbff1c514e49bbac13d352f11a14d81
/home/ali/projects/RoboLab/output/v1_pi05_vague/RubiksCubeRightOfBowlMatchedTask/log_5_env0.json,1713,7f09a338dd83ee83c14c3dae0e2b17bf08a54a22cd05980fb93e9ac1e79c9501
/home/ali/projects/RoboLab/output/v1_pi05_vague/RubiksCubeRightOfBowlMatchedTask/log_6_env0.json,2870,68c9648fa47491f12885c56bcbc4371a4b413e31abe30c4477f1a180a5dc0d2c
/home/ali/projects/RoboLab/output/v1_pi05_vague/RubiksCubeRightOfBowlMatchedTask/log_7_env0.json,3138,f517854441956e3da0e6a1f8464483b745d68d57c1c50b3301caf8de302eccc2
/home/ali/projects/RoboLab/output/v1_pi05_vague/RubiksCubeRightOfBowlMatchedTask/log_8_env0.json,1890,a4e848713ff0c2f938d7ae325392415da1cea3f6f1bb4773e65fefdf14252f79
/home/ali/projects/RoboLab/output/v1_pi05_vague/RubiksCubeRightOfBowlMatchedTask/log_9_env0.json,1753,8cf51b1bde892de55aba4adc1c3ce9aace6f58fb973fd35c1e268e4a84fb2c07
/home/ali/projects/RoboLab/output/v1_pi05_vague/RubiksCubeRightOfBowlMatchedTask/run_0.hdf5,333439,9dee9f8a282d2450b431b3b65c93c9f09f31c7f96fb176103ea219340ca74199
/home/ali/projects/RoboLab/output/v1_pi05_vague/RubiksCubeRightOfBowlMatchedTask/run_1.hdf5,330553,3a9ecbc8d5cf8ab6bc0c9d817e8598f0cfcd38116a5ea3354c4d588b5274438f
/home/ali/projects/RoboLab/output/v1_pi05_vague/RubiksCubeRightOfBowlMatchedTask/run_2.hdf5,320854,7b51c911db03c28938a2bfc0111b7f2ec137ad2c3570d25a2ff6d583c00963c3
/home/ali/projects/RoboLab/output/v1_pi05_vague/RubiksCubeRightOfBowlMatchedTask/run_3.hdf5,263573,49e431839e47987aa5f021e15a8107fcd1fa34e72172375895eed0c0fe8eddac
/home/ali/projects/RoboLab/output/v1_pi05_vague/RubiksCubeRightOfBowlMatchedTask/run_4.hdf5,319741,6610424753b5bb847bb2bcbb047d6de94309a6a7787e1fab9291ab5a5a3e94ef
/home/ali/projects/RoboLab/output/v1_pi05_vague/RubiksCubeRightOfBowlMatchedTask/run_5.hdf5,325153,c4b98e5d6b8aff2d07b574e3e21df0e3c8a305b9fb25396b4406ab6c1fd1232e
/home/ali/projects/RoboLab/output/v1_pi05_vague/RubiksCubeRightOfBowlMatchedTask/run_6.hdf5,252424,daa77b4b5b390f233eae518b7fe06706df275f11e8f7179128cf2dae5f13026e
/home/ali/projects/RoboLab/output/v1_pi05_vague/RubiksCubeRightOfBowlMatchedTask/run_7.hdf5,278320,83a8228c2b9454a6f19ca7728bcbb08193fca08b2b94aab9e14114feaa240403
/home/ali/projects/RoboLab/output/v1_pi05_vague/RubiksCubeRightOfBowlMatchedTask/run_8.hdf5,296027,fee3574f9692333ab907edda04091fff615352dc0e02a70b860b7baeccac647f
/home/ali/projects/RoboLab/output/v1_pi05_vague/RubiksCubeRightOfBowlMatchedTask/run_9.hdf5,256463,16d41140210eaa004af318b5cd09e6ef2186073a34e85fe02d0056b9de4424de
/home/ali/projects/RoboLab/output/v1_pi05_vague/episode_results.jsonl,24421,cc5034a638fef2443cafa0f7018031eba33b19fc838ffb273c1d623b882671ad
/home/ali/projects/steerable/artifacts/vla_wam_shared_v1/command_probe/cosmos_gpu1/atomic_left_action.npy,1152,3ee1986461e39085234b54ac6b794a7af5e63323417f5aea185f3f753c3e4d71
/home/ali/projects/steerable/artifacts/vla_wam_shared_v1/command_probe/cosmos_gpu1/atomic_left_future.mp4,534346,f98238e46f0ea4fdfef5acd6420619d4fd70216fce75532af7f994b79e87d800
/home/ali/projects/steerable/artifacts/vla_wam_shared_v1/command_probe/cosmos_gpu1/atomic_right_action.npy,1152,2d2851d10be2fddfa065d8572b85e12754f2d4d59e38f478c23ff48f597ea5c5
/home/ali/projects/steerable/artifacts/vla_wam_shared_v1/command_probe/cosmos_gpu1/atomic_right_future.mp4,560242,5c757a3bbcb747a9a14758149400dbe94aa36f8b74446f13b1047fcd422a1d6b
/home/ali/projects/steerable/artifacts/vla_wam_shared_v1/command_probe/cosmos_gpu1/combination_left_action.npy,1152,4b83ea47801fa56fe98c0e648bfba6f22cdad6886f14565a95a73c5c9141ac1f
/home/ali/projects/steerable/artifacts/vla_wam_shared_v1/command_probe/cosmos_gpu1/combination_left_future.mp4,536679,658bc4b2efa64276a576e2c023e01b16a4e1b844f21062294b67a3b725fc0f57
/home/ali/projects/steerable/artifacts/vla_wam_shared_v1/command_probe/cosmos_gpu1/combination_right_action.npy,1152,48f8d66d4be0ba8537bd53e73c3209a9aa4f35b57d1ab0667181f4391d057e9d
/home/ali/projects/steerable/artifacts/vla_wam_shared_v1/command_probe/cosmos_gpu1/combination_right_future.mp4,545363,43e973265fd45f33a41c5ec2fccd079c5358e12b8b1575e891d87b7edb1bb509
/home/ali/projects/steerable/artifacts/vla_wam_shared_v1/command_probe/cosmos_gpu1/contradictory_control_action.npy,1152,ad070fd24cfc099f54e4f86d407e4f5895f8bf5030dd683f796f2ab21be5381b
/home/ali/projects/steerable/artifacts/vla_wam_shared_v1/command_probe/cosmos_gpu1/contradictory_control_future.mp4,524266,889febae4c434de6466124dd839b724287ddbf6ef3e8e8e1fc2e40fc2c895334
/home/ali/projects/steerable/artifacts/vla_wam_shared_v1/command_probe/cosmos_gpu1/future_contact_sheet.jpg,2274845,7b8c67151bee44355eecf774da4b57cb965b9376c34f0fee21984871d04a2198
/home/ali/projects/steerable/artifacts/vla_wam_shared_v1/command_probe/cosmos_gpu1/gripper_trace_to_cube_action.npy,1152,5262580991dbe13efd63baf27320c0d8ee145d818d63a95412ef45c3c7651ca2
/home/ali/projects/steerable/artifacts/vla_wam_shared_v1/command_probe/cosmos_gpu1/gripper_trace_to_cube_future.mp4,549117,071f97573f7f4d17afb699f1867c04aa4c1cb5593c6821fa9405c9687a164c82
/home/ali/projects/steerable/artifacts/vla_wam_shared_v1/command_probe/cosmos_gpu1/grounded_observation.png,577323,2a431b0fa288890b3509b314c0351c91123d5f64b237678fed972848e29cd55b
/home/ali/projects/steerable/artifacts/vla_wam_shared_v1/command_probe/cosmos_gpu1/manifest.json,12582,6f8f508935ccc0bfc9079a676b70e80dfb46615181c4923f3df90a2bd0cd4aa1
/home/ali/projects/steerable/artifacts/vla_wam_shared_v1/command_probe/cosmos_gpu1/metrics.csv,3573,9a57a5721240bfebb38e100777475706641f8f4c8532113bb57bd8042b6ebaee
/home/ali/projects/steerable/artifacts/vla_wam_shared_v1/command_probe/cosmos_gpu1/noun_swap_control_action.npy,1152,f8f2fdcbcd099b42525ba13a03843a4c60fae42824b656c99ab59b08e12d7314
/home/ali/projects/steerable/artifacts/vla_wam_shared_v1/command_probe/cosmos_gpu1/noun_swap_control_future.mp4,526530,3fc279ae76f30b7f80be538e6d9b8e38fb54a078697898e39199e616f8eea563
/home/ali/projects/steerable/artifacts/vla_wam_shared_v1/command_probe/cosmos_gpu1/point_cube_action.npy,1152,451aef36944aa7ad91fbd59e2274a31cc9a524bd0ba93debe1df2a7e8558b4f4
/home/ali/projects/steerable/artifacts/vla_wam_shared_v1/command_probe/cosmos_gpu1/point_cube_future.mp4,521135,a43a671090068e2bd14a1a7ed566118e7d129cdd013dfbb7de394c5551a973ae
/home/ali/projects/steerable/artifacts/vla_wam_shared_v1/command_probe/cosmos_gpu1/point_left_target_action.npy,1152,c55e66fe25e522e5b30fecf4896426336072e33d8675d7bbc745d600e8ad8a5a
/home/ali/projects/steerable/artifacts/vla_wam_shared_v1/command_probe/cosmos_gpu1/point_left_target_future.mp4,542422,5e26473ce15b9ac4f5496c30fe3bcb5f416d51da86f34dbe86cba3a6e7cf98d8
/home/ali/projects/steerable/artifacts/vla_wam_shared_v1/command_probe/cosmos_gpu1/point_right_target_action.npy,1152,9d0c623ac0b3e7153c3c0bb01e75bc9cd48715feb29c36dfc8e117184c588808
/home/ali/projects/steerable/artifacts/vla_wam_shared_v1/command_probe/cosmos_gpu1/point_right_target_future.mp4,548970,92e6a7f649e169301e0c5d3dfdf6a0aabd5c58ea88fd72f0a4133eeca5a3dac0
/home/ali/projects/steerable/artifacts/vla_wam_shared_v1/command_probe/cosmos_gpu1/subtask_grasp_action.npy,1152,037e60be6b42edba040c5c7f64d459f9185b835d4a6d7d87c553caeaafa16fdd
/home/ali/projects/steerable/artifacts/vla_wam_shared_v1/command_probe/cosmos_gpu1/subtask_grasp_future.mp4,540355,6ddb2fbce98eb40509e976d56dafe80ecbf41a20b52327d920df005ef08e46a6
/home/ali/projects/steerable/artifacts/vla_wam_shared_v1/command_probe/cosmos_gpu1/task_left_action.npy,1152,c7d7647858ca612dacfa00c6269f243ace22cf42a5e0e1155d49c29fc0d5c72a
/home/ali/projects/steerable/artifacts/vla_wam_shared_v1/command_probe/cosmos_gpu1/task_left_future.mp4,532560,cce5fd6c285d76bb0ce6c2a88cbbf40c1b1b258b460620d404ba16bc2c5bb3f9
/home/ali/projects/steerable/artifacts/vla_wam_shared_v1/command_probe/cosmos_gpu1/task_left_paraphrase_action.npy,1152,16c60fcf70be88ae6998323704de5e56af9ffdc314a0cc41b9fb9bafefedf751
/home/ali/projects/steerable/artifacts/vla_wam_shared_v1/command_probe/cosmos_gpu1/task_left_paraphrase_future.mp4,542402,4e67151e834d40001fc3358cbd517c2de811f10a2eaf07d65248d4b0588db073
/home/ali/projects/steerable/artifacts/vla_wam_shared_v1/command_probe/cosmos_gpu1/task_left_repeat_action.npy,1152,c7d7647858ca612dacfa00c6269f243ace22cf42a5e0e1155d49c29fc0d5c72a
/home/ali/projects/steerable/artifacts/vla_wam_shared_v1/command_probe/cosmos_gpu1/task_left_repeat_future.mp4,532560,cce5fd6c285d76bb0ce6c2a88cbbf40c1b1b258b460620d404ba16bc2c5bb3f9
/home/ali/projects/steerable/artifacts/vla_wam_shared_v1/command_probe/cosmos_gpu1/task_right_action.npy,1152,a559c38f587ac42aa5e7c9e93d82ffa0b588fceb9c09e60620d1add6ebb9730c
/home/ali/projects/steerable/artifacts/vla_wam_shared_v1/command_probe/cosmos_gpu1/task_right_future.mp4,530764,2ade83600480e0f5c2c5e58ddc9d1e38ddc8244b3130f3b7e60eb53eac311567
/home/ali/projects/steerable/artifacts/vla_wam_shared_v1/command_probe/cosmos_gpu1/unrelated_control_action.npy,1152,7b38c2eae516200b765d8ae2cb90f1eec0a2a347b92efdf7f2191cf2549bd9d6
/home/ali/projects/steerable/artifacts/vla_wam_shared_v1/command_probe/cosmos_gpu1/unrelated_control_future.mp4,562283,68eb1e472092cfbb4bc5db699e4c5c6f135a7b07a7c9a733b8772bbbc62b0fe3
/home/ali/projects/steerable/artifacts/vla_wam_shared_v1/command_probe/cosmos_gpu1_semantics/localization_cache/atomic_left.json,6899,76f7bbf1f697cdb05d57a216ebc5854e08a09eb784956b8c5a4215111f86367e
/home/ali/projects/steerable/artifacts/vla_wam_shared_v1/command_probe/cosmos_gpu1_semantics/localization_cache/atomic_right.json,6931,ef3ef07d08eaeba335b7b0c021ae1a1feb2b41e2bd51f9bf82c569eadb8674a0
/home/ali/projects/steerable/artifacts/vla_wam_shared_v1/command_probe/cosmos_gpu1_semantics/localization_cache/combination_left.json,6925,e068e32231ffc89890a3770a3a5943ed7bfacac8c25e629fcc30a553c4383ffb
/home/ali/projects/steerable/artifacts/vla_wam_shared_v1/command_probe/cosmos_gpu1_semantics/localization_cache/combination_right.json,6906,4e65b2de9d5c93c8ca01accd154caa3810751722efa5bcab92c3f12574af0f55
/home/ali/projects/steerable/artifacts/vla_wam_shared_v1/command_probe/cosmos_gpu1_semantics/localization_cache/contradictory_control.json,6887,0ea954b18952c005c9f56ab7f3d83362d3db5f47f250feec521fa05112b80a1c
/home/ali/projects/steerable/artifacts/vla_wam_shared_v1/command_probe/cosmos_gpu1_semantics/localization_cache/gripper_trace_to_cube.json,6932,624ec742ff858275bc683d3c9ce591c1e6df33e0fdb58a8e9662f1b39a3cb7d7
/home/ali/projects/steerable/artifacts/vla_wam_shared_v1/command_probe/cosmos_gpu1_semantics/localization_cache/noun_swap_control.json,6915,73706dbfcdef7e69283e7e0044b6a1530bb71f9cba77019e5208d09bb0a9943d
/home/ali/projects/steerable/artifacts/vla_wam_shared_v1/command_probe/cosmos_gpu1_semantics/localization_cache/point_cube.json,6963,40dd6c49be2d42fc0f9e45a5ea474478280271c2a0cc5e78c555fc4cbe9d4a7e
/home/ali/projects/steerable/artifacts/vla_wam_shared_v1/command_probe/cosmos_gpu1_semantics/localization_cache/point_left_target.json,6902,1512797668181d63819e7dceda9e17a5a141ac1e2d25bca319ea00ac09fcfec2
/home/ali/projects/steerable/artifacts/vla_wam_shared_v1/command_probe/cosmos_gpu1_semantics/localization_cache/point_right_target.json,6886,21a0ada13b4b29b551a692bf0a9282805670310e9048237cb68c4655b659b8c4
/home/ali/projects/steerable/artifacts/vla_wam_shared_v1/command_probe/cosmos_gpu1_semantics/localization_cache/subtask_grasp.json,6969,495ac77f88851f0ade754d29e6d7089e369eb1f111193d2f4aaf1fb7ac31994c
/home/ali/projects/steerable/artifacts/vla_wam_shared_v1/command_probe/cosmos_gpu1_semantics/localization_cache/task_left.json,6918,9af8a996b3f3b7cb1e88197f3fb7a453b1c9ecf849fc3d6915284e1b4d07db65
/home/ali/projects/steerable/artifacts/vla_wam_shared_v1/command_probe/cosmos_gpu1_semantics/localization_cache/task_left_paraphrase.json,6898,da20fcab206881c868f68f2a33fad5614fd214586c19ed6aa37d86960cbdc76f
/home/ali/projects/steerable/artifacts/vla_wam_shared_v1/command_probe/cosmos_gpu1_semantics/localization_cache/task_left_repeat.json,6918,c74773388c8af9ff7eed305b79b4e36cc9f8ac11d55145dd7123210ff731798b
/home/ali/projects/steerable/artifacts/vla_wam_shared_v1/command_probe/cosmos_gpu1_semantics/localization_cache/task_right.json,6878,c58e8b44cce7cea88a94a2e0fe54150e4fe95b8c9253173ef38ad426fce11278
/home/ali/projects/steerable/artifacts/vla_wam_shared_v1/command_probe/cosmos_gpu1_semantics/localization_cache/unrelated_control.json,6929,0f4817756665c898cd6ffc9c3f7f356237d946a2b34b2d6ad2b5c3bd1b75b303
/home/ali/projects/steerable/artifacts/vla_wam_shared_v1/command_probe/cosmos_gpu1_semantics/runtime.txt,1159,ec72a23dd51c8226d5707f73bc30c7e7570e87620d7512d28858815e13d52393
/home/ali/projects/steerable/artifacts/vla_wam_shared_v1/command_probe/cosmos_gpu1_semantics/semantic_future_contact_sheet.jpg,2025352,3fe96fc1da26eab816eafabd1033b4fe877ae90258e8af225133b86ce2acdf12
/home/ali/projects/steerable/artifacts/vla_wam_shared_v1/command_probe/cosmos_gpu1_semantics/semantic_future_summary.json,8264,c4e602ebfc44e0502a35c59ed205739002512700123d1e8fd81575207e989a91
/home/ali/projects/steerable/artifacts/vla_wam_shared_v1/command_probe/direct_task_cosmos/contrastive_first_left_action.npy,1152,0e788bd9ea1025969048a36db1dd61a03e8de6245a40b5e7a4da780b960f30dc
/home/ali/projects/steerable/artifacts/vla_wam_shared_v1/command_probe/direct_task_cosmos/contrastive_first_left_future.mp4,515775,d89b430cbfd427196d11ea49beb9ec5ef9664e74388b493990576f82df5d293b
/home/ali/projects/steerable/artifacts/vla_wam_shared_v1/command_probe/direct_task_cosmos/contrastive_first_right_action.npy,1152,019ad6332615430d36164bf2a7b1a4bd43e75425fdb90ed8c3e692cafaf3f26d
/home/ali/projects/steerable/artifacts/vla_wam_shared_v1/command_probe/direct_task_cosmos/contrastive_first_right_future.mp4,518096,3ba868a2ebb6d5dbf6f7a7ff7e9e5783e78061388149165bc5188457dd6e4c4a
/home/ali/projects/steerable/artifacts/vla_wam_shared_v1/command_probe/direct_task_cosmos/contrastive_last_left_action.npy,1152,e9baa9892befe782bc7c108474dd400154b66bb635767d9b4889d6587ff8d8c3
/home/ali/projects/steerable/artifacts/vla_wam_shared_v1/command_probe/direct_task_cosmos/contrastive_last_left_future.mp4,521761,922b43b58d3c7b5282d89d84168973b726f1c461ac9c9896fef0cd59074ec3f7
/home/ali/projects/steerable/artifacts/vla_wam_shared_v1/command_probe/direct_task_cosmos/contrastive_last_right_action.npy,1152,9d90d5f769016dd9cf747583f0e95d9399646a2afda5aa8b23a2d9f1b13c1dca
/home/ali/projects/steerable/artifacts/vla_wam_shared_v1/command_probe/direct_task_cosmos/contrastive_last_right_future.mp4,521303,3fee7425454c563829038cfd600eba06efb6f292550959477f811e782f0ab693
/home/ali/projects/steerable/artifacts/vla_wam_shared_v1/command_probe/direct_task_cosmos/declarative_left_action.npy,1152,0488b4683fc966582932c6dacf4934bde92d51b8860f6c9f2bbaf77836b67818
/home/ali/projects/steerable/artifacts/vla_wam_shared_v1/command_probe/direct_task_cosmos/declarative_left_future.mp4,539197,b32c97df23160075e17f1404914d5792617e390d3afe7bdfd784297e4e0ab239
/home/ali/projects/steerable/artifacts/vla_wam_shared_v1/command_probe/direct_task_cosmos/declarative_right_action.npy,1152,26e57a0cf54bf3cb74c08d8824041712376483706146d03ea742f50554031514
/home/ali/projects/steerable/artifacts/vla_wam_shared_v1/command_probe/direct_task_cosmos/declarative_right_future.mp4,526438,b206a66f67e1600985cc95e0577ef258c9307ee8631b7ac8cd6737e8ac9dd76c
/home/ali/projects/steerable/artifacts/vla_wam_shared_v1/command_probe/direct_task_cosmos/future_contact_sheet.jpg,1617575,10a8636624898c96862f072100c7b376404a11108ebae934c42c320741ffb8d1
/home/ali/projects/steerable/artifacts/vla_wam_shared_v1/command_probe/direct_task_cosmos/grounded_observation.png,577323,2a431b0fa288890b3509b314c0351c91123d5f64b237678fed972848e29cd55b
/home/ali/projects/steerable/artifacts/vla_wam_shared_v1/command_probe/direct_task_cosmos/manifest.json,10078,eb0ca0c2fc429b3001712f6b1bd45f4b164319ebd3bf8dac3f7578f21a0e278e
/home/ali/projects/steerable/artifacts/vla_wam_shared_v1/command_probe/direct_task_cosmos/metrics.csv,2858,f41741d23c37fd0db2e868a034aa18d0c020d6f1447d6b8bb1e3701353324aa5
/home/ali/projects/steerable/artifacts/vla_wam_shared_v1/command_probe/direct_task_cosmos/short_left_action.npy,1152,daadd073f1e9069b7e9730a078c5a200c1977517880465a825c3cee52b32e116
/home/ali/projects/steerable/artifacts/vla_wam_shared_v1/command_probe/direct_task_cosmos/short_left_future.mp4,519043,72e9e994042996aa1c139615a5e4e6c1363be091b0e0b63fe9665499fca6e717
/home/ali/projects/steerable/artifacts/vla_wam_shared_v1/command_probe/direct_task_cosmos/short_right_action.npy,1152,e1f9c5ca0f84b62913db011b487c10c8a2a078cbd6caebf7562dfe2b2986b3f3
/home/ali/projects/steerable/artifacts/vla_wam_shared_v1/command_probe/direct_task_cosmos/short_right_future.mp4,519606,8a4415b3a0635285282a8b0b5b67c909dbfc63fd2f5b9e290ef48e4b50ece6eb
/home/ali/projects/steerable/artifacts/vla_wam_shared_v1/command_probe/direct_task_cosmos/task_left_action.npy,1152,86995265394b21ca31aa4b0e72f3b2fd303fb637d9feeeaee42b10e346a823de
/home/ali/projects/steerable/artifacts/vla_wam_shared_v1/command_probe/direct_task_cosmos/task_left_future.mp4,526939,18a00274d85cac3573bac78f3b630ae1c0cf426ddeb4897a8df9988aecfd73cf
/home/ali/projects/steerable/artifacts/vla_wam_shared_v1/command_probe/direct_task_cosmos/task_left_repeat_action.npy,1152,86995265394b21ca31aa4b0e72f3b2fd303fb637d9feeeaee42b10e346a823de
/home/ali/projects/steerable/artifacts/vla_wam_shared_v1/command_probe/direct_task_cosmos/task_left_repeat_future.mp4,526939,18a00274d85cac3573bac78f3b630ae1c0cf426ddeb4897a8df9988aecfd73cf
/home/ali/projects/steerable/artifacts/vla_wam_shared_v1/command_probe/direct_task_cosmos/task_right_action.npy,1152,6c06178e270396c3dd794a27c629d5410c8a7531345349d6502c0bb10daa1241
/home/ali/projects/steerable/artifacts/vla_wam_shared_v1/command_probe/direct_task_cosmos/task_right_future.mp4,514759,302d837cdd42cd54f97c2497d65efd6f2d04691e4eb4777ce72d6348865994ba
/home/ali/projects/steerable/artifacts/vla_wam_shared_v1/command_probe/direct_task_cosmos_semantics/localization_cache/contrastive_first_left.json,6877,60f7646bb16a1572c656c663bc4d29db809be8b654cce933690c7ee8c24bb31a
/home/ali/projects/steerable/artifacts/vla_wam_shared_v1/command_probe/direct_task_cosmos_semantics/localization_cache/contrastive_first_right.json,6896,2ca1741e8c17219dda01bf4650462aa4b28ce02891741e82e3d6c5a5eef1f0a8
/home/ali/projects/steerable/artifacts/vla_wam_shared_v1/command_probe/direct_task_cosmos_semantics/localization_cache/contrastive_last_left.json,6902,70eadd5bd9c48bdb1da91d4b967ff08a7ead5af5e69529efa024939f74eb8544
/home/ali/projects/steerable/artifacts/vla_wam_shared_v1/command_probe/direct_task_cosmos_semantics/localization_cache/contrastive_last_right.json,6908,89f84dd19fda6b4aebf01018b9cf15d7cdde9735da737409a7969f94037b27e6
/home/ali/projects/steerable/artifacts/vla_wam_shared_v1/command_probe/direct_task_cosmos_semantics/localization_cache/declarative_left.json,6906,e5cc54d872425f466cd296e7956c02e06a467cc5b6d21dd844dc8d3cc4d94e1b
/home/ali/projects/steerable/artifacts/vla_wam_shared_v1/command_probe/direct_task_cosmos_semantics/localization_cache/declarative_right.json,6890,a5652ea7e3a08953dfff8792437b5ffc40cb0cd45c9b9a16aa8fce6c5fe98641
/home/ali/projects/steerable/artifacts/vla_wam_shared_v1/command_probe/direct_task_cosmos_semantics/localization_cache/short_left.json,6875,3099e22a887e7dfe2b12a6716f3ac49883e99a1bb641db9e68f8497a2ded8c62
/home/ali/projects/steerable/artifacts/vla_wam_shared_v1/command_probe/direct_task_cosmos_semantics/localization_cache/short_right.json,6897,f54bd1d9bfa7d79ca006f0c2556c6dda359219eb408b9ce0004c260ad0b1387b
/home/ali/projects/steerable/artifacts/vla_wam_shared_v1/command_probe/direct_task_cosmos_semantics/localization_cache/task_left.json,6870,13b0575178f3eb8bd2b505b41cd373a485340a07a0d77959139a0c70b9a8882c
/home/ali/projects/steerable/artifacts/vla_wam_shared_v1/command_probe/direct_task_cosmos_semantics/localization_cache/task_left_repeat.json,6871,e66964d970dbe60a9b55b66a2fcd045143d5d9273fc1b136e32c4ab127a87b52
/home/ali/projects/steerable/artifacts/vla_wam_shared_v1/command_probe/direct_task_cosmos_semantics/localization_cache/task_right.json,6931,0e8939feeb71321cb694d34848ac5352f76d0904de8e781ca3f1b61730ddb865
/home/ali/projects/steerable/artifacts/vla_wam_shared_v1/command_probe/direct_task_cosmos_semantics/runtime.txt,1174,0985c61cb2516caa09dc2b780852813f78bb462b8bb26c95c73b96ab37d17bb5
/home/ali/projects/steerable/artifacts/vla_wam_shared_v1/command_probe/direct_task_cosmos_semantics/semantic_future_contact_sheet.jpg,1392588,a6822f7c9638970ffb6dc55b3b0faab6712b4a2c006a3669b15b3afb0ed0086f
/home/ali/projects/steerable/artifacts/vla_wam_shared_v1/command_probe/direct_task_cosmos_semantics/semantic_future_summary.json,5959,890485af6c9b36565f114a9aad41a4f274c617bada481b1256b3e8863e57f0f9
/home/ali/projects/steerable/artifacts/vla_wam_shared_v1/command_probe/direct_task_pi05/contrastive_first_left_action.npy,608,ad658e8953ab9da16ed9894e9e7f1f89dd962ecb97c0b6b9f2d3e1a0dc952ebc
/home/ali/projects/steerable/artifacts/vla_wam_shared_v1/command_probe/direct_task_pi05/contrastive_first_right_action.npy,608,6d72086fc52678476a80b45d1099e98460777c3f11484ff897d4a974334b0b85
/home/ali/projects/steerable/artifacts/vla_wam_shared_v1/command_probe/direct_task_pi05/contrastive_last_left_action.npy,608,deec12d811f83d18d8a6c50b8fd7080fb3adc4dc700c41581e7c6a4f67287425
/home/ali/projects/steerable/artifacts/vla_wam_shared_v1/command_probe/direct_task_pi05/contrastive_last_right_action.npy,608,86e7e51fa926cfaac8afa340d2b05d0e50a9fd3ea257d019e4f13a007cccf7ad
/home/ali/projects/steerable/artifacts/vla_wam_shared_v1/command_probe/direct_task_pi05/declarative_left_action.npy,608,fb66c4483029a5cd386001f955cf713ab85c82e6c8ff71ecab027b863cea9b55
/home/ali/projects/steerable/artifacts/vla_wam_shared_v1/command_probe/direct_task_pi05/declarative_right_action.npy,608,fee4bb391f1553c82376de0269690df7e6c65d306b9eb1105dbf43f01a2ae565
/home/ali/projects/steerable/artifacts/vla_wam_shared_v1/command_probe/direct_task_pi05/grounded_observation.png,577323,2a431b0fa288890b3509b314c0351c91123d5f64b237678fed972848e29cd55b
/home/ali/projects/steerable/artifacts/vla_wam_shared_v1/command_probe/direct_task_pi05/manifest.json,7930,09fef0650955869da82d3c19ad3ed4811611d1404f7e2d3ab924e1339e668f76
/home/ali/projects/steerable/artifacts/vla_wam_shared_v1/command_probe/direct_task_pi05/metrics.csv,2339,09a86cf408c45acfff55869419fde2d62be30e1c1b211a628d564538d9cead59
/home/ali/projects/steerable/artifacts/vla_wam_shared_v1/command_probe/direct_task_pi05/short_left_action.npy,608,f1d9ad9a7079a72ba9456b5345787a08ba41ce6109e1382efe2959a35be27fa8
/home/ali/projects/steerable/artifacts/vla_wam_shared_v1/command_probe/direct_task_pi05/short_right_action.npy,608,befe9f3d374a28c3de9e84f3ee2c21657922e45137d1a88eec683d2ce875d870
/home/ali/projects/steerable/artifacts/vla_wam_shared_v1/command_probe/direct_task_pi05/task_left_action.npy,608,bfb1b9450bb2d3e11b8a87ee2896f27a0827a5d6590569fbed6c1fb72b831c45
/home/ali/projects/steerable/artifacts/vla_wam_shared_v1/command_probe/direct_task_pi05/task_left_repeat_action.npy,608,bfb1b9450bb2d3e11b8a87ee2896f27a0827a5d6590569fbed6c1fb72b831c45
/home/ali/projects/steerable/artifacts/vla_wam_shared_v1/command_probe/direct_task_pi05/task_right_action.npy,608,4e054b9b8badfbe4f7440999c9784b128d42e676af4539cbff61383d792ef7c2
/home/ali/projects/steerable/artifacts/vla_wam_shared_v1/command_probe/pi05/atomic_left_action.npy,608,cdc44ace5d2aa81590f1835074b3b8b0cc5633e6a395c42f0d3e436e984cf139
/home/ali/projects/steerable/artifacts/vla_wam_shared_v1/command_probe/pi05/atomic_right_action.npy,608,034e23b6d647327709da6d7d90c85ce8554611f89ac1d1a68c90d33789a68369
/home/ali/projects/steerable/artifacts/vla_wam_shared_v1/command_probe/pi05/combination_left_action.npy,608,3dde8b2efdb2a93c17261d6b3b3d889def51f188150c32bc58b065520a39dfe9
/home/ali/projects/steerable/artifacts/vla_wam_shared_v1/command_probe/pi05/combination_right_action.npy,608,c67c89de1681e0c3e445c92543dd9946fb44792601ca16843f4abd90c9fdeb87
/home/ali/projects/steerable/artifacts/vla_wam_shared_v1/command_probe/pi05/contradictory_control_action.npy,608,c751ac5e43bd4f0e26314ac02fc6f07869dcda48cfd8eccccb77756e8ef2cfee
/home/ali/projects/steerable/artifacts/vla_wam_shared_v1/command_probe/pi05/gripper_trace_to_cube_action.npy,608,25c97a294e25d52e82db2b96be6a40f1a2d71104d48e9fe23ed6eff1e47eb605
/home/ali/projects/steerable/artifacts/vla_wam_shared_v1/command_probe/pi05/grounded_observation.png,577323,2a431b0fa288890b3509b314c0351c91123d5f64b237678fed972848e29cd55b
/home/ali/projects/steerable/artifacts/vla_wam_shared_v1/command_probe/pi05/manifest.json,9446,dd5168ba5cc42ee627aaf8be33514a1148801ef4e9dcf6987a1d80d883ec4ad3
/home/ali/projects/steerable/artifacts/vla_wam_shared_v1/command_probe/pi05/metrics.csv,2846,8f546797c4b4fa7ddfb86b49cbb62a3163d022380c4076debcbea2eca58dbd8e
/home/ali/projects/steerable/artifacts/vla_wam_shared_v1/command_probe/pi05/noun_swap_control_action.npy,608,82dddec8c0fe05c7031ed3376e3ccc60461f8876e4d964e9d1732c31b8e5b224
/home/ali/projects/steerable/artifacts/vla_wam_shared_v1/command_probe/pi05/point_cube_action.npy,608,f33aa283e350cf8c42f495b49cdc8d4fb282b3fd24d30077e48f95e9264093a1
/home/ali/projects/steerable/artifacts/vla_wam_shared_v1/command_probe/pi05/point_left_target_action.npy,608,0b5494b4601a213d685528d82e03178c8d6e16972afbb12660fa7091b70d8b8c
/home/ali/projects/steerable/artifacts/vla_wam_shared_v1/command_probe/pi05/point_right_target_action.npy,608,55396a8dff557ba92d5186dd538eeacc755c7f67db17705e8ae88213eab26603
/home/ali/projects/steerable/artifacts/vla_wam_shared_v1/command_probe/pi05/subtask_grasp_action.npy,608,74738824b67e42d9600401f0efece4f475023bc0c42be1ef30bd6c58e177b43b
/home/ali/projects/steerable/artifacts/vla_wam_shared_v1/command_probe/pi05/task_left_action.npy,608,5be7eef545284f567f109a01aa2760f178ee68ed236468c8eb7ee444a7ca5356
/home/ali/projects/steerable/artifacts/vla_wam_shared_v1/command_probe/pi05/task_left_paraphrase_action.npy,608,3db7da9e51344e399330f1734c9de95702f4285a6d013aa13ecd6a45c0e83267
/home/ali/projects/steerable/artifacts/vla_wam_shared_v1/command_probe/pi05/task_left_repeat_action.npy,608,5be7eef545284f567f109a01aa2760f178ee68ed236468c8eb7ee444a7ca5356
/home/ali/projects/steerable/artifacts/vla_wam_shared_v1/command_probe/pi05/task_right_action.npy,608,75c05e1b54681c0056710705498b5253a5141d49411c3b911a4afdcd44abc1d4
/home/ali/projects/steerable/artifacts/vla_wam_shared_v1/command_probe/pi05/unrelated_control_action.npy,608,f37092ec79f5c251028a43978e4e1866c2334127536ac6ffaa3bfc6550c12c15
/home/ali/projects/steerable/artifacts/vla_wam_shared_v1/semantic_confirmation/cosmos_canonical/audit/v1_cosmos_canonical__RubiksCubeLeftOfBowlMatchedTask/episode_000_contact_sheet.jpg,1388710,6a31bea612180cf5d2bf27050ac1c09a0320c3bcb9e560e2dd4fcc0289ed8325
/home/ali/projects/steerable/artifacts/vla_wam_shared_v1/semantic_confirmation/cosmos_canonical/audit/v1_cosmos_canonical__RubiksCubeLeftOfBowlMatchedTask/episode_001_contact_sheet.jpg,1385294,aabf85cb764afbc56383dfa928b544d617788240141b4658386835be0f3d85bb
/home/ali/projects/steerable/artifacts/vla_wam_shared_v1/semantic_confirmation/cosmos_canonical/audit/v1_cosmos_canonical__RubiksCubeLeftOfBowlMatchedTask/episode_002_contact_sheet.jpg,1879094,982b350b908bf4ad19d769d18d194790775f1a3b510c5cb935a3366c178ccb18
/home/ali/projects/steerable/artifacts/vla_wam_shared_v1/semantic_confirmation/cosmos_canonical/audit/v1_cosmos_canonical__RubiksCubeLeftOfBowlMatchedTask/episode_003_contact_sheet.jpg,1004983,588e984a0b23ff798d9df57c7f43c361bca7c70f8986bc8af435a11398ebb734
/home/ali/projects/steerable/artifacts/vla_wam_shared_v1/semantic_confirmation/cosmos_canonical/audit/v1_cosmos_canonical__RubiksCubeLeftOfBowlMatchedTask/episode_004_contact_sheet.jpg,1894816,42300c0cb5cc9c54d77478177c4ce5be807a3ebc91da3e2ff6db20a6d4ae1dc7
/home/ali/projects/steerable/artifacts/vla_wam_shared_v1/semantic_confirmation/cosmos_canonical/audit/v1_cosmos_canonical__RubiksCubeLeftOfBowlMatchedTask/episode_005_contact_sheet.jpg,1009926,24dda3125c2384323539a1acb97d759081d76983ce20cf9715522770c628c926
/home/ali/projects/steerable/artifacts/vla_wam_shared_v1/semantic_confirmation/cosmos_canonical/audit/v1_cosmos_canonical__RubiksCubeLeftOfBowlMatchedTask/episode_006_contact_sheet.jpg,1900622,a4a159bd7c0c34b8965c383ee929076f38de72eb71e229e5460bf7907f4fa658
/home/ali/projects/steerable/artifacts/vla_wam_shared_v1/semantic_confirmation/cosmos_canonical/audit/v1_cosmos_canonical__RubiksCubeLeftOfBowlMatchedTask/episode_007_contact_sheet.jpg,508393,0ca0f2d8553cb7de37148d17d92914516ae9e8edc6a7a0cabf9add2a57e763ad
/home/ali/projects/steerable/artifacts/vla_wam_shared_v1/semantic_confirmation/cosmos_canonical/audit/v1_cosmos_canonical__RubiksCubeLeftOfBowlMatchedTask/episode_008_contact_sheet.jpg,888079,1ac1480796e05cb5d65bbaceb6b73d3da592909c9c0cab8e3c454a3a1c628a18
/home/ali/projects/steerable/artifacts/vla_wam_shared_v1/semantic_confirmation/cosmos_canonical/audit/v1_cosmos_canonical__RubiksCubeLeftOfBowlMatchedTask/episode_009_contact_sheet.jpg,633842,e86daa7a7f82c99b4850a472210c1f03d74690358f78c52b57904868c91648cd
/home/ali/projects/steerable/artifacts/vla_wam_shared_v1/semantic_confirmation/cosmos_canonical/audit/v1_cosmos_canonical__RubiksCubeRightOfBowlMatchedTask/episode_000_contact_sheet.jpg,1511059,19e054c6b2768ab0eeff6d507f5752122fd6deef4515d9c0db4f7f85652618cd
/home/ali/projects/steerable/artifacts/vla_wam_shared_v1/semantic_confirmation/cosmos_canonical/audit/v1_cosmos_canonical__RubiksCubeRightOfBowlMatchedTask/episode_001_contact_sheet.jpg,749485,03a42aaa537d48782dd46de0f545e5edff174eb0456646db542dae101b057e9a
/home/ali/projects/steerable/artifacts/vla_wam_shared_v1/semantic_confirmation/cosmos_canonical/audit/v1_cosmos_canonical__RubiksCubeRightOfBowlMatchedTask/episode_002_contact_sheet.jpg,1004706,a4e95783c6b556dc803c0cd47b67d7d95561394576bee67bde326a2634e78c75
/home/ali/projects/steerable/artifacts/vla_wam_shared_v1/semantic_confirmation/cosmos_canonical/audit/v1_cosmos_canonical__RubiksCubeRightOfBowlMatchedTask/episode_003_contact_sheet.jpg,1003423,43465b86c9bf73aff2fabf1a5f7fbab8150516cdb3f83c4671ad1d7aaa701519
/home/ali/projects/steerable/artifacts/vla_wam_shared_v1/semantic_confirmation/cosmos_canonical/audit/v1_cosmos_canonical__RubiksCubeRightOfBowlMatchedTask/episode_004_contact_sheet.jpg,629124,50d32a96c48e0e8eebfeb5583f3a3c8eb46f5945f1c5d44f30a95bac4cd5c54e
/home/ali/projects/steerable/artifacts/vla_wam_shared_v1/semantic_confirmation/cosmos_canonical/audit/v1_cosmos_canonical__RubiksCubeRightOfBowlMatchedTask/episode_005_contact_sheet.jpg,1871909,041695132e7c7010b03e447ac277d9cfbf32a8f9e05c98918f3edbd0cbbf185d
/home/ali/projects/steerable/artifacts/vla_wam_shared_v1/semantic_confirmation/cosmos_canonical/audit/v1_cosmos_canonical__RubiksCubeRightOfBowlMatchedTask/episode_006_contact_sheet.jpg,751876,68869f214c79e59ff5d390a5c3d356132d1b70c607ad750d7ab88920f1e9e67b
/home/ali/projects/steerable/artifacts/vla_wam_shared_v1/semantic_confirmation/cosmos_canonical/audit/v1_cosmos_canonical__RubiksCubeRightOfBowlMatchedTask/episode_007_contact_sheet.jpg,628879,2954b4bf9b1eadcdd74fc4d447460d6c80e8b0ffc5edd977273b3a1aea4c5ec1
/home/ali/projects/steerable/artifacts/vla_wam_shared_v1/semantic_confirmation/cosmos_canonical/audit/v1_cosmos_canonical__RubiksCubeRightOfBowlMatchedTask/episode_008_contact_sheet.jpg,749530,d4f2916d415283866291d575c2d28f042b2c83b4c609e76888961d19fe05d91f
/home/ali/projects/steerable/artifacts/vla_wam_shared_v1/semantic_confirmation/cosmos_canonical/audit/v1_cosmos_canonical__RubiksCubeRightOfBowlMatchedTask/episode_009_contact_sheet.jpg,1875297,71cc2c7e6e8889e37444052d9b6c1ef71894938590fad3d1b0beeceab4ea4bd9
/home/ali/projects/steerable/artifacts/vla_wam_shared_v1/semantic_confirmation/cosmos_canonical/localization_cache/v1_cosmos_canonical__RubiksCubeLeftOfBowlMatchedTask/episode_000_chunk_000.json,6956,f88bd27632043578a7688380355b5ee3031eb4ad6442eb61cede2e9eb450298c
/home/ali/projects/steerable/artifacts/vla_wam_shared_v1/semantic_confirmation/cosmos_canonical/localization_cache/v1_cosmos_canonical__RubiksCubeLeftOfBowlMatchedTask/episode_000_chunk_001.json,7023,0de5375610a55adacc810370a017d46771281252414db06eac356678a672d0d8
/home/ali/projects/steerable/artifacts/vla_wam_shared_v1/semantic_confirmation/cosmos_canonical/localization_cache/v1_cosmos_canonical__RubiksCubeLeftOfBowlMatchedTask/episode_000_chunk_002.json,7029,7e8f344755888d178cb28eb7cf03b792cb7e8a66a956aae8db6a08614bedc8b3
/home/ali/projects/steerable/artifacts/vla_wam_shared_v1/semantic_confirmation/cosmos_canonical/localization_cache/v1_cosmos_canonical__RubiksCubeLeftOfBowlMatchedTask/episode_000_chunk_003.json,6990,191dd7432e87865750e3fcfa892ba348a9840dfb9a3f4cb9a43df60935dbd7ac
/home/ali/projects/steerable/artifacts/vla_wam_shared_v1/semantic_confirmation/cosmos_canonical/localization_cache/v1_cosmos_canonical__RubiksCubeLeftOfBowlMatchedTask/episode_000_chunk_004.json,7012,01d45b08adaf508c49b56bbd90590d7685193fc6511b0691ae836b4e30bc5a08
/home/ali/projects/steerable/artifacts/vla_wam_shared_v1/semantic_confirmation/cosmos_canonical/localization_cache/v1_cosmos_canonical__RubiksCubeLeftOfBowlMatchedTask/episode_000_chunk_005.json,6975,903d65bbbc920087886c75a7552e88416761ee9c6fee7f38b6c46e8ce0e3573e
/home/ali/projects/steerable/artifacts/vla_wam_shared_v1/semantic_confirmation/cosmos_canonical/localization_cache/v1_cosmos_canonical__RubiksCubeLeftOfBowlMatchedTask/episode_000_chunk_006.json,6951,3a474aee6340c3b3346dfb183bec0643bc163787a0a7c799cbf43be04b280b55
/home/ali/projects/steerable/artifacts/vla_wam_shared_v1/semantic_confirmation/cosmos_canonical/localization_cache/v1_cosmos_canonical__RubiksCubeLeftOfBowlMatchedTask/episode_000_chunk_007.json,7038,6ec8863b374b0a7536d020b13cd8b610369e2696599691cb1d95141bb6ec7af9
/home/ali/projects/steerable/artifacts/vla_wam_shared_v1/semantic_confirmation/cosmos_canonical/localization_cache/v1_cosmos_canonical__RubiksCubeLeftOfBowlMatchedTask/episode_000_chunk_008.json,6958,58877469649142fb4d53d1fb18a790d17f8637d4c07e543335cd18141d109921
/home/ali/projects/steerable/artifacts/vla_wam_shared_v1/semantic_confirmation/cosmos_canonical/localization_cache/v1_cosmos_canonical__RubiksCubeLeftOfBowlMatchedTask/episode_000_chunk_009.json,7105,2374d9bdcc1a18c97ee057b72274391140f18b6a3c61e94d1d343a8ccf8f97b7
/home/ali/projects/steerable/artifacts/vla_wam_shared_v1/semantic_confirmation/cosmos_canonical/localization_cache/v1_cosmos_canonical__RubiksCubeLeftOfBowlMatchedTask/episode_000_chunk_010.json,7058,06abd198e7fe434a90c4ca11901dac044a16b7037ec63a6ef81e549573cf0f71
/home/ali/projects/steerable/artifacts/vla_wam_shared_v1/semantic_confirmation/cosmos_canonical/localization_cache/v1_cosmos_canonical__RubiksCubeLeftOfBowlMatchedTask/episode_001_chunk_000.json,6912,1066f7868f5cdcad6d4b2acfb17619c6c138cb8404795d0ca932dd122cbe2412
/home/ali/projects/steerable/artifacts/vla_wam_shared_v1/semantic_confirmation/cosmos_canonical/localization_cache/v1_cosmos_canonical__RubiksCubeLeftOfBowlMatchedTask/episode_001_chunk_001.json,6861,b7789e65396f460f426c2a2ec3cfe354f59d7bd96ec9648b57d6eb68186d4f1b
/home/ali/projects/steerable/artifacts/vla_wam_shared_v1/semantic_confirmation/cosmos_canonical/localization_cache/v1_cosmos_canonical__RubiksCubeLeftOfBowlMatchedTask/episode_001_chunk_002.json,6989,6783bae849e505389af397bee153db45faec21cd6ec53647363e790d8a323606
/home/ali/projects/steerable/artifacts/vla_wam_shared_v1/semantic_confirmation/cosmos_canonical/localization_cache/v1_cosmos_canonical__RubiksCubeLeftOfBowlMatchedTask/episode_001_chunk_003.json,7144,9e062a46ec1394a3c01c8a2ba01acd5237e16ac7732a8d8a292067edf49ee5a8
/home/ali/projects/steerable/artifacts/vla_wam_shared_v1/semantic_confirmation/cosmos_canonical/localization_cache/v1_cosmos_canonical__RubiksCubeLeftOfBowlMatchedTask/episode_001_chunk_004.json,6995,6e8f4de5bc16cd3d3a870c85819fd0b9a23d3d944af76a8ebed583de36976b4f
/home/ali/projects/steerable/artifacts/vla_wam_shared_v1/semantic_confirmation/cosmos_canonical/localization_cache/v1_cosmos_canonical__RubiksCubeLeftOfBowlMatchedTask/episode_001_chunk_005.json,6964,a726886f934c04122ac4168da02a66862b4ffe5d8446456321ccc4ccfd2720ab
/home/ali/projects/steerable/artifacts/vla_wam_shared_v1/semantic_confirmation/cosmos_canonical/localization_cache/v1_cosmos_canonical__RubiksCubeLeftOfBowlMatchedTask/episode_001_chunk_006.json,7025,abf318ea264ab42db3df9bd1ff385a72e9df03dbfe72ffde4784378c4526c4be
/home/ali/projects/steerable/artifacts/vla_wam_shared_v1/semantic_confirmation/cosmos_canonical/localization_cache/v1_cosmos_canonical__RubiksCubeLeftOfBowlMatchedTask/episode_001_chunk_007.json,7010,4f2c845609dc8a6851b3d3ed0fc30b4013ebac6ca4796c37243febcbee387777
/home/ali/projects/steerable/artifacts/vla_wam_shared_v1/semantic_confirmation/cosmos_canonical/localization_cache/v1_cosmos_canonical__RubiksCubeLeftOfBowlMatchedTask/episode_001_chunk_008.json,7226,9435a103c5f68912257badc5e9bbe444b663a18370d7f59d4ca291b6898d9b81
/home/ali/projects/steerable/artifacts/vla_wam_shared_v1/semantic_confirmation/cosmos_canonical/localization_cache/v1_cosmos_canonical__RubiksCubeLeftOfBowlMatchedTask/episode_001_chunk_009.json,7088,f7e7eebdf29a44b35fb2259ac458b188abc9c531a5e6eb1e8d6994aad5867462
/home/ali/projects/steerable/artifacts/vla_wam_shared_v1/semantic_confirmation/cosmos_canonical/localization_cache/v1_cosmos_canonical__RubiksCubeLeftOfBowlMatchedTask/episode_001_chunk_010.json,7048,4bd3df79e905d57ae033d9deeac7ba7646123bdc9f477b0327db5d5c6d495a9d
/home/ali/projects/steerable/artifacts/vla_wam_shared_v1/semantic_confirmation/cosmos_canonical/localization_cache/v1_cosmos_canonical__RubiksCubeLeftOfBowlMatchedTask/episode_002_chunk_000.json,6888,9555d247e66c372879fa28c811ac14178a307a42e9a18e074237c76c7be0072e
/home/ali/projects/steerable/artifacts/vla_wam_shared_v1/semantic_confirmation/cosmos_canonical/localization_cache/v1_cosmos_canonical__RubiksCubeLeftOfBowlMatchedTask/episode_002_chunk_001.json,7001,2881a09bf18d2de63f9d0d94d1f9f1752d005dc3b04a611893290648dd2ccb45
/home/ali/projects/steerable/artifacts/vla_wam_shared_v1/semantic_confirmation/cosmos_canonical/localization_cache/v1_cosmos_canonical__RubiksCubeLeftOfBowlMatchedTask/episode_002_chunk_002.json,7019,b69ec3272833b1df04c102d283e507afdee19965265301f38fc703b64b9eba48
/home/ali/projects/steerable/artifacts/vla_wam_shared_v1/semantic_confirmation/cosmos_canonical/localization_cache/v1_cosmos_canonical__RubiksCubeLeftOfBowlMatchedTask/episode_002_chunk_003.json,6913,cb6e145754ac22cca19b4de709eb35d1885f7e4a59ba98f61f77bfa8cd3de8cf
/home/ali/projects/steerable/artifacts/vla_wam_shared_v1/semantic_confirmation/cosmos_canonical/localization_cache/v1_cosmos_canonical__RubiksCubeLeftOfBowlMatchedTask/episode_002_chunk_004.json,7024,1ae5f3d6fe4059aaec8833749d0dc6920df27f03f9466de3e3e7b08b0706b26f
/home/ali/projects/steerable/artifacts/vla_wam_shared_v1/semantic_confirmation/cosmos_canonical/localization_cache/v1_cosmos_canonical__RubiksCubeLeftOfBowlMatchedTask/episode_002_chunk_005.json,7022,259688d550ee98f8235cabbda7bd7d19bddc583db73aa081ea2272af5a0914dd
/home/ali/projects/steerable/artifacts/vla_wam_shared_v1/semantic_confirmation/cosmos_canonical/localization_cache/v1_cosmos_canonical__RubiksCubeLeftOfBowlMatchedTask/episode_002_chunk_006.json,6952,6e45e556594b60f2a90011e5cf378e459f465bff7f4d619881aa45dca5330e9e
/home/ali/projects/steerable/artifacts/vla_wam_shared_v1/semantic_confirmation/cosmos_canonical/localization_cache/v1_cosmos_canonical__RubiksCubeLeftOfBowlMatchedTask/episode_002_chunk_007.json,6955,ba192d85c345615604611666ca88237bd2e158c19ef919e93b05ecdaa9ccdd37
/home/ali/projects/steerable/artifacts/vla_wam_shared_v1/semantic_confirmation/cosmos_canonical/localization_cache/v1_cosmos_canonical__RubiksCubeLeftOfBowlMatchedTask/episode_002_chunk_008.json,7102,bf7554c6d88cfc233dded336b3f82ce3ac9f533481f436197f76445d9363f267
/home/ali/projects/steerable/artifacts/vla_wam_shared_v1/semantic_confirmation/cosmos_canonical/localization_cache/v1_cosmos_canonical__RubiksCubeLeftOfBowlMatchedTask/episode_002_chunk_009.json,6936,6a63de0f63c8167f2698869e5cb67811567bf5b766b8f7da82959e4f73b4daea
/home/ali/projects/steerable/artifacts/vla_wam_shared_v1/semantic_confirmation/cosmos_canonical/localization_cache/v1_cosmos_canonical__RubiksCubeLeftOfBowlMatchedTask/episode_002_chunk_010.json,6905,4eaec5a93ba3a73044cdde70bff01a8121e5f0d050e85281d4b335307c467472
/home/ali/projects/steerable/artifacts/vla_wam_shared_v1/semantic_confirmation/cosmos_canonical/localization_cache/v1_cosmos_canonical__RubiksCubeLeftOfBowlMatchedTask/episode_002_chunk_011.json,6886,eb5e04056f914fe72c8e97860a666aadf9cdc24acc0d6685b12d72e791b5d35d
/home/ali/projects/steerable/artifacts/vla_wam_shared_v1/semantic_confirmation/cosmos_canonical/localization_cache/v1_cosmos_canonical__RubiksCubeLeftOfBowlMatchedTask/episode_002_chunk_012.json,7183,db18b99a1775e57f7f4c6395c424d357ae2cc2c8552b261a931a6d98e55d996b
/home/ali/projects/steerable/artifacts/vla_wam_shared_v1/semantic_confirmation/cosmos_canonical/localization_cache/v1_cosmos_canonical__RubiksCubeLeftOfBowlMatchedTask/episode_002_chunk_013.json,6950,c424fd8d5d4cde5459b51574b3a3b603aa5752d191f90caad3c02eb18c9bf876
/home/ali/projects/steerable/artifacts/vla_wam_shared_v1/semantic_confirmation/cosmos_canonical/localization_cache/v1_cosmos_canonical__RubiksCubeLeftOfBowlMatchedTask/episode_002_chunk_014.json,6976,4b02664520547c7a2a625276e3b04f47ed8830d6831b70a973f0c36128d0c102
/home/ali/projects/steerable/artifacts/vla_wam_shared_v1/semantic_confirmation/cosmos_canonical/localization_cache/v1_cosmos_canonical__RubiksCubeLeftOfBowlMatchedTask/episode_003_chunk_000.json,6899,13dd57e378464ba36749ba66a17bccbab6922ebe1e2d6d3a837d56e585d10253
/home/ali/projects/steerable/artifacts/vla_wam_shared_v1/semantic_confirmation/cosmos_canonical/localization_cache/v1_cosmos_canonical__RubiksCubeLeftOfBowlMatchedTask/episode_003_chunk_001.json,7042,44f02964206e1124d428140163484370a38b0ae24ac2bf16e003e0b48aaa9d57
/home/ali/projects/steerable/artifacts/vla_wam_shared_v1/semantic_confirmation/cosmos_canonical/localization_cache/v1_cosmos_canonical__RubiksCubeLeftOfBowlMatchedTask/episode_003_chunk_002.json,6991,23b0cc4b501c9a5ca92b2830be2ff9187111da3f87d8689f21fd9c573497f6cd
/home/ali/projects/steerable/artifacts/vla_wam_shared_v1/semantic_confirmation/cosmos_canonical/localization_cache/v1_cosmos_canonical__RubiksCubeLeftOfBowlMatchedTask/episode_003_chunk_003.json,7103,2b5bada8fd26749aaaa9c6a7b1076791a799d3078a35fd24f572ada9f6d139e0
/home/ali/projects/steerable/artifacts/vla_wam_shared_v1/semantic_confirmation/cosmos_canonical/localization_cache/v1_cosmos_canonical__RubiksCubeLeftOfBowlMatchedTask/episode_003_chunk_004.json,6971,29f50502d06e0d2683fef7bb912fc28ede02875955c3065415cc2dad632f5abe
/home/ali/projects/steerable/artifacts/vla_wam_shared_v1/semantic_confirmation/cosmos_canonical/localization_cache/v1_cosmos_canonical__RubiksCubeLeftOfBowlMatchedTask/episode_003_chunk_005.json,6943,c88e279e13d6ae7aac204e510a89eba8149a8132586d2a4f7fcd845b800dae4a
/home/ali/projects/steerable/artifacts/vla_wam_shared_v1/semantic_confirmation/cosmos_canonical/localization_cache/v1_cosmos_canonical__RubiksCubeLeftOfBowlMatchedTask/episode_003_chunk_006.json,6868,3925b5ab3572630262200b3ee3bb13730ffaefe92c5b4b1b406cd03d6c1c327c
/home/ali/projects/steerable/artifacts/vla_wam_shared_v1/semantic_confirmation/cosmos_canonical/localization_cache/v1_cosmos_canonical__RubiksCubeLeftOfBowlMatchedTask/episode_003_chunk_007.json,7036,f95f5cb4d3b715db37e7831ef76a7a0b088ed73c365b17319e961ef7939fad31
/home/ali/projects/steerable/artifacts/vla_wam_shared_v1/semantic_confirmation/cosmos_canonical/localization_cache/v1_cosmos_canonical__RubiksCubeLeftOfBowlMatchedTask/episode_004_chunk_000.json,6891,884d04e7e8ef362c8365be099d1f7afd50e65f8dc12b3c9ccd380a45bce45103
/home/ali/projects/steerable/artifacts/vla_wam_shared_v1/semantic_confirmation/cosmos_canonical/localization_cache/v1_cosmos_canonical__RubiksCubeLeftOfBowlMatchedTask/episode_004_chunk_001.json,6906,bc2298ec5516f69e2b856dc4991b94baa8d25e1bd4bebd882c156c0e648738aa
/home/ali/projects/steerable/artifacts/vla_wam_shared_v1/semantic_confirmation/cosmos_canonical/localization_cache/v1_cosmos_canonical__RubiksCubeLeftOfBowlMatchedTask/episode_004_chunk_002.json,7258,25c8021b02ac09415d2768cdbcd90ffae20549540d68f63b9d75312906f5ea18
/home/ali/projects/steerable/artifacts/vla_wam_shared_v1/semantic_confirmation/cosmos_canonical/localization_cache/v1_cosmos_canonical__RubiksCubeLeftOfBowlMatchedTask/episode_004_chunk_003.json,6986,7925ae117cac03a6d6e03e7df5a7a7a8953c9681530addd2e33ca5b127cf10c4
/home/ali/projects/steerable/artifacts/vla_wam_shared_v1/semantic_confirmation/cosmos_canonical/localization_cache/v1_cosmos_canonical__RubiksCubeLeftOfBowlMatchedTask/episode_004_chunk_004.json,6995,8968b90be984c0459e938e078672d3565076a62df007698741e37a147a28b8e7
/home/ali/projects/steerable/artifacts/vla_wam_shared_v1/semantic_confirmation/cosmos_canonical/localization_cache/v1_cosmos_canonical__RubiksCubeLeftOfBowlMatchedTask/episode_004_chunk_005.json,6988,006d5a3b679daf55e75fed058d2448d106bf97cf0de3a498ffbdfabb20dc81fe
/home/ali/projects/steerable/artifacts/vla_wam_shared_v1/semantic_confirmation/cosmos_canonical/localization_cache/v1_cosmos_canonical__RubiksCubeLeftOfBowlMatchedTask/episode_004_chunk_006.json,7078,702acb1757d09a4e45aa8a6dc461c3638780d3d589cbcecac335fcda47eda876
/home/ali/projects/steerable/artifacts/vla_wam_shared_v1/semantic_confirmation/cosmos_canonical/localization_cache/v1_cosmos_canonical__RubiksCubeLeftOfBowlMatchedTask/episode_004_chunk_007.json,7221,b3508826488d2c126f66cba2ed163ab392727f20d130010f8d7563f872302f64
/home/ali/projects/steerable/artifacts/vla_wam_shared_v1/semantic_confirmation/cosmos_canonical/localization_cache/v1_cosmos_canonical__RubiksCubeLeftOfBowlMatchedTask/episode_004_chunk_008.json,7136,ff205158b60642079b97a96a3a9c77e372515de71151a6fe56515105f0973e30
/home/ali/projects/steerable/artifacts/vla_wam_shared_v1/semantic_confirmation/cosmos_canonical/localization_cache/v1_cosmos_canonical__RubiksCubeLeftOfBowlMatchedTask/episode_004_chunk_009.json,7113,c779241d430db5d8b0a399cb28c869fe8456b774a8c5001505992cc90d340c29
/home/ali/projects/steerable/artifacts/vla_wam_shared_v1/semantic_confirmation/cosmos_canonical/localization_cache/v1_cosmos_canonical__RubiksCubeLeftOfBowlMatchedTask/episode_004_chunk_010.json,6977,1d1dc7c93c2bda147cccc496236f0b15c1f4e0cc6e543c33da5d704c57b37655
/home/ali/projects/steerable/artifacts/vla_wam_shared_v1/semantic_confirmation/cosmos_canonical/localization_cache/v1_cosmos_canonical__RubiksCubeLeftOfBowlMatchedTask/episode_004_chunk_011.json,6918,5400c52cba59da043be8b9fa9fe05be848554d9eba3e251cc95d90779996ed2d
/home/ali/projects/steerable/artifacts/vla_wam_shared_v1/semantic_confirmation/cosmos_canonical/localization_cache/v1_cosmos_canonical__RubiksCubeLeftOfBowlMatchedTask/episode_004_chunk_012.json,7048,44cac8ae4f4d605bf93e25f722c25530e1e2fb30b4590e9681166a80cb17ee6a
/home/ali/projects/steerable/artifacts/vla_wam_shared_v1/semantic_confirmation/cosmos_canonical/localization_cache/v1_cosmos_canonical__RubiksCubeLeftOfBowlMatchedTask/episode_004_chunk_013.json,7020,8d91ffd722ba472fc0b79373b72169ed5e4c38cfca048f69bc43e40c618d265c
/home/ali/projects/steerable/artifacts/vla_wam_shared_v1/semantic_confirmation/cosmos_canonical/localization_cache/v1_cosmos_canonical__RubiksCubeLeftOfBowlMatchedTask/episode_004_chunk_014.json,6983,63cdfc0bf0154483e71d42b28c01460504d016766d2f0e19bf32deaa8555ebf5
/home/ali/projects/steerable/artifacts/vla_wam_shared_v1/semantic_confirmation/cosmos_canonical/localization_cache/v1_cosmos_canonical__RubiksCubeLeftOfBowlMatchedTask/episode_005_chunk_000.json,7005,59ee500d6937eefb18bf797905f6f1070795e9fb00f385547f2d8eadb81ea595
/home/ali/projects/steerable/artifacts/vla_wam_shared_v1/semantic_confirmation/cosmos_canonical/localization_cache/v1_cosmos_canonical__RubiksCubeLeftOfBowlMatchedTask/episode_005_chunk_001.json,7056,9a418339690d24106ebbb6ff662f80faeeff15381c4a00f1c310424c98a7a9f8
/home/ali/projects/steerable/artifacts/vla_wam_shared_v1/semantic_confirmation/cosmos_canonical/localization_cache/v1_cosmos_canonical__RubiksCubeLeftOfBowlMatchedTask/episode_005_chunk_002.json,6990,69d0d3a6c2bc18fbe914d8b163384537a9cfc5992d1bb0b684bc023cc4686d2f
/home/ali/projects/steerable/artifacts/vla_wam_shared_v1/semantic_confirmation/cosmos_canonical/localization_cache/v1_cosmos_canonical__RubiksCubeLeftOfBowlMatchedTask/episode_005_chunk_003.json,6949,168eebe4ee212e0a789f0c56a243bf402fbfc9f627d750fe6dd111d6587b5bb7
/home/ali/projects/steerable/artifacts/vla_wam_shared_v1/semantic_confirmation/cosmos_canonical/localization_cache/v1_cosmos_canonical__RubiksCubeLeftOfBowlMatchedTask/episode_005_chunk_004.json,7214,fe73ec261a5bb8c15c54bd5732c65a1ec22d8ca8fd9f99cb98d6495c332908f8
/home/ali/projects/steerable/artifacts/vla_wam_shared_v1/semantic_confirmation/cosmos_canonical/localization_cache/v1_cosmos_canonical__RubiksCubeLeftOfBowlMatchedTask/episode_005_chunk_005.json,6866,2cebaa68b175888a294974b05bac7bcbda67718aa2f1cb7b1f50b1f363773ba3
/home/ali/projects/steerable/artifacts/vla_wam_shared_v1/semantic_confirmation/cosmos_canonical/localization_cache/v1_cosmos_canonical__RubiksCubeLeftOfBowlMatchedTask/episode_005_chunk_006.json,6973,dea6ff18f251a200a02a814925024bdddfea12238b2c556ddcc3e0eb1ed95bfd
/home/ali/projects/steerable/artifacts/vla_wam_shared_v1/semantic_confirmation/cosmos_canonical/localization_cache/v1_cosmos_canonical__RubiksCubeLeftOfBowlMatchedTask/episode_005_chunk_007.json,7126,0f154d1e644ae6d4155f9d915cbc38ab5492f6186118b9bf187f7d1aef192f0a
/home/ali/projects/steerable/artifacts/vla_wam_shared_v1/semantic_confirmation/cosmos_canonical/localization_cache/v1_cosmos_canonical__RubiksCubeLeftOfBowlMatchedTask/episode_006_chunk_000.json,6887,03915cdd050dc3637a9bb6756e9f42b48d5e99a28c3d90dfc26e509ee64e422c
/home/ali/projects/steerable/artifacts/vla_wam_shared_v1/semantic_confirmation/cosmos_canonical/localization_cache/v1_cosmos_canonical__RubiksCubeLeftOfBowlMatchedTask/episode_006_chunk_001.json,6878,ba3845b726481b3d68bac370eb0057873bb49462de0f281ad8b209a216d5048e
/home/ali/projects/steerable/artifacts/vla_wam_shared_v1/semantic_confirmation/cosmos_canonical/localization_cache/v1_cosmos_canonical__RubiksCubeLeftOfBowlMatchedTask/episode_006_chunk_002.json,7090,dc34e3c67d986a3360e45794aa207ce2e4db7baa42680010984ba1710b3a6827
/home/ali/projects/steerable/artifacts/vla_wam_shared_v1/semantic_confirmation/cosmos_canonical/localization_cache/v1_cosmos_canonical__RubiksCubeLeftOfBowlMatchedTask/episode_006_chunk_003.json,6972,76f97e2c13691d661671f380df29417c1852887101b12fafc04ce91ca9c1b673
/home/ali/projects/steerable/artifacts/vla_wam_shared_v1/semantic_confirmation/cosmos_canonical/localization_cache/v1_cosmos_canonical__RubiksCubeLeftOfBowlMatchedTask/episode_006_chunk_004.json,7051,fb9124a94d06fe13273ec28c5351d4da06c7f8d4ff686ae6eb53ddcf7f994be9
/home/ali/projects/steerable/artifacts/vla_wam_shared_v1/semantic_confirmation/cosmos_canonical/localization_cache/v1_cosmos_canonical__RubiksCubeLeftOfBowlMatchedTask/episode_006_chunk_005.json,6936,98f6c81855f4c0c5b1e8fc00635efc50efc4e12a2efa886b062905eb7729af8f
/home/ali/projects/steerable/artifacts/vla_wam_shared_v1/semantic_confirmation/cosmos_canonical/localization_cache/v1_cosmos_canonical__RubiksCubeLeftOfBowlMatchedTask/episode_006_chunk_006.json,7153,91990a63ad613519e469c5a6966e6a5062a6e5d38e2ce0d792b4162f8d65f2ae
/home/ali/projects/steerable/artifacts/vla_wam_shared_v1/semantic_confirmation/cosmos_canonical/localization_cache/v1_cosmos_canonical__RubiksCubeLeftOfBowlMatchedTask/episode_006_chunk_007.json,7072,31df29795087143987a9e98e135a7f1f41223e759aaf501f2a4dff53fe133bb1
/home/ali/projects/steerable/artifacts/vla_wam_shared_v1/semantic_confirmation/cosmos_canonical/localization_cache/v1_cosmos_canonical__RubiksCubeLeftOfBowlMatchedTask/episode_006_chunk_008.json,7034,97763f6f36a16cf1e8d6c3a866a937335f6afc62fd948ccbfe84dac451e17f01
/home/ali/projects/steerable/artifacts/vla_wam_shared_v1/semantic_confirmation/cosmos_canonical/localization_cache/v1_cosmos_canonical__RubiksCubeLeftOfBowlMatchedTask/episode_006_chunk_009.json,7038,dc0d42ca7f73d0de619ef79f1b03e9632e0c8548ac850165e020166436c8dc0c
/home/ali/projects/steerable/artifacts/vla_wam_shared_v1/semantic_confirmation/cosmos_canonical/localization_cache/v1_cosmos_canonical__RubiksCubeLeftOfBowlMatchedTask/episode_006_chunk_010.json,7013,fea0123489819d6a162666d0a992158e677396e478c2d09530e862d93daadc8d
/home/ali/projects/steerable/artifacts/vla_wam_shared_v1/semantic_confirmation/cosmos_canonical/localization_cache/v1_cosmos_canonical__RubiksCubeLeftOfBowlMatchedTask/episode_006_chunk_011.json,7191,3642861880789b33dd1d289ec4e3f97f350932ae5ac418bff796dc5e445f020a
/home/ali/projects/steerable/artifacts/vla_wam_shared_v1/semantic_confirmation/cosmos_canonical/localization_cache/v1_cosmos_canonical__RubiksCubeLeftOfBowlMatchedTask/episode_006_chunk_012.json,6991,127ab96a6f0cc26b7286fca02f58f754443be18033e488d4380be2c0eb18082b
/home/ali/projects/steerable/artifacts/vla_wam_shared_v1/semantic_confirmation/cosmos_canonical/localization_cache/v1_cosmos_canonical__RubiksCubeLeftOfBowlMatchedTask/episode_006_chunk_013.json,6984,1eac44afd67aa15fe85d67c69d14b834624acab24652a4807695d7d7b997ba0f
/home/ali/projects/steerable/artifacts/vla_wam_shared_v1/semantic_confirmation/cosmos_canonical/localization_cache/v1_cosmos_canonical__RubiksCubeLeftOfBowlMatchedTask/episode_006_chunk_014.json,7038,5aa61c972e91600c8e79b29cd5308fb74aa939aef293d6bbdbe52852269b79bf
/home/ali/projects/steerable/artifacts/vla_wam_shared_v1/semantic_confirmation/cosmos_canonical/localization_cache/v1_cosmos_canonical__RubiksCubeLeftOfBowlMatchedTask/episode_007_chunk_000.json,6900,a9c9265e8c9d28ab2609e0c0ec0d62334dad8c208c879ae7f07bc20ec657252f
/home/ali/projects/steerable/artifacts/vla_wam_shared_v1/semantic_confirmation/cosmos_canonical/localization_cache/v1_cosmos_canonical__RubiksCubeLeftOfBowlMatchedTask/episode_007_chunk_001.json,6966,c262d5031acf14a016ee64ec7b0adf7c79eb46b97cc028e1e80710d0ebcb0566
/home/ali/projects/steerable/artifacts/vla_wam_shared_v1/semantic_confirmation/cosmos_canonical/localization_cache/v1_cosmos_canonical__RubiksCubeLeftOfBowlMatchedTask/episode_007_chunk_002.json,7060,20de6345291fb0ccdf4047a1d2a237782d2f63b38448d97cf0798890a2db3c68
/home/ali/projects/steerable/artifacts/vla_wam_shared_v1/semantic_confirmation/cosmos_canonical/localization_cache/v1_cosmos_canonical__RubiksCubeLeftOfBowlMatchedTask/episode_007_chunk_003.json,7145,c15526fa90a23bf38d85e0664e1e3cd7bc6ca7902e57dd8b4e7ad17fd03b6100
/home/ali/projects/steerable/artifacts/vla_wam_shared_v1/semantic_confirmation/cosmos_canonical/localization_cache/v1_cosmos_canonical__RubiksCubeLeftOfBowlMatchedTask/episode_008_chunk_000.json,6888,d0f0d905999be4ffdbcf84824a445e388074ff4d7fb0c522bfc98847a79ba9d6
/home/ali/projects/steerable/artifacts/vla_wam_shared_v1/semantic_confirmation/cosmos_canonical/localization_cache/v1_cosmos_canonical__RubiksCubeLeftOfBowlMatchedTask/episode_008_chunk_001.json,7072,f8a15b33d4b06db6aa9fde54c6398750355b94be1ac323bc15ae948d7b49d892
/home/ali/projects/steerable/artifacts/vla_wam_shared_v1/semantic_confirmation/cosmos_canonical/localization_cache/v1_cosmos_canonical__RubiksCubeLeftOfBowlMatchedTask/episode_008_chunk_002.json,7144,a8405cbadcf8e800e95e569378b8d8e9dd233e5cda030b1e6fd6b7371dd5a93c
/home/ali/projects/steerable/artifacts/vla_wam_shared_v1/semantic_confirmation/cosmos_canonical/localization_cache/v1_cosmos_canonical__RubiksCubeLeftOfBowlMatchedTask/episode_008_chunk_003.json,6980,50a602c2a44497ecd48885eee2dafebb33d916695e68b324508f4d4f5d9f518f
/home/ali/projects/steerable/artifacts/vla_wam_shared_v1/semantic_confirmation/cosmos_canonical/localization_cache/v1_cosmos_canonical__RubiksCubeLeftOfBowlMatchedTask/episode_008_chunk_004.json,6962,8cf8e3f6800721acad6fe20d688d775d048bd80aff0e8951dcac35f467c105e7
/home/ali/projects/steerable/artifacts/vla_wam_shared_v1/semantic_confirmation/cosmos_canonical/localization_cache/v1_cosmos_canonical__RubiksCubeLeftOfBowlMatchedTask/episode_008_chunk_005.json,7009,5f0aad7cd0fcc88ab841b12c13b2f76b890ffbd218360ad1de4c5872bfec263b
/home/ali/projects/steerable/artifacts/vla_wam_shared_v1/semantic_confirmation/cosmos_canonical/localization_cache/v1_cosmos_canonical__RubiksCubeLeftOfBowlMatchedTask/episode_008_chunk_006.json,7093,a0953bb1745d327cb26be7a2b86373c7cdbbb640d81de5e220bc38edace791b6
/home/ali/projects/steerable/artifacts/vla_wam_shared_v1/semantic_confirmation/cosmos_canonical/localization_cache/v1_cosmos_canonical__RubiksCubeLeftOfBowlMatchedTask/episode_009_chunk_000.json,6972,6269436e792af57cd6e076e57d792d8daa08a91f2ad9a5ac4df3c0de49e43319
/home/ali/projects/steerable/artifacts/vla_wam_shared_v1/semantic_confirmation/cosmos_canonical/localization_cache/v1_cosmos_canonical__RubiksCubeLeftOfBowlMatchedTask/episode_009_chunk_001.json,6959,c9d5371d07df1703cc2decdc592d43bdb61cd9d75d76cc3b555f496b95fb298d
/home/ali/projects/steerable/artifacts/vla_wam_shared_v1/semantic_confirmation/cosmos_canonical/localization_cache/v1_cosmos_canonical__RubiksCubeLeftOfBowlMatchedTask/episode_009_chunk_002.json,7071,281d329aeab01ece2a22d3e5b442e75e3c0c88274963c1dc0a34832b9bd2041f
/home/ali/projects/steerable/artifacts/vla_wam_shared_v1/semantic_confirmation/cosmos_canonical/localization_cache/v1_cosmos_canonical__RubiksCubeLeftOfBowlMatchedTask/episode_009_chunk_003.json,6960,7462ef4e6fad047d2875a6160d02f40673e72621c9caefeb68501b30aa8bc1f6
/home/ali/projects/steerable/artifacts/vla_wam_shared_v1/semantic_confirmation/cosmos_canonical/localization_cache/v1_cosmos_canonical__RubiksCubeLeftOfBowlMatchedTask/episode_009_chunk_004.json,6976,f3736e3a8544eac0ff2c655617834b4cd733dd961515e1e76849a415b7ff8cfc
/home/ali/projects/steerable/artifacts/vla_wam_shared_v1/semantic_confirmation/cosmos_canonical/localization_cache/v1_cosmos_canonical__RubiksCubeRightOfBowlMatchedTask/episode_000_chunk_000.json,6930,22436426ffbd46528eb06f501eebaaa1a92d1fdcedfc590d6977fd5b2680db87
/home/ali/projects/steerable/artifacts/vla_wam_shared_v1/semantic_confirmation/cosmos_canonical/localization_cache/v1_cosmos_canonical__RubiksCubeRightOfBowlMatchedTask/episode_000_chunk_001.json,6933,82c6a9da085342f4bb84f1e3849c83e79472455d67537b19a0ab03164a6db130
/home/ali/projects/steerable/artifacts/vla_wam_shared_v1/semantic_confirmation/cosmos_canonical/localization_cache/v1_cosmos_canonical__RubiksCubeRightOfBowlMatchedTask/episode_000_chunk_002.json,7017,915fd3a8e1a6cd062b1f14b05c290672b660e365c47c1db84442098fb961d33b
/home/ali/projects/steerable/artifacts/vla_wam_shared_v1/semantic_confirmation/cosmos_canonical/localization_cache/v1_cosmos_canonical__RubiksCubeRightOfBowlMatchedTask/episode_000_chunk_003.json,6903,f5d7de3638dcc3c29704ae6f5a0c37a29b1333975fcfa540107e6544b72bffd4
/home/ali/projects/steerable/artifacts/vla_wam_shared_v1/semantic_confirmation/cosmos_canonical/localization_cache/v1_cosmos_canonical__RubiksCubeRightOfBowlMatchedTask/episode_000_chunk_004.json,6974,243749b34a4d1e57a10f505f917da4df31f2664ac96aba75949391083d366822
/home/ali/projects/steerable/artifacts/vla_wam_shared_v1/semantic_confirmation/cosmos_canonical/localization_cache/v1_cosmos_canonical__RubiksCubeRightOfBowlMatchedTask/episode_000_chunk_005.json,7002,5f86c16f38b29cc2b172bba3e25fbc69ae0805c9f105de01afb4db1e3ce37651
/home/ali/projects/steerable/artifacts/vla_wam_shared_v1/semantic_confirmation/cosmos_canonical/localization_cache/v1_cosmos_canonical__RubiksCubeRightOfBowlMatchedTask/episode_000_chunk_006.json,7063,c5989d99537155924cf8ef52ab9a2973cefc6029068e413e681262fb1e1178bd
/home/ali/projects/steerable/artifacts/vla_wam_shared_v1/semantic_confirmation/cosmos_canonical/localization_cache/v1_cosmos_canonical__RubiksCubeRightOfBowlMatchedTask/episode_000_chunk_007.json,6930,76ddd5d4e95a003fd12e995e7eb44d3d511dd00ebc455443ce1f4e65086402a4
/home/ali/projects/steerable/artifacts/vla_wam_shared_v1/semantic_confirmation/cosmos_canonical/localization_cache/v1_cosmos_canonical__RubiksCubeRightOfBowlMatchedTask/episode_000_chunk_008.json,6938,04f5b86333147c8419ffb39cf6b45070597d27a5c3a8d1fd3ede8b7b4185a257
/home/ali/projects/steerable/artifacts/vla_wam_shared_v1/semantic_confirmation/cosmos_canonical/localization_cache/v1_cosmos_canonical__RubiksCubeRightOfBowlMatchedTask/episode_000_chunk_009.json,7061,a66937b9e4bf9098278f897457b5166db72b8e8338e7600dde6ffc21772fee6d
/home/ali/projects/steerable/artifacts/vla_wam_shared_v1/semantic_confirmation/cosmos_canonical/localization_cache/v1_cosmos_canonical__RubiksCubeRightOfBowlMatchedTask/episode_000_chunk_010.json,7276,4014c05f850da72a7041fa7997859838ca9073ca778f3023a098f077425e2e82
/home/ali/projects/steerable/artifacts/vla_wam_shared_v1/semantic_confirmation/cosmos_canonical/localization_cache/v1_cosmos_canonical__RubiksCubeRightOfBowlMatchedTask/episode_000_chunk_011.json,7125,c000d083c65fb5de2e8b76141d36451f5044f4a7d91525136add164f0de4c5ac
/home/ali/projects/steerable/artifacts/vla_wam_shared_v1/semantic_confirmation/cosmos_canonical/localization_cache/v1_cosmos_canonical__RubiksCubeRightOfBowlMatchedTask/episode_001_chunk_000.json,6908,b99cd4fdf6716406816a3d63017686f3b54c4330f20dd1906f143d5a1e928774
/home/ali/projects/steerable/artifacts/vla_wam_shared_v1/semantic_confirmation/cosmos_canonical/localization_cache/v1_cosmos_canonical__RubiksCubeRightOfBowlMatchedTask/episode_001_chunk_001.json,6910,220927a5d21d5d095cc31b836d6cef3515216cf73dd9803489d7b6deb0eb129c
/home/ali/projects/steerable/artifacts/vla_wam_shared_v1/semantic_confirmation/cosmos_canonical/localization_cache/v1_cosmos_canonical__RubiksCubeRightOfBowlMatchedTask/episode_001_chunk_002.json,7004,45eca606cd1d8fb9004b913209c3d346a935fe73d79dbd14c0d448b7152e8bee
/home/ali/projects/steerable/artifacts/vla_wam_shared_v1/semantic_confirmation/cosmos_canonical/localization_cache/v1_cosmos_canonical__RubiksCubeRightOfBowlMatchedTask/episode_001_chunk_003.json,7159,6088caa0b24c9ef92e106c16383104eeaf147c91e76e2737b62a7a50a116a125
/home/ali/projects/steerable/artifacts/vla_wam_shared_v1/semantic_confirmation/cosmos_canonical/localization_cache/v1_cosmos_canonical__RubiksCubeRightOfBowlMatchedTask/episode_001_chunk_004.json,7157,de9a7a089059386d511df0cf19e330e85f66e021cdb1537129611382d6d5565b
/home/ali/projects/steerable/artifacts/vla_wam_shared_v1/semantic_confirmation/cosmos_canonical/localization_cache/v1_cosmos_canonical__RubiksCubeRightOfBowlMatchedTask/episode_001_chunk_005.json,7065,b03b7746537618b0b1f8d597420dda7350597ddd0b1bf02b85379ad15d23d79a
/home/ali/projects/steerable/artifacts/vla_wam_shared_v1/semantic_confirmation/cosmos_canonical/localization_cache/v1_cosmos_canonical__RubiksCubeRightOfBowlMatchedTask/episode_002_chunk_000.json,6893,7641915b14c5639cd1837f10a0f4bbf42d0dd9b4507b28f98efcc2ddfc76b87f
/home/ali/projects/steerable/artifacts/vla_wam_shared_v1/semantic_confirmation/cosmos_canonical/localization_cache/v1_cosmos_canonical__RubiksCubeRightOfBowlMatchedTask/episode_002_chunk_001.json,7029,6ceb20cbd42667e4319a3f2482036ecd4140f59200ee832b7059a8f1f78e1927
/home/ali/projects/steerable/artifacts/vla_wam_shared_v1/semantic_confirmation/cosmos_canonical/localization_cache/v1_cosmos_canonical__RubiksCubeRightOfBowlMatchedTask/episode_002_chunk_002.json,7070,34d4872539273ead632afc08069dd88c580f2f803bc103e9345811f33c786935
/home/ali/projects/steerable/artifacts/vla_wam_shared_v1/semantic_confirmation/cosmos_canonical/localization_cache/v1_cosmos_canonical__RubiksCubeRightOfBowlMatchedTask/episode_002_chunk_003.json,6912,e8aa68ad3726f104a803a0b9099a8dd8e682e4dcd923e7799ae9de4cde7b2fdf
/home/ali/projects/steerable/artifacts/vla_wam_shared_v1/semantic_confirmation/cosmos_canonical/localization_cache/v1_cosmos_canonical__RubiksCubeRightOfBowlMatchedTask/episode_002_chunk_004.json,7003,539b476526e072fba21a51f3a7e72e11d7a8fc7defb267cc166d110d48f68642
/home/ali/projects/steerable/artifacts/vla_wam_shared_v1/semantic_confirmation/cosmos_canonical/localization_cache/v1_cosmos_canonical__RubiksCubeRightOfBowlMatchedTask/episode_002_chunk_005.json,7047,fbee6ee303ea00013aa1fd9374ce15f0ba43f6be35d0548d26c8cb01f443f567
/home/ali/projects/steerable/artifacts/vla_wam_shared_v1/semantic_confirmation/cosmos_canonical/localization_cache/v1_cosmos_canonical__RubiksCubeRightOfBowlMatchedTask/episode_002_chunk_006.json,7193,26aabe8fef3ceaf5e2ea3bd475b9cccaca7e57d19c9bfb8b69fe64df951b9311
/home/ali/projects/steerable/artifacts/vla_wam_shared_v1/semantic_confirmation/cosmos_canonical/localization_cache/v1_cosmos_canonical__RubiksCubeRightOfBowlMatchedTask/episode_002_chunk_007.json,6913,fb89ec14a0ae9b642eacfd38fb2fb90c069ded91c141fd2d290eabee133a9290
/home/ali/projects/steerable/artifacts/vla_wam_shared_v1/semantic_confirmation/cosmos_canonical/localization_cache/v1_cosmos_canonical__RubiksCubeRightOfBowlMatchedTask/episode_003_chunk_000.json,6889,bb37de15923d2fe0fbefa934143ad18f8b65f2b54a617357b481bff7987cbb8e
/home/ali/projects/steerable/artifacts/vla_wam_shared_v1/semantic_confirmation/cosmos_canonical/localization_cache/v1_cosmos_canonical__RubiksCubeRightOfBowlMatchedTask/episode_003_chunk_001.json,7031,55a8659310f61237843c267e8173af27e03a5431cfa8c2831f06ddc2de591abf
/home/ali/projects/steerable/artifacts/vla_wam_shared_v1/semantic_confirmation/cosmos_canonical/localization_cache/v1_cosmos_canonical__RubiksCubeRightOfBowlMatchedTask/episode_003_chunk_002.json,7123,c4417f8ca790753a7f9fbef4eb930469ee955a6955ee47bbdb421916b45fc9b8
/home/ali/projects/steerable/artifacts/vla_wam_shared_v1/semantic_confirmation/cosmos_canonical/localization_cache/v1_cosmos_canonical__RubiksCubeRightOfBowlMatchedTask/episode_003_chunk_003.json,7036,4716eed875c208410089e2b31f2d0bb9643fed12c1b9ce005d83e032849adefc
/home/ali/projects/steerable/artifacts/vla_wam_shared_v1/semantic_confirmation/cosmos_canonical/localization_cache/v1_cosmos_canonical__RubiksCubeRightOfBowlMatchedTask/episode_003_chunk_004.json,6970,8611d0d6d673bc5ad0987aa9298db6f1714130d9d7e74b749eabcb7921624eed
/home/ali/projects/steerable/artifacts/vla_wam_shared_v1/semantic_confirmation/cosmos_canonical/localization_cache/v1_cosmos_canonical__RubiksCubeRightOfBowlMatchedTask/episode_003_chunk_005.json,6986,0f98b2d74b3686254cf8500dbd0e1269ccfe9f556c633b3e9c9bfd953a8e5908
/home/ali/projects/steerable/artifacts/vla_wam_shared_v1/semantic_confirmation/cosmos_canonical/localization_cache/v1_cosmos_canonical__RubiksCubeRightOfBowlMatchedTask/episode_003_chunk_006.json,7056,f9da7b781599e3fb45737ddb60e37511bcdffc447a85350d3440746340ad8cf6
/home/ali/projects/steerable/artifacts/vla_wam_shared_v1/semantic_confirmation/cosmos_canonical/localization_cache/v1_cosmos_canonical__RubiksCubeRightOfBowlMatchedTask/episode_003_chunk_007.json,7160,bc9ec246a40d2799efdf464fd0925fa3b36114b7b471bba58970100e91e51978
/home/ali/projects/steerable/artifacts/vla_wam_shared_v1/semantic_confirmation/cosmos_canonical/localization_cache/v1_cosmos_canonical__RubiksCubeRightOfBowlMatchedTask/episode_004_chunk_000.json,6929,e4102e3563d90f627b62a79309338e46811d96e5b646787f82ea2b93994a6da0
/home/ali/projects/steerable/artifacts/vla_wam_shared_v1/semantic_confirmation/cosmos_canonical/localization_cache/v1_cosmos_canonical__RubiksCubeRightOfBowlMatchedTask/episode_004_chunk_001.json,7101,f49d0ec8c9527f68672b535ee22bd2fc6075b310a83ba984cffd7c4ba262a855
/home/ali/projects/steerable/artifacts/vla_wam_shared_v1/semantic_confirmation/cosmos_canonical/localization_cache/v1_cosmos_canonical__RubiksCubeRightOfBowlMatchedTask/episode_004_chunk_002.json,6948,875a61874451447c468493fa9e1f15da50803d2502e591c0e3d407c3c13e3d66
/home/ali/projects/steerable/artifacts/vla_wam_shared_v1/semantic_confirmation/cosmos_canonical/localization_cache/v1_cosmos_canonical__RubiksCubeRightOfBowlMatchedTask/episode_004_chunk_003.json,7002,b36791c3f60bfe3e69cfd64397a6702cfb3c7c9270e85e6991bf611aa58c6234
/home/ali/projects/steerable/artifacts/vla_wam_shared_v1/semantic_confirmation/cosmos_canonical/localization_cache/v1_cosmos_canonical__RubiksCubeRightOfBowlMatchedTask/episode_004_chunk_004.json,6985,b0d4543519efadfc991bc1170ec4a0c7da105f22bba5cbc70cc797d4856ebce2
/home/ali/projects/steerable/artifacts/vla_wam_shared_v1/semantic_confirmation/cosmos_canonical/localization_cache/v1_cosmos_canonical__RubiksCubeRightOfBowlMatchedTask/episode_005_chunk_000.json,6892,d3fbb9042d8b6525b6cf89037c6c48be14e799f4cf115b3d959236f72df4fc3d
/home/ali/projects/steerable/artifacts/vla_wam_shared_v1/semantic_confirmation/cosmos_canonical/localization_cache/v1_cosmos_canonical__RubiksCubeRightOfBowlMatchedTask/episode_005_chunk_001.json,7132,3d731bb5fa636860348d2cecc715813d36af3d1d45def18728acd0ed901bd447
/home/ali/projects/steerable/artifacts/vla_wam_shared_v1/semantic_confirmation/cosmos_canonical/localization_cache/v1_cosmos_canonical__RubiksCubeRightOfBowlMatchedTask/episode_005_chunk_002.json,7189,3af592ad0f4b932836cc5ea1ffdc85790eb778e5f0395bea1ec276e08445b574
/home/ali/projects/steerable/artifacts/vla_wam_shared_v1/semantic_confirmation/cosmos_canonical/localization_cache/v1_cosmos_canonical__RubiksCubeRightOfBowlMatchedTask/episode_005_chunk_003.json,6930,5e2c2200c6c44adaa4793a10f229614abffbb277f2e963ab972c81f8268ed3a0
/home/ali/projects/steerable/artifacts/vla_wam_shared_v1/semantic_confirmation/cosmos_canonical/localization_cache/v1_cosmos_canonical__RubiksCubeRightOfBowlMatchedTask/episode_005_chunk_004.json,7031,054fd278b11fd20bf27dac6b3b9f1550ec76ebd09f5c48beb8dff1e6193edfb6
/home/ali/projects/steerable/artifacts/vla_wam_shared_v1/semantic_confirmation/cosmos_canonical/localization_cache/v1_cosmos_canonical__RubiksCubeRightOfBowlMatchedTask/episode_005_chunk_005.json,6972,7295821c538aac7f9e93d3a1c776d21f6e2531de73252f373799ac3f686cce2d
/home/ali/projects/steerable/artifacts/vla_wam_shared_v1/semantic_confirmation/cosmos_canonical/localization_cache/v1_cosmos_canonical__RubiksCubeRightOfBowlMatchedTask/episode_005_chunk_006.json,7137,97d90ab2910be39c4c44d92e58caa7d93f25b774b667e069b37eb3b597f07a0e
/home/ali/projects/steerable/artifacts/vla_wam_shared_v1/semantic_confirmation/cosmos_canonical/localization_cache/v1_cosmos_canonical__RubiksCubeRightOfBowlMatchedTask/episode_005_chunk_007.json,6967,b87da2cf4a2b32adb9904312a7d26bc521573b0247c75b828ca57e51b993bb39
/home/ali/projects/steerable/artifacts/vla_wam_shared_v1/semantic_confirmation/cosmos_canonical/localization_cache/v1_cosmos_canonical__RubiksCubeRightOfBowlMatchedTask/episode_005_chunk_008.json,7113,2d41b4b4274e1bed1a7471eb980ea219a3e0f53eb415f0cf338f2b9850d1a285
/home/ali/projects/steerable/artifacts/vla_wam_shared_v1/semantic_confirmation/cosmos_canonical/localization_cache/v1_cosmos_canonical__RubiksCubeRightOfBowlMatchedTask/episode_005_chunk_009.json,6911,14a63761c488be77e4ec1f3baf0dc04b121bc6a5784f291f2edc6f70af8db3ec
/home/ali/projects/steerable/artifacts/vla_wam_shared_v1/semantic_confirmation/cosmos_canonical/localization_cache/v1_cosmos_canonical__RubiksCubeRightOfBowlMatchedTask/episode_005_chunk_010.json,6959,e74f751e2b404baeb63b959ee178509670043cce264fbd10b3c674d9c9570fe0
/home/ali/projects/steerable/artifacts/vla_wam_shared_v1/semantic_confirmation/cosmos_canonical/localization_cache/v1_cosmos_canonical__RubiksCubeRightOfBowlMatchedTask/episode_005_chunk_011.json,6989,5c25282d78b80cfd60c05cb38161a99542d4d5371e759958ea2b77642abad840
/home/ali/projects/steerable/artifacts/vla_wam_shared_v1/semantic_confirmation/cosmos_canonical/localization_cache/v1_cosmos_canonical__RubiksCubeRightOfBowlMatchedTask/episode_005_chunk_012.json,7019,1e1221ee4f527b1ac175b0a974646c95758c9856ba3603edec92ddbef058036d
/home/ali/projects/steerable/artifacts/vla_wam_shared_v1/semantic_confirmation/cosmos_canonical/localization_cache/v1_cosmos_canonical__RubiksCubeRightOfBowlMatchedTask/episode_005_chunk_013.json,6883,b2f77f78c627b7116effdb2e12b086b4fae5fb86d5e0edc9c250eea620c69dd1
/home/ali/projects/steerable/artifacts/vla_wam_shared_v1/semantic_confirmation/cosmos_canonical/localization_cache/v1_cosmos_canonical__RubiksCubeRightOfBowlMatchedTask/episode_005_chunk_014.json,7001,9e50afded03c4426bb0cba37f9753a20c6b1349cb5fa7ac0f56d36a2e92b56c1
/home/ali/projects/steerable/artifacts/vla_wam_shared_v1/semantic_confirmation/cosmos_canonical/localization_cache/v1_cosmos_canonical__RubiksCubeRightOfBowlMatchedTask/episode_006_chunk_000.json,6900,2edf6b4e2fab4de724ac7ee5ff1309941c4d489f357d425b1cd087645593a9e0
/home/ali/projects/steerable/artifacts/vla_wam_shared_v1/semantic_confirmation/cosmos_canonical/localization_cache/v1_cosmos_canonical__RubiksCubeRightOfBowlMatchedTask/episode_006_chunk_001.json,7002,b92460585e0022e2c2e9f6f450d9075644a6ffa7a7f48deb2288af2b902a916c
/home/ali/projects/steerable/artifacts/vla_wam_shared_v1/semantic_confirmation/cosmos_canonical/localization_cache/v1_cosmos_canonical__RubiksCubeRightOfBowlMatchedTask/episode_006_chunk_002.json,7090,0512f1b96529d626a4216541c40bcbec0ca27526aad228e714cda55b02ffd301
/home/ali/projects/steerable/artifacts/vla_wam_shared_v1/semantic_confirmation/cosmos_canonical/localization_cache/v1_cosmos_canonical__RubiksCubeRightOfBowlMatchedTask/episode_006_chunk_003.json,6997,476a37fada1bb859b5a3a46495006f5925f0b51c6730d34222cf531f72cd336a
/home/ali/projects/steerable/artifacts/vla_wam_shared_v1/semantic_confirmation/cosmos_canonical/localization_cache/v1_cosmos_canonical__RubiksCubeRightOfBowlMatchedTask/episode_006_chunk_004.json,7081,27bd95c5cd35ddf3c2470cfff8256814aedef94493ef7a801a8b4d25df368b59
/home/ali/projects/steerable/artifacts/vla_wam_shared_v1/semantic_confirmation/cosmos_canonical/localization_cache/v1_cosmos_canonical__RubiksCubeRightOfBowlMatchedTask/episode_006_chunk_005.json,7019,c659d0f6b954298ab2a9e58bee58c0036056a67e41b745632c8cae3ed021d033
/home/ali/projects/steerable/artifacts/vla_wam_shared_v1/semantic_confirmation/cosmos_canonical/localization_cache/v1_cosmos_canonical__RubiksCubeRightOfBowlMatchedTask/episode_007_chunk_000.json,6926,66005821bf11a7113ba7fefeb77e502210311041b8fe40863a97a08f7c9d1cb9
/home/ali/projects/steerable/artifacts/vla_wam_shared_v1/semantic_confirmation/cosmos_canonical/localization_cache/v1_cosmos_canonical__RubiksCubeRightOfBowlMatchedTask/episode_007_chunk_001.json,6930,b0242432536a4a941042772a51cbf751167ba988defbe014a6da9eafd655a951
/home/ali/projects/steerable/artifacts/vla_wam_shared_v1/semantic_confirmation/cosmos_canonical/localization_cache/v1_cosmos_canonical__RubiksCubeRightOfBowlMatchedTask/episode_007_chunk_002.json,7100,8463a9bd3cb22eacdeb1047f2ebc4ddc9333e0587086a978c42a58820f8a363f
/home/ali/projects/steerable/artifacts/vla_wam_shared_v1/semantic_confirmation/cosmos_canonical/localization_cache/v1_cosmos_canonical__RubiksCubeRightOfBowlMatchedTask/episode_007_chunk_003.json,7006,1f32fa96798c09172510ecd6b02d141a361378be135bf86bc2d541e51cc1e14e
/home/ali/projects/steerable/artifacts/vla_wam_shared_v1/semantic_confirmation/cosmos_canonical/localization_cache/v1_cosmos_canonical__RubiksCubeRightOfBowlMatchedTask/episode_007_chunk_004.json,7038,6b7de34a0d454b3ee339b399a238f626b5b915852b98c33155e89ce2a98b10a3
/home/ali/projects/steerable/artifacts/vla_wam_shared_v1/semantic_confirmation/cosmos_canonical/localization_cache/v1_cosmos_canonical__RubiksCubeRightOfBowlMatchedTask/episode_008_chunk_000.json,6934,bddfa8458606b7eb1cbd2502913430e71799a0f4e7388166ba02ca19f3182dba
/home/ali/projects/steerable/artifacts/vla_wam_shared_v1/semantic_confirmation/cosmos_canonical/localization_cache/v1_cosmos_canonical__RubiksCubeRightOfBowlMatchedTask/episode_008_chunk_001.json,6999,d5dc2cbf70b164665e0e8b8555a66009876c2864b49d6d6d068e5620fd70c78c
/home/ali/projects/steerable/artifacts/vla_wam_shared_v1/semantic_confirmation/cosmos_canonical/localization_cache/v1_cosmos_canonical__RubiksCubeRightOfBowlMatchedTask/episode_008_chunk_002.json,6920,e0c3d013790fbde74175f7e784dd0878528121f440407ffd6e6c2eacdb7b2560
/home/ali/projects/steerable/artifacts/vla_wam_shared_v1/semantic_confirmation/cosmos_canonical/localization_cache/v1_cosmos_canonical__RubiksCubeRightOfBowlMatchedTask/episode_008_chunk_003.json,7086,008e3fa2fb735b687c1aea60f211fc35fedfc001c1e87ba15a0f9f0c6006427d
/home/ali/projects/steerable/artifacts/vla_wam_shared_v1/semantic_confirmation/cosmos_canonical/localization_cache/v1_cosmos_canonical__RubiksCubeRightOfBowlMatchedTask/episode_008_chunk_004.json,7139,7d3d2bf78f516d586ce389dead88e1969b271201aea507fee62f2fec31eb2cb5
/home/ali/projects/steerable/artifacts/vla_wam_shared_v1/semantic_confirmation/cosmos_canonical/localization_cache/v1_cosmos_canonical__RubiksCubeRightOfBowlMatchedTask/episode_008_chunk_005.json,6875,ff83ced0c0349a1307a6bbfebcdd9dfaf34984e7d1c76c1add98c9d830a47a3e
/home/ali/projects/steerable/artifacts/vla_wam_shared_v1/semantic_confirmation/cosmos_canonical/localization_cache/v1_cosmos_canonical__RubiksCubeRightOfBowlMatchedTask/episode_009_chunk_000.json,6975,8582328c7f061e1afff2a0c66e887ced096b13ab3dbcaa059f2b795cd98deb20
/home/ali/projects/steerable/artifacts/vla_wam_shared_v1/semantic_confirmation/cosmos_canonical/localization_cache/v1_cosmos_canonical__RubiksCubeRightOfBowlMatchedTask/episode_009_chunk_001.json,6898,1b02a6ba83e68616bcaa808722d21dbf6b10e571377b1995301e2c7fbc961575
/home/ali/projects/steerable/artifacts/vla_wam_shared_v1/semantic_confirmation/cosmos_canonical/localization_cache/v1_cosmos_canonical__RubiksCubeRightOfBowlMatchedTask/episode_009_chunk_002.json,6983,95111bc868947850739ea5c58e00c2369f28e9ede0ab51605cba091d6e1c2007
/home/ali/projects/steerable/artifacts/vla_wam_shared_v1/semantic_confirmation/cosmos_canonical/localization_cache/v1_cosmos_canonical__RubiksCubeRightOfBowlMatchedTask/episode_009_chunk_003.json,6893,1b47ae6db3b5b3abfa5baf027e994da9f3a16bd35ed5aa7f631fc99ffc3bc5ca
/home/ali/projects/steerable/artifacts/vla_wam_shared_v1/semantic_confirmation/cosmos_canonical/localization_cache/v1_cosmos_canonical__RubiksCubeRightOfBowlMatchedTask/episode_009_chunk_004.json,6903,8dba40829b25d36fd3b58c285bbfda422fc74099601a3d825b1eff7f83768075
/home/ali/projects/steerable/artifacts/vla_wam_shared_v1/semantic_confirmation/cosmos_canonical/localization_cache/v1_cosmos_canonical__RubiksCubeRightOfBowlMatchedTask/episode_009_chunk_005.json,7078,3ffc9a86b76d0827ebe0da245f7c16b320dc54ff539927993986ccb76a0eb2b6
/home/ali/projects/steerable/artifacts/vla_wam_shared_v1/semantic_confirmation/cosmos_canonical/localization_cache/v1_cosmos_canonical__RubiksCubeRightOfBowlMatchedTask/episode_009_chunk_006.json,6885,e66ddb1b508e3f9807c0ce6233a57df11f646675d27e97724000e20487019668
/home/ali/projects/steerable/artifacts/vla_wam_shared_v1/semantic_confirmation/cosmos_canonical/localization_cache/v1_cosmos_canonical__RubiksCubeRightOfBowlMatchedTask/episode_009_chunk_007.json,6885,66c3f5881b6529209e433fa4daa13694cf009fdebe811a77b7e1179cec666799
/home/ali/projects/steerable/artifacts/vla_wam_shared_v1/semantic_confirmation/cosmos_canonical/localization_cache/v1_cosmos_canonical__RubiksCubeRightOfBowlMatchedTask/episode_009_chunk_008.json,6909,09bfb2e59fa05df15b0d7caf3341a2608d479eae9b0f1222df75f4046aa350d7
/home/ali/projects/steerable/artifacts/vla_wam_shared_v1/semantic_confirmation/cosmos_canonical/localization_cache/v1_cosmos_canonical__RubiksCubeRightOfBowlMatchedTask/episode_009_chunk_009.json,6903,0d23190ad0a35ff718b58c329798da900592a0ed0c029663d42126dedc886d0b
/home/ali/projects/steerable/artifacts/vla_wam_shared_v1/semantic_confirmation/cosmos_canonical/localization_cache/v1_cosmos_canonical__RubiksCubeRightOfBowlMatchedTask/episode_009_chunk_010.json,6964,608a6202c19c4cc69bbe97facbc0eed2cb48702d9f7fd16904392a7af73467b2
/home/ali/projects/steerable/artifacts/vla_wam_shared_v1/semantic_confirmation/cosmos_canonical/localization_cache/v1_cosmos_canonical__RubiksCubeRightOfBowlMatchedTask/episode_009_chunk_011.json,7095,0e11b07917b2117b9741d2261009db0d410966e8b06437d3a2da9f1996aeb518
/home/ali/projects/steerable/artifacts/vla_wam_shared_v1/semantic_confirmation/cosmos_canonical/localization_cache/v1_cosmos_canonical__RubiksCubeRightOfBowlMatchedTask/episode_009_chunk_012.json,7068,d1807bfc7bebd63260753aa9595e657dad705dae1c275071604885aa6ba8e45c
/home/ali/projects/steerable/artifacts/vla_wam_shared_v1/semantic_confirmation/cosmos_canonical/localization_cache/v1_cosmos_canonical__RubiksCubeRightOfBowlMatchedTask/episode_009_chunk_013.json,7196,25adaf9b1daac827f061eaaf826617d2d5035baa52a7c38f55922234316a01ad
/home/ali/projects/steerable/artifacts/vla_wam_shared_v1/semantic_confirmation/cosmos_canonical/localization_cache/v1_cosmos_canonical__RubiksCubeRightOfBowlMatchedTask/episode_009_chunk_014.json,7106,794fa953453cdfac0681123b52d1350aacd3626dd1351ea1119c82d570970f76
/home/ali/projects/steerable/artifacts/vla_wam_shared_v1/semantic_confirmation/cosmos_canonical/runtime.txt,1254,97076fe10eca688923884eae50cfa8e819964d1a673a1576ab2c8f1d16b7699b
/home/ali/projects/steerable/artifacts/vla_wam_shared_v1/semantic_confirmation/cosmos_canonical/semantic_quadrants.csv,59899,fc739cf35752a5355071ac9ade5a6aef72b50adb24e417dd0283c435eb2f9d82
/home/ali/projects/steerable/artifacts/vla_wam_shared_v1/semantic_confirmation/cosmos_canonical/semantic_quadrants_summary.json,134603,93c069dcc2c86fde4d71e8b065cedc28e7110ac3d8c5c86998b65da5da47e625
/home/ali/projects/steerable/artifacts/vla_wam_shared_v1/semantic_confirmation/cosmos_contrastive/audit/v1_cosmos_contrastive__RubiksCubeLeftOfBowlMatchedTask/episode_000_contact_sheet.jpg,1875996,3aacff144c1c0961d7e79bdc19c32eea56f4475624cb6e10dd976bb06fbb4a15
/home/ali/projects/steerable/artifacts/vla_wam_shared_v1/semantic_confirmation/cosmos_contrastive/audit/v1_cosmos_contrastive__RubiksCubeLeftOfBowlMatchedTask/episode_001_contact_sheet.jpg,1390062,a85f28fbb68cbd77fd404d182e90bef35b9b621c0b5f757a3ae601a0ea86034d
/home/ali/projects/steerable/artifacts/vla_wam_shared_v1/semantic_confirmation/cosmos_contrastive/audit/v1_cosmos_contrastive__RubiksCubeLeftOfBowlMatchedTask/episode_002_contact_sheet.jpg,1883438,5d03fc137a255148ad2746159812da66288824fb0a56e80cc062b39387b5795a
/home/ali/projects/steerable/artifacts/vla_wam_shared_v1/semantic_confirmation/cosmos_contrastive/audit/v1_cosmos_contrastive__RubiksCubeLeftOfBowlMatchedTask/episode_003_contact_sheet.jpg,1899211,ede751018a6d91aeea85dd03a9447daf90f734fad74fd21e72155071be5ca22a
/home/ali/projects/steerable/artifacts/vla_wam_shared_v1/semantic_confirmation/cosmos_contrastive/audit/v1_cosmos_contrastive__RubiksCubeLeftOfBowlMatchedTask/episode_004_contact_sheet.jpg,1896609,9d74d22ce6a97fc96d87aa98be9dc686624fd26a76b7ff8036eaf765c3cd2395
/home/ali/projects/steerable/artifacts/vla_wam_shared_v1/semantic_confirmation/cosmos_contrastive/audit/v1_cosmos_contrastive__RubiksCubeLeftOfBowlMatchedTask/episode_005_contact_sheet.jpg,1886730,b7f46fb3368940b9caf1151ee5d7dce8f63f460ea3acc4009a244df7024b58bd
/home/ali/projects/steerable/artifacts/vla_wam_shared_v1/semantic_confirmation/cosmos_contrastive/audit/v1_cosmos_contrastive__RubiksCubeLeftOfBowlMatchedTask/episode_006_contact_sheet.jpg,1894920,13890e3a2d26a4939ae16d64aac3895358087cf38cd200a16e1ebe986da4a432
/home/ali/projects/steerable/artifacts/vla_wam_shared_v1/semantic_confirmation/cosmos_contrastive/audit/v1_cosmos_contrastive__RubiksCubeLeftOfBowlMatchedTask/episode_007_contact_sheet.jpg,1884204,400fed497729af918acded5888a66c09b8512e37e497621654de9a519bd518c5
/home/ali/projects/steerable/artifacts/vla_wam_shared_v1/semantic_confirmation/cosmos_contrastive/audit/v1_cosmos_contrastive__RubiksCubeLeftOfBowlMatchedTask/episode_008_contact_sheet.jpg,1880808,d63af951a8887249f61de6936c14e9b495274b45ec921fea33d7e13423e4fd36
/home/ali/projects/steerable/artifacts/vla_wam_shared_v1/semantic_confirmation/cosmos_contrastive/audit/v1_cosmos_contrastive__RubiksCubeLeftOfBowlMatchedTask/episode_009_contact_sheet.jpg,1892294,d5868cf3270d3bcc72a040399ecc1c667c58372ed29beed67589f9e0fac90916
/home/ali/projects/steerable/artifacts/vla_wam_shared_v1/semantic_confirmation/cosmos_contrastive/audit/v1_cosmos_contrastive__RubiksCubeRightOfBowlMatchedTask/episode_000_contact_sheet.jpg,1870141,47561b263c735dcc65ee5cf6f10e1acfdbd5e3e01533f8736118716ecd4e0064
/home/ali/projects/steerable/artifacts/vla_wam_shared_v1/semantic_confirmation/cosmos_contrastive/audit/v1_cosmos_contrastive__RubiksCubeRightOfBowlMatchedTask/episode_001_contact_sheet.jpg,627456,6276de112c2fe96931c03b80494fb08b15621c4261bb018e42cf87eff2cb7f54
/home/ali/projects/steerable/artifacts/vla_wam_shared_v1/semantic_confirmation/cosmos_contrastive/audit/v1_cosmos_contrastive__RubiksCubeRightOfBowlMatchedTask/episode_002_contact_sheet.jpg,1256855,39b533948317ce7669e2a5c35cfc1be03200b88c450ac042b46c9762ca2b98b6
/home/ali/projects/steerable/artifacts/vla_wam_shared_v1/semantic_confirmation/cosmos_contrastive/audit/v1_cosmos_contrastive__RubiksCubeRightOfBowlMatchedTask/episode_003_contact_sheet.jpg,1005522,a41d287302ce60df05db2b6b08c0f839e9d20e27592192c3ee2e83b56abecc36
/home/ali/projects/steerable/artifacts/vla_wam_shared_v1/semantic_confirmation/cosmos_contrastive/audit/v1_cosmos_contrastive__RubiksCubeRightOfBowlMatchedTask/episode_004_contact_sheet.jpg,1384186,0cadef7468a5f707d747ba3307e809b4f02b7a209ab0d112f221304e4ce383ed
/home/ali/projects/steerable/artifacts/vla_wam_shared_v1/semantic_confirmation/cosmos_contrastive/audit/v1_cosmos_contrastive__RubiksCubeRightOfBowlMatchedTask/episode_005_contact_sheet.jpg,503626,2964c31e637a788f799605a332a3767d80d86e9dad25975f6353b789a14ff145
/home/ali/projects/steerable/artifacts/vla_wam_shared_v1/semantic_confirmation/cosmos_contrastive/audit/v1_cosmos_contrastive__RubiksCubeRightOfBowlMatchedTask/episode_006_contact_sheet.jpg,1387791,628396f4b7f630e3ef5026cfa09b8bf233bb1531689df58dd93e107df1019d05
/home/ali/projects/steerable/artifacts/vla_wam_shared_v1/semantic_confirmation/cosmos_contrastive/audit/v1_cosmos_contrastive__RubiksCubeRightOfBowlMatchedTask/episode_007_contact_sheet.jpg,505903,217eebcc1f9d601e377ee61487e32cc98543b221405f784e4a95c579e25a94a1
/home/ali/projects/steerable/artifacts/vla_wam_shared_v1/semantic_confirmation/cosmos_contrastive/audit/v1_cosmos_contrastive__RubiksCubeRightOfBowlMatchedTask/episode_008_contact_sheet.jpg,884701,bccd883dabd40e4d95ec7e41fdbb000c6736b3a95b6d65097272ce003851753f
/home/ali/projects/steerable/artifacts/vla_wam_shared_v1/semantic_confirmation/cosmos_contrastive/audit/v1_cosmos_contrastive__RubiksCubeRightOfBowlMatchedTask/episode_009_contact_sheet.jpg,499458,dd7dc21aa219883830da2bf59790ae1348e7f8e071851528a971c83c46f927ce
/home/ali/projects/steerable/artifacts/vla_wam_shared_v1/semantic_confirmation/cosmos_contrastive/localization_cache/v1_cosmos_contrastive__RubiksCubeLeftOfBowlMatchedTask/episode_000_chunk_000.json,6903,a9d0b247b7e46eac4054f3d0717e7e70fc4de40bbfa6a883dec3305136958f0c
/home/ali/projects/steerable/artifacts/vla_wam_shared_v1/semantic_confirmation/cosmos_contrastive/localization_cache/v1_cosmos_contrastive__RubiksCubeLeftOfBowlMatchedTask/episode_000_chunk_001.json,7059,70c431debabb002c3f38bc091a6691c082c83511bf2fbb3003b2549168fa4492
/home/ali/projects/steerable/artifacts/vla_wam_shared_v1/semantic_confirmation/cosmos_contrastive/localization_cache/v1_cosmos_contrastive__RubiksCubeLeftOfBowlMatchedTask/episode_000_chunk_002.json,6937,1c3b187e8f11f2dae0e7c6ec47da5905f613bae5556f095c4fac9f0a8b6e47bc
/home/ali/projects/steerable/artifacts/vla_wam_shared_v1/semantic_confirmation/cosmos_contrastive/localization_cache/v1_cosmos_contrastive__RubiksCubeLeftOfBowlMatchedTask/episode_000_chunk_003.json,6954,0f13161e22e46e93e633294eea9fe5746fdf53610b8ca415071fbd7270e8dacf
/home/ali/projects/steerable/artifacts/vla_wam_shared_v1/semantic_confirmation/cosmos_contrastive/localization_cache/v1_cosmos_contrastive__RubiksCubeLeftOfBowlMatchedTask/episode_000_chunk_004.json,7060,255a6d8db5cd12d78594875fcdd1041e80dbdecd32c6f3904d260227d2383a55
/home/ali/projects/steerable/artifacts/vla_wam_shared_v1/semantic_confirmation/cosmos_contrastive/localization_cache/v1_cosmos_contrastive__RubiksCubeLeftOfBowlMatchedTask/episode_000_chunk_005.json,7086,714819cbb1c432791b7c9d65c384a7834492cfa229a6e9d6fc7f942c54d315d0
/home/ali/projects/steerable/artifacts/vla_wam_shared_v1/semantic_confirmation/cosmos_contrastive/localization_cache/v1_cosmos_contrastive__RubiksCubeLeftOfBowlMatchedTask/episode_000_chunk_006.json,7125,8fef39d66d3fe05883abda22eb007a25157e3b0c70862a6a97b58a49fe7ec2ae
/home/ali/projects/steerable/artifacts/vla_wam_shared_v1/semantic_confirmation/cosmos_contrastive/localization_cache/v1_cosmos_contrastive__RubiksCubeLeftOfBowlMatchedTask/episode_000_chunk_007.json,7195,e1a6500e89755434229cd8dbbd23a6eb319e0da3bcb19f240a9b7e885ac087d7
/home/ali/projects/steerable/artifacts/vla_wam_shared_v1/semantic_confirmation/cosmos_contrastive/localization_cache/v1_cosmos_contrastive__RubiksCubeLeftOfBowlMatchedTask/episode_000_chunk_008.json,6890,edb01676295043d8ff566be69e2053b01caccfe36dec85321cc8cd89625ea2dc
/home/ali/projects/steerable/artifacts/vla_wam_shared_v1/semantic_confirmation/cosmos_contrastive/localization_cache/v1_cosmos_contrastive__RubiksCubeLeftOfBowlMatchedTask/episode_000_chunk_009.json,6947,eeee398a56cdcf662faa0239dbc4c459b634ce80f7fadf9650deabf5bb7789e2
/home/ali/projects/steerable/artifacts/vla_wam_shared_v1/semantic_confirmation/cosmos_contrastive/localization_cache/v1_cosmos_contrastive__RubiksCubeLeftOfBowlMatchedTask/episode_000_chunk_010.json,6955,620df946d9a4572db9a4812a6d8bd20c37004554fd4a021ac42a35476f6fe251
/home/ali/projects/steerable/artifacts/vla_wam_shared_v1/semantic_confirmation/cosmos_contrastive/localization_cache/v1_cosmos_contrastive__RubiksCubeLeftOfBowlMatchedTask/episode_000_chunk_011.json,6968,0fe7c45c4bbef1c88847d3057b4252e6403c15df427b83b67ff3d5d2f8c90546
/home/ali/projects/steerable/artifacts/vla_wam_shared_v1/semantic_confirmation/cosmos_contrastive/localization_cache/v1_cosmos_contrastive__RubiksCubeLeftOfBowlMatchedTask/episode_000_chunk_012.json,6935,426992037e2a2be3ce44b578f84555f234a8756e01890b0a4cd55744d8a5963b
/home/ali/projects/steerable/artifacts/vla_wam_shared_v1/semantic_confirmation/cosmos_contrastive/localization_cache/v1_cosmos_contrastive__RubiksCubeLeftOfBowlMatchedTask/episode_000_chunk_013.json,7068,4f9b5661a0d73034a1266a6eaeadc4a8f5de6fa687b8c6fa92c3311b9f0d14a1
/home/ali/projects/steerable/artifacts/vla_wam_shared_v1/semantic_confirmation/cosmos_contrastive/localization_cache/v1_cosmos_contrastive__RubiksCubeLeftOfBowlMatchedTask/episode_000_chunk_014.json,7103,2e7df536db96bd979e427eff564d4e3cc1c8dda1b25b5359a8b9eb507e499193
/home/ali/projects/steerable/artifacts/vla_wam_shared_v1/semantic_confirmation/cosmos_contrastive/localization_cache/v1_cosmos_contrastive__RubiksCubeLeftOfBowlMatchedTask/episode_001_chunk_000.json,6905,31139158d82932dc7e2d25bb7d1c459874b076775596db78526b438ee34ef5f6
/home/ali/projects/steerable/artifacts/vla_wam_shared_v1/semantic_confirmation/cosmos_contrastive/localization_cache/v1_cosmos_contrastive__RubiksCubeLeftOfBowlMatchedTask/episode_001_chunk_001.json,6867,b014a9a7cc3e5a92713f88e76074f8485b8490d4cd6e05bae335619bc42b00ca
/home/ali/projects/steerable/artifacts/vla_wam_shared_v1/semantic_confirmation/cosmos_contrastive/localization_cache/v1_cosmos_contrastive__RubiksCubeLeftOfBowlMatchedTask/episode_001_chunk_002.json,7106,224476c613c19b9f17ef31ab03d39bb3f59058370e2d45d64acb882ceaf00010
/home/ali/projects/steerable/artifacts/vla_wam_shared_v1/semantic_confirmation/cosmos_contrastive/localization_cache/v1_cosmos_contrastive__RubiksCubeLeftOfBowlMatchedTask/episode_001_chunk_003.json,6944,5fac03bf521eac4f50246b7bc3d2e7ee53ef5a3274a75ab227dac5d8b77ea824
/home/ali/projects/steerable/artifacts/vla_wam_shared_v1/semantic_confirmation/cosmos_contrastive/localization_cache/v1_cosmos_contrastive__RubiksCubeLeftOfBowlMatchedTask/episode_001_chunk_004.json,7000,01b75ef9748dccf9ce04b48325c92e1d16403d0c6abb7ed97f6795aaf015a42b
/home/ali/projects/steerable/artifacts/vla_wam_shared_v1/semantic_confirmation/cosmos_contrastive/localization_cache/v1_cosmos_contrastive__RubiksCubeLeftOfBowlMatchedTask/episode_001_chunk_005.json,7124,3147647837cbea8ab026df47b793aa0c407ef066957cbffceda671bfc93e3931
/home/ali/projects/steerable/artifacts/vla_wam_shared_v1/semantic_confirmation/cosmos_contrastive/localization_cache/v1_cosmos_contrastive__RubiksCubeLeftOfBowlMatchedTask/episode_001_chunk_006.json,6923,85b1c6dbebb5e8d0eb5b8fa7b7bbbfa705b90483e25df318115cfc5312087753
/home/ali/projects/steerable/artifacts/vla_wam_shared_v1/semantic_confirmation/cosmos_contrastive/localization_cache/v1_cosmos_contrastive__RubiksCubeLeftOfBowlMatchedTask/episode_001_chunk_007.json,7007,9752e6f9cb9c3f75abcc15b2df60f14ad9e723cbdb29180f116d1876420fabfe
/home/ali/projects/steerable/artifacts/vla_wam_shared_v1/semantic_confirmation/cosmos_contrastive/localization_cache/v1_cosmos_contrastive__RubiksCubeLeftOfBowlMatchedTask/episode_001_chunk_008.json,7084,b1fa2d2bfaf663c90b011a791f31d5fddaa63f3c3e8efa61ebd789f45365e811
/home/ali/projects/steerable/artifacts/vla_wam_shared_v1/semantic_confirmation/cosmos_contrastive/localization_cache/v1_cosmos_contrastive__RubiksCubeLeftOfBowlMatchedTask/episode_001_chunk_009.json,6970,ba32e9ec775332026a0bb49167aca6a80c129183d69b7cbedd3c37f3c2a48f80
/home/ali/projects/steerable/artifacts/vla_wam_shared_v1/semantic_confirmation/cosmos_contrastive/localization_cache/v1_cosmos_contrastive__RubiksCubeLeftOfBowlMatchedTask/episode_001_chunk_010.json,7153,6c2123cda22e547518754dbcd9b934a103c9484e26c02a392801d7b1fa3d43b3
/home/ali/projects/steerable/artifacts/vla_wam_shared_v1/semantic_confirmation/cosmos_contrastive/localization_cache/v1_cosmos_contrastive__RubiksCubeLeftOfBowlMatchedTask/episode_002_chunk_000.json,6887,3e2239ed8d2dd931a37e721936d4a6ae4fb2bf866e307cf83049cfa013b8440f
/home/ali/projects/steerable/artifacts/vla_wam_shared_v1/semantic_confirmation/cosmos_contrastive/localization_cache/v1_cosmos_contrastive__RubiksCubeLeftOfBowlMatchedTask/episode_002_chunk_001.json,6955,d9ff189b794ac15fd0aef2502e994cd172aa03ec0d3865b430f8a6169aa4b01f
/home/ali/projects/steerable/artifacts/vla_wam_shared_v1/semantic_confirmation/cosmos_contrastive/localization_cache/v1_cosmos_contrastive__RubiksCubeLeftOfBowlMatchedTask/episode_002_chunk_002.json,7170,38b76ed6c6ff6e77ebca71b107f7b45affcd312db205d1ff27fcba5efd751efa
/home/ali/projects/steerable/artifacts/vla_wam_shared_v1/semantic_confirmation/cosmos_contrastive/localization_cache/v1_cosmos_contrastive__RubiksCubeLeftOfBowlMatchedTask/episode_002_chunk_003.json,6882,070e9692bfeaca61f0a19c6f5dfe7d5e5b6425b5a76f5c45982b9b37f08429b5
/home/ali/projects/steerable/artifacts/vla_wam_shared_v1/semantic_confirmation/cosmos_contrastive/localization_cache/v1_cosmos_contrastive__RubiksCubeLeftOfBowlMatchedTask/episode_002_chunk_004.json,6979,458887b753d5b5d020afd599ce6307b4091b9187387b9c0183994cacc3dc4b13
/home/ali/projects/steerable/artifacts/vla_wam_shared_v1/semantic_confirmation/cosmos_contrastive/localization_cache/v1_cosmos_contrastive__RubiksCubeLeftOfBowlMatchedTask/episode_002_chunk_005.json,6971,b50048d3045f867289aa37edd271ae64d7b0bea96511890592e6f2032d9f6c25
/home/ali/projects/steerable/artifacts/vla_wam_shared_v1/semantic_confirmation/cosmos_contrastive/localization_cache/v1_cosmos_contrastive__RubiksCubeLeftOfBowlMatchedTask/episode_002_chunk_006.json,6871,f871a2468bf704f54855f43b8b4419887ffea55b2d61a6f47284c49dc35d3cfa
/home/ali/projects/steerable/artifacts/vla_wam_shared_v1/semantic_confirmation/cosmos_contrastive/localization_cache/v1_cosmos_contrastive__RubiksCubeLeftOfBowlMatchedTask/episode_002_chunk_007.json,7007,d38fe10374cebd6045a091c7439696dfa0473c287e35bf68899733b894b094b5
/home/ali/projects/steerable/artifacts/vla_wam_shared_v1/semantic_confirmation/cosmos_contrastive/localization_cache/v1_cosmos_contrastive__RubiksCubeLeftOfBowlMatchedTask/episode_002_chunk_008.json,6934,cfa4141380df4d9b9eb68981baa59a2a7b20eb2aae248c331eefa4c0b580acf4
/home/ali/projects/steerable/artifacts/vla_wam_shared_v1/semantic_confirmation/cosmos_contrastive/localization_cache/v1_cosmos_contrastive__RubiksCubeLeftOfBowlMatchedTask/episode_002_chunk_009.json,6912,006cef3e51b664e518e7e4be356e19dc44f8dce7ba59a7081c263de3cd0c14f1
/home/ali/projects/steerable/artifacts/vla_wam_shared_v1/semantic_confirmation/cosmos_contrastive/localization_cache/v1_cosmos_contrastive__RubiksCubeLeftOfBowlMatchedTask/episode_002_chunk_010.json,6988,f041aaa4a564ccb71898fe3a65cfbb400e5ba946fdf816ad672412f8acfe2d50
/home/ali/projects/steerable/artifacts/vla_wam_shared_v1/semantic_confirmation/cosmos_contrastive/localization_cache/v1_cosmos_contrastive__RubiksCubeLeftOfBowlMatchedTask/episode_002_chunk_011.json,7011,ad636c16bfd5c516c46bf2b67352b5e76c113f54a61737cd3852456f2e3cd1c6
/home/ali/projects/steerable/artifacts/vla_wam_shared_v1/semantic_confirmation/cosmos_contrastive/localization_cache/v1_cosmos_contrastive__RubiksCubeLeftOfBowlMatchedTask/episode_002_chunk_012.json,7014,0fff906c9045d6528db6a69e8571a4a815b6cc60bc4e8e7eed3c01f2da22c575
/home/ali/projects/steerable/artifacts/vla_wam_shared_v1/semantic_confirmation/cosmos_contrastive/localization_cache/v1_cosmos_contrastive__RubiksCubeLeftOfBowlMatchedTask/episode_002_chunk_013.json,7090,ab1e4c64e12718519fd8307d40831e2c382dde40c46ec9310762fae20993547d
/home/ali/projects/steerable/artifacts/vla_wam_shared_v1/semantic_confirmation/cosmos_contrastive/localization_cache/v1_cosmos_contrastive__RubiksCubeLeftOfBowlMatchedTask/episode_002_chunk_014.json,6969,91b3a870f5eb19127ada23a9fd5078f38078144be52e670a5cd9b60e50461f8e
/home/ali/projects/steerable/artifacts/vla_wam_shared_v1/semantic_confirmation/cosmos_contrastive/localization_cache/v1_cosmos_contrastive__RubiksCubeLeftOfBowlMatchedTask/episode_003_chunk_000.json,6883,2f640494e80661338b74ae56624a659d7da263ff6ca7d0aba57fb252f078a0f2
/home/ali/projects/steerable/artifacts/vla_wam_shared_v1/semantic_confirmation/cosmos_contrastive/localization_cache/v1_cosmos_contrastive__RubiksCubeLeftOfBowlMatchedTask/episode_003_chunk_001.json,6875,cfb904e995a9cda83ca687409d17441850037ca50b98304189d1a18737739868
/home/ali/projects/steerable/artifacts/vla_wam_shared_v1/semantic_confirmation/cosmos_contrastive/localization_cache/v1_cosmos_contrastive__RubiksCubeLeftOfBowlMatchedTask/episode_003_chunk_002.json,7073,3ad9563a88b1ce4b98f6a2e2c65f4e1ebb5f21adb5f81aa6b9979deaa2f2413b
/home/ali/projects/steerable/artifacts/vla_wam_shared_v1/semantic_confirmation/cosmos_contrastive/localization_cache/v1_cosmos_contrastive__RubiksCubeLeftOfBowlMatchedTask/episode_003_chunk_003.json,6909,bedac1e5a436470f381d514ad2a474bce1d588fae87f450d1daa5cb43960e06a
/home/ali/projects/steerable/artifacts/vla_wam_shared_v1/semantic_confirmation/cosmos_contrastive/localization_cache/v1_cosmos_contrastive__RubiksCubeLeftOfBowlMatchedTask/episode_003_chunk_004.json,7047,99bed19d835b1473d215b0ac3690a3a6b4d92803fcc497a3f333e369f90d95e9
/home/ali/projects/steerable/artifacts/vla_wam_shared_v1/semantic_confirmation/cosmos_contrastive/localization_cache/v1_cosmos_contrastive__RubiksCubeLeftOfBowlMatchedTask/episode_003_chunk_005.json,6964,6c5e87f89fb5c4db27e66e6dc043b9d8da99046c7aecf3cb32123db97337e3ee
/home/ali/projects/steerable/artifacts/vla_wam_shared_v1/semantic_confirmation/cosmos_contrastive/localization_cache/v1_cosmos_contrastive__RubiksCubeLeftOfBowlMatchedTask/episode_003_chunk_006.json,6941,3b9ec8afbbb0fd309ce0733cc49d2f8321e5368d592f7e8b9ebb37fbbb035f39
/home/ali/projects/steerable/artifacts/vla_wam_shared_v1/semantic_confirmation/cosmos_contrastive/localization_cache/v1_cosmos_contrastive__RubiksCubeLeftOfBowlMatchedTask/episode_003_chunk_007.json,7056,d717fa3b9da9232772df526507266e55f65fa961f3c980d59f16455f9ebf85fd
/home/ali/projects/steerable/artifacts/vla_wam_shared_v1/semantic_confirmation/cosmos_contrastive/localization_cache/v1_cosmos_contrastive__RubiksCubeLeftOfBowlMatchedTask/episode_003_chunk_008.json,6947,dbeb48db8e0bda60d947af5c5a6dc8de0c031d316e9ef4f546d10be6004f1930
/home/ali/projects/steerable/artifacts/vla_wam_shared_v1/semantic_confirmation/cosmos_contrastive/localization_cache/v1_cosmos_contrastive__RubiksCubeLeftOfBowlMatchedTask/episode_003_chunk_009.json,7100,f688dc8258928d1268aedfc8dc13e384b5cc8e4b0bfc3fd20b40fadd6aa5c4b7
/home/ali/projects/steerable/artifacts/vla_wam_shared_v1/semantic_confirmation/cosmos_contrastive/localization_cache/v1_cosmos_contrastive__RubiksCubeLeftOfBowlMatchedTask/episode_003_chunk_010.json,6918,4513c0fc8e3ee127e207c564e6920cc49ecbf1b758f3c8e0ab9cfbb401c91eda
/home/ali/projects/steerable/artifacts/vla_wam_shared_v1/semantic_confirmation/cosmos_contrastive/localization_cache/v1_cosmos_contrastive__RubiksCubeLeftOfBowlMatchedTask/episode_003_chunk_011.json,6897,77308b0330101450a04d7fddb71149c6c065d537f5567528120a64c19606cecc
/home/ali/projects/steerable/artifacts/vla_wam_shared_v1/semantic_confirmation/cosmos_contrastive/localization_cache/v1_cosmos_contrastive__RubiksCubeLeftOfBowlMatchedTask/episode_003_chunk_012.json,6948,ceb06960873040fd1fc1258ae9b7da3432e9c93ffe5e0308c65a8aa974e833be
/home/ali/projects/steerable/artifacts/vla_wam_shared_v1/semantic_confirmation/cosmos_contrastive/localization_cache/v1_cosmos_contrastive__RubiksCubeLeftOfBowlMatchedTask/episode_003_chunk_013.json,7104,adac3c470cedc81594f752e0c1701fb6b020f85ad2c1f199f33cc7cd1423b7d1
/home/ali/projects/steerable/artifacts/vla_wam_shared_v1/semantic_confirmation/cosmos_contrastive/localization_cache/v1_cosmos_contrastive__RubiksCubeLeftOfBowlMatchedTask/episode_003_chunk_014.json,7226,35e65f1658871f3f21d22aec970d5b3fcca6501685e36f196f8184deddcc2487
/home/ali/projects/steerable/artifacts/vla_wam_shared_v1/semantic_confirmation/cosmos_contrastive/localization_cache/v1_cosmos_contrastive__RubiksCubeLeftOfBowlMatchedTask/episode_004_chunk_000.json,6897,a5b53572928b64f90d3a6691381d1dc8d26d9e84a01a3f7c174bee16e51c4864
/home/ali/projects/steerable/artifacts/vla_wam_shared_v1/semantic_confirmation/cosmos_contrastive/localization_cache/v1_cosmos_contrastive__RubiksCubeLeftOfBowlMatchedTask/episode_004_chunk_001.json,6892,da334313e5f9836da50d5436ee4fb39bdc6b98aee7446d6a1fca841ad23766f1
/home/ali/projects/steerable/artifacts/vla_wam_shared_v1/semantic_confirmation/cosmos_contrastive/localization_cache/v1_cosmos_contrastive__RubiksCubeLeftOfBowlMatchedTask/episode_004_chunk_002.json,6900,cd49f17c72ba0bb958284c0eed413f3494cdfc6ee1bef1f4f647614746aae051
/home/ali/projects/steerable/artifacts/vla_wam_shared_v1/semantic_confirmation/cosmos_contrastive/localization_cache/v1_cosmos_contrastive__RubiksCubeLeftOfBowlMatchedTask/episode_004_chunk_003.json,6887,7b3ddb421b972f2fc928850fb6e0d7a84c9364b39aaeeccccfe0d205bc66e416
/home/ali/projects/steerable/artifacts/vla_wam_shared_v1/semantic_confirmation/cosmos_contrastive/localization_cache/v1_cosmos_contrastive__RubiksCubeLeftOfBowlMatchedTask/episode_004_chunk_004.json,7217,cf5fb05eaeb05db1e66853e382d30ed4ba95b701cc4f29b0a6e818881b4a21f4
/home/ali/projects/steerable/artifacts/vla_wam_shared_v1/semantic_confirmation/cosmos_contrastive/localization_cache/v1_cosmos_contrastive__RubiksCubeLeftOfBowlMatchedTask/episode_004_chunk_005.json,6998,59c90104308a5f17cf73ca92354d97f8ca19d236b55d654865601d6ff67f7864
/home/ali/projects/steerable/artifacts/vla_wam_shared_v1/semantic_confirmation/cosmos_contrastive/localization_cache/v1_cosmos_contrastive__RubiksCubeLeftOfBowlMatchedTask/episode_004_chunk_006.json,7061,949ef6773495389368eb587b1e4ecf2df84850365ad36f5f7a5e5af6d36fcd25
/home/ali/projects/steerable/artifacts/vla_wam_shared_v1/semantic_confirmation/cosmos_contrastive/localization_cache/v1_cosmos_contrastive__RubiksCubeLeftOfBowlMatchedTask/episode_004_chunk_007.json,6925,9bf9d954d66703ed779cefe6a3c75a3ff3488b9f515423368535375f964922b4
/home/ali/projects/steerable/artifacts/vla_wam_shared_v1/semantic_confirmation/cosmos_contrastive/localization_cache/v1_cosmos_contrastive__RubiksCubeLeftOfBowlMatchedTask/episode_004_chunk_008.json,7085,81ff68ae563ecb648b19b5d08d4a1be6057bcc68935b4c5d53a59a103a15de1a
/home/ali/projects/steerable/artifacts/vla_wam_shared_v1/semantic_confirmation/cosmos_contrastive/localization_cache/v1_cosmos_contrastive__RubiksCubeLeftOfBowlMatchedTask/episode_004_chunk_009.json,7189,6208a6c3f61a00a192a63fda4eee944f53570d45e0fbff81fcd7994bd835683f
/home/ali/projects/steerable/artifacts/vla_wam_shared_v1/semantic_confirmation/cosmos_contrastive/localization_cache/v1_cosmos_contrastive__RubiksCubeLeftOfBowlMatchedTask/episode_004_chunk_010.json,7108,ef25206462e5172f1706cb887584c281200f31b6c8392f7896b0ad915eb59eeb
/home/ali/projects/steerable/artifacts/vla_wam_shared_v1/semantic_confirmation/cosmos_contrastive/localization_cache/v1_cosmos_contrastive__RubiksCubeLeftOfBowlMatchedTask/episode_004_chunk_011.json,6970,ea17dc3b167eae0577db3b3da7800333471943382f9b36e2391386527700a40c
/home/ali/projects/steerable/artifacts/vla_wam_shared_v1/semantic_confirmation/cosmos_contrastive/localization_cache/v1_cosmos_contrastive__RubiksCubeLeftOfBowlMatchedTask/episode_004_chunk_012.json,7150,1ae8644f002278c573116ecf87bfe39d564dbafb527bdaf183be0191f2aee53c
/home/ali/projects/steerable/artifacts/vla_wam_shared_v1/semantic_confirmation/cosmos_contrastive/localization_cache/v1_cosmos_contrastive__RubiksCubeLeftOfBowlMatchedTask/episode_004_chunk_013.json,7088,cac72ea2a4bce0736f6ec18c749a725bd9ee7bbc85a7ccadbb6f3974fb2d0c56
/home/ali/projects/steerable/artifacts/vla_wam_shared_v1/semantic_confirmation/cosmos_contrastive/localization_cache/v1_cosmos_contrastive__RubiksCubeLeftOfBowlMatchedTask/episode_004_chunk_014.json,7045,1026d255093972e23655f513b69602df718787e4f7a007a65971885b6475415a
/home/ali/projects/steerable/artifacts/vla_wam_shared_v1/semantic_confirmation/cosmos_contrastive/localization_cache/v1_cosmos_contrastive__RubiksCubeLeftOfBowlMatchedTask/episode_005_chunk_000.json,6913,8d384e3865c77ca400d64639827d29a5e9c559d065f1e6c79a5e2c0b7f6bdeb2
/home/ali/projects/steerable/artifacts/vla_wam_shared_v1/semantic_confirmation/cosmos_contrastive/localization_cache/v1_cosmos_contrastive__RubiksCubeLeftOfBowlMatchedTask/episode_005_chunk_001.json,6933,03af777ebec3f75dd17898958f8a7121c5596c41603bcf9dc13d1267e134081c
/home/ali/projects/steerable/artifacts/vla_wam_shared_v1/semantic_confirmation/cosmos_contrastive/localization_cache/v1_cosmos_contrastive__RubiksCubeLeftOfBowlMatchedTask/episode_005_chunk_002.json,6998,d936862c60656c25a657018657dd15b0f126a5a60f424749022d1b20d65674d9
/home/ali/projects/steerable/artifacts/vla_wam_shared_v1/semantic_confirmation/cosmos_contrastive/localization_cache/v1_cosmos_contrastive__RubiksCubeLeftOfBowlMatchedTask/episode_005_chunk_003.json,6884,8cb34791ffc6041d8e03674cfc3d82ca4fac8267d2bcc86285bd21eca9a7752a
/home/ali/projects/steerable/artifacts/vla_wam_shared_v1/semantic_confirmation/cosmos_contrastive/localization_cache/v1_cosmos_contrastive__RubiksCubeLeftOfBowlMatchedTask/episode_005_chunk_004.json,6976,0b0e2e382d3ba688b7ed0f64634adb9123fe1e159b71d69be29133839491562f
/home/ali/projects/steerable/artifacts/vla_wam_shared_v1/semantic_confirmation/cosmos_contrastive/localization_cache/v1_cosmos_contrastive__RubiksCubeLeftOfBowlMatchedTask/episode_005_chunk_005.json,6936,ed06d7148b1b75a7ddc77eed6de0ad0d0d6ff8b9b1512f98470545adfa074f01
/home/ali/projects/steerable/artifacts/vla_wam_shared_v1/semantic_confirmation/cosmos_contrastive/localization_cache/v1_cosmos_contrastive__RubiksCubeLeftOfBowlMatchedTask/episode_005_chunk_006.json,7000,eb23ab897062e951b212566c778baac217a4f8ac329f0b2d419130648b564262
/home/ali/projects/steerable/artifacts/vla_wam_shared_v1/semantic_confirmation/cosmos_contrastive/localization_cache/v1_cosmos_contrastive__RubiksCubeLeftOfBowlMatchedTask/episode_005_chunk_007.json,6968,a69ef58fac8ce1b0610f4add2cac46202248cc2ec2956c92b41792f39c2bc4c8
/home/ali/projects/steerable/artifacts/vla_wam_shared_v1/semantic_confirmation/cosmos_contrastive/localization_cache/v1_cosmos_contrastive__RubiksCubeLeftOfBowlMatchedTask/episode_005_chunk_008.json,7097,d2c9cc915323cc043f9508416e1ecc9c4a4a3a0e1f5303b383a7df6cf2fe795a
/home/ali/projects/steerable/artifacts/vla_wam_shared_v1/semantic_confirmation/cosmos_contrastive/localization_cache/v1_cosmos_contrastive__RubiksCubeLeftOfBowlMatchedTask/episode_005_chunk_009.json,7118,cce8e5cd370a7a35674df14ee1c5c6f1996ea607a86527476a5c10b9dee13ea4
/home/ali/projects/steerable/artifacts/vla_wam_shared_v1/semantic_confirmation/cosmos_contrastive/localization_cache/v1_cosmos_contrastive__RubiksCubeLeftOfBowlMatchedTask/episode_005_chunk_010.json,7022,de10f4172df294a2cf688aa34df4530b1a669c1b08eb8a113249dc0ceafe46c9
/home/ali/projects/steerable/artifacts/vla_wam_shared_v1/semantic_confirmation/cosmos_contrastive/localization_cache/v1_cosmos_contrastive__RubiksCubeLeftOfBowlMatchedTask/episode_005_chunk_011.json,7099,211122ccf57d6392fdaa2fa69ef98514d917fdb618907729dcc88d7293c50ba9
/home/ali/projects/steerable/artifacts/vla_wam_shared_v1/semantic_confirmation/cosmos_contrastive/localization_cache/v1_cosmos_contrastive__RubiksCubeLeftOfBowlMatchedTask/episode_005_chunk_012.json,6952,b102ea04f40e26d8cab7a7f827c6c57bf98d1e0472057c9a2396a7b8a354ea5b
/home/ali/projects/steerable/artifacts/vla_wam_shared_v1/semantic_confirmation/cosmos_contrastive/localization_cache/v1_cosmos_contrastive__RubiksCubeLeftOfBowlMatchedTask/episode_005_chunk_013.json,7111,052e43d8084fdb8bbf404394d057cc7da4e4c991ab93c97ccd469f51fd3dd5c3
/home/ali/projects/steerable/artifacts/vla_wam_shared_v1/semantic_confirmation/cosmos_contrastive/localization_cache/v1_cosmos_contrastive__RubiksCubeLeftOfBowlMatchedTask/episode_005_chunk_014.json,7167,f6594bb26606c9316fa7653000333d034d573602b57a2e5c893e0f68204c03be
/home/ali/projects/steerable/artifacts/vla_wam_shared_v1/semantic_confirmation/cosmos_contrastive/localization_cache/v1_cosmos_contrastive__RubiksCubeLeftOfBowlMatchedTask/episode_006_chunk_000.json,6897,158509a70b1a88bb9ab6ad8ba662f0a1a41bd63af95a0e65432a25df153e3766
/home/ali/projects/steerable/artifacts/vla_wam_shared_v1/semantic_confirmation/cosmos_contrastive/localization_cache/v1_cosmos_contrastive__RubiksCubeLeftOfBowlMatchedTask/episode_006_chunk_001.json,6902,c4d062e43608a041df4e086afda869074cc5ea436c3711977c2ba056e1c2c931
/home/ali/projects/steerable/artifacts/vla_wam_shared_v1/semantic_confirmation/cosmos_contrastive/localization_cache/v1_cosmos_contrastive__RubiksCubeLeftOfBowlMatchedTask/episode_006_chunk_002.json,7131,804e50b063b1fa3d86260c9651ecc4442590a5849a4704ba5388f261336d1d3c
/home/ali/projects/steerable/artifacts/vla_wam_shared_v1/semantic_confirmation/cosmos_contrastive/localization_cache/v1_cosmos_contrastive__RubiksCubeLeftOfBowlMatchedTask/episode_006_chunk_003.json,6888,b84b7388fa86e0d0f902a09cdd7319cc582b2cfeb2fb4f30fd43d0675bfa7ad8
/home/ali/projects/steerable/artifacts/vla_wam_shared_v1/semantic_confirmation/cosmos_contrastive/localization_cache/v1_cosmos_contrastive__RubiksCubeLeftOfBowlMatchedTask/episode_006_chunk_004.json,6945,b297702505be4771beaa64edbe0fb692ff4c4f1b7de64b12a80a8eb65f4d421c
/home/ali/projects/steerable/artifacts/vla_wam_shared_v1/semantic_confirmation/cosmos_contrastive/localization_cache/v1_cosmos_contrastive__RubiksCubeLeftOfBowlMatchedTask/episode_006_chunk_005.json,7121,93aade112ea48a58dcb6fa8de98e5e736e7315e08e9eac233d40cd400aeb425d
/home/ali/projects/steerable/artifacts/vla_wam_shared_v1/semantic_confirmation/cosmos_contrastive/localization_cache/v1_cosmos_contrastive__RubiksCubeLeftOfBowlMatchedTask/episode_006_chunk_006.json,6887,9a2bfb9852af319e39e05a28ba2ea56bb6dabb0e835e2aa8b10f1cffbd70b585
/home/ali/projects/steerable/artifacts/vla_wam_shared_v1/semantic_confirmation/cosmos_contrastive/localization_cache/v1_cosmos_contrastive__RubiksCubeLeftOfBowlMatchedTask/episode_006_chunk_007.json,6944,fe7341bf2f642a83654bcf0eabe4d7236f3fee5895738e0d3e3d4eb257891b25
/home/ali/projects/steerable/artifacts/vla_wam_shared_v1/semantic_confirmation/cosmos_contrastive/localization_cache/v1_cosmos_contrastive__RubiksCubeLeftOfBowlMatchedTask/episode_006_chunk_008.json,6890,86bbf9d5ffe1adc9a48190dab252d27686d24581237a21b6df5b5181e63683ab
/home/ali/projects/steerable/artifacts/vla_wam_shared_v1/semantic_confirmation/cosmos_contrastive/localization_cache/v1_cosmos_contrastive__RubiksCubeLeftOfBowlMatchedTask/episode_006_chunk_009.json,6972,1a4e09786024d34c8323c29a3c1a1948850ab10ea24450910dacb24dff909344
/home/ali/projects/steerable/artifacts/vla_wam_shared_v1/semantic_confirmation/cosmos_contrastive/localization_cache/v1_cosmos_contrastive__RubiksCubeLeftOfBowlMatchedTask/episode_006_chunk_010.json,6985,bbbc682a313162c0d66cef30e3b7e7f548a21783f94fcfad5259fce6514bdcb3
/home/ali/projects/steerable/artifacts/vla_wam_shared_v1/semantic_confirmation/cosmos_contrastive/localization_cache/v1_cosmos_contrastive__RubiksCubeLeftOfBowlMatchedTask/episode_006_chunk_011.json,7067,74e847aa1f312bcc3d4f5c12324a2f006ddd286a1e18884488f0fef41fcbe2aa
/home/ali/projects/steerable/artifacts/vla_wam_shared_v1/semantic_confirmation/cosmos_contrastive/localization_cache/v1_cosmos_contrastive__RubiksCubeLeftOfBowlMatchedTask/episode_006_chunk_012.json,7102,9a92e6fcfb088fc33f9ced0daf3f84f1a2c02a021f30fcf68e17aea272e24fdb
/home/ali/projects/steerable/artifacts/vla_wam_shared_v1/semantic_confirmation/cosmos_contrastive/localization_cache/v1_cosmos_contrastive__RubiksCubeLeftOfBowlMatchedTask/episode_006_chunk_013.json,6996,c8176bc643182bc6a6a85967b258c1a31ea4442adbb1d5aac68f5dc1cd683a6e
/home/ali/projects/steerable/artifacts/vla_wam_shared_v1/semantic_confirmation/cosmos_contrastive/localization_cache/v1_cosmos_contrastive__RubiksCubeLeftOfBowlMatchedTask/episode_006_chunk_014.json,6887,9d0ca0e770de93a5e4b14035f1066cc3dcc372ffed637593f326f19dce099344
/home/ali/projects/steerable/artifacts/vla_wam_shared_v1/semantic_confirmation/cosmos_contrastive/localization_cache/v1_cosmos_contrastive__RubiksCubeLeftOfBowlMatchedTask/episode_007_chunk_000.json,6889,7d0e9a182854b3ee5c7eba9750c08afd61672b91efdde991f5429a7d536b8b3e
/home/ali/projects/steerable/artifacts/vla_wam_shared_v1/semantic_confirmation/cosmos_contrastive/localization_cache/v1_cosmos_contrastive__RubiksCubeLeftOfBowlMatchedTask/episode_007_chunk_001.json,6915,9460fdea9410f2343869136d6c48290400aab57bce38aad0f84ca01db6a4f209
/home/ali/projects/steerable/artifacts/vla_wam_shared_v1/semantic_confirmation/cosmos_contrastive/localization_cache/v1_cosmos_contrastive__RubiksCubeLeftOfBowlMatchedTask/episode_007_chunk_002.json,6996,8ff55cd006a98da5521ced7d59bd79b7854cc586fbd2508f48e06eae020d0f38
/home/ali/projects/steerable/artifacts/vla_wam_shared_v1/semantic_confirmation/cosmos_contrastive/localization_cache/v1_cosmos_contrastive__RubiksCubeLeftOfBowlMatchedTask/episode_007_chunk_003.json,6874,310803025d35dcd59fb8a39ec6d25cfe5b05af0ff7d1ba8bc965314d15635e6a
/home/ali/projects/steerable/artifacts/vla_wam_shared_v1/semantic_confirmation/cosmos_contrastive/localization_cache/v1_cosmos_contrastive__RubiksCubeLeftOfBowlMatchedTask/episode_007_chunk_004.json,7043,3edf7b6ad0ba25159a7449dba558e449d5887462faf9f43c6efce0e9e79457e2
/home/ali/projects/steerable/artifacts/vla_wam_shared_v1/semantic_confirmation/cosmos_contrastive/localization_cache/v1_cosmos_contrastive__RubiksCubeLeftOfBowlMatchedTask/episode_007_chunk_005.json,6933,b2cd3fa0bc6661f6bd3e72f2f57c91109cea6c9247e063e43a4f5312ef867214
/home/ali/projects/steerable/artifacts/vla_wam_shared_v1/semantic_confirmation/cosmos_contrastive/localization_cache/v1_cosmos_contrastive__RubiksCubeLeftOfBowlMatchedTask/episode_007_chunk_006.json,6975,f9af02a04f2a8a5553ec78685c3d4cb5f5ba47d2be728bdde9cfb4f0182f6f31
/home/ali/projects/steerable/artifacts/vla_wam_shared_v1/semantic_confirmation/cosmos_contrastive/localization_cache/v1_cosmos_contrastive__RubiksCubeLeftOfBowlMatchedTask/episode_007_chunk_007.json,6974,85ff09f949145483f3596a5581694d6cc79951b025abe682bf508a8ae937a4e1
/home/ali/projects/steerable/artifacts/vla_wam_shared_v1/semantic_confirmation/cosmos_contrastive/localization_cache/v1_cosmos_contrastive__RubiksCubeLeftOfBowlMatchedTask/episode_007_chunk_008.json,7017,27b2ea38c278c24b06360e79a1c97d70f28253a8ad44664d22355f720919971f
/home/ali/projects/steerable/artifacts/vla_wam_shared_v1/semantic_confirmation/cosmos_contrastive/localization_cache/v1_cosmos_contrastive__RubiksCubeLeftOfBowlMatchedTask/episode_007_chunk_009.json,6982,a18434e698c7b25dc1bfcbbee469456cb9c483f17594e3f3e57f0a1b74427de5
/home/ali/projects/steerable/artifacts/vla_wam_shared_v1/semantic_confirmation/cosmos_contrastive/localization_cache/v1_cosmos_contrastive__RubiksCubeLeftOfBowlMatchedTask/episode_007_chunk_010.json,7128,c32b90c4f5bec3a532dcb723a485e7f9e6d77ce3f1e72a9c8071898e1cb94389
/home/ali/projects/steerable/artifacts/vla_wam_shared_v1/semantic_confirmation/cosmos_contrastive/localization_cache/v1_cosmos_contrastive__RubiksCubeLeftOfBowlMatchedTask/episode_007_chunk_011.json,6904,94d36fd27273ccc970aee2f592fce80be93dedda1fd436dd43da1cc838b0ff7c
/home/ali/projects/steerable/artifacts/vla_wam_shared_v1/semantic_confirmation/cosmos_contrastive/localization_cache/v1_cosmos_contrastive__RubiksCubeLeftOfBowlMatchedTask/episode_007_chunk_012.json,6903,79dbad9ba61a92226b03c768488b497a1918141704dbfe6c768b5f482d848417
/home/ali/projects/steerable/artifacts/vla_wam_shared_v1/semantic_confirmation/cosmos_contrastive/localization_cache/v1_cosmos_contrastive__RubiksCubeLeftOfBowlMatchedTask/episode_007_chunk_013.json,6928,2b74a667958be9f3e1d994a606369f988188fd800e9ef37c013b09bce7f0c32c
/home/ali/projects/steerable/artifacts/vla_wam_shared_v1/semantic_confirmation/cosmos_contrastive/localization_cache/v1_cosmos_contrastive__RubiksCubeLeftOfBowlMatchedTask/episode_007_chunk_014.json,7059,500ae75adced4f546306e1795e2a64d09278cbfebe903ef75f793c8e9c80d896
/home/ali/projects/steerable/artifacts/vla_wam_shared_v1/semantic_confirmation/cosmos_contrastive/localization_cache/v1_cosmos_contrastive__RubiksCubeLeftOfBowlMatchedTask/episode_008_chunk_000.json,6919,2a8dacdf55853a9a5273b520cddc7c112a73ad573a86b78a4929f5343ddde546
/home/ali/projects/steerable/artifacts/vla_wam_shared_v1/semantic_confirmation/cosmos_contrastive/localization_cache/v1_cosmos_contrastive__RubiksCubeLeftOfBowlMatchedTask/episode_008_chunk_001.json,6941,e38a19b8c3190051d887dbc0627c448941986e071e3c98b4edece8911530d934
/home/ali/projects/steerable/artifacts/vla_wam_shared_v1/semantic_confirmation/cosmos_contrastive/localization_cache/v1_cosmos_contrastive__RubiksCubeLeftOfBowlMatchedTask/episode_008_chunk_002.json,7098,d139d5b5bd32ce0bc591040e2adadbc25c4e40ae292ed10dab9575af5d1bea25
/home/ali/projects/steerable/artifacts/vla_wam_shared_v1/semantic_confirmation/cosmos_contrastive/localization_cache/v1_cosmos_contrastive__RubiksCubeLeftOfBowlMatchedTask/episode_008_chunk_003.json,6990,7557b0109b8ffd0796a813c933819ed21270fccd0b9523bb9269941c8f8b4ff9
/home/ali/projects/steerable/artifacts/vla_wam_shared_v1/semantic_confirmation/cosmos_contrastive/localization_cache/v1_cosmos_contrastive__RubiksCubeLeftOfBowlMatchedTask/episode_008_chunk_004.json,7069,c17106b1ce34d09f721ae7f7e0ff7ee7307cbd226c102f75b6c01f517bd1b3f9
/home/ali/projects/steerable/artifacts/vla_wam_shared_v1/semantic_confirmation/cosmos_contrastive/localization_cache/v1_cosmos_contrastive__RubiksCubeLeftOfBowlMatchedTask/episode_008_chunk_005.json,7070,c4a67a19f0416799b90612f3aa15c89bff83313eb6ac9a54be15f8d7e94fdd12
/home/ali/projects/steerable/artifacts/vla_wam_shared_v1/semantic_confirmation/cosmos_contrastive/localization_cache/v1_cosmos_contrastive__RubiksCubeLeftOfBowlMatchedTask/episode_008_chunk_006.json,6865,bf585949760a2acbb245072cbdbf99faa318f1856c54832481bef6bd25b73a4e
/home/ali/projects/steerable/artifacts/vla_wam_shared_v1/semantic_confirmation/cosmos_contrastive/localization_cache/v1_cosmos_contrastive__RubiksCubeLeftOfBowlMatchedTask/episode_008_chunk_007.json,7187,751c16d70af1a7868cac44220eb69cea05195c7df46bd16008f09e08631d1b62
/home/ali/projects/steerable/artifacts/vla_wam_shared_v1/semantic_confirmation/cosmos_contrastive/localization_cache/v1_cosmos_contrastive__RubiksCubeLeftOfBowlMatchedTask/episode_008_chunk_008.json,7254,f8b05b1bfefecf7025a268d581c91f81d393056274bbe0dac6cfbf762e4dfa12
/home/ali/projects/steerable/artifacts/vla_wam_shared_v1/semantic_confirmation/cosmos_contrastive/localization_cache/v1_cosmos_contrastive__RubiksCubeLeftOfBowlMatchedTask/episode_008_chunk_009.json,7059,944e2f744665a3d9987e97c72f14c5897a141f35a9c46709c274632011173152
/home/ali/projects/steerable/artifacts/vla_wam_shared_v1/semantic_confirmation/cosmos_contrastive/localization_cache/v1_cosmos_contrastive__RubiksCubeLeftOfBowlMatchedTask/episode_008_chunk_010.json,7091,37989057084e3a5ae2ca981178e15dc5fb1a99c039b19cc8e4b42dd3d6f6c5d2
/home/ali/projects/steerable/artifacts/vla_wam_shared_v1/semantic_confirmation/cosmos_contrastive/localization_cache/v1_cosmos_contrastive__RubiksCubeLeftOfBowlMatchedTask/episode_008_chunk_011.json,7009,051939341289d16df50d054cf7bdd6df8f499187bc753f12706c235f675b47d6
/home/ali/projects/steerable/artifacts/vla_wam_shared_v1/semantic_confirmation/cosmos_contrastive/localization_cache/v1_cosmos_contrastive__RubiksCubeLeftOfBowlMatchedTask/episode_008_chunk_012.json,7088,40404b2c92c24d7b5033a2e96721605ed5e83429dd73d0a12d17aadb336c7db5
/home/ali/projects/steerable/artifacts/vla_wam_shared_v1/semantic_confirmation/cosmos_contrastive/localization_cache/v1_cosmos_contrastive__RubiksCubeLeftOfBowlMatchedTask/episode_008_chunk_013.json,6883,b72d18e6f313043ab2b205305932ad3426c4d7c290042a0e65c15e91830d3675
/home/ali/projects/steerable/artifacts/vla_wam_shared_v1/semantic_confirmation/cosmos_contrastive/localization_cache/v1_cosmos_contrastive__RubiksCubeLeftOfBowlMatchedTask/episode_008_chunk_014.json,7098,b9844193709fe9ccb31505cb392bbd66d2a25ab931f353e033e637420b0dd19b
/home/ali/projects/steerable/artifacts/vla_wam_shared_v1/semantic_confirmation/cosmos_contrastive/localization_cache/v1_cosmos_contrastive__RubiksCubeLeftOfBowlMatchedTask/episode_009_chunk_000.json,6910,776db159f4cd6e5aad5f6a1e5caa25ec9d758cbd1cc857272333e155a8e747d2
/home/ali/projects/steerable/artifacts/vla_wam_shared_v1/semantic_confirmation/cosmos_contrastive/localization_cache/v1_cosmos_contrastive__RubiksCubeLeftOfBowlMatchedTask/episode_009_chunk_001.json,6946,49fe1792d316b8d1a97cfae8d4a3904d3de9006cb884c18b397d76a50e33e1ac
/home/ali/projects/steerable/artifacts/vla_wam_shared_v1/semantic_confirmation/cosmos_contrastive/localization_cache/v1_cosmos_contrastive__RubiksCubeLeftOfBowlMatchedTask/episode_009_chunk_002.json,6908,67e0b8262b6cb12e5f67e45258b96bad7a5f9c9440c024e80094663af02c47fc
/home/ali/projects/steerable/artifacts/vla_wam_shared_v1/semantic_confirmation/cosmos_contrastive/localization_cache/v1_cosmos_contrastive__RubiksCubeLeftOfBowlMatchedTask/episode_009_chunk_003.json,6935,5cd18dfa188e62aa69f0a733ede547c738841fa95bad6b895a4a1bd4e15e49e0
/home/ali/projects/steerable/artifacts/vla_wam_shared_v1/semantic_confirmation/cosmos_contrastive/localization_cache/v1_cosmos_contrastive__RubiksCubeLeftOfBowlMatchedTask/episode_009_chunk_004.json,6938,1cf64f97ef4657718125a5dc15fa9765d09ca87ecc9b589b0ff144cb00d1a560
/home/ali/projects/steerable/artifacts/vla_wam_shared_v1/semantic_confirmation/cosmos_contrastive/localization_cache/v1_cosmos_contrastive__RubiksCubeLeftOfBowlMatchedTask/episode_009_chunk_005.json,7095,d16f5c544ef6084c4482dd468904177711e53aa612139a98e1778fd69cf0c5c6
/home/ali/projects/steerable/artifacts/vla_wam_shared_v1/semantic_confirmation/cosmos_contrastive/localization_cache/v1_cosmos_contrastive__RubiksCubeLeftOfBowlMatchedTask/episode_009_chunk_006.json,6889,1b6f69fb59acd2b7a0823564cd37b6228290c7cba9e6d0a149ba01c10e4113e4
/home/ali/projects/steerable/artifacts/vla_wam_shared_v1/semantic_confirmation/cosmos_contrastive/localization_cache/v1_cosmos_contrastive__RubiksCubeLeftOfBowlMatchedTask/episode_009_chunk_007.json,6945,cf14aff58ca0b3dd710d447298b493e72419cc4c847ccd45c2895d2b3594fdab
/home/ali/projects/steerable/artifacts/vla_wam_shared_v1/semantic_confirmation/cosmos_contrastive/localization_cache/v1_cosmos_contrastive__RubiksCubeLeftOfBowlMatchedTask/episode_009_chunk_008.json,7006,d0f70d5ed54802020637ac237f16323aa6d7562b99c42b61155950f63fedbead
/home/ali/projects/steerable/artifacts/vla_wam_shared_v1/semantic_confirmation/cosmos_contrastive/localization_cache/v1_cosmos_contrastive__RubiksCubeLeftOfBowlMatchedTask/episode_009_chunk_009.json,6859,8e5995eba3cec8e97f4d405e7c001f1fe40ab0162db821e062fd6d5589d6b740
/home/ali/projects/steerable/artifacts/vla_wam_shared_v1/semantic_confirmation/cosmos_contrastive/localization_cache/v1_cosmos_contrastive__RubiksCubeLeftOfBowlMatchedTask/episode_009_chunk_010.json,7052,6012bd4ecd6502a44795f5488f8f15e5fd7cd67303bb9286e87bfd8159be7d84
/home/ali/projects/steerable/artifacts/vla_wam_shared_v1/semantic_confirmation/cosmos_contrastive/localization_cache/v1_cosmos_contrastive__RubiksCubeLeftOfBowlMatchedTask/episode_009_chunk_011.json,6932,e363c8501baf5a5aab228ef57e6fa126cfbfe1f59d5935f4f303c69ca6ab7c42
/home/ali/projects/steerable/artifacts/vla_wam_shared_v1/semantic_confirmation/cosmos_contrastive/localization_cache/v1_cosmos_contrastive__RubiksCubeLeftOfBowlMatchedTask/episode_009_chunk_012.json,6959,fba6b8fc8f34c2320c6cfb113249b44b2d304dd5bf0574140d8141f762665777
/home/ali/projects/steerable/artifacts/vla_wam_shared_v1/semantic_confirmation/cosmos_contrastive/localization_cache/v1_cosmos_contrastive__RubiksCubeLeftOfBowlMatchedTask/episode_009_chunk_013.json,7011,420fed9c7e4915a55b6b07eba483edb00c61452872411f4695fb64cbbad4dac6
/home/ali/projects/steerable/artifacts/vla_wam_shared_v1/semantic_confirmation/cosmos_contrastive/localization_cache/v1_cosmos_contrastive__RubiksCubeLeftOfBowlMatchedTask/episode_009_chunk_014.json,7072,bbd4f282a5af05e942d880f178deace469c5e314d480c9dc41630f744c92c70c
/home/ali/projects/steerable/artifacts/vla_wam_shared_v1/semantic_confirmation/cosmos_contrastive/localization_cache/v1_cosmos_contrastive__RubiksCubeRightOfBowlMatchedTask/episode_000_chunk_000.json,6897,de7d5ab556836f5a41aa9d190297df107dcbb0c8c6e43954dce9c04bcc6b2749
/home/ali/projects/steerable/artifacts/vla_wam_shared_v1/semantic_confirmation/cosmos_contrastive/localization_cache/v1_cosmos_contrastive__RubiksCubeRightOfBowlMatchedTask/episode_000_chunk_001.json,6955,15f446593cc3435549a42927a8c514e284125b134ffbd197141410b94c2c7a0d
/home/ali/projects/steerable/artifacts/vla_wam_shared_v1/semantic_confirmation/cosmos_contrastive/localization_cache/v1_cosmos_contrastive__RubiksCubeRightOfBowlMatchedTask/episode_000_chunk_002.json,6952,0022e9bba81b04554691d4446bbb06adbac7b40e7cff231a96d5bafc0cfec0ef
/home/ali/projects/steerable/artifacts/vla_wam_shared_v1/semantic_confirmation/cosmos_contrastive/localization_cache/v1_cosmos_contrastive__RubiksCubeRightOfBowlMatchedTask/episode_000_chunk_003.json,7038,566c80bd5cb8bca4c4e517c88e0d82c3f52e1fd679650befbd386e6b50c8cc8a
/home/ali/projects/steerable/artifacts/vla_wam_shared_v1/semantic_confirmation/cosmos_contrastive/localization_cache/v1_cosmos_contrastive__RubiksCubeRightOfBowlMatchedTask/episode_000_chunk_004.json,7006,a4422ff2e2302e33f85503482a8c24875380b2f714921b9161e9fee6ec723adf
/home/ali/projects/steerable/artifacts/vla_wam_shared_v1/semantic_confirmation/cosmos_contrastive/localization_cache/v1_cosmos_contrastive__RubiksCubeRightOfBowlMatchedTask/episode_000_chunk_005.json,6959,2423d925260177feb1b4720f0cf99b0d59a3d80befd2a5bba7fef82223318b3e
/home/ali/projects/steerable/artifacts/vla_wam_shared_v1/semantic_confirmation/cosmos_contrastive/localization_cache/v1_cosmos_contrastive__RubiksCubeRightOfBowlMatchedTask/episode_000_chunk_006.json,7253,abca6de0ca052f0b551e5f58aac88af4aea2eda4c895ef158b2c209beb78eecb
/home/ali/projects/steerable/artifacts/vla_wam_shared_v1/semantic_confirmation/cosmos_contrastive/localization_cache/v1_cosmos_contrastive__RubiksCubeRightOfBowlMatchedTask/episode_000_chunk_007.json,7141,138383983b807bf920001c17d0671835ab44d959bda912f013dae4c8d23a3501
/home/ali/projects/steerable/artifacts/vla_wam_shared_v1/semantic_confirmation/cosmos_contrastive/localization_cache/v1_cosmos_contrastive__RubiksCubeRightOfBowlMatchedTask/episode_000_chunk_008.json,7017,926455c21c408a988af5c642a2385e3b015ada61de6d2637f1d79008c49a3416
/home/ali/projects/steerable/artifacts/vla_wam_shared_v1/semantic_confirmation/cosmos_contrastive/localization_cache/v1_cosmos_contrastive__RubiksCubeRightOfBowlMatchedTask/episode_000_chunk_009.json,6915,0b487453bff9e4e384e266a17221753eadbc693ca318867e23942444482f5516
/home/ali/projects/steerable/artifacts/vla_wam_shared_v1/semantic_confirmation/cosmos_contrastive/localization_cache/v1_cosmos_contrastive__RubiksCubeRightOfBowlMatchedTask/episode_000_chunk_010.json,6993,43bb70acb41a585bd715861357cc56c3ca8f14e78357775f3f334a00655ee688
/home/ali/projects/steerable/artifacts/vla_wam_shared_v1/semantic_confirmation/cosmos_contrastive/localization_cache/v1_cosmos_contrastive__RubiksCubeRightOfBowlMatchedTask/episode_000_chunk_011.json,6915,b9e7f0c1da0766af39acc7710a30ab519f30300b40bc33e8efa901b328ab57fb
/home/ali/projects/steerable/artifacts/vla_wam_shared_v1/semantic_confirmation/cosmos_contrastive/localization_cache/v1_cosmos_contrastive__RubiksCubeRightOfBowlMatchedTask/episode_000_chunk_012.json,6890,c7b4715624d96ba2c7de628a28938212d4b42a5d506fe87b8256fe642cfe59e6
/home/ali/projects/steerable/artifacts/vla_wam_shared_v1/semantic_confirmation/cosmos_contrastive/localization_cache/v1_cosmos_contrastive__RubiksCubeRightOfBowlMatchedTask/episode_000_chunk_013.json,7137,8e3b1282e7b501c5f36f4ee179efdb733c3af205eca0b4034e814b02d1d92969
/home/ali/projects/steerable/artifacts/vla_wam_shared_v1/semantic_confirmation/cosmos_contrastive/localization_cache/v1_cosmos_contrastive__RubiksCubeRightOfBowlMatchedTask/episode_000_chunk_014.json,6941,254f4e45dd41807565517eb3bdd75861823c55cdd4eca894446a64080a85f334
/home/ali/projects/steerable/artifacts/vla_wam_shared_v1/semantic_confirmation/cosmos_contrastive/localization_cache/v1_cosmos_contrastive__RubiksCubeRightOfBowlMatchedTask/episode_001_chunk_000.json,6898,0b12bf42e9ac057171a7f12910d3a93a8d26d16ec25b6fe6f8e7e8f7a0415e59
/home/ali/projects/steerable/artifacts/vla_wam_shared_v1/semantic_confirmation/cosmos_contrastive/localization_cache/v1_cosmos_contrastive__RubiksCubeRightOfBowlMatchedTask/episode_001_chunk_001.json,6958,b57e06f242589da3905bbecee626bf581ffd9abe34a7b1dccd28a1205d471f7d
/home/ali/projects/steerable/artifacts/vla_wam_shared_v1/semantic_confirmation/cosmos_contrastive/localization_cache/v1_cosmos_contrastive__RubiksCubeRightOfBowlMatchedTask/episode_001_chunk_002.json,7047,b3a4a730feb06b54b91646c40a89088c6cbb1a9b80bd950a90e28a85c998455f
/home/ali/projects/steerable/artifacts/vla_wam_shared_v1/semantic_confirmation/cosmos_contrastive/localization_cache/v1_cosmos_contrastive__RubiksCubeRightOfBowlMatchedTask/episode_001_chunk_003.json,7170,f667b0193a5d13a44ac61891ba3ef8571964ec9b9260fdf77cb52a275027df51
/home/ali/projects/steerable/artifacts/vla_wam_shared_v1/semantic_confirmation/cosmos_contrastive/localization_cache/v1_cosmos_contrastive__RubiksCubeRightOfBowlMatchedTask/episode_001_chunk_004.json,7059,f7f3f11ef25b9c25ad8459e1b8a7dbbe0b030597ed72c1266382181d61833790
/home/ali/projects/steerable/artifacts/vla_wam_shared_v1/semantic_confirmation/cosmos_contrastive/localization_cache/v1_cosmos_contrastive__RubiksCubeRightOfBowlMatchedTask/episode_002_chunk_000.json,6882,e05d0b1764ad9ebe0aca18cbddf195b71c22e5206fa1f8b04a5cb516f04c897a
/home/ali/projects/steerable/artifacts/vla_wam_shared_v1/semantic_confirmation/cosmos_contrastive/localization_cache/v1_cosmos_contrastive__RubiksCubeRightOfBowlMatchedTask/episode_002_chunk_001.json,7021,3087d811401f201f8cd8740f7dea57a51c263ba4072af049055958fca72eb6d6
/home/ali/projects/steerable/artifacts/vla_wam_shared_v1/semantic_confirmation/cosmos_contrastive/localization_cache/v1_cosmos_contrastive__RubiksCubeRightOfBowlMatchedTask/episode_002_chunk_002.json,7258,d8c2256252cb06a377c8d0df2a30e234aa488d0897d184282f0684eea4442c59
/home/ali/projects/steerable/artifacts/vla_wam_shared_v1/semantic_confirmation/cosmos_contrastive/localization_cache/v1_cosmos_contrastive__RubiksCubeRightOfBowlMatchedTask/episode_002_chunk_003.json,7154,84c06f17df1bf520e58e2f5a844f2c375de4abef5f85306ec70686aa28e596ad
/home/ali/projects/steerable/artifacts/vla_wam_shared_v1/semantic_confirmation/cosmos_contrastive/localization_cache/v1_cosmos_contrastive__RubiksCubeRightOfBowlMatchedTask/episode_002_chunk_004.json,6993,099f4e0a064b3ee25c146d79e3d9c5a99ce44ced81db1bdb8d06edf77aac4bf8
/home/ali/projects/steerable/artifacts/vla_wam_shared_v1/semantic_confirmation/cosmos_contrastive/localization_cache/v1_cosmos_contrastive__RubiksCubeRightOfBowlMatchedTask/episode_002_chunk_005.json,6987,398995139e8a62d7f384cca2267f2da79c62db36ddbefeb42581ca824c5c0fec
/home/ali/projects/steerable/artifacts/vla_wam_shared_v1/semantic_confirmation/cosmos_contrastive/localization_cache/v1_cosmos_contrastive__RubiksCubeRightOfBowlMatchedTask/episode_002_chunk_006.json,7314,8f41cbb51d0f3567038b01bb5975a5e76059ba25a9da02bc54bbe8feafefdf98
/home/ali/projects/steerable/artifacts/vla_wam_shared_v1/semantic_confirmation/cosmos_contrastive/localization_cache/v1_cosmos_contrastive__RubiksCubeRightOfBowlMatchedTask/episode_002_chunk_007.json,7051,9336b3488d49b595302f32d2ba4c9ec50fc2e3dc6a8be23ff322f30b928c2e3d
/home/ali/projects/steerable/artifacts/vla_wam_shared_v1/semantic_confirmation/cosmos_contrastive/localization_cache/v1_cosmos_contrastive__RubiksCubeRightOfBowlMatchedTask/episode_002_chunk_008.json,7053,050371f1c0a9fe1d776378e75b7435e1d4f38c647240a59f3674256eafe0f8cc
/home/ali/projects/steerable/artifacts/vla_wam_shared_v1/semantic_confirmation/cosmos_contrastive/localization_cache/v1_cosmos_contrastive__RubiksCubeRightOfBowlMatchedTask/episode_002_chunk_009.json,7072,8f7724cbabef1f79f29b18c9a9e982d975054e4e2b7340a0b054b5f48652e413
/home/ali/projects/steerable/artifacts/vla_wam_shared_v1/semantic_confirmation/cosmos_contrastive/localization_cache/v1_cosmos_contrastive__RubiksCubeRightOfBowlMatchedTask/episode_003_chunk_000.json,6893,dfd37eee33e6d3505138f518e0a21c620bb7b140187b8cdb04f7afb6843772f2
/home/ali/projects/steerable/artifacts/vla_wam_shared_v1/semantic_confirmation/cosmos_contrastive/localization_cache/v1_cosmos_contrastive__RubiksCubeRightOfBowlMatchedTask/episode_003_chunk_001.json,7005,1ac9cb25138182a6cd37dae7951435b68e0d53a3133960896dc65a6cdf0838de
/home/ali/projects/steerable/artifacts/vla_wam_shared_v1/semantic_confirmation/cosmos_contrastive/localization_cache/v1_cosmos_contrastive__RubiksCubeRightOfBowlMatchedTask/episode_003_chunk_002.json,6990,f698e4cbaffdc23f73f21b165207d8f0d892555142023025010091daf71b24da
/home/ali/projects/steerable/artifacts/vla_wam_shared_v1/semantic_confirmation/cosmos_contrastive/localization_cache/v1_cosmos_contrastive__RubiksCubeRightOfBowlMatchedTask/episode_003_chunk_003.json,7061,365a91e6f09815370b199d20ead3927d0ea05bcdd4c4fb39c51708fd52f8ed74
/home/ali/projects/steerable/artifacts/vla_wam_shared_v1/semantic_confirmation/cosmos_contrastive/localization_cache/v1_cosmos_contrastive__RubiksCubeRightOfBowlMatchedTask/episode_003_chunk_004.json,6968,f6a64c8d0ccdc2bc4e665b8867c61f2a987c1ac5e2fc290df569bfd0ee9260d4
/home/ali/projects/steerable/artifacts/vla_wam_shared_v1/semantic_confirmation/cosmos_contrastive/localization_cache/v1_cosmos_contrastive__RubiksCubeRightOfBowlMatchedTask/episode_003_chunk_005.json,7035,ae71cc4d57fd59522129a5fd5b5c699f6a81cfa5efad32e137d83c68f4b349c0
/home/ali/projects/steerable/artifacts/vla_wam_shared_v1/semantic_confirmation/cosmos_contrastive/localization_cache/v1_cosmos_contrastive__RubiksCubeRightOfBowlMatchedTask/episode_003_chunk_006.json,7104,cf6923e22c926fd8fbfd1b8c54b90f4be3570c143a96543a5c791c641562f5d4
/home/ali/projects/steerable/artifacts/vla_wam_shared_v1/semantic_confirmation/cosmos_contrastive/localization_cache/v1_cosmos_contrastive__RubiksCubeRightOfBowlMatchedTask/episode_003_chunk_007.json,7040,3b499845966a94a877c94513e03ee6702b0dafe29f99f39576f5c8f48e30284c
/home/ali/projects/steerable/artifacts/vla_wam_shared_v1/semantic_confirmation/cosmos_contrastive/localization_cache/v1_cosmos_contrastive__RubiksCubeRightOfBowlMatchedTask/episode_004_chunk_000.json,6933,84ee124bfd0c4def2ca0e9d0e3133d526c58ad8bbe2691420076fb3540d3b1b8
/home/ali/projects/steerable/artifacts/vla_wam_shared_v1/semantic_confirmation/cosmos_contrastive/localization_cache/v1_cosmos_contrastive__RubiksCubeRightOfBowlMatchedTask/episode_004_chunk_001.json,6932,e50227b8161e0ce83aef866815f59c0ec5d006ef8ac6f15f47b7ba3916e520b9
/home/ali/projects/steerable/artifacts/vla_wam_shared_v1/semantic_confirmation/cosmos_contrastive/localization_cache/v1_cosmos_contrastive__RubiksCubeRightOfBowlMatchedTask/episode_004_chunk_002.json,7087,b420618494cc2803cabacf8a165b59b34345ebbf37ce739bf9bce973a15a0747
/home/ali/projects/steerable/artifacts/vla_wam_shared_v1/semantic_confirmation/cosmos_contrastive/localization_cache/v1_cosmos_contrastive__RubiksCubeRightOfBowlMatchedTask/episode_004_chunk_003.json,6969,6db0df1ca7a4c0f38ee6edfa0b0e69ca7161e4334756a476d50cd465b3f47c6c
/home/ali/projects/steerable/artifacts/vla_wam_shared_v1/semantic_confirmation/cosmos_contrastive/localization_cache/v1_cosmos_contrastive__RubiksCubeRightOfBowlMatchedTask/episode_004_chunk_004.json,7141,98f7efd3cd0c231176ddf2fafbbe1069adde8894c9b45eaf5f0d0495b4fdf402
/home/ali/projects/steerable/artifacts/vla_wam_shared_v1/semantic_confirmation/cosmos_contrastive/localization_cache/v1_cosmos_contrastive__RubiksCubeRightOfBowlMatchedTask/episode_004_chunk_005.json,7028,5dcb573b3f5ad27160e4fd0ee4a4286e7833deaac793e7520f293c23c0d4c0e3
/home/ali/projects/steerable/artifacts/vla_wam_shared_v1/semantic_confirmation/cosmos_contrastive/localization_cache/v1_cosmos_contrastive__RubiksCubeRightOfBowlMatchedTask/episode_004_chunk_006.json,6930,a48d68d4ddcab5db6e58541d0ac377d2011e3e85fb12fdb6da1b566cab35ba88
/home/ali/projects/steerable/artifacts/vla_wam_shared_v1/semantic_confirmation/cosmos_contrastive/localization_cache/v1_cosmos_contrastive__RubiksCubeRightOfBowlMatchedTask/episode_004_chunk_007.json,6981,e104fdaae0e954960aafbfb3b6a47962bb3182b0ae7e32f16a48cff592d1aa16
/home/ali/projects/steerable/artifacts/vla_wam_shared_v1/semantic_confirmation/cosmos_contrastive/localization_cache/v1_cosmos_contrastive__RubiksCubeRightOfBowlMatchedTask/episode_004_chunk_008.json,7040,2dd849c9f799e5f9f69dc1df49d2c7dc7cbe4adee1add6ce9140af00f6bb6d7c
/home/ali/projects/steerable/artifacts/vla_wam_shared_v1/semantic_confirmation/cosmos_contrastive/localization_cache/v1_cosmos_contrastive__RubiksCubeRightOfBowlMatchedTask/episode_004_chunk_009.json,7090,e403a91483fa56b172ea4872b3f28ce47e107d85cae4ceb00dabc85e3cbec02e
/home/ali/projects/steerable/artifacts/vla_wam_shared_v1/semantic_confirmation/cosmos_contrastive/localization_cache/v1_cosmos_contrastive__RubiksCubeRightOfBowlMatchedTask/episode_004_chunk_010.json,7147,0f407387e213a5039168b83fbcfd66ac8ad78b165e44c5af11a53b6a70f0f526
/home/ali/projects/steerable/artifacts/vla_wam_shared_v1/semantic_confirmation/cosmos_contrastive/localization_cache/v1_cosmos_contrastive__RubiksCubeRightOfBowlMatchedTask/episode_005_chunk_000.json,6872,f2e7c60015dd103501caf7b70a51c12fa7ca490f1bfb4d8c8b6c7a9f15413577
/home/ali/projects/steerable/artifacts/vla_wam_shared_v1/semantic_confirmation/cosmos_contrastive/localization_cache/v1_cosmos_contrastive__RubiksCubeRightOfBowlMatchedTask/episode_005_chunk_001.json,6943,1250ce2c7cd29507bb1fa17967b9086fb9eb83be669f94278aa84c27c729d34a
/home/ali/projects/steerable/artifacts/vla_wam_shared_v1/semantic_confirmation/cosmos_contrastive/localization_cache/v1_cosmos_contrastive__RubiksCubeRightOfBowlMatchedTask/episode_005_chunk_002.json,7174,e79ab802b3dee726c53af7ae6c6eca273cc70b5225a0944d2aed42f05b64a1f7
/home/ali/projects/steerable/artifacts/vla_wam_shared_v1/semantic_confirmation/cosmos_contrastive/localization_cache/v1_cosmos_contrastive__RubiksCubeRightOfBowlMatchedTask/episode_005_chunk_003.json,7085,2e4da7222bdc24014843dbb3b4a1374adf13cd2dbca4a8bf431e99fa9156f3ca
/home/ali/projects/steerable/artifacts/vla_wam_shared_v1/semantic_confirmation/cosmos_contrastive/localization_cache/v1_cosmos_contrastive__RubiksCubeRightOfBowlMatchedTask/episode_006_chunk_000.json,6887,9e47f447ac7441e37d495b19b81571206d30d6c38e836ccaed815413ebf539ad
/home/ali/projects/steerable/artifacts/vla_wam_shared_v1/semantic_confirmation/cosmos_contrastive/localization_cache/v1_cosmos_contrastive__RubiksCubeRightOfBowlMatchedTask/episode_006_chunk_001.json,6903,8c63f94c2a8350c95e5b2c1d386de425781bf64237409b1ade9b3dd488bae2ea
/home/ali/projects/steerable/artifacts/vla_wam_shared_v1/semantic_confirmation/cosmos_contrastive/localization_cache/v1_cosmos_contrastive__RubiksCubeRightOfBowlMatchedTask/episode_006_chunk_002.json,7220,c80e65b199966a777f4feefe03926e3960d8c8aa744252e75212f26b3f051a05
/home/ali/projects/steerable/artifacts/vla_wam_shared_v1/semantic_confirmation/cosmos_contrastive/localization_cache/v1_cosmos_contrastive__RubiksCubeRightOfBowlMatchedTask/episode_006_chunk_003.json,6899,3a55f1e6b9e8054b2ad2bad3dec8dfee946ac7c42ce334a11e886abc375b8b00
/home/ali/projects/steerable/artifacts/vla_wam_shared_v1/semantic_confirmation/cosmos_contrastive/localization_cache/v1_cosmos_contrastive__RubiksCubeRightOfBowlMatchedTask/episode_006_chunk_004.json,6946,1e0bce0e23d0bf70d4a5b09b8f694c258c95f9928d3388bdbe00b79cb4042f20
/home/ali/projects/steerable/artifacts/vla_wam_shared_v1/semantic_confirmation/cosmos_contrastive/localization_cache/v1_cosmos_contrastive__RubiksCubeRightOfBowlMatchedTask/episode_006_chunk_005.json,7207,ab36a5994a3ac0ae3d22491450622d5ea9cbaec79a24e18ea1df8e692ee5972e
/home/ali/projects/steerable/artifacts/vla_wam_shared_v1/semantic_confirmation/cosmos_contrastive/localization_cache/v1_cosmos_contrastive__RubiksCubeRightOfBowlMatchedTask/episode_006_chunk_006.json,7097,07c6d9548f44cf4fb08fbf2b304e0021f5fffaf82738e32a19e64e764c77c4e8
/home/ali/projects/steerable/artifacts/vla_wam_shared_v1/semantic_confirmation/cosmos_contrastive/localization_cache/v1_cosmos_contrastive__RubiksCubeRightOfBowlMatchedTask/episode_006_chunk_007.json,7303,635384c73d2ab47bc0adc04f44c921feec054b7e65547fa3282f619ed4a674b2
/home/ali/projects/steerable/artifacts/vla_wam_shared_v1/semantic_confirmation/cosmos_contrastive/localization_cache/v1_cosmos_contrastive__RubiksCubeRightOfBowlMatchedTask/episode_006_chunk_008.json,7136,2276600763823c4b090a6bab841ce34dd9637f2d427feb19c83938557fab1d9d
/home/ali/projects/steerable/artifacts/vla_wam_shared_v1/semantic_confirmation/cosmos_contrastive/localization_cache/v1_cosmos_contrastive__RubiksCubeRightOfBowlMatchedTask/episode_006_chunk_009.json,7182,52839c93afcaefc393a38e86ef8674d3a1d284433f242b1849a40d9058a6252c
/home/ali/projects/steerable/artifacts/vla_wam_shared_v1/semantic_confirmation/cosmos_contrastive/localization_cache/v1_cosmos_contrastive__RubiksCubeRightOfBowlMatchedTask/episode_006_chunk_010.json,7031,da365826ad438be5a574c5f94a23addd0a62a9e3ccad82994fae25a8e3cfe64c
/home/ali/projects/steerable/artifacts/vla_wam_shared_v1/semantic_confirmation/cosmos_contrastive/localization_cache/v1_cosmos_contrastive__RubiksCubeRightOfBowlMatchedTask/episode_007_chunk_000.json,6890,3faa13436901e6c438d66db7a54508ef57868f3a7aa4580cbe43b9d58db46248
/home/ali/projects/steerable/artifacts/vla_wam_shared_v1/semantic_confirmation/cosmos_contrastive/localization_cache/v1_cosmos_contrastive__RubiksCubeRightOfBowlMatchedTask/episode_007_chunk_001.json,6937,4ce04d3be27771e9b0d62d624f4d257139217fd85ed8d9c5da4b5e6dd053bc77
/home/ali/projects/steerable/artifacts/vla_wam_shared_v1/semantic_confirmation/cosmos_contrastive/localization_cache/v1_cosmos_contrastive__RubiksCubeRightOfBowlMatchedTask/episode_007_chunk_002.json,7062,8e30716c5da9c5431ef6d4e869d2e8f969f97ace38195e56af8f5049bc745702
/home/ali/projects/steerable/artifacts/vla_wam_shared_v1/semantic_confirmation/cosmos_contrastive/localization_cache/v1_cosmos_contrastive__RubiksCubeRightOfBowlMatchedTask/episode_007_chunk_003.json,7080,bd9bb6e6ba3395d5d849479e593b4160acae73e625a1d1aff657d53b5b79f48d
/home/ali/projects/steerable/artifacts/vla_wam_shared_v1/semantic_confirmation/cosmos_contrastive/localization_cache/v1_cosmos_contrastive__RubiksCubeRightOfBowlMatchedTask/episode_008_chunk_000.json,6909,2a2c2134fd8934a32d98c246f56e33cceb4f03184d8cfdb50bd977eb8dbee3ea
/home/ali/projects/steerable/artifacts/vla_wam_shared_v1/semantic_confirmation/cosmos_contrastive/localization_cache/v1_cosmos_contrastive__RubiksCubeRightOfBowlMatchedTask/episode_008_chunk_001.json,6884,542dd6197b09055d4c85861a4f905cc2cbe648cf88faad6c70c83e660b711506
/home/ali/projects/steerable/artifacts/vla_wam_shared_v1/semantic_confirmation/cosmos_contrastive/localization_cache/v1_cosmos_contrastive__RubiksCubeRightOfBowlMatchedTask/episode_008_chunk_002.json,7149,424dd056a19b25309cf5bd63a2dfc4a3461162b6dcbe1fc3c530797bdd92981e
/home/ali/projects/steerable/artifacts/vla_wam_shared_v1/semantic_confirmation/cosmos_contrastive/localization_cache/v1_cosmos_contrastive__RubiksCubeRightOfBowlMatchedTask/episode_008_chunk_003.json,6877,7037cf4f416540651175bd2eb4d0ed805f5b7c174f6957bacd686042e1d86095
/home/ali/projects/steerable/artifacts/vla_wam_shared_v1/semantic_confirmation/cosmos_contrastive/localization_cache/v1_cosmos_contrastive__RubiksCubeRightOfBowlMatchedTask/episode_008_chunk_004.json,6967,a94056348d2b4a509736df9299d6e1692452f578a4e02cef0edfa276949feaa2
/home/ali/projects/steerable/artifacts/vla_wam_shared_v1/semantic_confirmation/cosmos_contrastive/localization_cache/v1_cosmos_contrastive__RubiksCubeRightOfBowlMatchedTask/episode_008_chunk_005.json,6944,aa5bf242dff4c2add803d3a8170b6af40f877df85a90a66d0d20805f1a2973e7
/home/ali/projects/steerable/artifacts/vla_wam_shared_v1/semantic_confirmation/cosmos_contrastive/localization_cache/v1_cosmos_contrastive__RubiksCubeRightOfBowlMatchedTask/episode_008_chunk_006.json,7169,bb1853717ab87a505086ff4dfe383c789a9973aff4dabc8cec462bb58da727ee
/home/ali/projects/steerable/artifacts/vla_wam_shared_v1/semantic_confirmation/cosmos_contrastive/localization_cache/v1_cosmos_contrastive__RubiksCubeRightOfBowlMatchedTask/episode_009_chunk_000.json,6944,21114531594b844642290cdb6ef65f11c2d3a2282e8e41ff73ed5c91b6953723
/home/ali/projects/steerable/artifacts/vla_wam_shared_v1/semantic_confirmation/cosmos_contrastive/localization_cache/v1_cosmos_contrastive__RubiksCubeRightOfBowlMatchedTask/episode_009_chunk_001.json,6998,9de937ed05c8c1615547cd9967797ce3908d71885dce42329d4cae5ed83c713c
/home/ali/projects/steerable/artifacts/vla_wam_shared_v1/semantic_confirmation/cosmos_contrastive/localization_cache/v1_cosmos_contrastive__RubiksCubeRightOfBowlMatchedTask/episode_009_chunk_002.json,6935,7f467feeec6e69c4833a35e8912a3d18aca0b7cdda23f07561c2cfcba9df150d
/home/ali/projects/steerable/artifacts/vla_wam_shared_v1/semantic_confirmation/cosmos_contrastive/localization_cache/v1_cosmos_contrastive__RubiksCubeRightOfBowlMatchedTask/episode_009_chunk_003.json,7063,40342496997047e37c24fa006a39f9786a8670cb9c6dcc2d3eab1394bacf86ea
/home/ali/projects/steerable/artifacts/vla_wam_shared_v1/semantic_confirmation/cosmos_contrastive/runtime.txt,1262,8685c7e997aeba7f90440ce46cf4123aaead94d653ee4c940542647af4bd8410
/home/ali/projects/steerable/artifacts/vla_wam_shared_v1/semantic_confirmation/cosmos_contrastive/semantic_quadrants.csv,73811,55eab431103d7a49192f22a1e104a6a0a265bfdbc80a06ed01ccb75a0df1b9d0
/home/ali/projects/steerable/artifacts/vla_wam_shared_v1/semantic_confirmation/cosmos_contrastive/semantic_quadrants_summary.json,164512,b3daac926970fa44e4bd84add2fcfc15031881c6011ed6903865665623991208
/home/ali/projects/steerable/artifacts/vla_wam_shared_v1/semantic_confirmation/cosmos_declarative/audit/v1_cosmos_declarative__RubiksCubeLeftOfBowlMatchedTask/episode_000_contact_sheet.jpg,1012923,1b7c2ec6139139a6c0be3efcb2b352167312c42cf37c1a9f490e1b88ce506950
/home/ali/projects/steerable/artifacts/vla_wam_shared_v1/semantic_confirmation/cosmos_declarative/audit/v1_cosmos_declarative__RubiksCubeLeftOfBowlMatchedTask/episode_001_contact_sheet.jpg,755270,4cb0209669a748dbf77c28fa9fada36a629f800feb4b7ac24a492cfe7a6d159e
/home/ali/projects/steerable/artifacts/vla_wam_shared_v1/semantic_confirmation/cosmos_declarative/audit/v1_cosmos_declarative__RubiksCubeLeftOfBowlMatchedTask/episode_002_contact_sheet.jpg,1389220,ade148ce230ea480668f3180f3442cf1005154666612a68095f64d79935a3eff
/home/ali/projects/steerable/artifacts/vla_wam_shared_v1/semantic_confirmation/cosmos_declarative/audit/v1_cosmos_declarative__RubiksCubeLeftOfBowlMatchedTask/episode_003_contact_sheet.jpg,633303,feed3dcd429972191252bdd1490c5dc2453ae1850349b6e4d2427ef954c60061
/home/ali/projects/steerable/artifacts/vla_wam_shared_v1/semantic_confirmation/cosmos_declarative/audit/v1_cosmos_declarative__RubiksCubeLeftOfBowlMatchedTask/episode_004_contact_sheet.jpg,887362,26deaedb5eb93e6a2b6d7813a924bf978fac51592ed9836bd479aac663a16dac
/home/ali/projects/steerable/artifacts/vla_wam_shared_v1/semantic_confirmation/cosmos_declarative/audit/v1_cosmos_declarative__RubiksCubeLeftOfBowlMatchedTask/episode_005_contact_sheet.jpg,1268385,955ea5f3bb5189516bf8f8654ba4af4559502b3f38b3c8fa1456064b12c8a04b
/home/ali/projects/steerable/artifacts/vla_wam_shared_v1/semantic_confirmation/cosmos_declarative/audit/v1_cosmos_declarative__RubiksCubeLeftOfBowlMatchedTask/episode_006_contact_sheet.jpg,636868,40974e60e409b61e6a354c600db27bafd062a38a305ab27b6fe3279de88f2cb1
/home/ali/projects/steerable/artifacts/vla_wam_shared_v1/semantic_confirmation/cosmos_declarative/audit/v1_cosmos_declarative__RubiksCubeLeftOfBowlMatchedTask/episode_007_contact_sheet.jpg,637480,01d6646c794ce2ca5ae859899e00b50fbd929ba85dea82428b395b398cebe9f7
/home/ali/projects/steerable/artifacts/vla_wam_shared_v1/semantic_confirmation/cosmos_declarative/audit/v1_cosmos_declarative__RubiksCubeLeftOfBowlMatchedTask/episode_008_contact_sheet.jpg,634492,046da44efbb5c36172fd044ce08157111d2c0fbc0e6fcb6b8e8bc7ad70828cf7
/home/ali/projects/steerable/artifacts/vla_wam_shared_v1/semantic_confirmation/cosmos_declarative/audit/v1_cosmos_declarative__RubiksCubeLeftOfBowlMatchedTask/episode_009_contact_sheet.jpg,506343,50fe2e630ecab06089b42b0bd46638c0a481af40757ddd20b1eefb11c3605ec5
/home/ali/projects/steerable/artifacts/vla_wam_shared_v1/semantic_confirmation/cosmos_declarative/audit/v1_cosmos_declarative__RubiksCubeRightOfBowlMatchedTask/episode_000_contact_sheet.jpg,1878797,204a3791411c723e27174dbc2b4469cd8e27638ac8a6fd858e84c1719466864a
/home/ali/projects/steerable/artifacts/vla_wam_shared_v1/semantic_confirmation/cosmos_declarative/audit/v1_cosmos_declarative__RubiksCubeRightOfBowlMatchedTask/episode_001_contact_sheet.jpg,881787,b8ebcc03ba6e571484f2f879880db004e9579de5457b537ae15333bb7bb630e6
/home/ali/projects/steerable/artifacts/vla_wam_shared_v1/semantic_confirmation/cosmos_declarative/audit/v1_cosmos_declarative__RubiksCubeRightOfBowlMatchedTask/episode_002_contact_sheet.jpg,1635496,7105ca1e2bbfc9061cb74b5744a718d8dec04c482aeadb97ba9a82a9751e232b
/home/ali/projects/steerable/artifacts/vla_wam_shared_v1/semantic_confirmation/cosmos_declarative/audit/v1_cosmos_declarative__RubiksCubeRightOfBowlMatchedTask/episode_003_contact_sheet.jpg,753862,d2fd5bc7be7bf7d8fe877452670cc8f40a5117a17d422eb0e91616ed22d96972
/home/ali/projects/steerable/artifacts/vla_wam_shared_v1/semantic_confirmation/cosmos_declarative/audit/v1_cosmos_declarative__RubiksCubeRightOfBowlMatchedTask/episode_004_contact_sheet.jpg,1008600,7543cb5a8b5dfc2e521a502c8199c984333df5a35ed1ac4b2a5fb9a1fed830a7
/home/ali/projects/steerable/artifacts/vla_wam_shared_v1/semantic_confirmation/cosmos_declarative/audit/v1_cosmos_declarative__RubiksCubeRightOfBowlMatchedTask/episode_005_contact_sheet.jpg,1010052,59a77f4ccbe81901bfc6c674bb3fa08d7c07c146826523bf6f031619d701a0fc
/home/ali/projects/steerable/artifacts/vla_wam_shared_v1/semantic_confirmation/cosmos_declarative/audit/v1_cosmos_declarative__RubiksCubeRightOfBowlMatchedTask/episode_006_contact_sheet.jpg,754400,c1ae2032f8c21470992743c35abdc8231932cc2a26e747e37796cb5111c99215
/home/ali/projects/steerable/artifacts/vla_wam_shared_v1/semantic_confirmation/cosmos_declarative/audit/v1_cosmos_declarative__RubiksCubeRightOfBowlMatchedTask/episode_007_contact_sheet.jpg,1511213,f580947a177c9439c74690a61feaa82f473fb6e69c139fcfa07a222319d899fe
/home/ali/projects/steerable/artifacts/vla_wam_shared_v1/semantic_confirmation/cosmos_declarative/audit/v1_cosmos_declarative__RubiksCubeRightOfBowlMatchedTask/episode_008_contact_sheet.jpg,1010740,aedfd28a75fa3b87119a3411a7df96bb87ad5eb1059ef6a2925aafcc5719fa56
/home/ali/projects/steerable/artifacts/vla_wam_shared_v1/semantic_confirmation/cosmos_declarative/audit/v1_cosmos_declarative__RubiksCubeRightOfBowlMatchedTask/episode_009_contact_sheet.jpg,501999,540e34384e2357a572760ea9f04d9d6d2efacf367e3c8545deab42d034f32e7a
/home/ali/projects/steerable/artifacts/vla_wam_shared_v1/semantic_confirmation/cosmos_declarative/localization_cache/v1_cosmos_declarative__RubiksCubeLeftOfBowlMatchedTask/episode_000_chunk_000.json,6886,c4c5309211533a25db511acc8894f6f11de84c01057ddd746fd1b7fef26547c5
/home/ali/projects/steerable/artifacts/vla_wam_shared_v1/semantic_confirmation/cosmos_declarative/localization_cache/v1_cosmos_declarative__RubiksCubeLeftOfBowlMatchedTask/episode_000_chunk_001.json,6983,e02b41242eabac1074ac86f74a25930cb14e432f60bc55ad5febca467efca2e5
/home/ali/projects/steerable/artifacts/vla_wam_shared_v1/semantic_confirmation/cosmos_declarative/localization_cache/v1_cosmos_declarative__RubiksCubeLeftOfBowlMatchedTask/episode_000_chunk_002.json,6987,00283c13c080de8b0aa6d80c84842697d9807ee8303752bdbbbcb6b24baca202
/home/ali/projects/steerable/artifacts/vla_wam_shared_v1/semantic_confirmation/cosmos_declarative/localization_cache/v1_cosmos_declarative__RubiksCubeLeftOfBowlMatchedTask/episode_000_chunk_003.json,7020,52b1ce8a0d58441464edafd5e33e6f0ad1eb81cbae6559a59157260cb3e42802
/home/ali/projects/steerable/artifacts/vla_wam_shared_v1/semantic_confirmation/cosmos_declarative/localization_cache/v1_cosmos_declarative__RubiksCubeLeftOfBowlMatchedTask/episode_000_chunk_004.json,6896,bd4b75ad7b56b64fca55100118b50cb9fd4dd48303ba54d1b2caa24d9d1106c5
/home/ali/projects/steerable/artifacts/vla_wam_shared_v1/semantic_confirmation/cosmos_declarative/localization_cache/v1_cosmos_declarative__RubiksCubeLeftOfBowlMatchedTask/episode_000_chunk_005.json,6881,538c6967a3cf63cc25a0c288346a7edde620f9302d4f844f83f43a8ec1ca462b
/home/ali/projects/steerable/artifacts/vla_wam_shared_v1/semantic_confirmation/cosmos_declarative/localization_cache/v1_cosmos_declarative__RubiksCubeLeftOfBowlMatchedTask/episode_000_chunk_006.json,7023,40bfa84f05806e1de41970bd69287e2a637264fc9a799ba5b0d88915f74c6918
/home/ali/projects/steerable/artifacts/vla_wam_shared_v1/semantic_confirmation/cosmos_declarative/localization_cache/v1_cosmos_declarative__RubiksCubeLeftOfBowlMatchedTask/episode_000_chunk_007.json,7164,dc84ee661860ac3fd0bc2860713115eab091b31d31a06786e9eb8b6b0da57f9d
/home/ali/projects/steerable/artifacts/vla_wam_shared_v1/semantic_confirmation/cosmos_declarative/localization_cache/v1_cosmos_declarative__RubiksCubeLeftOfBowlMatchedTask/episode_001_chunk_000.json,6892,8032f9bcaeef0bf3d51919185d76a7b9e7e41fe8f7fe4fa32756fd47a6fec0d3
/home/ali/projects/steerable/artifacts/vla_wam_shared_v1/semantic_confirmation/cosmos_declarative/localization_cache/v1_cosmos_declarative__RubiksCubeLeftOfBowlMatchedTask/episode_001_chunk_001.json,6988,5933689cb4ddde733155053ffa2f05c93d911baa5dde61bef4ba90c06d08f882
/home/ali/projects/steerable/artifacts/vla_wam_shared_v1/semantic_confirmation/cosmos_declarative/localization_cache/v1_cosmos_declarative__RubiksCubeLeftOfBowlMatchedTask/episode_001_chunk_002.json,7153,fd6b4a5c373bf3cd15de825a8aec34b82ea70f238b3e67215865760aceed6dcc
/home/ali/projects/steerable/artifacts/vla_wam_shared_v1/semantic_confirmation/cosmos_declarative/localization_cache/v1_cosmos_declarative__RubiksCubeLeftOfBowlMatchedTask/episode_001_chunk_003.json,6932,fe33192510cde3d0090e46e2ebaf9bfa6a5702a3a0c3edcf41a5a07c82e0fa11
/home/ali/projects/steerable/artifacts/vla_wam_shared_v1/semantic_confirmation/cosmos_declarative/localization_cache/v1_cosmos_declarative__RubiksCubeLeftOfBowlMatchedTask/episode_001_chunk_004.json,7030,aa0a9513de78668aa234f6c5c488014c27e7d4976e5c0ebe753e369c67cdafae
/home/ali/projects/steerable/artifacts/vla_wam_shared_v1/semantic_confirmation/cosmos_declarative/localization_cache/v1_cosmos_declarative__RubiksCubeLeftOfBowlMatchedTask/episode_001_chunk_005.json,6973,dcf7cc338c85c207e80a59df498a3736b4237ac79d1b696ea5c964379f1ad727
/home/ali/projects/steerable/artifacts/vla_wam_shared_v1/semantic_confirmation/cosmos_declarative/localization_cache/v1_cosmos_declarative__RubiksCubeLeftOfBowlMatchedTask/episode_002_chunk_000.json,6934,3496f9e1f95da37c9cacdd94a3f1e4c0df1d0d6da2e90b37a30cb1560784610c
/home/ali/projects/steerable/artifacts/vla_wam_shared_v1/semantic_confirmation/cosmos_declarative/localization_cache/v1_cosmos_declarative__RubiksCubeLeftOfBowlMatchedTask/episode_002_chunk_001.json,6864,53e17940ddec633e88261394356c69c5c26db29e6a51de4586307313d2da635c
/home/ali/projects/steerable/artifacts/vla_wam_shared_v1/semantic_confirmation/cosmos_declarative/localization_cache/v1_cosmos_declarative__RubiksCubeLeftOfBowlMatchedTask/episode_002_chunk_002.json,7153,747fb14d5b3bd6bd33cec1faf5c28b39eb76c12ea079029c39f0b21e85c31d66
/home/ali/projects/steerable/artifacts/vla_wam_shared_v1/semantic_confirmation/cosmos_declarative/localization_cache/v1_cosmos_declarative__RubiksCubeLeftOfBowlMatchedTask/episode_002_chunk_003.json,6959,902a7f2f0ae59f35037851826d8dfd41e58f4f538005e36530ad634ba7f58b01
/home/ali/projects/steerable/artifacts/vla_wam_shared_v1/semantic_confirmation/cosmos_declarative/localization_cache/v1_cosmos_declarative__RubiksCubeLeftOfBowlMatchedTask/episode_002_chunk_004.json,6994,506e255849dc0827551db806e4432c9b3f1af3d339d76d5b5a535b6f0a4b8079
/home/ali/projects/steerable/artifacts/vla_wam_shared_v1/semantic_confirmation/cosmos_declarative/localization_cache/v1_cosmos_declarative__RubiksCubeLeftOfBowlMatchedTask/episode_002_chunk_005.json,7067,a93f876db9ee882a0d3243d5545067ad380f0370ca861b8c656171cd62a03087
/home/ali/projects/steerable/artifacts/vla_wam_shared_v1/semantic_confirmation/cosmos_declarative/localization_cache/v1_cosmos_declarative__RubiksCubeLeftOfBowlMatchedTask/episode_002_chunk_006.json,7062,22aa1369d08b398185818e3ebc333b164761754a8b2fed69c2cbfdefe0fc716a
/home/ali/projects/steerable/artifacts/vla_wam_shared_v1/semantic_confirmation/cosmos_declarative/localization_cache/v1_cosmos_declarative__RubiksCubeLeftOfBowlMatchedTask/episode_002_chunk_007.json,6930,3373b2b97cff1f576c947519c7407e363cc8186e7f7d1d9a49dcd4e817483ad3
/home/ali/projects/steerable/artifacts/vla_wam_shared_v1/semantic_confirmation/cosmos_declarative/localization_cache/v1_cosmos_declarative__RubiksCubeLeftOfBowlMatchedTask/episode_002_chunk_008.json,7074,ec5ecdf28de9b7a7070602a90c8ff802846f17e4b8dd0850bbd002ba8ee7e3f4
/home/ali/projects/steerable/artifacts/vla_wam_shared_v1/semantic_confirmation/cosmos_declarative/localization_cache/v1_cosmos_declarative__RubiksCubeLeftOfBowlMatchedTask/episode_002_chunk_009.json,7074,7eb0c7a62f9a1e6dec04a352891bf15b1be0c249de5ac14f845cd5fc4cec7b53
/home/ali/projects/steerable/artifacts/vla_wam_shared_v1/semantic_confirmation/cosmos_declarative/localization_cache/v1_cosmos_declarative__RubiksCubeLeftOfBowlMatchedTask/episode_002_chunk_010.json,7087,3124b84acaaeb5d55d097c9e04399333a4f1e18659be081ccdde51df3d819ac9
/home/ali/projects/steerable/artifacts/vla_wam_shared_v1/semantic_confirmation/cosmos_declarative/localization_cache/v1_cosmos_declarative__RubiksCubeLeftOfBowlMatchedTask/episode_003_chunk_000.json,6886,25f7590864e55a4404569c483d6d647f2b78b643709409cf9c2b674920f87a0d
/home/ali/projects/steerable/artifacts/vla_wam_shared_v1/semantic_confirmation/cosmos_declarative/localization_cache/v1_cosmos_declarative__RubiksCubeLeftOfBowlMatchedTask/episode_003_chunk_001.json,7008,e96b696d6ce2cd52cd1688c9f3d946bba07eaae5f9d8b94c260bbde0a95d60ee
/home/ali/projects/steerable/artifacts/vla_wam_shared_v1/semantic_confirmation/cosmos_declarative/localization_cache/v1_cosmos_declarative__RubiksCubeLeftOfBowlMatchedTask/episode_003_chunk_002.json,6951,66aa5b9cae98ea8cb3f0f4df9d0c39e4b5044dfc7cf272281f55e95bfe187084
/home/ali/projects/steerable/artifacts/vla_wam_shared_v1/semantic_confirmation/cosmos_declarative/localization_cache/v1_cosmos_declarative__RubiksCubeLeftOfBowlMatchedTask/episode_003_chunk_003.json,7013,e3d021150afb83433762d06ffb034182670b18a39b5bc4faffbb3d21db4ee07f
/home/ali/projects/steerable/artifacts/vla_wam_shared_v1/semantic_confirmation/cosmos_declarative/localization_cache/v1_cosmos_declarative__RubiksCubeLeftOfBowlMatchedTask/episode_003_chunk_004.json,7100,e17c899ab230e66a6b2dbc62910f26f6e9f4cd0352979a964b688ac223623585
/home/ali/projects/steerable/artifacts/vla_wam_shared_v1/semantic_confirmation/cosmos_declarative/localization_cache/v1_cosmos_declarative__RubiksCubeLeftOfBowlMatchedTask/episode_004_chunk_000.json,6948,e4b3f063c2b451e29a44648ed085d2d10931f3246f504c226bf80b7874d4a81c
/home/ali/projects/steerable/artifacts/vla_wam_shared_v1/semantic_confirmation/cosmos_declarative/localization_cache/v1_cosmos_declarative__RubiksCubeLeftOfBowlMatchedTask/episode_004_chunk_001.json,6965,245ecdb4145c085ec0ee9f1b7937f9c0490c52ff371c9f5d4911cdb05705b173
/home/ali/projects/steerable/artifacts/vla_wam_shared_v1/semantic_confirmation/cosmos_declarative/localization_cache/v1_cosmos_declarative__RubiksCubeLeftOfBowlMatchedTask/episode_004_chunk_002.json,6967,50d057ec4951908fbc020605c519142fc1d595c9b3c72853bcded18bd392e1bc
/home/ali/projects/steerable/artifacts/vla_wam_shared_v1/semantic_confirmation/cosmos_declarative/localization_cache/v1_cosmos_declarative__RubiksCubeLeftOfBowlMatchedTask/episode_004_chunk_003.json,6970,5437358b83534e94886ce8c95fbb5e4ab043a02e76ee24f2cebcba5c1f5ccc8f
/home/ali/projects/steerable/artifacts/vla_wam_shared_v1/semantic_confirmation/cosmos_declarative/localization_cache/v1_cosmos_declarative__RubiksCubeLeftOfBowlMatchedTask/episode_004_chunk_004.json,6990,31533c0bd1bbbe04ed30a0ccf3ca5b90c7f0fd2e01c9fb70c90b5b59bd01b786
/home/ali/projects/steerable/artifacts/vla_wam_shared_v1/semantic_confirmation/cosmos_declarative/localization_cache/v1_cosmos_declarative__RubiksCubeLeftOfBowlMatchedTask/episode_004_chunk_005.json,7232,240bf7fe92bad3b2fb275f2d45094f773e82fce0269b900f940268eca3dddd9d
/home/ali/projects/steerable/artifacts/vla_wam_shared_v1/semantic_confirmation/cosmos_declarative/localization_cache/v1_cosmos_declarative__RubiksCubeLeftOfBowlMatchedTask/episode_004_chunk_006.json,7069,999a25ab0baf0b74fef2472c3b5d0a52893529352e291e5a38487bc9cfdc2188
/home/ali/projects/steerable/artifacts/vla_wam_shared_v1/semantic_confirmation/cosmos_declarative/localization_cache/v1_cosmos_declarative__RubiksCubeLeftOfBowlMatchedTask/episode_005_chunk_000.json,6913,01fa8174d6b3547742c9213896501213eba8b2f14d5804619b031407a4ad2362
/home/ali/projects/steerable/artifacts/vla_wam_shared_v1/semantic_confirmation/cosmos_declarative/localization_cache/v1_cosmos_declarative__RubiksCubeLeftOfBowlMatchedTask/episode_005_chunk_001.json,6972,893d45682b26dcd5b92a9566ef8667bf773d902e92c8e413612d7423a00a1011
/home/ali/projects/steerable/artifacts/vla_wam_shared_v1/semantic_confirmation/cosmos_declarative/localization_cache/v1_cosmos_declarative__RubiksCubeLeftOfBowlMatchedTask/episode_005_chunk_002.json,6912,2c410704dabf5d1fc9132100bfbcad3356855b0dd78959c1b9fa69e4618936d6
/home/ali/projects/steerable/artifacts/vla_wam_shared_v1/semantic_confirmation/cosmos_declarative/localization_cache/v1_cosmos_declarative__RubiksCubeLeftOfBowlMatchedTask/episode_005_chunk_003.json,7091,1f2d40087aa863a471c1ed0200bffd7fab66030120bc5adf749132b84cea3ea8
/home/ali/projects/steerable/artifacts/vla_wam_shared_v1/semantic_confirmation/cosmos_declarative/localization_cache/v1_cosmos_declarative__RubiksCubeLeftOfBowlMatchedTask/episode_005_chunk_004.json,7237,e5a20a3e994ff089edbe33f980cc483511d831cd0fac8dae3ff041429e9b7433
/home/ali/projects/steerable/artifacts/vla_wam_shared_v1/semantic_confirmation/cosmos_declarative/localization_cache/v1_cosmos_declarative__RubiksCubeLeftOfBowlMatchedTask/episode_005_chunk_005.json,7005,ba648cff9fb701d0decafa76bc359bfde2862d9447e5abd7faaee164dd2e5baf
/home/ali/projects/steerable/artifacts/vla_wam_shared_v1/semantic_confirmation/cosmos_declarative/localization_cache/v1_cosmos_declarative__RubiksCubeLeftOfBowlMatchedTask/episode_005_chunk_006.json,6923,2c51958969793f512616c949edfd68e1f474547d4515ba972bacf8ccae63e374
/home/ali/projects/steerable/artifacts/vla_wam_shared_v1/semantic_confirmation/cosmos_declarative/localization_cache/v1_cosmos_declarative__RubiksCubeLeftOfBowlMatchedTask/episode_005_chunk_007.json,7111,5deac503cf4de5e5087710a0f8b929a3d34046eae70db5b7006b05d29d0baeb8
/home/ali/projects/steerable/artifacts/vla_wam_shared_v1/semantic_confirmation/cosmos_declarative/localization_cache/v1_cosmos_declarative__RubiksCubeLeftOfBowlMatchedTask/episode_005_chunk_008.json,7021,d63f5651324767ec29874978d79c844fc5530d9c32c78be3a3f040f46e26ab37
/home/ali/projects/steerable/artifacts/vla_wam_shared_v1/semantic_confirmation/cosmos_declarative/localization_cache/v1_cosmos_declarative__RubiksCubeLeftOfBowlMatchedTask/episode_005_chunk_009.json,7107,78235b2aac83ef88bceb5e485c8c20a56867e3c5544e708183c048253a293122
/home/ali/projects/steerable/artifacts/vla_wam_shared_v1/semantic_confirmation/cosmos_declarative/localization_cache/v1_cosmos_declarative__RubiksCubeLeftOfBowlMatchedTask/episode_006_chunk_000.json,6890,c9abc02a865b5df64eb2c12bd47f626057491f4b869d3bf0d561b5690764cb97
/home/ali/projects/steerable/artifacts/vla_wam_shared_v1/semantic_confirmation/cosmos_declarative/localization_cache/v1_cosmos_declarative__RubiksCubeLeftOfBowlMatchedTask/episode_006_chunk_001.json,6954,89ac2f773f58513c5d47a4c461838464473029756522178ec5ff0d0880569a9d
/home/ali/projects/steerable/artifacts/vla_wam_shared_v1/semantic_confirmation/cosmos_declarative/localization_cache/v1_cosmos_declarative__RubiksCubeLeftOfBowlMatchedTask/episode_006_chunk_002.json,6900,fb95bdc1cec1b5a209887ce3ab3108679724012e2486a259a1c7f64ac44e98fa
/home/ali/projects/steerable/artifacts/vla_wam_shared_v1/semantic_confirmation/cosmos_declarative/localization_cache/v1_cosmos_declarative__RubiksCubeLeftOfBowlMatchedTask/episode_006_chunk_003.json,6970,8419b020c4151d99853e138efad14045a61e42dfcb6cc85bf3b92d59a09fa5aa
/home/ali/projects/steerable/artifacts/vla_wam_shared_v1/semantic_confirmation/cosmos_declarative/localization_cache/v1_cosmos_declarative__RubiksCubeLeftOfBowlMatchedTask/episode_006_chunk_004.json,7252,cfa251a0fbd30eafdf9ebe657d22d060428231120b8ed0de7453057bacaf12a8
/home/ali/projects/steerable/artifacts/vla_wam_shared_v1/semantic_confirmation/cosmos_declarative/localization_cache/v1_cosmos_declarative__RubiksCubeLeftOfBowlMatchedTask/episode_007_chunk_000.json,6931,646ab8a1b8fe26f9c4e5b542fdc93dcb4bc3dae554b46014f350ca0bda1a04b1
/home/ali/projects/steerable/artifacts/vla_wam_shared_v1/semantic_confirmation/cosmos_declarative/localization_cache/v1_cosmos_declarative__RubiksCubeLeftOfBowlMatchedTask/episode_007_chunk_001.json,6975,2ceb6a63f2d0295d110ded25e396e95303ffa133711c96876a1d7788b89591d4
/home/ali/projects/steerable/artifacts/vla_wam_shared_v1/semantic_confirmation/cosmos_declarative/localization_cache/v1_cosmos_declarative__RubiksCubeLeftOfBowlMatchedTask/episode_007_chunk_002.json,7161,b24b39c204bd02bb75ff4a7a95b66f5ae2ba08eb947db9c8216d192f9b92b75c
/home/ali/projects/steerable/artifacts/vla_wam_shared_v1/semantic_confirmation/cosmos_declarative/localization_cache/v1_cosmos_declarative__RubiksCubeLeftOfBowlMatchedTask/episode_007_chunk_003.json,7050,2a2aafc1f2ea0775b95166ceef4a3cfcef6143d8dcf0500357f9f140544359db
/home/ali/projects/steerable/artifacts/vla_wam_shared_v1/semantic_confirmation/cosmos_declarative/localization_cache/v1_cosmos_declarative__RubiksCubeLeftOfBowlMatchedTask/episode_007_chunk_004.json,7027,73016ba9c8bf5e681a00a7fb9aac9faf1e1b36bb6e4feaa1ab4067e791e5d1fd
/home/ali/projects/steerable/artifacts/vla_wam_shared_v1/semantic_confirmation/cosmos_declarative/localization_cache/v1_cosmos_declarative__RubiksCubeLeftOfBowlMatchedTask/episode_008_chunk_000.json,6921,011ab24629b65f385f733dee8a9c8cf10afee4a570449d6e1d496dd8e08a2f90
/home/ali/projects/steerable/artifacts/vla_wam_shared_v1/semantic_confirmation/cosmos_declarative/localization_cache/v1_cosmos_declarative__RubiksCubeLeftOfBowlMatchedTask/episode_008_chunk_001.json,6908,19414e6443234feafd8fce98b68471dc15664badba8ccdd14502ce2b22162ee1
/home/ali/projects/steerable/artifacts/vla_wam_shared_v1/semantic_confirmation/cosmos_declarative/localization_cache/v1_cosmos_declarative__RubiksCubeLeftOfBowlMatchedTask/episode_008_chunk_002.json,6993,bc43fa43c604200060c3fde9345d8fadbcecffac11e81aae6407251537b2c6ca
/home/ali/projects/steerable/artifacts/vla_wam_shared_v1/semantic_confirmation/cosmos_declarative/localization_cache/v1_cosmos_declarative__RubiksCubeLeftOfBowlMatchedTask/episode_008_chunk_003.json,7156,68d03b93cd9b0e02a8bedf5666b5f81946e00d9835918fee5cc2f901a45cdc07
/home/ali/projects/steerable/artifacts/vla_wam_shared_v1/semantic_confirmation/cosmos_declarative/localization_cache/v1_cosmos_declarative__RubiksCubeLeftOfBowlMatchedTask/episode_008_chunk_004.json,6929,3ad733d91d0060884fe3d03101e988f17a30b67adbdb0f0f42c20f4a93f7c81f
/home/ali/projects/steerable/artifacts/vla_wam_shared_v1/semantic_confirmation/cosmos_declarative/localization_cache/v1_cosmos_declarative__RubiksCubeLeftOfBowlMatchedTask/episode_009_chunk_000.json,6889,1269ccfb3d20a47069d48ee82506748a1613fa5c8f88dbac195778513793fc50
/home/ali/projects/steerable/artifacts/vla_wam_shared_v1/semantic_confirmation/cosmos_declarative/localization_cache/v1_cosmos_declarative__RubiksCubeLeftOfBowlMatchedTask/episode_009_chunk_001.json,6990,c999f8b64e79887d39c1bba7228455403854c3ac61de469497c64f4df3f04871
/home/ali/projects/steerable/artifacts/vla_wam_shared_v1/semantic_confirmation/cosmos_declarative/localization_cache/v1_cosmos_declarative__RubiksCubeLeftOfBowlMatchedTask/episode_009_chunk_002.json,6996,c56f59152ab6c0342f50fd8bdb3f8ee06cf3cc4f183d02ee1bf633cc982a5f69
/home/ali/projects/steerable/artifacts/vla_wam_shared_v1/semantic_confirmation/cosmos_declarative/localization_cache/v1_cosmos_declarative__RubiksCubeLeftOfBowlMatchedTask/episode_009_chunk_003.json,7006,8ab21bd36ecdd4fd14a3dc5eb3a95646939ef567f6827b7355df5418cb5bce6d
/home/ali/projects/steerable/artifacts/vla_wam_shared_v1/semantic_confirmation/cosmos_declarative/localization_cache/v1_cosmos_declarative__RubiksCubeRightOfBowlMatchedTask/episode_000_chunk_000.json,6884,d44abe17a5f3fcd857e64ae89966e13d5256818a4cad6a42029df1a993ead9bd
/home/ali/projects/steerable/artifacts/vla_wam_shared_v1/semantic_confirmation/cosmos_declarative/localization_cache/v1_cosmos_declarative__RubiksCubeRightOfBowlMatchedTask/episode_000_chunk_001.json,7049,d5927c915128caabcc1e7f1104264584b4b44881bf156c8efea777f0a635a71a
/home/ali/projects/steerable/artifacts/vla_wam_shared_v1/semantic_confirmation/cosmos_declarative/localization_cache/v1_cosmos_declarative__RubiksCubeRightOfBowlMatchedTask/episode_000_chunk_002.json,7036,3e470da3d11951fbe03d4c15eaeb8894616aacd7d69ee7a72c5fd9074dc4865e
/home/ali/projects/steerable/artifacts/vla_wam_shared_v1/semantic_confirmation/cosmos_declarative/localization_cache/v1_cosmos_declarative__RubiksCubeRightOfBowlMatchedTask/episode_000_chunk_003.json,7023,aa2ea29cf5a98a2cdf13e5c23cefbce8a46cc3af4d70bdc05a927c650db70c32
/home/ali/projects/steerable/artifacts/vla_wam_shared_v1/semantic_confirmation/cosmos_declarative/localization_cache/v1_cosmos_declarative__RubiksCubeRightOfBowlMatchedTask/episode_000_chunk_004.json,6893,645023a5952b3d2a392e4fdcda70294c8bf893b30b52a46c2bab1e53566f59a9
/home/ali/projects/steerable/artifacts/vla_wam_shared_v1/semantic_confirmation/cosmos_declarative/localization_cache/v1_cosmos_declarative__RubiksCubeRightOfBowlMatchedTask/episode_000_chunk_005.json,6901,b4334d797b2ca6c6fca35161ec60c67a2e3dde18903956f05760029164f142f1
/home/ali/projects/steerable/artifacts/vla_wam_shared_v1/semantic_confirmation/cosmos_declarative/localization_cache/v1_cosmos_declarative__RubiksCubeRightOfBowlMatchedTask/episode_000_chunk_006.json,6874,c38ebb2ac3faf504d06a299653b05696cd8fc742a2d21d59428b9b633f6ee202
/home/ali/projects/steerable/artifacts/vla_wam_shared_v1/semantic_confirmation/cosmos_declarative/localization_cache/v1_cosmos_declarative__RubiksCubeRightOfBowlMatchedTask/episode_000_chunk_007.json,6893,6b168655b298be762d82afe0524ce3ccd37a2f81b8381722553fd48286b112c6
/home/ali/projects/steerable/artifacts/vla_wam_shared_v1/semantic_confirmation/cosmos_declarative/localization_cache/v1_cosmos_declarative__RubiksCubeRightOfBowlMatchedTask/episode_000_chunk_008.json,6897,6b5bf16179b9c88b03537d3358eeac80c43ba925a3500df7fd5376a0da5cc983
/home/ali/projects/steerable/artifacts/vla_wam_shared_v1/semantic_confirmation/cosmos_declarative/localization_cache/v1_cosmos_declarative__RubiksCubeRightOfBowlMatchedTask/episode_000_chunk_009.json,6909,fc14a78c774206d5711516dbb83a0ddc5b04b479737854dad02a00616948ef06
/home/ali/projects/steerable/artifacts/vla_wam_shared_v1/semantic_confirmation/cosmos_declarative/localization_cache/v1_cosmos_declarative__RubiksCubeRightOfBowlMatchedTask/episode_000_chunk_010.json,6898,3290d629a12d12f8f27b9ddbde237f45b6f900d2125e357ee71330991d40f745
/home/ali/projects/steerable/artifacts/vla_wam_shared_v1/semantic_confirmation/cosmos_declarative/localization_cache/v1_cosmos_declarative__RubiksCubeRightOfBowlMatchedTask/episode_000_chunk_011.json,6921,b0fd7e3e4b4564c0d4443b141e333dd551182197a89fd47ad73f4e25f8362504
/home/ali/projects/steerable/artifacts/vla_wam_shared_v1/semantic_confirmation/cosmos_declarative/localization_cache/v1_cosmos_declarative__RubiksCubeRightOfBowlMatchedTask/episode_000_chunk_012.json,6901,3c59b98b677f85f64babc0e124107e82cd8f5503536b89743d2507644d6f77b2
/home/ali/projects/steerable/artifacts/vla_wam_shared_v1/semantic_confirmation/cosmos_declarative/localization_cache/v1_cosmos_declarative__RubiksCubeRightOfBowlMatchedTask/episode_000_chunk_013.json,6888,eeee68cf98c459e00a52a00129dd46ae0446f6b879fb30527225a307994046a6
/home/ali/projects/steerable/artifacts/vla_wam_shared_v1/semantic_confirmation/cosmos_declarative/localization_cache/v1_cosmos_declarative__RubiksCubeRightOfBowlMatchedTask/episode_000_chunk_014.json,6893,38b44367797e1f306894a63fdfba224f6cd7b6b37dc3413bf18f51e3dbc74eb7
/home/ali/projects/steerable/artifacts/vla_wam_shared_v1/semantic_confirmation/cosmos_declarative/localization_cache/v1_cosmos_declarative__RubiksCubeRightOfBowlMatchedTask/episode_001_chunk_000.json,6906,a744e596c4bbad70eedd1d2a56f8ba57a83ab6b1b8b885d2d0093a6918533515
/home/ali/projects/steerable/artifacts/vla_wam_shared_v1/semantic_confirmation/cosmos_declarative/localization_cache/v1_cosmos_declarative__RubiksCubeRightOfBowlMatchedTask/episode_001_chunk_001.json,6977,3b3a07b398d28d2cc99fa433d943aa378e9319beafd5bc2955cd426a7af2d0e7
/home/ali/projects/steerable/artifacts/vla_wam_shared_v1/semantic_confirmation/cosmos_declarative/localization_cache/v1_cosmos_declarative__RubiksCubeRightOfBowlMatchedTask/episode_001_chunk_002.json,7161,1b7851c85c97e2211b8f4721988c146f082e614f65056851118e0181ded72914
/home/ali/projects/steerable/artifacts/vla_wam_shared_v1/semantic_confirmation/cosmos_declarative/localization_cache/v1_cosmos_declarative__RubiksCubeRightOfBowlMatchedTask/episode_001_chunk_003.json,6900,17c5e4e8143e65b38c196dd56efd61c89014b206ffa2e231e7bcdbdc2f9e4d21
/home/ali/projects/steerable/artifacts/vla_wam_shared_v1/semantic_confirmation/cosmos_declarative/localization_cache/v1_cosmos_declarative__RubiksCubeRightOfBowlMatchedTask/episode_001_chunk_004.json,6879,a1c5783ed49f3ed0f829beed99f079c725b57b51c73c1b6905855e68ad66f468
/home/ali/projects/steerable/artifacts/vla_wam_shared_v1/semantic_confirmation/cosmos_declarative/localization_cache/v1_cosmos_declarative__RubiksCubeRightOfBowlMatchedTask/episode_001_chunk_005.json,7101,cd9c2ef07202aaf95dbb35a287cc6cfa0605ce1aef76255dfebfabc21f43d6c5
/home/ali/projects/steerable/artifacts/vla_wam_shared_v1/semantic_confirmation/cosmos_declarative/localization_cache/v1_cosmos_declarative__RubiksCubeRightOfBowlMatchedTask/episode_001_chunk_006.json,7089,fffa726091691694a85456859409089d6c004091054e68848c803cbfe7ff4c64
/home/ali/projects/steerable/artifacts/vla_wam_shared_v1/semantic_confirmation/cosmos_declarative/localization_cache/v1_cosmos_declarative__RubiksCubeRightOfBowlMatchedTask/episode_002_chunk_000.json,6887,b1164b35ca1949fa37af4dd074f8bc744972d2f37bb0539a14d97c150cf2635d
/home/ali/projects/steerable/artifacts/vla_wam_shared_v1/semantic_confirmation/cosmos_declarative/localization_cache/v1_cosmos_declarative__RubiksCubeRightOfBowlMatchedTask/episode_002_chunk_001.json,7028,5e8e41a5cdf3fccdb3d95c940b63847041217156629af5ece1fdc6f2e7d75a7b
/home/ali/projects/steerable/artifacts/vla_wam_shared_v1/semantic_confirmation/cosmos_declarative/localization_cache/v1_cosmos_declarative__RubiksCubeRightOfBowlMatchedTask/episode_002_chunk_002.json,7190,fb877fcc07c575752ced8ae924a0840b9ef293462f7bb65ee1b0709b584ddb72
/home/ali/projects/steerable/artifacts/vla_wam_shared_v1/semantic_confirmation/cosmos_declarative/localization_cache/v1_cosmos_declarative__RubiksCubeRightOfBowlMatchedTask/episode_002_chunk_003.json,6882,c80f70c8ef78cc4d47a7c6b6d096b378bd48d8e09a3399a3573c6dddd7e55cfa
/home/ali/projects/steerable/artifacts/vla_wam_shared_v1/semantic_confirmation/cosmos_declarative/localization_cache/v1_cosmos_declarative__RubiksCubeRightOfBowlMatchedTask/episode_002_chunk_004.json,7012,51ffcdd0f112a0972ceabe5a46616b86745c1a40d3473eb4e13166f89ea92fd2
/home/ali/projects/steerable/artifacts/vla_wam_shared_v1/semantic_confirmation/cosmos_declarative/localization_cache/v1_cosmos_declarative__RubiksCubeRightOfBowlMatchedTask/episode_002_chunk_005.json,7149,b8126999b61fcfa39d0cda95524996a593df5c9105d000a6bcb102c1f116b7bd
/home/ali/projects/steerable/artifacts/vla_wam_shared_v1/semantic_confirmation/cosmos_declarative/localization_cache/v1_cosmos_declarative__RubiksCubeRightOfBowlMatchedTask/episode_002_chunk_006.json,6892,5b07bcb1caa0dbf0e2a813f9c0ac5299edaa37f6b5f1a38411b0fb29e154b635
/home/ali/projects/steerable/artifacts/vla_wam_shared_v1/semantic_confirmation/cosmos_declarative/localization_cache/v1_cosmos_declarative__RubiksCubeRightOfBowlMatchedTask/episode_002_chunk_007.json,6908,64fe1d955a7ee4aaa36fb4d145ce07bd55934045e6cc66c826a7f6a6d57793ac
/home/ali/projects/steerable/artifacts/vla_wam_shared_v1/semantic_confirmation/cosmos_declarative/localization_cache/v1_cosmos_declarative__RubiksCubeRightOfBowlMatchedTask/episode_002_chunk_008.json,6925,efd7f764a5e62d960768ae93d7b91223187a0fa0c01ebc54a510803214a7b47c
/home/ali/projects/steerable/artifacts/vla_wam_shared_v1/semantic_confirmation/cosmos_declarative/localization_cache/v1_cosmos_declarative__RubiksCubeRightOfBowlMatchedTask/episode_002_chunk_009.json,7054,aa2e84aca3eac2535122d2d791c4d2a2b723538680af5304c92a7f75709aeff1
/home/ali/projects/steerable/artifacts/vla_wam_shared_v1/semantic_confirmation/cosmos_declarative/localization_cache/v1_cosmos_declarative__RubiksCubeRightOfBowlMatchedTask/episode_002_chunk_010.json,7180,33f4f14b4abc6ce7f411d3ba64cac014c455220c821dcbca42ab3ff5f5e95332
/home/ali/projects/steerable/artifacts/vla_wam_shared_v1/semantic_confirmation/cosmos_declarative/localization_cache/v1_cosmos_declarative__RubiksCubeRightOfBowlMatchedTask/episode_002_chunk_011.json,7022,a60400e158e2bc1d500c4d53e004605d7277127610f1b7cbba7098e6ecd7706d
/home/ali/projects/steerable/artifacts/vla_wam_shared_v1/semantic_confirmation/cosmos_declarative/localization_cache/v1_cosmos_declarative__RubiksCubeRightOfBowlMatchedTask/episode_002_chunk_012.json,7020,cf0fabfc8cff3aa778cfe035c60d73fdd4c817203312940af3f67a1a491b9c54
/home/ali/projects/steerable/artifacts/vla_wam_shared_v1/semantic_confirmation/cosmos_declarative/localization_cache/v1_cosmos_declarative__RubiksCubeRightOfBowlMatchedTask/episode_003_chunk_000.json,7001,0b701794f34509be74635d24075450f8810c961ae1c2e9fd83fd3a0c46660109
/home/ali/projects/steerable/artifacts/vla_wam_shared_v1/semantic_confirmation/cosmos_declarative/localization_cache/v1_cosmos_declarative__RubiksCubeRightOfBowlMatchedTask/episode_003_chunk_001.json,6950,d296a344f828291e143c09d0b87ff57eb0a5ce85e1d3cad18b91d9f31acb5417
/home/ali/projects/steerable/artifacts/vla_wam_shared_v1/semantic_confirmation/cosmos_declarative/localization_cache/v1_cosmos_declarative__RubiksCubeRightOfBowlMatchedTask/episode_003_chunk_002.json,6987,b02d783597086354ab97d49c1f67a704b55c833771d1a72c30171fe4f7588f08
/home/ali/projects/steerable/artifacts/vla_wam_shared_v1/semantic_confirmation/cosmos_declarative/localization_cache/v1_cosmos_declarative__RubiksCubeRightOfBowlMatchedTask/episode_003_chunk_003.json,7039,e087d80c42219c04e19ccc17bf4bdd15a9da433e85174071e2166190df84d077
/home/ali/projects/steerable/artifacts/vla_wam_shared_v1/semantic_confirmation/cosmos_declarative/localization_cache/v1_cosmos_declarative__RubiksCubeRightOfBowlMatchedTask/episode_003_chunk_004.json,7168,2b7b4dd25a8d117e527f2c6c2b0a09d3e31a4d01c829459912daa21a68ee1103
/home/ali/projects/steerable/artifacts/vla_wam_shared_v1/semantic_confirmation/cosmos_declarative/localization_cache/v1_cosmos_declarative__RubiksCubeRightOfBowlMatchedTask/episode_003_chunk_005.json,7061,404d2ad05aab90d50cf58eccffb4a02db03c3dce41c950ea34d4d0004d592691
/home/ali/projects/steerable/artifacts/vla_wam_shared_v1/semantic_confirmation/cosmos_declarative/localization_cache/v1_cosmos_declarative__RubiksCubeRightOfBowlMatchedTask/episode_004_chunk_000.json,6919,835297c2d8f8c0fc99ee2fa1e0807ad158a99efa6eca87a89483d6bb931aa3a7
/home/ali/projects/steerable/artifacts/vla_wam_shared_v1/semantic_confirmation/cosmos_declarative/localization_cache/v1_cosmos_declarative__RubiksCubeRightOfBowlMatchedTask/episode_004_chunk_001.json,6977,1459d78a9a8d99b2033a03f1b3261ad6d36f4d3a4bf158d5fa30adfb0d5f4951
/home/ali/projects/steerable/artifacts/vla_wam_shared_v1/semantic_confirmation/cosmos_declarative/localization_cache/v1_cosmos_declarative__RubiksCubeRightOfBowlMatchedTask/episode_004_chunk_002.json,7208,9d8f69cd3119e676fef29ad742d27dfbddf8adbfc92122c89977137d1640585c
/home/ali/projects/steerable/artifacts/vla_wam_shared_v1/semantic_confirmation/cosmos_declarative/localization_cache/v1_cosmos_declarative__RubiksCubeRightOfBowlMatchedTask/episode_004_chunk_003.json,6929,e3ad5ae4062c171568664cd4b7ed0348dc02f923cd383b2431fd2029ef4047db
/home/ali/projects/steerable/artifacts/vla_wam_shared_v1/semantic_confirmation/cosmos_declarative/localization_cache/v1_cosmos_declarative__RubiksCubeRightOfBowlMatchedTask/episode_004_chunk_004.json,6905,9ac1272df9866ad86b2cab3015849dd66801693e08b1d8d301f7ebbb123374b8
/home/ali/projects/steerable/artifacts/vla_wam_shared_v1/semantic_confirmation/cosmos_declarative/localization_cache/v1_cosmos_declarative__RubiksCubeRightOfBowlMatchedTask/episode_004_chunk_005.json,7046,5d1398ad561dfc16d02a21b8bca88c26d758b3fce70f42392f80340d80573e43
/home/ali/projects/steerable/artifacts/vla_wam_shared_v1/semantic_confirmation/cosmos_declarative/localization_cache/v1_cosmos_declarative__RubiksCubeRightOfBowlMatchedTask/episode_004_chunk_006.json,7123,40b16618fd9b56a86cf54e283a2d47c7a0f37267ba791322af944be6bd5cfc74
/home/ali/projects/steerable/artifacts/vla_wam_shared_v1/semantic_confirmation/cosmos_declarative/localization_cache/v1_cosmos_declarative__RubiksCubeRightOfBowlMatchedTask/episode_004_chunk_007.json,7142,30129dabe4672c8cad21b0eb74a4eaeb43bdd8f77263401df7fd890b33416bce
/home/ali/projects/steerable/artifacts/vla_wam_shared_v1/semantic_confirmation/cosmos_declarative/localization_cache/v1_cosmos_declarative__RubiksCubeRightOfBowlMatchedTask/episode_005_chunk_000.json,6975,f10d7053e2926d3320db5e4f3673146fc84e8b2bebbe4f7acd1e31c87d6f65c3
/home/ali/projects/steerable/artifacts/vla_wam_shared_v1/semantic_confirmation/cosmos_declarative/localization_cache/v1_cosmos_declarative__RubiksCubeRightOfBowlMatchedTask/episode_005_chunk_001.json,7044,8617d9a191a2ea2a164f5cbfc022eb8a0e4e40d0f4f33b12d8ea2b5eb6e87ad4
/home/ali/projects/steerable/artifacts/vla_wam_shared_v1/semantic_confirmation/cosmos_declarative/localization_cache/v1_cosmos_declarative__RubiksCubeRightOfBowlMatchedTask/episode_005_chunk_002.json,7127,0ff471a30043d3d07ace5d74ecf8700234ccced5ad9f36d3de629aa8591d3436
/home/ali/projects/steerable/artifacts/vla_wam_shared_v1/semantic_confirmation/cosmos_declarative/localization_cache/v1_cosmos_declarative__RubiksCubeRightOfBowlMatchedTask/episode_005_chunk_003.json,6981,dddcce6a365aab1acdac7130bf27897a6ee18fff7316bcf7e38b207dcbb97cbc
/home/ali/projects/steerable/artifacts/vla_wam_shared_v1/semantic_confirmation/cosmos_declarative/localization_cache/v1_cosmos_declarative__RubiksCubeRightOfBowlMatchedTask/episode_005_chunk_004.json,6950,76f604cb1bbb0cd10131c3874cbfcc72a91db63131f787f6a9c44fd57c5f98af
/home/ali/projects/steerable/artifacts/vla_wam_shared_v1/semantic_confirmation/cosmos_declarative/localization_cache/v1_cosmos_declarative__RubiksCubeRightOfBowlMatchedTask/episode_005_chunk_005.json,6932,51abf5051208a7ea9d0a653e975448c8250ad20f7c042be2f989687f6c0ad97d
/home/ali/projects/steerable/artifacts/vla_wam_shared_v1/semantic_confirmation/cosmos_declarative/localization_cache/v1_cosmos_declarative__RubiksCubeRightOfBowlMatchedTask/episode_005_chunk_006.json,7073,25556c6aa5170bee5cdc40014500156a3bba045fd478a61f61b5b3ed6957c318
/home/ali/projects/steerable/artifacts/vla_wam_shared_v1/semantic_confirmation/cosmos_declarative/localization_cache/v1_cosmos_declarative__RubiksCubeRightOfBowlMatchedTask/episode_005_chunk_007.json,6933,d991247e53627d79c55c4c899dfee23b2e20894e3f1682c32c8ce27f7bde57b1
/home/ali/projects/steerable/artifacts/vla_wam_shared_v1/semantic_confirmation/cosmos_declarative/localization_cache/v1_cosmos_declarative__RubiksCubeRightOfBowlMatchedTask/episode_006_chunk_000.json,7023,b7dc8754ad42436cd4b8a91682734317c0c72c64daa21e3f50d48fd5888532f5
/home/ali/projects/steerable/artifacts/vla_wam_shared_v1/semantic_confirmation/cosmos_declarative/localization_cache/v1_cosmos_declarative__RubiksCubeRightOfBowlMatchedTask/episode_006_chunk_001.json,7005,df3827c4006d1fbb384a676e046158fb2a573dcf9fd380487737570af989a6e5
/home/ali/projects/steerable/artifacts/vla_wam_shared_v1/semantic_confirmation/cosmos_declarative/localization_cache/v1_cosmos_declarative__RubiksCubeRightOfBowlMatchedTask/episode_006_chunk_002.json,7170,8ad77295befd92d89a61c1591ac9af0734d1045a994db6cc43d98bd01eb377d9
/home/ali/projects/steerable/artifacts/vla_wam_shared_v1/semantic_confirmation/cosmos_declarative/localization_cache/v1_cosmos_declarative__RubiksCubeRightOfBowlMatchedTask/episode_006_chunk_003.json,7082,e330a7069893f03857179b930edab41e9f523aff3498da0e2ce95cc4d22d3874
/home/ali/projects/steerable/artifacts/vla_wam_shared_v1/semantic_confirmation/cosmos_declarative/localization_cache/v1_cosmos_declarative__RubiksCubeRightOfBowlMatchedTask/episode_006_chunk_004.json,7236,2b3fc62e2521b2471ab6e35aa31357789aac53ec7b0f5704d6449a2e2042d905
/home/ali/projects/steerable/artifacts/vla_wam_shared_v1/semantic_confirmation/cosmos_declarative/localization_cache/v1_cosmos_declarative__RubiksCubeRightOfBowlMatchedTask/episode_006_chunk_005.json,7191,a88c7f7f36ac089d353d405ce931047477938411a52be5d5be1baa3eaa467eb2
/home/ali/projects/steerable/artifacts/vla_wam_shared_v1/semantic_confirmation/cosmos_declarative/localization_cache/v1_cosmos_declarative__RubiksCubeRightOfBowlMatchedTask/episode_007_chunk_000.json,6885,53b219adc302f425bd06fd521266c1dc87d8c56949a8f74268b08fef75c33bd3
/home/ali/projects/steerable/artifacts/vla_wam_shared_v1/semantic_confirmation/cosmos_declarative/localization_cache/v1_cosmos_declarative__RubiksCubeRightOfBowlMatchedTask/episode_007_chunk_001.json,6878,e069b500b40a1674da77bca166a75b14da9bf960ac7a18aa18ab81476df2dcc3
/home/ali/projects/steerable/artifacts/vla_wam_shared_v1/semantic_confirmation/cosmos_declarative/localization_cache/v1_cosmos_declarative__RubiksCubeRightOfBowlMatchedTask/episode_007_chunk_002.json,7032,d63f1bb09c036e19592b135e74e134dba1ff362fe00e4e632c044cc0fd312f7c
/home/ali/projects/steerable/artifacts/vla_wam_shared_v1/semantic_confirmation/cosmos_declarative/localization_cache/v1_cosmos_declarative__RubiksCubeRightOfBowlMatchedTask/episode_007_chunk_003.json,7027,7187919e3c95b8fdd5312e711e334b9dc567457b6953619711e274fa40d84ec7
/home/ali/projects/steerable/artifacts/vla_wam_shared_v1/semantic_confirmation/cosmos_declarative/localization_cache/v1_cosmos_declarative__RubiksCubeRightOfBowlMatchedTask/episode_007_chunk_004.json,7010,bc4fd202347d3f34d178dc48c2ac672224ea40693a444b3a36e3f3c886dc0fd5
/home/ali/projects/steerable/artifacts/vla_wam_shared_v1/semantic_confirmation/cosmos_declarative/localization_cache/v1_cosmos_declarative__RubiksCubeRightOfBowlMatchedTask/episode_007_chunk_005.json,7016,d8d5f6f7e7ab586d5cf44e021ff6eb0e2f55050fbd01d128538cae80b83deb1a
/home/ali/projects/steerable/artifacts/vla_wam_shared_v1/semantic_confirmation/cosmos_declarative/localization_cache/v1_cosmos_declarative__RubiksCubeRightOfBowlMatchedTask/episode_007_chunk_006.json,6879,1e61a2e8c864b3f9c6cb274f19a960ebcc8bff46a19c07769786bf971a2543db
/home/ali/projects/steerable/artifacts/vla_wam_shared_v1/semantic_confirmation/cosmos_declarative/localization_cache/v1_cosmos_declarative__RubiksCubeRightOfBowlMatchedTask/episode_007_chunk_007.json,7085,3263088f66af56fd90eba26ba6ef11ca50354a35841ba20fee631d160a4260a9
/home/ali/projects/steerable/artifacts/vla_wam_shared_v1/semantic_confirmation/cosmos_declarative/localization_cache/v1_cosmos_declarative__RubiksCubeRightOfBowlMatchedTask/episode_007_chunk_008.json,7122,b6831f810e291a14dc52159c86ca9aa26c664a1cda7a5bd3f2c88d2b5d8dd5f2
/home/ali/projects/steerable/artifacts/vla_wam_shared_v1/semantic_confirmation/cosmos_declarative/localization_cache/v1_cosmos_declarative__RubiksCubeRightOfBowlMatchedTask/episode_007_chunk_009.json,7051,a042d8c1f3b1abd6bf39a150c1b5bb5e7450f9c8642c20b9ccd0e45132964f54
/home/ali/projects/steerable/artifacts/vla_wam_shared_v1/semantic_confirmation/cosmos_declarative/localization_cache/v1_cosmos_declarative__RubiksCubeRightOfBowlMatchedTask/episode_007_chunk_010.json,7087,c07af4896fb47e8b5bbcc743a1931c8fb3ed52c77f6d80f9045c27f32332e0c4
/home/ali/projects/steerable/artifacts/vla_wam_shared_v1/semantic_confirmation/cosmos_declarative/localization_cache/v1_cosmos_declarative__RubiksCubeRightOfBowlMatchedTask/episode_007_chunk_011.json,6982,5fd171a42aa17736ae75d16d843d14442ce0982bcb58c4b4c986a6561dfc0c34
/home/ali/projects/steerable/artifacts/vla_wam_shared_v1/semantic_confirmation/cosmos_declarative/localization_cache/v1_cosmos_declarative__RubiksCubeRightOfBowlMatchedTask/episode_008_chunk_000.json,6962,6bd2607482732ae2dcd95fccb9547bcbece66388a2be9194f74b775e2e6f6b06
/home/ali/projects/steerable/artifacts/vla_wam_shared_v1/semantic_confirmation/cosmos_declarative/localization_cache/v1_cosmos_declarative__RubiksCubeRightOfBowlMatchedTask/episode_008_chunk_001.json,6957,eec967bf13c1254d898a9f77b69725197d2ab924cc2731630eb18d678c525266
/home/ali/projects/steerable/artifacts/vla_wam_shared_v1/semantic_confirmation/cosmos_declarative/localization_cache/v1_cosmos_declarative__RubiksCubeRightOfBowlMatchedTask/episode_008_chunk_002.json,7069,c0eebfcb30f2cb466c3f56cf871fb683b44e244041022f5651c0b4c9e7bec9f2
/home/ali/projects/steerable/artifacts/vla_wam_shared_v1/semantic_confirmation/cosmos_declarative/localization_cache/v1_cosmos_declarative__RubiksCubeRightOfBowlMatchedTask/episode_008_chunk_003.json,6904,6c09dff41114b169cc3bb4dc37f8c8a827be83061da926aabaabbdf091b3a29f
/home/ali/projects/steerable/artifacts/vla_wam_shared_v1/semantic_confirmation/cosmos_declarative/localization_cache/v1_cosmos_declarative__RubiksCubeRightOfBowlMatchedTask/episode_008_chunk_004.json,7040,d96f46a32cbb68a229c3d20f01f50271c0ac278aae0e341bbceb43df41e937af
/home/ali/projects/steerable/artifacts/vla_wam_shared_v1/semantic_confirmation/cosmos_declarative/localization_cache/v1_cosmos_declarative__RubiksCubeRightOfBowlMatchedTask/episode_008_chunk_005.json,6947,51e2186e4114fb88583ef8192fa0fac269b8abb7e2183a82dbe17f86cd877871
/home/ali/projects/steerable/artifacts/vla_wam_shared_v1/semantic_confirmation/cosmos_declarative/localization_cache/v1_cosmos_declarative__RubiksCubeRightOfBowlMatchedTask/episode_008_chunk_006.json,7260,0541109760519a3e4ab93aa0ced4a84a4b30331d8aa893a6b207c66254c8d4a4
/home/ali/projects/steerable/artifacts/vla_wam_shared_v1/semantic_confirmation/cosmos_declarative/localization_cache/v1_cosmos_declarative__RubiksCubeRightOfBowlMatchedTask/episode_008_chunk_007.json,7205,54131bf898e6257d20bc6ba0a4243e18216ceb95ca00132e467df75b48f1dea0
/home/ali/projects/steerable/artifacts/vla_wam_shared_v1/semantic_confirmation/cosmos_declarative/localization_cache/v1_cosmos_declarative__RubiksCubeRightOfBowlMatchedTask/episode_009_chunk_000.json,6899,2fa794d5b39e7460ac9e3b0628e51df9fc133a0d16488780439ed2af569637b3
/home/ali/projects/steerable/artifacts/vla_wam_shared_v1/semantic_confirmation/cosmos_declarative/localization_cache/v1_cosmos_declarative__RubiksCubeRightOfBowlMatchedTask/episode_009_chunk_001.json,6987,68b6b3ecf982067b82faada0df575ffe1919d6416b5b2c5c7052cf3778e59e0a
/home/ali/projects/steerable/artifacts/vla_wam_shared_v1/semantic_confirmation/cosmos_declarative/localization_cache/v1_cosmos_declarative__RubiksCubeRightOfBowlMatchedTask/episode_009_chunk_002.json,6938,fe291a52c966ed0a81b8e7b463c09d3b1e896fcacf192d3a18578a39c978bd91
/home/ali/projects/steerable/artifacts/vla_wam_shared_v1/semantic_confirmation/cosmos_declarative/localization_cache/v1_cosmos_declarative__RubiksCubeRightOfBowlMatchedTask/episode_009_chunk_003.json,7202,4d0fe232b39b19f6d5b4181ce7ba92fecd03883203b84875e0e3c9b441dd423f
/home/ali/projects/steerable/artifacts/vla_wam_shared_v1/semantic_confirmation/cosmos_declarative/runtime.txt,1260,73b9885fa97cc881579dc339fb1b572dbffca07cfbf8f2727e594b7cedc704b3
/home/ali/projects/steerable/artifacts/vla_wam_shared_v1/semantic_confirmation/cosmos_declarative/semantic_quadrants.csv,50029,cea7a4c08723f2b77377c2085e01b7e352b737c4d95423538b0b7aeec190e7b9
/home/ali/projects/steerable/artifacts/vla_wam_shared_v1/semantic_confirmation/cosmos_declarative/semantic_quadrants_summary.json,111904,0e657fd1d2355daab69889481b1131096c1f2c27653df52b907c18a31d75c3f2
/home/ali/projects/steerable/artifacts/vla_wam_shared_v1/semantic_confirmation/cosmos_vague/audit/v1_cosmos_vague__RubiksCubeLeftOfBowlMatchedTask/episode_000_contact_sheet.jpg,1895118,b3e08da75468cf33dabb48d285c90bc4337af49a9c23c1166f3d9aec4a6e5751
/home/ali/projects/steerable/artifacts/vla_wam_shared_v1/semantic_confirmation/cosmos_vague/audit/v1_cosmos_vague__RubiksCubeLeftOfBowlMatchedTask/episode_001_contact_sheet.jpg,1383503,a2b78f01ae7c5e6ff90d6db3acdaf9834884850ceae5a7d2bf315c950418b773
/home/ali/projects/steerable/artifacts/vla_wam_shared_v1/semantic_confirmation/cosmos_vague/audit/v1_cosmos_vague__RubiksCubeLeftOfBowlMatchedTask/episode_002_contact_sheet.jpg,505148,4a53095b4f16244468bbac51883066d4101421e3ba728da41687374edf60ded6
/home/ali/projects/steerable/artifacts/vla_wam_shared_v1/semantic_confirmation/cosmos_vague/audit/v1_cosmos_vague__RubiksCubeLeftOfBowlMatchedTask/episode_003_contact_sheet.jpg,1892760,dc0b235c0d2a25c4ecf4e1672ba51890b0f4c4bff2af10259ed0f8633ce1360b
/home/ali/projects/steerable/artifacts/vla_wam_shared_v1/semantic_confirmation/cosmos_vague/audit/v1_cosmos_vague__RubiksCubeLeftOfBowlMatchedTask/episode_004_contact_sheet.jpg,1884418,2958f06c492a75df18f0391dc6c1d9b01e352b858737decda75bb4e8b00c54dd
/home/ali/projects/steerable/artifacts/vla_wam_shared_v1/semantic_confirmation/cosmos_vague/audit/v1_cosmos_vague__RubiksCubeLeftOfBowlMatchedTask/episode_005_contact_sheet.jpg,633863,60b449468351df3fd5f2f8e86192c17f3631f454c1ab6499753934287eb86a22
/home/ali/projects/steerable/artifacts/vla_wam_shared_v1/semantic_confirmation/cosmos_vague/audit/v1_cosmos_vague__RubiksCubeLeftOfBowlMatchedTask/episode_006_contact_sheet.jpg,1873673,340ac9806b8d5714a657c849294655418a5f474efcd26b0f6bd3fa98787a9037
/home/ali/projects/steerable/artifacts/vla_wam_shared_v1/semantic_confirmation/cosmos_vague/audit/v1_cosmos_vague__RubiksCubeLeftOfBowlMatchedTask/episode_007_contact_sheet.jpg,1897888,bc532028b01bd429772aed05a46a22dd07d224a1241d5eb33ed2cb3b0f22a86e
/home/ali/projects/steerable/artifacts/vla_wam_shared_v1/semantic_confirmation/cosmos_vague/audit/v1_cosmos_vague__RubiksCubeLeftOfBowlMatchedTask/episode_008_contact_sheet.jpg,1871956,509e2c9ec9e6471048ef7e4d74e663b8bd3b0a67f0e296bacc536587029ade05
/home/ali/projects/steerable/artifacts/vla_wam_shared_v1/semantic_confirmation/cosmos_vague/audit/v1_cosmos_vague__RubiksCubeLeftOfBowlMatchedTask/episode_009_contact_sheet.jpg,1877910,8461a922410203959a3b95c191c93bd8a76c16c41af213e3f99e605c93a15865
/home/ali/projects/steerable/artifacts/vla_wam_shared_v1/semantic_confirmation/cosmos_vague/audit/v1_cosmos_vague__RubiksCubeRightOfBowlMatchedTask/episode_000_contact_sheet.jpg,629050,8afa1f1bf21eb9bbb87ded5af7d28f22d6e05377e69ab52df2de635adba32400
/home/ali/projects/steerable/artifacts/vla_wam_shared_v1/semantic_confirmation/cosmos_vague/audit/v1_cosmos_vague__RubiksCubeRightOfBowlMatchedTask/episode_001_contact_sheet.jpg,751648,721575c5ac351a9d97a3da8b8130b04603d5e5d1119ea16003057dfcf16942d2
/home/ali/projects/steerable/artifacts/vla_wam_shared_v1/semantic_confirmation/cosmos_vague/audit/v1_cosmos_vague__RubiksCubeRightOfBowlMatchedTask/episode_002_contact_sheet.jpg,632861,b2af5af6b75bc6a7dbfecc23638edb0b6afebf00e0532101d05b458c18c5f463
/home/ali/projects/steerable/artifacts/vla_wam_shared_v1/semantic_confirmation/cosmos_vague/audit/v1_cosmos_vague__RubiksCubeRightOfBowlMatchedTask/episode_003_contact_sheet.jpg,1007522,d9c303725f10b839cccb23554850d0ab38aab4105a2427c5aa4246441150ba98
/home/ali/projects/steerable/artifacts/vla_wam_shared_v1/semantic_confirmation/cosmos_vague/audit/v1_cosmos_vague__RubiksCubeRightOfBowlMatchedTask/episode_004_contact_sheet.jpg,1386533,2fd86ec7f2f5c3c54f213c20ff00241528a573ae7cb3510c8f55bd3487f227c4
/home/ali/projects/steerable/artifacts/vla_wam_shared_v1/semantic_confirmation/cosmos_vague/audit/v1_cosmos_vague__RubiksCubeRightOfBowlMatchedTask/episode_005_contact_sheet.jpg,625079,a8d54a6d620036b35aa56c9d899956eded3afc0811efabd6e8dc422a370e78ef
/home/ali/projects/steerable/artifacts/vla_wam_shared_v1/semantic_confirmation/cosmos_vague/audit/v1_cosmos_vague__RubiksCubeRightOfBowlMatchedTask/episode_006_contact_sheet.jpg,628009,dfc232da04172de489335a2be15e3c4cece0ea676dc87ea984bf8878ea1890f1
/home/ali/projects/steerable/artifacts/vla_wam_shared_v1/semantic_confirmation/cosmos_vague/audit/v1_cosmos_vague__RubiksCubeRightOfBowlMatchedTask/episode_007_contact_sheet.jpg,505057,3c5f3d6391b36c77c8309b33c9e8e695d3124e8b27429ef153b3b89f8786f2cd
/home/ali/projects/steerable/artifacts/vla_wam_shared_v1/semantic_confirmation/cosmos_vague/audit/v1_cosmos_vague__RubiksCubeRightOfBowlMatchedTask/episode_008_contact_sheet.jpg,750816,8601d8e79423065b4a9bcbe08a7c2273e21bf71aa18c3c36d54d0c48baf593f8
/home/ali/projects/steerable/artifacts/vla_wam_shared_v1/semantic_confirmation/cosmos_vague/audit/v1_cosmos_vague__RubiksCubeRightOfBowlMatchedTask/episode_009_contact_sheet.jpg,1132061,9f324435886f4c37cb3ff829fa74e627bb6c55a70d7ac2682fa0887ff246ba29
/home/ali/projects/steerable/artifacts/vla_wam_shared_v1/semantic_confirmation/cosmos_vague/localization_cache/v1_cosmos_vague__RubiksCubeLeftOfBowlMatchedTask/episode_000_chunk_000.json,6953,184e1be53a50aa196fb97eb658d4a821122a1c2bf776f05aca64765deb558fd5
/home/ali/projects/steerable/artifacts/vla_wam_shared_v1/semantic_confirmation/cosmos_vague/localization_cache/v1_cosmos_vague__RubiksCubeLeftOfBowlMatchedTask/episode_000_chunk_001.json,7147,ffc7f0d3ca6260d8b71bf8760abcb3623a1a0f1bde86c3e1fb0f8992717806e6
/home/ali/projects/steerable/artifacts/vla_wam_shared_v1/semantic_confirmation/cosmos_vague/localization_cache/v1_cosmos_vague__RubiksCubeLeftOfBowlMatchedTask/episode_000_chunk_002.json,7120,6ee69e78eb57a26405f69a8319ea65c019bceccec108d5ae6d6d6ec7beeb3b02
/home/ali/projects/steerable/artifacts/vla_wam_shared_v1/semantic_confirmation/cosmos_vague/localization_cache/v1_cosmos_vague__RubiksCubeLeftOfBowlMatchedTask/episode_000_chunk_003.json,6937,f3294d7f1f35b47dcda184f1fd67aa5e77cb49c3498947b54bf93ac9eefaf306
/home/ali/projects/steerable/artifacts/vla_wam_shared_v1/semantic_confirmation/cosmos_vague/localization_cache/v1_cosmos_vague__RubiksCubeLeftOfBowlMatchedTask/episode_000_chunk_004.json,7107,d9ffa4bcf91653cd1620ecf68d47316863f0839f4f0c9a67183651904219b309
/home/ali/projects/steerable/artifacts/vla_wam_shared_v1/semantic_confirmation/cosmos_vague/localization_cache/v1_cosmos_vague__RubiksCubeLeftOfBowlMatchedTask/episode_000_chunk_005.json,7099,3a730aa827d605396501c15507ea4f3ed21ba52fbc94590c28a52dee39b0ce0f
/home/ali/projects/steerable/artifacts/vla_wam_shared_v1/semantic_confirmation/cosmos_vague/localization_cache/v1_cosmos_vague__RubiksCubeLeftOfBowlMatchedTask/episode_000_chunk_006.json,6979,986a677aa1838a8ed2705f421c13966ee482e0d07e8af6fbf324cf5a6f9b7146
/home/ali/projects/steerable/artifacts/vla_wam_shared_v1/semantic_confirmation/cosmos_vague/localization_cache/v1_cosmos_vague__RubiksCubeLeftOfBowlMatchedTask/episode_000_chunk_007.json,7031,a98991874b31e71850ecd0d9949286a9cd4ab8f29f62c2ecf752b2ad71d21430
/home/ali/projects/steerable/artifacts/vla_wam_shared_v1/semantic_confirmation/cosmos_vague/localization_cache/v1_cosmos_vague__RubiksCubeLeftOfBowlMatchedTask/episode_000_chunk_008.json,6979,ae79b9cb7c23559f794230ccb13ec29ca15628a3b0a1e6e32010731de0df541f
/home/ali/projects/steerable/artifacts/vla_wam_shared_v1/semantic_confirmation/cosmos_vague/localization_cache/v1_cosmos_vague__RubiksCubeLeftOfBowlMatchedTask/episode_000_chunk_009.json,6913,887f6cc22126e32328ca0cda3a0de49a03f168df0f21c8fe84be1344ea61038e
/home/ali/projects/steerable/artifacts/vla_wam_shared_v1/semantic_confirmation/cosmos_vague/localization_cache/v1_cosmos_vague__RubiksCubeLeftOfBowlMatchedTask/episode_000_chunk_010.json,7016,20b8333f0cb00f9dc2c75b2dbec81c7eab69fafadf507275df77c6ea985fc6ad
/home/ali/projects/steerable/artifacts/vla_wam_shared_v1/semantic_confirmation/cosmos_vague/localization_cache/v1_cosmos_vague__RubiksCubeLeftOfBowlMatchedTask/episode_000_chunk_011.json,7059,0c4d06db88517c18ed000aed18fe583cf61ac1d327cf5302af4c99f83fd5e0b8
/home/ali/projects/steerable/artifacts/vla_wam_shared_v1/semantic_confirmation/cosmos_vague/localization_cache/v1_cosmos_vague__RubiksCubeLeftOfBowlMatchedTask/episode_000_chunk_012.json,7031,96576fff36226386e9cc766869681f6b4ce938c1bf9c3c58e4009076e1b3924a
/home/ali/projects/steerable/artifacts/vla_wam_shared_v1/semantic_confirmation/cosmos_vague/localization_cache/v1_cosmos_vague__RubiksCubeLeftOfBowlMatchedTask/episode_000_chunk_013.json,7116,cac64a4d8e12c4079cfcc396f984d3ea5fa2b95521ebef4d115ada44ace5ff8b
/home/ali/projects/steerable/artifacts/vla_wam_shared_v1/semantic_confirmation/cosmos_vague/localization_cache/v1_cosmos_vague__RubiksCubeLeftOfBowlMatchedTask/episode_000_chunk_014.json,6961,63caa66830d460e44be6fabf6133deb297b9b39a0c65213969f873eacfcbdf85
/home/ali/projects/steerable/artifacts/vla_wam_shared_v1/semantic_confirmation/cosmos_vague/localization_cache/v1_cosmos_vague__RubiksCubeLeftOfBowlMatchedTask/episode_001_chunk_000.json,6900,a48ba2ecc867e60ee05aeb254072e3679f5a98668e96ec1653c8825fb8adf35d
/home/ali/projects/steerable/artifacts/vla_wam_shared_v1/semantic_confirmation/cosmos_vague/localization_cache/v1_cosmos_vague__RubiksCubeLeftOfBowlMatchedTask/episode_001_chunk_001.json,6963,555a87429069e10a718d9764e9f4b998a88ad193da282efcd05748ff540d46ac
/home/ali/projects/steerable/artifacts/vla_wam_shared_v1/semantic_confirmation/cosmos_vague/localization_cache/v1_cosmos_vague__RubiksCubeLeftOfBowlMatchedTask/episode_001_chunk_002.json,6908,34cdf5fd7af927cebf595bd588ef7e4cd77ad73b3d47537637b33b6d723e37a4
/home/ali/projects/steerable/artifacts/vla_wam_shared_v1/semantic_confirmation/cosmos_vague/localization_cache/v1_cosmos_vague__RubiksCubeLeftOfBowlMatchedTask/episode_001_chunk_003.json,6987,9a1ec693670410edc540f2eeeb4ff52dbddd73a3a8f15654c44850d0ede1ce04
/home/ali/projects/steerable/artifacts/vla_wam_shared_v1/semantic_confirmation/cosmos_vague/localization_cache/v1_cosmos_vague__RubiksCubeLeftOfBowlMatchedTask/episode_001_chunk_004.json,7010,b43ac18903c92005c57c0a09a63a440251983fcc9479ee445634d124389c847b
/home/ali/projects/steerable/artifacts/vla_wam_shared_v1/semantic_confirmation/cosmos_vague/localization_cache/v1_cosmos_vague__RubiksCubeLeftOfBowlMatchedTask/episode_001_chunk_005.json,7017,9be3c9baa8a41b3f43677808535f35c18ca82f7443aede6be0f319e17670d26f
/home/ali/projects/steerable/artifacts/vla_wam_shared_v1/semantic_confirmation/cosmos_vague/localization_cache/v1_cosmos_vague__RubiksCubeLeftOfBowlMatchedTask/episode_001_chunk_006.json,6951,a26ebda977bceeef084d64c6c951ce8b0ab42b2356482ec969333141603dfea3
/home/ali/projects/steerable/artifacts/vla_wam_shared_v1/semantic_confirmation/cosmos_vague/localization_cache/v1_cosmos_vague__RubiksCubeLeftOfBowlMatchedTask/episode_001_chunk_007.json,6951,8ed7d4771ce4a029f765b9898b86830b1b618965ee6681b3f524fba2bfee3038
/home/ali/projects/steerable/artifacts/vla_wam_shared_v1/semantic_confirmation/cosmos_vague/localization_cache/v1_cosmos_vague__RubiksCubeLeftOfBowlMatchedTask/episode_001_chunk_008.json,6958,025e4c8f2392391d9ed98418cabe1dee4387df1bbb3acf918925a04421a68f91
/home/ali/projects/steerable/artifacts/vla_wam_shared_v1/semantic_confirmation/cosmos_vague/localization_cache/v1_cosmos_vague__RubiksCubeLeftOfBowlMatchedTask/episode_001_chunk_009.json,6994,e1f16af810e8db9240e54af83096a8aa391cc590f7aaf1c395558560819ad61f
/home/ali/projects/steerable/artifacts/vla_wam_shared_v1/semantic_confirmation/cosmos_vague/localization_cache/v1_cosmos_vague__RubiksCubeLeftOfBowlMatchedTask/episode_001_chunk_010.json,6913,9f4717e590a30f18784e481dd5c85ea2e82be6a4358e5799bbad5467578a040b
/home/ali/projects/steerable/artifacts/vla_wam_shared_v1/semantic_confirmation/cosmos_vague/localization_cache/v1_cosmos_vague__RubiksCubeLeftOfBowlMatchedTask/episode_002_chunk_000.json,6905,3f03d2a916c78794f4761edce6e3ac292aa5ec21d81d18b15b2f5558f330d1dc
/home/ali/projects/steerable/artifacts/vla_wam_shared_v1/semantic_confirmation/cosmos_vague/localization_cache/v1_cosmos_vague__RubiksCubeLeftOfBowlMatchedTask/episode_002_chunk_001.json,6884,23dfa5b744bb7051d1e3efb8efafa3f0c141d5e57618fa90dd4c236b51273f3b
/home/ali/projects/steerable/artifacts/vla_wam_shared_v1/semantic_confirmation/cosmos_vague/localization_cache/v1_cosmos_vague__RubiksCubeLeftOfBowlMatchedTask/episode_002_chunk_002.json,7032,09dafa62fbcf8d88acb2205235cff67152fb69d209ca8901865ed5b193a0d812
/home/ali/projects/steerable/artifacts/vla_wam_shared_v1/semantic_confirmation/cosmos_vague/localization_cache/v1_cosmos_vague__RubiksCubeLeftOfBowlMatchedTask/episode_002_chunk_003.json,6974,04b198e92f3995ec844f68fb096711f6f94e4d550402456bbb293e884907d971
/home/ali/projects/steerable/artifacts/vla_wam_shared_v1/semantic_confirmation/cosmos_vague/localization_cache/v1_cosmos_vague__RubiksCubeLeftOfBowlMatchedTask/episode_003_chunk_000.json,6921,7f2381d46ea278d2f3b7714ec0d5aeec5878437c3aadbb6785c53bdc1c5c42d3
/home/ali/projects/steerable/artifacts/vla_wam_shared_v1/semantic_confirmation/cosmos_vague/localization_cache/v1_cosmos_vague__RubiksCubeLeftOfBowlMatchedTask/episode_003_chunk_001.json,6993,8195cdaa92eecea4313cab21a41c5d6cf64ceecc0e80796e56fd5aca3988525b
/home/ali/projects/steerable/artifacts/vla_wam_shared_v1/semantic_confirmation/cosmos_vague/localization_cache/v1_cosmos_vague__RubiksCubeLeftOfBowlMatchedTask/episode_003_chunk_002.json,6941,416c9704b8a920337f74f7ce2b129d7f82409b308e6faae74c4a4955e7181c27
/home/ali/projects/steerable/artifacts/vla_wam_shared_v1/semantic_confirmation/cosmos_vague/localization_cache/v1_cosmos_vague__RubiksCubeLeftOfBowlMatchedTask/episode_003_chunk_003.json,6904,c3fa9c99b1c261946ae38b9634ccd61e70640ef19b799ea98ff120f9130535b6
/home/ali/projects/steerable/artifacts/vla_wam_shared_v1/semantic_confirmation/cosmos_vague/localization_cache/v1_cosmos_vague__RubiksCubeLeftOfBowlMatchedTask/episode_003_chunk_004.json,7075,de046d5102dbedff5b58fcd81f68c6943f94186d58396e8850a3b54f03d27753
/home/ali/projects/steerable/artifacts/vla_wam_shared_v1/semantic_confirmation/cosmos_vague/localization_cache/v1_cosmos_vague__RubiksCubeLeftOfBowlMatchedTask/episode_003_chunk_005.json,6993,afa36d8384e24daacd176b58c1c61f6daf561c98bbac7ca969c5b16c5fc0e42a
/home/ali/projects/steerable/artifacts/vla_wam_shared_v1/semantic_confirmation/cosmos_vague/localization_cache/v1_cosmos_vague__RubiksCubeLeftOfBowlMatchedTask/episode_003_chunk_006.json,7110,6b50835e96f5d08b938df5db4c59a82e87356828265ddad8b61544057471738a
/home/ali/projects/steerable/artifacts/vla_wam_shared_v1/semantic_confirmation/cosmos_vague/localization_cache/v1_cosmos_vague__RubiksCubeLeftOfBowlMatchedTask/episode_003_chunk_007.json,7050,9f0976485b2b5836367add62da4838d5116227b9bc1f205e006b35a884fb837c
/home/ali/projects/steerable/artifacts/vla_wam_shared_v1/semantic_confirmation/cosmos_vague/localization_cache/v1_cosmos_vague__RubiksCubeLeftOfBowlMatchedTask/episode_003_chunk_008.json,6991,345a9cb7106959b7a8a756973e089a2fb6540d1149860ba42734964c120099f5
/home/ali/projects/steerable/artifacts/vla_wam_shared_v1/semantic_confirmation/cosmos_vague/localization_cache/v1_cosmos_vague__RubiksCubeLeftOfBowlMatchedTask/episode_003_chunk_009.json,7009,febf462a7be1cf0b05b4de8224abb9c4a946ca8ce553304af620faca7ba597b2
/home/ali/projects/steerable/artifacts/vla_wam_shared_v1/semantic_confirmation/cosmos_vague/localization_cache/v1_cosmos_vague__RubiksCubeLeftOfBowlMatchedTask/episode_003_chunk_010.json,7014,15597bfb792f74f4a1f436464f73b32f6061330f4bee0a43213555d11dfab85a
/home/ali/projects/steerable/artifacts/vla_wam_shared_v1/semantic_confirmation/cosmos_vague/localization_cache/v1_cosmos_vague__RubiksCubeLeftOfBowlMatchedTask/episode_003_chunk_011.json,6990,20cd4616ffb0fcc03d357bf10500c72b68d7169440e541582bf8d89c8b372a7c
/home/ali/projects/steerable/artifacts/vla_wam_shared_v1/semantic_confirmation/cosmos_vague/localization_cache/v1_cosmos_vague__RubiksCubeLeftOfBowlMatchedTask/episode_003_chunk_012.json,6977,f328cabf6c3aecedea98981d1552eac0fcab1fdacbbcf8462608546668cbd791
/home/ali/projects/steerable/artifacts/vla_wam_shared_v1/semantic_confirmation/cosmos_vague/localization_cache/v1_cosmos_vague__RubiksCubeLeftOfBowlMatchedTask/episode_003_chunk_013.json,6954,ac2cc70602be5009a4f0893002badaef5fec873d51aacebd54d40d7cf189cde2
/home/ali/projects/steerable/artifacts/vla_wam_shared_v1/semantic_confirmation/cosmos_vague/localization_cache/v1_cosmos_vague__RubiksCubeLeftOfBowlMatchedTask/episode_003_chunk_014.json,7046,f3ed7584db868f9d4d14da7ebe461a669e25c0e387787c472d18e5faacfc71c0
/home/ali/projects/steerable/artifacts/vla_wam_shared_v1/semantic_confirmation/cosmos_vague/localization_cache/v1_cosmos_vague__RubiksCubeLeftOfBowlMatchedTask/episode_004_chunk_000.json,6904,6260d4a0c351cfbfeefa1411556e4cc990b1c4aa0799ed1535b2d19fee3ec8ce
/home/ali/projects/steerable/artifacts/vla_wam_shared_v1/semantic_confirmation/cosmos_vague/localization_cache/v1_cosmos_vague__RubiksCubeLeftOfBowlMatchedTask/episode_004_chunk_001.json,6975,197a0b987a73ab06ac25817590e4626912ba9335576fa15658fc507179a2dc9d
/home/ali/projects/steerable/artifacts/vla_wam_shared_v1/semantic_confirmation/cosmos_vague/localization_cache/v1_cosmos_vague__RubiksCubeLeftOfBowlMatchedTask/episode_004_chunk_002.json,7042,7aa1c2a80b2cdbade525b750a8cdae5fa2d1db461bb8e8b5468d3868513da2e5
/home/ali/projects/steerable/artifacts/vla_wam_shared_v1/semantic_confirmation/cosmos_vague/localization_cache/v1_cosmos_vague__RubiksCubeLeftOfBowlMatchedTask/episode_004_chunk_003.json,7047,94f8c94f952a0a25b1c31edf89ae3308935e541213436cd714480009a854c579
/home/ali/projects/steerable/artifacts/vla_wam_shared_v1/semantic_confirmation/cosmos_vague/localization_cache/v1_cosmos_vague__RubiksCubeLeftOfBowlMatchedTask/episode_004_chunk_004.json,7321,bfe8804d3878f8540d571c3f4ca8a0d3e5fedc7d8663c722896d58936bd25f8b
/home/ali/projects/steerable/artifacts/vla_wam_shared_v1/semantic_confirmation/cosmos_vague/localization_cache/v1_cosmos_vague__RubiksCubeLeftOfBowlMatchedTask/episode_004_chunk_005.json,7097,3d39212d84526898e5f69521a753f5228e76cd3ad6ed6164fad4c7b9dcaf8ea3
/home/ali/projects/steerable/artifacts/vla_wam_shared_v1/semantic_confirmation/cosmos_vague/localization_cache/v1_cosmos_vague__RubiksCubeLeftOfBowlMatchedTask/episode_004_chunk_006.json,6904,949039da9415959657c0c35412eb3baa5d34996df0aeaff415a0907d714d7018
/home/ali/projects/steerable/artifacts/vla_wam_shared_v1/semantic_confirmation/cosmos_vague/localization_cache/v1_cosmos_vague__RubiksCubeLeftOfBowlMatchedTask/episode_004_chunk_007.json,6916,5a61bd98edf289b2dd480b291a910afa1de1512fcc0dccc76e828c7e18e12b5d
/home/ali/projects/steerable/artifacts/vla_wam_shared_v1/semantic_confirmation/cosmos_vague/localization_cache/v1_cosmos_vague__RubiksCubeLeftOfBowlMatchedTask/episode_004_chunk_008.json,6911,dbed0d1ecea475629dd32d874cd51038ba30cbcf69a090f911be647eb90ce159
/home/ali/projects/steerable/artifacts/vla_wam_shared_v1/semantic_confirmation/cosmos_vague/localization_cache/v1_cosmos_vague__RubiksCubeLeftOfBowlMatchedTask/episode_004_chunk_009.json,7110,19344079ecdb05c84ab320a17ceade27595bb42e5eede991836cf981178c7237
/home/ali/projects/steerable/artifacts/vla_wam_shared_v1/semantic_confirmation/cosmos_vague/localization_cache/v1_cosmos_vague__RubiksCubeLeftOfBowlMatchedTask/episode_004_chunk_010.json,6976,22bd943c62a27683b7c97b3b73eda990e19dd8a5d83d06e68be60be3c43e78eb
/home/ali/projects/steerable/artifacts/vla_wam_shared_v1/semantic_confirmation/cosmos_vague/localization_cache/v1_cosmos_vague__RubiksCubeLeftOfBowlMatchedTask/episode_004_chunk_011.json,7091,c7d881700074644186eb3c06537c2e62752d8358b53d9d10d455607118abfbe5
/home/ali/projects/steerable/artifacts/vla_wam_shared_v1/semantic_confirmation/cosmos_vague/localization_cache/v1_cosmos_vague__RubiksCubeLeftOfBowlMatchedTask/episode_004_chunk_012.json,7178,8c86e1a77380d6c85729f7f1e2914436537b80feca30a15e0b42a5e6e1dd8777
/home/ali/projects/steerable/artifacts/vla_wam_shared_v1/semantic_confirmation/cosmos_vague/localization_cache/v1_cosmos_vague__RubiksCubeLeftOfBowlMatchedTask/episode_004_chunk_013.json,6908,0a63a3a2e51148a6bb90c37241b00e9e557a29e5374ff8073e5852aabb57c5da
/home/ali/projects/steerable/artifacts/vla_wam_shared_v1/semantic_confirmation/cosmos_vague/localization_cache/v1_cosmos_vague__RubiksCubeLeftOfBowlMatchedTask/episode_004_chunk_014.json,7083,8bd657c2460649ace72e96ab32d4717bbe649d3ca0098d69aae9e9f33cc68a40
/home/ali/projects/steerable/artifacts/vla_wam_shared_v1/semantic_confirmation/cosmos_vague/localization_cache/v1_cosmos_vague__RubiksCubeLeftOfBowlMatchedTask/episode_005_chunk_000.json,6919,7e6aebd949551a03db952bdea497a875429ebd24fbedfde6aca313f38293c84d
/home/ali/projects/steerable/artifacts/vla_wam_shared_v1/semantic_confirmation/cosmos_vague/localization_cache/v1_cosmos_vague__RubiksCubeLeftOfBowlMatchedTask/episode_005_chunk_001.json,6993,de4bfaef4e128aab0267d17fab0b25e69e7e97f41a11465ce6d03e243aba433c
/home/ali/projects/steerable/artifacts/vla_wam_shared_v1/semantic_confirmation/cosmos_vague/localization_cache/v1_cosmos_vague__RubiksCubeLeftOfBowlMatchedTask/episode_005_chunk_002.json,6981,88b20ffb0f8eea461978460ad9ab9b7cd361c0c3c3367a6d240000ec350429a4
/home/ali/projects/steerable/artifacts/vla_wam_shared_v1/semantic_confirmation/cosmos_vague/localization_cache/v1_cosmos_vague__RubiksCubeLeftOfBowlMatchedTask/episode_005_chunk_003.json,6977,92a9e3f4695756f4ae77bc2cade69dc4c11a86c9713c049307de69018b71f41a
/home/ali/projects/steerable/artifacts/vla_wam_shared_v1/semantic_confirmation/cosmos_vague/localization_cache/v1_cosmos_vague__RubiksCubeLeftOfBowlMatchedTask/episode_005_chunk_004.json,6982,897d4144e201d3402fbaa8344b61bd16e7c8cc9bd31599d9a6b3986575a9cc7a
/home/ali/projects/steerable/artifacts/vla_wam_shared_v1/semantic_confirmation/cosmos_vague/localization_cache/v1_cosmos_vague__RubiksCubeLeftOfBowlMatchedTask/episode_006_chunk_000.json,6896,c963cdd31ca87a4070d6990a788a29970aaeddc5a0fe5967fc50dce7a35a47ec
/home/ali/projects/steerable/artifacts/vla_wam_shared_v1/semantic_confirmation/cosmos_vague/localization_cache/v1_cosmos_vague__RubiksCubeLeftOfBowlMatchedTask/episode_006_chunk_001.json,6908,4c23978b334187210da73deac6b0fe6062fb7278c8148f6ae2ba5d13defbc664
/home/ali/projects/steerable/artifacts/vla_wam_shared_v1/semantic_confirmation/cosmos_vague/localization_cache/v1_cosmos_vague__RubiksCubeLeftOfBowlMatchedTask/episode_006_chunk_002.json,6961,14c1b80998a50ea1a240477847cbcd23cd699f503cfee4155bc2bea2d47eee7b
/home/ali/projects/steerable/artifacts/vla_wam_shared_v1/semantic_confirmation/cosmos_vague/localization_cache/v1_cosmos_vague__RubiksCubeLeftOfBowlMatchedTask/episode_006_chunk_003.json,6895,25406b9cfb67cebbe7edb21b1a5f66aefc0d66868b89b53d2dadf32e0f57bebc
/home/ali/projects/steerable/artifacts/vla_wam_shared_v1/semantic_confirmation/cosmos_vague/localization_cache/v1_cosmos_vague__RubiksCubeLeftOfBowlMatchedTask/episode_006_chunk_004.json,7066,60e1f1fa32d2586734de603c436955f6924fd45c09d7dfa3b66ba70eaa6d6552
/home/ali/projects/steerable/artifacts/vla_wam_shared_v1/semantic_confirmation/cosmos_vague/localization_cache/v1_cosmos_vague__RubiksCubeLeftOfBowlMatchedTask/episode_006_chunk_005.json,7093,c3baf32d648fd856b6cdba45e8397b265caa394ebfdc24d4af7fc4db07d8701a
/home/ali/projects/steerable/artifacts/vla_wam_shared_v1/semantic_confirmation/cosmos_vague/localization_cache/v1_cosmos_vague__RubiksCubeLeftOfBowlMatchedTask/episode_006_chunk_006.json,7004,4b2ce17cd36859bfa3eb25976bcd9419d4b94b736eddc831e4b354da3b1c8ca8
/home/ali/projects/steerable/artifacts/vla_wam_shared_v1/semantic_confirmation/cosmos_vague/localization_cache/v1_cosmos_vague__RubiksCubeLeftOfBowlMatchedTask/episode_006_chunk_007.json,6909,6f097365b9c868cf524500a039fa0df00923161d8bd0293afe5bdff1ba46fd8d
/home/ali/projects/steerable/artifacts/vla_wam_shared_v1/semantic_confirmation/cosmos_vague/localization_cache/v1_cosmos_vague__RubiksCubeLeftOfBowlMatchedTask/episode_006_chunk_008.json,6849,652d6be41f5e04944aed4e124189cc97f4f21aae238403e16ee4f1d1f6f6a59c
/home/ali/projects/steerable/artifacts/vla_wam_shared_v1/semantic_confirmation/cosmos_vague/localization_cache/v1_cosmos_vague__RubiksCubeLeftOfBowlMatchedTask/episode_006_chunk_009.json,7018,f90d1fe0ed28c3fe1fa94a7b179112d39c7a6a3b4b8247c2bc0c10cf5c38bed4
/home/ali/projects/steerable/artifacts/vla_wam_shared_v1/semantic_confirmation/cosmos_vague/localization_cache/v1_cosmos_vague__RubiksCubeLeftOfBowlMatchedTask/episode_006_chunk_010.json,6985,ffef8b7d01a23b728e7e611164dd86f294811f86740594a7d8c21e3bb91b8abc
/home/ali/projects/steerable/artifacts/vla_wam_shared_v1/semantic_confirmation/cosmos_vague/localization_cache/v1_cosmos_vague__RubiksCubeLeftOfBowlMatchedTask/episode_006_chunk_011.json,6883,0a167b8963cf69776641ab6aef9c7c51207ce5748edcd9aa09514be525b55c1d
/home/ali/projects/steerable/artifacts/vla_wam_shared_v1/semantic_confirmation/cosmos_vague/localization_cache/v1_cosmos_vague__RubiksCubeLeftOfBowlMatchedTask/episode_006_chunk_012.json,6940,f279ef9616659f3b9bbae47cbb5a4bacd3c25d7a76223e136ed21c6b2712648d
/home/ali/projects/steerable/artifacts/vla_wam_shared_v1/semantic_confirmation/cosmos_vague/localization_cache/v1_cosmos_vague__RubiksCubeLeftOfBowlMatchedTask/episode_006_chunk_013.json,6988,dbf3947187a614737062fca9e0957afbda9ad6c2e094b1ebb687c23a4e7a0398
/home/ali/projects/steerable/artifacts/vla_wam_shared_v1/semantic_confirmation/cosmos_vague/localization_cache/v1_cosmos_vague__RubiksCubeLeftOfBowlMatchedTask/episode_006_chunk_014.json,7140,e829c0d6951d46b5a3e1e9b06ae378b6ce97245dacb9d0f37e14a3a3f3227e06
/home/ali/projects/steerable/artifacts/vla_wam_shared_v1/semantic_confirmation/cosmos_vague/localization_cache/v1_cosmos_vague__RubiksCubeLeftOfBowlMatchedTask/episode_007_chunk_000.json,6881,7f537cdad3ab927339d9fe470811ac13f5ced65e0d3262af068ffbae56cd05f4
/home/ali/projects/steerable/artifacts/vla_wam_shared_v1/semantic_confirmation/cosmos_vague/localization_cache/v1_cosmos_vague__RubiksCubeLeftOfBowlMatchedTask/episode_007_chunk_001.json,6960,991f8a9c62d66daa090ea1ba73c6b341184a2cb268265088b4b6a8ec02a915b4
/home/ali/projects/steerable/artifacts/vla_wam_shared_v1/semantic_confirmation/cosmos_vague/localization_cache/v1_cosmos_vague__RubiksCubeLeftOfBowlMatchedTask/episode_007_chunk_002.json,6886,b83ff50ca33c24fe9f4719d3317293d0fd15167b967f3bf3d0832da2debdf117
/home/ali/projects/steerable/artifacts/vla_wam_shared_v1/semantic_confirmation/cosmos_vague/localization_cache/v1_cosmos_vague__RubiksCubeLeftOfBowlMatchedTask/episode_007_chunk_003.json,7011,9b2c3a8faea781e4a7343c5c2172b51d314d0beb0e88d0312941da6b644c2603
/home/ali/projects/steerable/artifacts/vla_wam_shared_v1/semantic_confirmation/cosmos_vague/localization_cache/v1_cosmos_vague__RubiksCubeLeftOfBowlMatchedTask/episode_007_chunk_004.json,7158,f0be1a2b5b2cafc2458abbd66c432cac4ccc2d96e23aa2653b4f346888101a58
/home/ali/projects/steerable/artifacts/vla_wam_shared_v1/semantic_confirmation/cosmos_vague/localization_cache/v1_cosmos_vague__RubiksCubeLeftOfBowlMatchedTask/episode_007_chunk_005.json,7066,16f34fffa63ccd5d2c53174f0b3a345d466f6d0370d2a2efce0ffde2ab67db7d
/home/ali/projects/steerable/artifacts/vla_wam_shared_v1/semantic_confirmation/cosmos_vague/localization_cache/v1_cosmos_vague__RubiksCubeLeftOfBowlMatchedTask/episode_007_chunk_006.json,7042,66f747d1fb951253c69dab853bf7f2bc05d7dcae74cebd7ba7e36543ec815d21
/home/ali/projects/steerable/artifacts/vla_wam_shared_v1/semantic_confirmation/cosmos_vague/localization_cache/v1_cosmos_vague__RubiksCubeLeftOfBowlMatchedTask/episode_007_chunk_007.json,7069,d3ddeb967b62002aaeb751a4647ff34624e7b4ee8504e7f918c25b0c74cfe171
/home/ali/projects/steerable/artifacts/vla_wam_shared_v1/semantic_confirmation/cosmos_vague/localization_cache/v1_cosmos_vague__RubiksCubeLeftOfBowlMatchedTask/episode_007_chunk_008.json,6977,9b4a94564a78f4d9ab58cd09b04cb0ca53324206b673cab52f4914fc3679a1d0
/home/ali/projects/steerable/artifacts/vla_wam_shared_v1/semantic_confirmation/cosmos_vague/localization_cache/v1_cosmos_vague__RubiksCubeLeftOfBowlMatchedTask/episode_007_chunk_009.json,6958,684ba7189ef4530af56885b899080a578fb54068afa3fb8c63d5da05c663e695
/home/ali/projects/steerable/artifacts/vla_wam_shared_v1/semantic_confirmation/cosmos_vague/localization_cache/v1_cosmos_vague__RubiksCubeLeftOfBowlMatchedTask/episode_007_chunk_010.json,7224,9ddf7240a544bad1bb65d3682835c3b8d319ae21fedc0cc9049a3b2bf5c83079
/home/ali/projects/steerable/artifacts/vla_wam_shared_v1/semantic_confirmation/cosmos_vague/localization_cache/v1_cosmos_vague__RubiksCubeLeftOfBowlMatchedTask/episode_007_chunk_011.json,7100,3c9d2e031dbac7821d02e080fa91d4caadcee781341549c562c9339ab76be715
/home/ali/projects/steerable/artifacts/vla_wam_shared_v1/semantic_confirmation/cosmos_vague/localization_cache/v1_cosmos_vague__RubiksCubeLeftOfBowlMatchedTask/episode_007_chunk_012.json,7048,c4792662b83959b70a2f4369a5cd277c157a814ad00d9394817a0e2c283ca132
/home/ali/projects/steerable/artifacts/vla_wam_shared_v1/semantic_confirmation/cosmos_vague/localization_cache/v1_cosmos_vague__RubiksCubeLeftOfBowlMatchedTask/episode_007_chunk_013.json,7297,89ecdcb9e4d714999d4dbbe97cf932364c1be0f58f255ca155a0e9325faa44cb
/home/ali/projects/steerable/artifacts/vla_wam_shared_v1/semantic_confirmation/cosmos_vague/localization_cache/v1_cosmos_vague__RubiksCubeLeftOfBowlMatchedTask/episode_007_chunk_014.json,7180,48434f5b81afbe0d99e303f10be5cdb770328dadd3ab04831d1540a9c4b9cd85
/home/ali/projects/steerable/artifacts/vla_wam_shared_v1/semantic_confirmation/cosmos_vague/localization_cache/v1_cosmos_vague__RubiksCubeLeftOfBowlMatchedTask/episode_008_chunk_000.json,6932,173f0fb7fd83d818886ab1c319e550b2d7073c3f0e4c34ce3dfe3641cfcc401b
/home/ali/projects/steerable/artifacts/vla_wam_shared_v1/semantic_confirmation/cosmos_vague/localization_cache/v1_cosmos_vague__RubiksCubeLeftOfBowlMatchedTask/episode_008_chunk_001.json,6896,535237b0a133c5b395c0fc2808950d59c7c391efbccdea31b60498f058a2ee82
/home/ali/projects/steerable/artifacts/vla_wam_shared_v1/semantic_confirmation/cosmos_vague/localization_cache/v1_cosmos_vague__RubiksCubeLeftOfBowlMatchedTask/episode_008_chunk_002.json,6931,d3f2c021921e9d2b80aa65b378c74fe24ffc7380231ef607d3475e7631a582d5
/home/ali/projects/steerable/artifacts/vla_wam_shared_v1/semantic_confirmation/cosmos_vague/localization_cache/v1_cosmos_vague__RubiksCubeLeftOfBowlMatchedTask/episode_008_chunk_003.json,6896,cc32de32e559677e3e55a365c1aeef7485f5bf79b2e2515d0d25349c6bba9344
/home/ali/projects/steerable/artifacts/vla_wam_shared_v1/semantic_confirmation/cosmos_vague/localization_cache/v1_cosmos_vague__RubiksCubeLeftOfBowlMatchedTask/episode_008_chunk_004.json,6996,e17366159b612b85ff4c8a4949ac8f06586634589826326a82e468fbeb934286
/home/ali/projects/steerable/artifacts/vla_wam_shared_v1/semantic_confirmation/cosmos_vague/localization_cache/v1_cosmos_vague__RubiksCubeLeftOfBowlMatchedTask/episode_008_chunk_005.json,7018,52d54526e74193e82ad03be309d111280c2d99df521ac97039685f42790e54a6
/home/ali/projects/steerable/artifacts/vla_wam_shared_v1/semantic_confirmation/cosmos_vague/localization_cache/v1_cosmos_vague__RubiksCubeLeftOfBowlMatchedTask/episode_008_chunk_006.json,7045,6a9b15a8d7583774eccfaa0d4bcff14ad3add78800e6779bd26a41d8dad8f736
/home/ali/projects/steerable/artifacts/vla_wam_shared_v1/semantic_confirmation/cosmos_vague/localization_cache/v1_cosmos_vague__RubiksCubeLeftOfBowlMatchedTask/episode_008_chunk_007.json,7250,c006daebeb94ce416aa9afc6116e73e958443e57e02f1299030b45a5653d8a63
/home/ali/projects/steerable/artifacts/vla_wam_shared_v1/semantic_confirmation/cosmos_vague/localization_cache/v1_cosmos_vague__RubiksCubeLeftOfBowlMatchedTask/episode_008_chunk_008.json,6981,007ed71b7f448583de4dbde75c65a275807a974a0143f6405ffd4f7df828ad91
/home/ali/projects/steerable/artifacts/vla_wam_shared_v1/semantic_confirmation/cosmos_vague/localization_cache/v1_cosmos_vague__RubiksCubeLeftOfBowlMatchedTask/episode_008_chunk_009.json,7021,7a6782b8e915326c58d212bc25ab6ab82d068fd2d212d95fbede2f4c2faf7a76
/home/ali/projects/steerable/artifacts/vla_wam_shared_v1/semantic_confirmation/cosmos_vague/localization_cache/v1_cosmos_vague__RubiksCubeLeftOfBowlMatchedTask/episode_008_chunk_010.json,7122,4848f4c263648c7bbd7d92c8938cb6208875ed71c7d1544657231bb3be52c782
/home/ali/projects/steerable/artifacts/vla_wam_shared_v1/semantic_confirmation/cosmos_vague/localization_cache/v1_cosmos_vague__RubiksCubeLeftOfBowlMatchedTask/episode_008_chunk_011.json,7001,caed1f540148b948a018e79145b8f6b39eaf868ab30511afa33a4a76f39b5713
/home/ali/projects/steerable/artifacts/vla_wam_shared_v1/semantic_confirmation/cosmos_vague/localization_cache/v1_cosmos_vague__RubiksCubeLeftOfBowlMatchedTask/episode_008_chunk_012.json,7043,a5da678b7fb918700b8d7a24d94e0c50233cb788aeab05fd83a7ac24bcdb6613
/home/ali/projects/steerable/artifacts/vla_wam_shared_v1/semantic_confirmation/cosmos_vague/localization_cache/v1_cosmos_vague__RubiksCubeLeftOfBowlMatchedTask/episode_008_chunk_013.json,7085,a212508f0592b59716f129714bece4e2bd1ca8f43dc09f9835c3d86ad15df535
/home/ali/projects/steerable/artifacts/vla_wam_shared_v1/semantic_confirmation/cosmos_vague/localization_cache/v1_cosmos_vague__RubiksCubeLeftOfBowlMatchedTask/episode_008_chunk_014.json,6898,8933eac18631e2f95782d7ce4873000aaa29e72fe88f1facb5ff81c2e2db26b7
/home/ali/projects/steerable/artifacts/vla_wam_shared_v1/semantic_confirmation/cosmos_vague/localization_cache/v1_cosmos_vague__RubiksCubeLeftOfBowlMatchedTask/episode_009_chunk_000.json,6879,99da4e34dc1661d1e70e416e939c226529f340f85c403c9aced601d7e609b558
/home/ali/projects/steerable/artifacts/vla_wam_shared_v1/semantic_confirmation/cosmos_vague/localization_cache/v1_cosmos_vague__RubiksCubeLeftOfBowlMatchedTask/episode_009_chunk_001.json,6848,91d080a2a15428c7095eeaf194287bc2ce4babd65dd34847de75686febe79775
/home/ali/projects/steerable/artifacts/vla_wam_shared_v1/semantic_confirmation/cosmos_vague/localization_cache/v1_cosmos_vague__RubiksCubeLeftOfBowlMatchedTask/episode_009_chunk_002.json,7033,7427a77d2a790bc01e0c7ba7894d6da46dd1b9d5694821d34b4df053814a116f
/home/ali/projects/steerable/artifacts/vla_wam_shared_v1/semantic_confirmation/cosmos_vague/localization_cache/v1_cosmos_vague__RubiksCubeLeftOfBowlMatchedTask/episode_009_chunk_003.json,7080,7c6d0ab4dd22bad63275c7283d10b6b36088ccd74257e1f3b1c02228c41789e4
/home/ali/projects/steerable/artifacts/vla_wam_shared_v1/semantic_confirmation/cosmos_vague/localization_cache/v1_cosmos_vague__RubiksCubeLeftOfBowlMatchedTask/episode_009_chunk_004.json,7025,dd8f514b4878d3b6b59ef60773c544c152ef037aae73cb0210d63ab91bba00e4
/home/ali/projects/steerable/artifacts/vla_wam_shared_v1/semantic_confirmation/cosmos_vague/localization_cache/v1_cosmos_vague__RubiksCubeLeftOfBowlMatchedTask/episode_009_chunk_005.json,6913,f464e94cdfa7a624812410730a51d1e4a152b6f666a381c88346eaff85332830
/home/ali/projects/steerable/artifacts/vla_wam_shared_v1/semantic_confirmation/cosmos_vague/localization_cache/v1_cosmos_vague__RubiksCubeLeftOfBowlMatchedTask/episode_009_chunk_006.json,7049,f55075f04a19c389bd7307f1b31584bfcf813b38fea40d1b06658cbc76276a60
/home/ali/projects/steerable/artifacts/vla_wam_shared_v1/semantic_confirmation/cosmos_vague/localization_cache/v1_cosmos_vague__RubiksCubeLeftOfBowlMatchedTask/episode_009_chunk_007.json,6913,5f0dda17b321de1cfe329954e628590e5911b4c1cebdbc02f9f0bd3e7df790ba
/home/ali/projects/steerable/artifacts/vla_wam_shared_v1/semantic_confirmation/cosmos_vague/localization_cache/v1_cosmos_vague__RubiksCubeLeftOfBowlMatchedTask/episode_009_chunk_008.json,6838,80143236e82a85113ae2a6ba78c9955b793f708b31cefc3800352c0ad3710989
/home/ali/projects/steerable/artifacts/vla_wam_shared_v1/semantic_confirmation/cosmos_vague/localization_cache/v1_cosmos_vague__RubiksCubeLeftOfBowlMatchedTask/episode_009_chunk_009.json,6930,7e50a0ee414788d20095d5ef80905e00b0ca7e633bebcc0329acbfa094fd96bd
/home/ali/projects/steerable/artifacts/vla_wam_shared_v1/semantic_confirmation/cosmos_vague/localization_cache/v1_cosmos_vague__RubiksCubeLeftOfBowlMatchedTask/episode_009_chunk_010.json,7039,6932d3adff4cf3048ebf68a4e9b16762fca4e7ba5f38d11e5e38d19c65ecebf2
/home/ali/projects/steerable/artifacts/vla_wam_shared_v1/semantic_confirmation/cosmos_vague/localization_cache/v1_cosmos_vague__RubiksCubeLeftOfBowlMatchedTask/episode_009_chunk_011.json,7045,26e0c417f04131287155a09b7506c971d5a5a5996397ba22b76c2003a84491c7
/home/ali/projects/steerable/artifacts/vla_wam_shared_v1/semantic_confirmation/cosmos_vague/localization_cache/v1_cosmos_vague__RubiksCubeLeftOfBowlMatchedTask/episode_009_chunk_012.json,7063,6d8298b7658793acda7172c4a6661824306225cce7f3e27ea70cc42af1f744de
/home/ali/projects/steerable/artifacts/vla_wam_shared_v1/semantic_confirmation/cosmos_vague/localization_cache/v1_cosmos_vague__RubiksCubeLeftOfBowlMatchedTask/episode_009_chunk_013.json,7035,14d8a2cb57672141a25e2d1d68fb039bc1b59ac4449ecaaa770c03bb6865f86d
/home/ali/projects/steerable/artifacts/vla_wam_shared_v1/semantic_confirmation/cosmos_vague/localization_cache/v1_cosmos_vague__RubiksCubeLeftOfBowlMatchedTask/episode_009_chunk_014.json,7033,37a69433522f0def26c4db12a36d79d324759473ae928646502d8218bf2b98f4
/home/ali/projects/steerable/artifacts/vla_wam_shared_v1/semantic_confirmation/cosmos_vague/localization_cache/v1_cosmos_vague__RubiksCubeRightOfBowlMatchedTask/episode_000_chunk_000.json,6912,d6a00ccf1446ac3137ee9963e94f6aa1d028380681d3fe5cfd61238cc8ec72ca
/home/ali/projects/steerable/artifacts/vla_wam_shared_v1/semantic_confirmation/cosmos_vague/localization_cache/v1_cosmos_vague__RubiksCubeRightOfBowlMatchedTask/episode_000_chunk_001.json,7015,5dce036185a0ab9bc04520945c55ca4766d9844e869075d7c14c8e313513b781
/home/ali/projects/steerable/artifacts/vla_wam_shared_v1/semantic_confirmation/cosmos_vague/localization_cache/v1_cosmos_vague__RubiksCubeRightOfBowlMatchedTask/episode_000_chunk_002.json,7103,84eda09c22280bb3b86b0070196b8dd1d14387320d38de030e7d79eed4f61a4b
/home/ali/projects/steerable/artifacts/vla_wam_shared_v1/semantic_confirmation/cosmos_vague/localization_cache/v1_cosmos_vague__RubiksCubeRightOfBowlMatchedTask/episode_000_chunk_003.json,7192,d3bade40a4e4e2df76805f7a036ad597886a17aeef1cc89566d42a4aa1d2dd61
/home/ali/projects/steerable/artifacts/vla_wam_shared_v1/semantic_confirmation/cosmos_vague/localization_cache/v1_cosmos_vague__RubiksCubeRightOfBowlMatchedTask/episode_000_chunk_004.json,7008,a8a8a763c9d89ff688bd6be926bbf04ae207d4a73c0d876b0d140854c2220e45
/home/ali/projects/steerable/artifacts/vla_wam_shared_v1/semantic_confirmation/cosmos_vague/localization_cache/v1_cosmos_vague__RubiksCubeRightOfBowlMatchedTask/episode_001_chunk_000.json,6877,1cc79aae7bd8bfb7c99fa111073774e2028f63cdb72de44a204e07a37a371c08
/home/ali/projects/steerable/artifacts/vla_wam_shared_v1/semantic_confirmation/cosmos_vague/localization_cache/v1_cosmos_vague__RubiksCubeRightOfBowlMatchedTask/episode_001_chunk_001.json,6925,9d32e13fb649b6ba4ca82202f89ce3a23174d8728b897c6b8523c64deb8c8c99
/home/ali/projects/steerable/artifacts/vla_wam_shared_v1/semantic_confirmation/cosmos_vague/localization_cache/v1_cosmos_vague__RubiksCubeRightOfBowlMatchedTask/episode_001_chunk_002.json,6900,648f0fb4a71fa4df1b3434c1b7819e0d8d9eb8a1140928185d333f8f685836a2
/home/ali/projects/steerable/artifacts/vla_wam_shared_v1/semantic_confirmation/cosmos_vague/localization_cache/v1_cosmos_vague__RubiksCubeRightOfBowlMatchedTask/episode_001_chunk_003.json,6907,7826dcf82fdc5d32bebf616fcdd93912c11981963c85326057c409a1aab94860
/home/ali/projects/steerable/artifacts/vla_wam_shared_v1/semantic_confirmation/cosmos_vague/localization_cache/v1_cosmos_vague__RubiksCubeRightOfBowlMatchedTask/episode_001_chunk_004.json,6923,9fc950aa53994e570abe54f386d9fbf6425c55fba6711f905f8b4ca4ef5443c7
/home/ali/projects/steerable/artifacts/vla_wam_shared_v1/semantic_confirmation/cosmos_vague/localization_cache/v1_cosmos_vague__RubiksCubeRightOfBowlMatchedTask/episode_001_chunk_005.json,7181,075fe400b947489dd968482906c108ff390e94dcc74dbf88cc91a16b4c130d0d
/home/ali/projects/steerable/artifacts/vla_wam_shared_v1/semantic_confirmation/cosmos_vague/localization_cache/v1_cosmos_vague__RubiksCubeRightOfBowlMatchedTask/episode_002_chunk_000.json,6903,9dfbfe013406109914b29cc5ef779a3ea1e8322a82eada735e728f8fe6c5f326
/home/ali/projects/steerable/artifacts/vla_wam_shared_v1/semantic_confirmation/cosmos_vague/localization_cache/v1_cosmos_vague__RubiksCubeRightOfBowlMatchedTask/episode_002_chunk_001.json,6946,45c505ff55d97b0eadcd32639d1e2b54118c3873d037d1d4c5739fcb81cccf45
/home/ali/projects/steerable/artifacts/vla_wam_shared_v1/semantic_confirmation/cosmos_vague/localization_cache/v1_cosmos_vague__RubiksCubeRightOfBowlMatchedTask/episode_002_chunk_002.json,6852,1a2e0290910df07a28b21d7c5f229905416babc1e3cf06da7eec023e1037dcfc
/home/ali/projects/steerable/artifacts/vla_wam_shared_v1/semantic_confirmation/cosmos_vague/localization_cache/v1_cosmos_vague__RubiksCubeRightOfBowlMatchedTask/episode_002_chunk_003.json,7088,b1185466c7e1e131e74fb9167a2aa9d813ace10362cc207d84805e723dad9ee2
/home/ali/projects/steerable/artifacts/vla_wam_shared_v1/semantic_confirmation/cosmos_vague/localization_cache/v1_cosmos_vague__RubiksCubeRightOfBowlMatchedTask/episode_002_chunk_004.json,6987,fbef66da617d296736e1aed6c9396fabe8dbfeb8216c1981803b99e5b0139c95
/home/ali/projects/steerable/artifacts/vla_wam_shared_v1/semantic_confirmation/cosmos_vague/localization_cache/v1_cosmos_vague__RubiksCubeRightOfBowlMatchedTask/episode_003_chunk_000.json,6906,0fc3a1c16c501d654bf3e2707eaf896da472703b0ebf0bb284541f4cd85b8f24
/home/ali/projects/steerable/artifacts/vla_wam_shared_v1/semantic_confirmation/cosmos_vague/localization_cache/v1_cosmos_vague__RubiksCubeRightOfBowlMatchedTask/episode_003_chunk_001.json,6990,8f488e1993c82258705eaf883fd11637729eec223b8bcba00156da3fbb60da08
/home/ali/projects/steerable/artifacts/vla_wam_shared_v1/semantic_confirmation/cosmos_vague/localization_cache/v1_cosmos_vague__RubiksCubeRightOfBowlMatchedTask/episode_003_chunk_002.json,7023,3e39d6cd225c798558b670901069f395c63a5176c318f9b493145331fb4abf29
/home/ali/projects/steerable/artifacts/vla_wam_shared_v1/semantic_confirmation/cosmos_vague/localization_cache/v1_cosmos_vague__RubiksCubeRightOfBowlMatchedTask/episode_003_chunk_003.json,7032,439be7226aa6667163b64f48ab4fdb6dbf1944aa437c82ec3efb9d779e456e65
/home/ali/projects/steerable/artifacts/vla_wam_shared_v1/semantic_confirmation/cosmos_vague/localization_cache/v1_cosmos_vague__RubiksCubeRightOfBowlMatchedTask/episode_003_chunk_004.json,7024,cf5ab0d24475a9fa904b054ef22922a2e80eedafcc314ef52b9e968105b4bb69
/home/ali/projects/steerable/artifacts/vla_wam_shared_v1/semantic_confirmation/cosmos_vague/localization_cache/v1_cosmos_vague__RubiksCubeRightOfBowlMatchedTask/episode_003_chunk_005.json,6989,a49f49f62828a146cc497a3770da5e5fc6406b6bc2a4b11997a3dfbe605d1e5b
/home/ali/projects/steerable/artifacts/vla_wam_shared_v1/semantic_confirmation/cosmos_vague/localization_cache/v1_cosmos_vague__RubiksCubeRightOfBowlMatchedTask/episode_003_chunk_006.json,7160,6d8dfa5b469f6df47c4eecc86d0174cda5af4b0fc9ce3436c19f36ed13b61c67
/home/ali/projects/steerable/artifacts/vla_wam_shared_v1/semantic_confirmation/cosmos_vague/localization_cache/v1_cosmos_vague__RubiksCubeRightOfBowlMatchedTask/episode_003_chunk_007.json,7122,57b0b1f39a38d0d9c437905c9fae901c79a08787e467d09503e5e07befd054f1
/home/ali/projects/steerable/artifacts/vla_wam_shared_v1/semantic_confirmation/cosmos_vague/localization_cache/v1_cosmos_vague__RubiksCubeRightOfBowlMatchedTask/episode_004_chunk_000.json,6900,3b32c071acdd9e3e0d89686f2f2316ff39cf4786a48b1c8d2550451cc0f8c2cc
/home/ali/projects/steerable/artifacts/vla_wam_shared_v1/semantic_confirmation/cosmos_vague/localization_cache/v1_cosmos_vague__RubiksCubeRightOfBowlMatchedTask/episode_004_chunk_001.json,6945,0003830270f944882794a0ef1cb6ce9cec83532026c905c8590d5ad437d2d258
/home/ali/projects/steerable/artifacts/vla_wam_shared_v1/semantic_confirmation/cosmos_vague/localization_cache/v1_cosmos_vague__RubiksCubeRightOfBowlMatchedTask/episode_004_chunk_002.json,7089,2df00e0330007142ab643cd91001c0d247fa54aefa29a9ca1b108ef07afa5a5a
/home/ali/projects/steerable/artifacts/vla_wam_shared_v1/semantic_confirmation/cosmos_vague/localization_cache/v1_cosmos_vague__RubiksCubeRightOfBowlMatchedTask/episode_004_chunk_003.json,7140,2f0795ace20013e6ee5f8cec7a3ddd0670dad829f0dcc2032550dfd615afdf65
/home/ali/projects/steerable/artifacts/vla_wam_shared_v1/semantic_confirmation/cosmos_vague/localization_cache/v1_cosmos_vague__RubiksCubeRightOfBowlMatchedTask/episode_004_chunk_004.json,7045,727d273c7b3c831c3df785eef94e9bf7078574d7462d0924ca349cb781d6b5ab
/home/ali/projects/steerable/artifacts/vla_wam_shared_v1/semantic_confirmation/cosmos_vague/localization_cache/v1_cosmos_vague__RubiksCubeRightOfBowlMatchedTask/episode_004_chunk_005.json,7074,00e43b0508e9fa789c2ff471f1b1d9f89e2f7b335f3b9e3f734cd366d73c7723
/home/ali/projects/steerable/artifacts/vla_wam_shared_v1/semantic_confirmation/cosmos_vague/localization_cache/v1_cosmos_vague__RubiksCubeRightOfBowlMatchedTask/episode_004_chunk_006.json,7004,345707929bbb043eed3a20635a61f80a88978964538f451306eb01c71afd8329
/home/ali/projects/steerable/artifacts/vla_wam_shared_v1/semantic_confirmation/cosmos_vague/localization_cache/v1_cosmos_vague__RubiksCubeRightOfBowlMatchedTask/episode_004_chunk_007.json,7021,9c40b82a9af7d14dbf6ea33602511a97838cd79d06acb5b039eb649e74b47675
/home/ali/projects/steerable/artifacts/vla_wam_shared_v1/semantic_confirmation/cosmos_vague/localization_cache/v1_cosmos_vague__RubiksCubeRightOfBowlMatchedTask/episode_004_chunk_008.json,7135,1dba0ee28e3794ff73f3c58de8aa7e4cc7b6ed35aebd8866ec4ba71223c7c612
/home/ali/projects/steerable/artifacts/vla_wam_shared_v1/semantic_confirmation/cosmos_vague/localization_cache/v1_cosmos_vague__RubiksCubeRightOfBowlMatchedTask/episode_004_chunk_009.json,7023,813aa1c7effa2709f1480bad4f29070f2c0b9758e9a3bfc55be8083e50f7fa02
/home/ali/projects/steerable/artifacts/vla_wam_shared_v1/semantic_confirmation/cosmos_vague/localization_cache/v1_cosmos_vague__RubiksCubeRightOfBowlMatchedTask/episode_004_chunk_010.json,7102,b5645370f1fa3448fdf61d89b70347115ddd9f2cc18b5a58e936b8fc67612628
/home/ali/projects/steerable/artifacts/vla_wam_shared_v1/semantic_confirmation/cosmos_vague/localization_cache/v1_cosmos_vague__RubiksCubeRightOfBowlMatchedTask/episode_005_chunk_000.json,6977,a8df2f23e9a879bf62369c3a7291d34e516274780d1bbb343c7c57957d40ff29
/home/ali/projects/steerable/artifacts/vla_wam_shared_v1/semantic_confirmation/cosmos_vague/localization_cache/v1_cosmos_vague__RubiksCubeRightOfBowlMatchedTask/episode_005_chunk_001.json,6972,2116d98b45f64dfdf93f359376d86b7be4e145cce2c6024e67cebeb90cf19d92
/home/ali/projects/steerable/artifacts/vla_wam_shared_v1/semantic_confirmation/cosmos_vague/localization_cache/v1_cosmos_vague__RubiksCubeRightOfBowlMatchedTask/episode_005_chunk_002.json,7057,0484c87d03ee8c8555faed23dcf133780ad93e0a4e8ddaf84668d5fc646862dd
/home/ali/projects/steerable/artifacts/vla_wam_shared_v1/semantic_confirmation/cosmos_vague/localization_cache/v1_cosmos_vague__RubiksCubeRightOfBowlMatchedTask/episode_005_chunk_003.json,7063,6f914e32eaccc97f6520d0acd77af296eacd58aa75cadc0d32e5d5447cf91be7
/home/ali/projects/steerable/artifacts/vla_wam_shared_v1/semantic_confirmation/cosmos_vague/localization_cache/v1_cosmos_vague__RubiksCubeRightOfBowlMatchedTask/episode_005_chunk_004.json,7085,9a5c8a4f20ef0fc0f3288e6bbba071f9553c367c3eeab2d745d8c52124f69359
/home/ali/projects/steerable/artifacts/vla_wam_shared_v1/semantic_confirmation/cosmos_vague/localization_cache/v1_cosmos_vague__RubiksCubeRightOfBowlMatchedTask/episode_006_chunk_000.json,6891,15d551d7d3e795d6de1ed687506442eeb4ab536c3aa9f610c3e8295a27c34419
/home/ali/projects/steerable/artifacts/vla_wam_shared_v1/semantic_confirmation/cosmos_vague/localization_cache/v1_cosmos_vague__RubiksCubeRightOfBowlMatchedTask/episode_006_chunk_001.json,7008,4cc93d9931968674ff7d3a89608bbbc0924094706d347dbdead1a5752cb217ba
/home/ali/projects/steerable/artifacts/vla_wam_shared_v1/semantic_confirmation/cosmos_vague/localization_cache/v1_cosmos_vague__RubiksCubeRightOfBowlMatchedTask/episode_006_chunk_002.json,7173,4e1a2dafdb441701831799e5b2b8628885ccf39f9ee8d4b497e8e048d89cbf1e
/home/ali/projects/steerable/artifacts/vla_wam_shared_v1/semantic_confirmation/cosmos_vague/localization_cache/v1_cosmos_vague__RubiksCubeRightOfBowlMatchedTask/episode_006_chunk_003.json,7122,e2c4f1147f58715717546492d04d9a6d96652004c8a6f41221fe665e78ce7e5e
/home/ali/projects/steerable/artifacts/vla_wam_shared_v1/semantic_confirmation/cosmos_vague/localization_cache/v1_cosmos_vague__RubiksCubeRightOfBowlMatchedTask/episode_006_chunk_004.json,7031,56d6ee24839e54aca83515802a1d09be6dc471aa697b71aa3fd60ea4827e5164
/home/ali/projects/steerable/artifacts/vla_wam_shared_v1/semantic_confirmation/cosmos_vague/localization_cache/v1_cosmos_vague__RubiksCubeRightOfBowlMatchedTask/episode_007_chunk_000.json,6886,436eee380e58d589c29fbc338f5b6d55bc80b8aff91e1dfb1c9d56888c4b5eed
/home/ali/projects/steerable/artifacts/vla_wam_shared_v1/semantic_confirmation/cosmos_vague/localization_cache/v1_cosmos_vague__RubiksCubeRightOfBowlMatchedTask/episode_007_chunk_001.json,6884,5753b1cc4d7631db31cd48dfeda08c5048dd2e7e3e66c93b1efade1ef00ae01d
/home/ali/projects/steerable/artifacts/vla_wam_shared_v1/semantic_confirmation/cosmos_vague/localization_cache/v1_cosmos_vague__RubiksCubeRightOfBowlMatchedTask/episode_007_chunk_002.json,6963,10c434c6cac59d24bce02ec1c150f7876193690e0f62c1db8f66158918ef7072
/home/ali/projects/steerable/artifacts/vla_wam_shared_v1/semantic_confirmation/cosmos_vague/localization_cache/v1_cosmos_vague__RubiksCubeRightOfBowlMatchedTask/episode_007_chunk_003.json,7091,87dc99153e86f584c42eb449514136eb33903e664b7c269ba758f13532826942
/home/ali/projects/steerable/artifacts/vla_wam_shared_v1/semantic_confirmation/cosmos_vague/localization_cache/v1_cosmos_vague__RubiksCubeRightOfBowlMatchedTask/episode_008_chunk_000.json,6915,cd4e2981cb8fcc7e7b394a462faa042ecb918944ce4c999e55bf46e034914c80
/home/ali/projects/steerable/artifacts/vla_wam_shared_v1/semantic_confirmation/cosmos_vague/localization_cache/v1_cosmos_vague__RubiksCubeRightOfBowlMatchedTask/episode_008_chunk_001.json,6936,7ba3623fac1f71b272232812471a091740b3ad0d6f70737d02bdf9a18b08c5ab
/home/ali/projects/steerable/artifacts/vla_wam_shared_v1/semantic_confirmation/cosmos_vague/localization_cache/v1_cosmos_vague__RubiksCubeRightOfBowlMatchedTask/episode_008_chunk_002.json,7215,ed2806cb23f57a7bb1dcfa4fb3f4b61d4c1a9f329834d7805586ecbb3725e0b0
/home/ali/projects/steerable/artifacts/vla_wam_shared_v1/semantic_confirmation/cosmos_vague/localization_cache/v1_cosmos_vague__RubiksCubeRightOfBowlMatchedTask/episode_008_chunk_003.json,7217,3650ebdfc35982f07478338f48a7c42144e23d4f6ad74bed1ef491b2af0d3313
/home/ali/projects/steerable/artifacts/vla_wam_shared_v1/semantic_confirmation/cosmos_vague/localization_cache/v1_cosmos_vague__RubiksCubeRightOfBowlMatchedTask/episode_008_chunk_004.json,6909,4d083fbb5c7ba420f431855d8ffdd2848851ccefc30fd4f4529e4331add11fb5
/home/ali/projects/steerable/artifacts/vla_wam_shared_v1/semantic_confirmation/cosmos_vague/localization_cache/v1_cosmos_vague__RubiksCubeRightOfBowlMatchedTask/episode_008_chunk_005.json,7047,fbd1a19358f5cdbd210b132b9939cb02b5ff80037eb2222433f707f1c936a3d0
/home/ali/projects/steerable/artifacts/vla_wam_shared_v1/semantic_confirmation/cosmos_vague/localization_cache/v1_cosmos_vague__RubiksCubeRightOfBowlMatchedTask/episode_009_chunk_000.json,6998,aaa26d9893bbbd2d11f097739420f06343adefeea936d741f3088f23f57a86b3
/home/ali/projects/steerable/artifacts/vla_wam_shared_v1/semantic_confirmation/cosmos_vague/localization_cache/v1_cosmos_vague__RubiksCubeRightOfBowlMatchedTask/episode_009_chunk_001.json,6979,a8170b5019f446491999cf34dd3417d5074163c8dd3c88beeaed5b5d20ad705a
/home/ali/projects/steerable/artifacts/vla_wam_shared_v1/semantic_confirmation/cosmos_vague/localization_cache/v1_cosmos_vague__RubiksCubeRightOfBowlMatchedTask/episode_009_chunk_002.json,6953,2e4ea538dd04869c5b074f2f7e0287a43beb896607fc730667608dbe3809940b
/home/ali/projects/steerable/artifacts/vla_wam_shared_v1/semantic_confirmation/cosmos_vague/localization_cache/v1_cosmos_vague__RubiksCubeRightOfBowlMatchedTask/episode_009_chunk_003.json,7050,5c0d35aea2b71584454e3c5969a7057bbdc64fe4dd8ba3dd4bf0a894fb4e7939
/home/ali/projects/steerable/artifacts/vla_wam_shared_v1/semantic_confirmation/cosmos_vague/localization_cache/v1_cosmos_vague__RubiksCubeRightOfBowlMatchedTask/episode_009_chunk_004.json,7054,2172d3d56b7c0e273a7f13737c9b9a41f42d18097c6e7f8ff34511462d3296ba
/home/ali/projects/steerable/artifacts/vla_wam_shared_v1/semantic_confirmation/cosmos_vague/localization_cache/v1_cosmos_vague__RubiksCubeRightOfBowlMatchedTask/episode_009_chunk_005.json,7171,33345d7a77ab29e419a3d631bf5f62ff89e32e2b932ed61256edbd59d8db1f2a
/home/ali/projects/steerable/artifacts/vla_wam_shared_v1/semantic_confirmation/cosmos_vague/localization_cache/v1_cosmos_vague__RubiksCubeRightOfBowlMatchedTask/episode_009_chunk_006.json,7137,0672dc60e834c9f437e50ae693f9cb8e185cd2ca7db6fefc7360991b369fa1b4
/home/ali/projects/steerable/artifacts/vla_wam_shared_v1/semantic_confirmation/cosmos_vague/localization_cache/v1_cosmos_vague__RubiksCubeRightOfBowlMatchedTask/episode_009_chunk_007.json,6994,d9bb35a1377fc2044a5c1e590011e9264b894b443b625cd48c1a676f8d51f67f
/home/ali/projects/steerable/artifacts/vla_wam_shared_v1/semantic_confirmation/cosmos_vague/localization_cache/v1_cosmos_vague__RubiksCubeRightOfBowlMatchedTask/episode_009_chunk_008.json,7140,72a9da58494bb6994a09bc41ecd81ba4491ddd7b321784069db2332c2db0db36
/home/ali/projects/steerable/artifacts/vla_wam_shared_v1/semantic_confirmation/cosmos_vague/runtime.txt,1243,72886e791795bbcd2f9e490583d56a7008406a106a27a57a1d14496125e5b74d
/home/ali/projects/steerable/artifacts/vla_wam_shared_v1/semantic_confirmation/cosmos_vague/semantic_quadrants.csv,59424,714734326bce218ca435b79d4787690db95df2afd51b2c6783b2851a38dcc740
/home/ali/projects/steerable/artifacts/vla_wam_shared_v1/semantic_confirmation/cosmos_vague/semantic_quadrants_summary.json,135812,c649fdfc74f8355af99ec7900881aec6d21c0534967088d15523cfb4ae90b93f
/home/ali/projects/steerable/artifacts/vla_wam_shared_v1/semantic_future_visualization/blog/selected_semantic_future_examples.png,2625855,57f401a16a524de86d534173969dfacd76de52d0bdf1929dd1ccb413d1f456f7
/home/ali/projects/steerable/artifacts/vla_wam_shared_v1/semantic_future_visualization/selection.json,6802,421d7a89aae377bccabd653eeea7f7e0df9fba82ca559bc78c74eb6046f41d3c
/home/ali/projects/steerable/artifacts/vla_wam_shared_v1/semantic_future_visualization/social/wam_semantic_quadrants_1200x1200.png,623861,d76b45991082624cad6fe4f33edd234eff1dfa66b6e48e01e709a5b0ee196083
/home/ali/projects/steerable/artifacts/vla_wam_shared_v1/semantic_future_visualization/social/wam_semantic_quadrants_1600x900.png,933842,a53ffff52360d5baa6786ef9ba6b67b493212197ad9e42b99762671157d6721b
/home/ali/projects/steerable/artifacts/vla_wam_shared_v1/semantic_future_visualization/summary.json,689,80020881efac0fcec2ee34ea6c9e0e8d8d5dbfc5d3ec0620255756b25df536d4
/home/ali/projects/steerable/artifacts/vla_wam_shared_v1/thermal_logs/cosmos_canonical.jsonl,48485,dca622827d49dbf806737e11fa4c4c8cad8e89da45b03d027c477796d95e4fd6
/home/ali/projects/steerable/artifacts/vla_wam_shared_v1/thermal_logs/cosmos_contrastive.jsonl,509,82f5f55c1a2431ed0f56f3f084619861a891fad653ceda3e1c2e8e29cf122629
/home/ali/projects/steerable/artifacts/vla_wam_shared_v1/thermal_logs/cosmos_declarative.jsonl,503,fa0d5ef12c1e350739557ecf72c6990b5c3882e6b0a578dd5a0caba84060cf60
/home/ali/projects/steerable/artifacts/vla_wam_shared_v1/thermal_logs/cosmos_h5_static.jsonl,499,30c4b43667e47a5ef7fcf32895337988aca71c77d40fa72589e0e4d56e9d9360
/home/ali/projects/steerable/artifacts/vla_wam_shared_v1/thermal_logs/cosmos_vague.jsonl,23335,84ab1fcdeb1a6b050533cdda9740712c063dcc8d20ff7ce0494c2f64cb9d4caa
/home/ali/projects/steerable/artifacts/vla_wam_shared_v1/thermal_logs/pi05_canonical.jsonl,495,78ee8e4b05b52674771b13fd1897617a6a532653fdd77835b90fedfa16056060
/home/ali/projects/steerable/artifacts/vla_wam_shared_v1/thermal_logs/pi05_contrastive.jsonl,499,fac36ff0a2287b81dc261bb2e33f208431ecf53b8199ee3949f6bc2892469b0a
/home/ali/projects/steerable/artifacts/vla_wam_shared_v1/thermal_logs/pi05_declarative.jsonl,499,831f7594556b62f7a80571735a133eb428257b9fce0295a7aaa76a864b73d838
/home/ali/projects/steerable/artifacts/vla_wam_shared_v1/thermal_logs/pi05_vague.jsonl,493,bfb6642dc2dc950d81d66f1e23c433271437660d32c8ce5da2e48ab75c960695
/home/ali/projects/steerable/artifacts/vla_wam_shared_v1/trajectory_evidence/blog/all_executed_paths_and_endpoints.png,470512,22e97854952966e6a1d2f03756ec0ba49583935ad1d3c63bd750d6ae98baf485
/home/ali/projects/steerable/artifacts/vla_wam_shared_v1/trajectory_evidence/blog/failure_progress_anatomy.png,192483,7d6c5726958d65344c432b704f37476cd99cc1965b720ae4d3b5b84aac6a0ad3
/home/ali/projects/steerable/artifacts/vla_wam_shared_v1/trajectory_evidence/social/failure_progress_anatomy_1200x1200.png,102985,c542b9cbebbb91764d914c7092828d5a15d7ca3cf47b613eb3fc2803d21c1571
/home/ali/projects/steerable/artifacts/vla_wam_shared_v1/trajectory_evidence/social/first_seed_stress_landscape_1600x900.png,142424,83cdff05d1dbab5ab6c8654cd9f8f444a18279cb80c4d7daccf9b71a3dcde0e7
/home/ali/projects/steerable/artifacts/vla_wam_shared_v1/trajectory_evidence/social/first_seed_stress_square_1200x1200.png,149590,d5bcc2c1e2eb1527060cbbc6ab1961188f0babe5fb9d27cac7c41051617b47e1
/home/ali/projects/steerable/artifacts/vla_wam_shared_v1/trajectory_evidence/social/retrospective_wording_discordance_1600x900.png,140286,36555fcf360855eeede5145ec3648d614b09d4dbf03d01281086bb063b1b2064
/home/ali/projects/steerable/artifacts/vla_wam_shared_v1/trajectory_evidence/social/steerability_scorecard_1200x1200.png,69108,cee4313f1e27db0a078b549fee055cdaf2a9dd158d16a290329c97b67af1a36a
/home/ali/projects/steerable/artifacts/vla_wam_shared_v1/trajectory_evidence/social/steerability_scorecard_1600x900.png,73725,4da0d59808bad8f1bd6969a6f826edf957ec38883ebb477e138571d83d74c737
/home/ali/projects/steerable/artifacts/vla_wam_shared_v1/trajectory_evidence/summary.json,11729,f288b3e8ffcaa9a790864a1a9632c16e86a62bd2f92dd196436300b572239fe8
/home/ali/projects/steerable/artifacts/vla_wam_shared_v1/trajectory_evidence/trajectory_index.csv,119894,aea44d8b53a252024db0414a82ce8b9b94e654eff9cf53fa8871a8f27d953787
/home/ali/projects/steerable/artifacts/vla_wam_shared_v1/trajectory_evidence/trajectory_index.json,666256,253f60c5df1b3dac4667d29642ead74279ec4c0d20cc1ce8ce5ab5a3601c0296
