absolute_path,bytes,sha256
/home/ali/projects/Efficient-WAM/experiments/robotwin_language_gate/BLOG_NOTES.md,4619,4b37862bb2f54c4a337f981195e07990df920df81484f893d027976019ed1197
/home/ali/projects/Efficient-WAM/experiments/robotwin_language_gate/README.md,8097,cc6682c8e28afe42b4d32b0ed38b73448074e44dcc5408da9fd45add1cc031f4
/home/ali/projects/Efficient-WAM/experiments/robotwin_language_gate/capture_fixed_observation.py,4470,c59dd92469f53cecc23790813fe6a132dde7ab54462b886455e2a2c59ca7c204
/home/ali/projects/Efficient-WAM/experiments/robotwin_language_gate/closed_loop_language_gate.py,13216,df853349443d9ddb6d24005c4c3b079ea6874a5a87afaea0817e6c1b8f99b835
/home/ali/projects/Efficient-WAM/experiments/robotwin_language_gate/hierarchical_steering_gate.py,25800,7a5026eb451585984be0b957f21c8cd967e4b4aa1c98ef90fe40752e6b7daa3a
/home/ali/projects/Efficient-WAM/experiments/robotwin_language_gate/language_grounding_probe.py,6204,9d456b8ae3f77aa5b978bda1fa8c8c2f744b173506df96da40bcd25bc5c0d0ba
/home/ali/projects/Efficient-WAM/experiments/robotwin_language_gate/run_gate_3090.sh,868,0a8dacef7b180dca8733d37c86ed1e3534cc1660a4e1cedfb372dcdc86d6a56b
/home/ali/projects/Efficient-WAM/experiments/robotwin_language_gate/run_hierarchical_gate_3090.sh,869,d14768ea0e9a1384aa90ad2f9db9718617570e4accbad20d79c015effd624070
/home/ali/projects/Efficient-WAM/experiments/robotwin_language_gate/summarize_hierarchical_results.py,14960,7da5acc7dd06922c0576050fa06dabe14da712a10f1740e7f6928e8d0e4e67e5
/home/ali/projects/Efficient-WAM/experiments/robotwin_language_gate/summarize_results.py,6725,0e82123d07a0f30c66084300f5f2a216b8f47918ed733395267f32165f18f0d2
/home/ali/projects/Efficient-WAM/outputs/robotwin_language_gate/adaptive_left_s600_602/place_a2b_left/environment_seed_4200000/sampling_seed_600/adaptive_oracle_counterfactual/result.json,20312,72c6a1bce4cf42c6ba78fceedfb617eaebd23f8926e3ed21e251a701e0647aef
/home/ali/projects/Efficient-WAM/outputs/robotwin_language_gate/adaptive_left_s600_602/place_a2b_left/environment_seed_4200000/sampling_seed_600/adaptive_oracle_counterfactual/trajectory.npz,23503,4fb41447f9605808feb4f9ed5f3260c71f297c09e5efccbf1e61284d235b59da
/home/ali/projects/Efficient-WAM/outputs/robotwin_language_gate/adaptive_right_s600_602/place_a2b_right/environment_seed_4200000/sampling_seed_600/adaptive_oracle_counterfactual/result.json,20281,a95837e76aefe3754cba2672125a218213afdad8139c96be892b1d9035ab391c
/home/ali/projects/Efficient-WAM/outputs/robotwin_language_gate/adaptive_right_s600_602/place_a2b_right/environment_seed_4200000/sampling_seed_600/adaptive_oracle_counterfactual/trajectory.npz,23246,c8f860b869a5b0550cfda2b26d0c467387d863757a1a79b863b6f9428b8f7f6e
/home/ali/projects/Efficient-WAM/outputs/robotwin_language_gate/blog/RESULTS.md,799,858af1fb7361dbb022e784377a0deb385741a40f812101d817dfa6fb88ec4d61
/home/ali/projects/Efficient-WAM/outputs/robotwin_language_gate/blog/endpoint_shift.png,141656,b29f52777c40851c8dfeed6039993c653ce9d1925f0fee9921ac65d8c0cda6de
/home/ali/projects/Efficient-WAM/outputs/robotwin_language_gate/blog_clean_right_to_left/clean_pair_montage.png,212455,adea0df1625d6abaaaa2317288a9fc63f46c41a994fc7277c4c78700b8f62ca9
/home/ali/projects/Efficient-WAM/outputs/robotwin_language_gate/blog_clean_right_to_left/frames/correct_0.0.png,28941,fcd7c877b69ce877352c3a8403bc0929126bdbb49d820b0a3f247889ee031d46
/home/ali/projects/Efficient-WAM/outputs/robotwin_language_gate/blog_clean_right_to_left/frames/correct_4.0.png,43877,e58fd3b1dc423a41f6cb93c109e72ff50d74d2bf2b0d4b7e93229da5063f339c
/home/ali/projects/Efficient-WAM/outputs/robotwin_language_gate/blog_clean_right_to_left/frames/correct_7.4.png,44207,7bb70bd4a0eca3e9a2af42c6d4ac4d700dcf6c77dd88219c50c40a2d438697df
/home/ali/projects/Efficient-WAM/outputs/robotwin_language_gate/blog_clean_right_to_left/frames/swapped_0.0.png,29212,633d5cb6bd73e5a6fda253495bd66848d03ff019fab90286b13cab4ede5e3686
/home/ali/projects/Efficient-WAM/outputs/robotwin_language_gate/blog_clean_right_to_left/frames/swapped_4.0.png,45663,f031c01b5aa6ec418690a4aa8425f783dfd4b0e54b8d184f0d303c291d9be923
/home/ali/projects/Efficient-WAM/outputs/robotwin_language_gate/blog_clean_right_to_left/frames/swapped_7.9.png,49701,9b7cf7dc6261aa81b274486677ac51b491c2d78bbc13366fccae0567265ff82d
/home/ali/projects/Efficient-WAM/outputs/robotwin_language_gate/blog_clean_right_to_left/manifest.json,457,dce5986114070d9fd4d380d9bdbf0b6d98c751daae88d5d42221aa54c0e33bff
/home/ali/projects/Efficient-WAM/outputs/robotwin_language_gate/blog_clean_right_to_left/place_a2b_right/environment_seed_4200000/sampling_seed_600/correct/efficient_wam_predicted_video/episode0.mp4,20626,1c13875e1b925c7122662e4f760c99c296cc8458eaeb0f731171efcc400b3527
/home/ali/projects/Efficient-WAM/outputs/robotwin_language_gate/blog_clean_right_to_left/place_a2b_right/environment_seed_4200000/sampling_seed_600/correct/result.json,1751,a473035273a23fde9bb2e0d023f2f5f15f0c7a5e24c276fc1ab293fa06cf6003
/home/ali/projects/Efficient-WAM/outputs/robotwin_language_gate/blog_clean_right_to_left/place_a2b_right/environment_seed_4200000/sampling_seed_600/correct/simulator.mp4,33032,e36e20ed51cf5c3f76b033eeac888525e5b872c81f1506b118ea223ea27ab294
/home/ali/projects/Efficient-WAM/outputs/robotwin_language_gate/blog_clean_right_to_left/place_a2b_right/environment_seed_4200000/sampling_seed_600/swapped/efficient_wam_predicted_video/episode1.mp4,20937,23f8ec8940b5c19e5f024cdcfe8fe5782e31ab7b97602257998c463f8bad914b
/home/ali/projects/Efficient-WAM/outputs/robotwin_language_gate/blog_clean_right_to_left/place_a2b_right/environment_seed_4200000/sampling_seed_600/swapped/result.json,1751,6c75ca661198df1f75157f92ac46e2825ca5ef7bd13857c29d1effc054fc1d66
/home/ali/projects/Efficient-WAM/outputs/robotwin_language_gate/blog_clean_right_to_left/place_a2b_right/environment_seed_4200000/sampling_seed_600/swapped/simulator.mp4,36997,31dd7fc855fd57a0ae8c7b5872c97ebab8d15085763f64e51b3956860a0d0e3c
/home/ali/projects/Efficient-WAM/outputs/robotwin_language_gate/blog_clean_right_to_left/results.csv,475,b412e1d5dfeb19e75529ba254e5b22db499138712bbdcf95e625940c9281463b
/home/ali/projects/Efficient-WAM/outputs/robotwin_language_gate/blog_clean_right_to_left/results.jsonl,3098,e6e1c1bcf496cbe5dd4e0b3920135d10eca75ee6b835b49f979e8af1f2e1db62
/home/ali/projects/Efficient-WAM/outputs/robotwin_language_gate/blog_video_left_seed4200000_s600/env_seed_4200000/sampling_seed_600/place_a2b_left/canonical/efficient_wam_predicted_video/episode0.mp4,21663,df0f9ee5b96fcbf1a13ab82112b25718d5dc3ae4dbd71fbd121d1698f5286a07
/home/ali/projects/Efficient-WAM/outputs/robotwin_language_gate/blog_video_left_seed4200000_s600/env_seed_4200000/sampling_seed_600/place_a2b_left/canonical/result.json,2292,b18f3c2ccaed6cf32786c7e498ef7e197035e60ac6a3840514b44c1b6fb8383c
/home/ali/projects/Efficient-WAM/outputs/robotwin_language_gate/blog_video_left_seed4200000_s600/env_seed_4200000/sampling_seed_600/place_a2b_left/canonical/rollout.mp4,38595,3eafc2090203ca5b07f9abd672d66332ce727d3a00a24b78a704f3162f2616f1
/home/ali/projects/Efficient-WAM/outputs/robotwin_language_gate/blog_video_left_seed4200000_s600/env_seed_4200000/sampling_seed_600/place_a2b_left/counterfactual/efficient_wam_predicted_video/episode0.mp4,21634,c41aec8e5d90fb77f55c954c1b810fa9ef99a59d513bec7ec8d174285386c8aa
/home/ali/projects/Efficient-WAM/outputs/robotwin_language_gate/blog_video_left_seed4200000_s600/env_seed_4200000/sampling_seed_600/place_a2b_left/counterfactual/result.json,7111,3b044b1f0cf6af7b875a1acc47f89b32f05f801f65d2ce6826f193c090526fe2
/home/ali/projects/Efficient-WAM/outputs/robotwin_language_gate/blog_video_left_seed4200000_s600/env_seed_4200000/sampling_seed_600/place_a2b_left/counterfactual/rollout.mp4,146809,1c5320acc3fd7f865a69de49b25f0c3ebbbfe5e1761152114e1eae971754dae3
/home/ali/projects/Efficient-WAM/outputs/robotwin_language_gate/blog_video_left_seed4200000_s600/frames/canonical_00.png,28374,a6ce5cb2b4c6099b56f78dbdff17b58e68075b88e8671bed1f977526dd7476af
/home/ali/projects/Efficient-WAM/outputs/robotwin_language_gate/blog_video_left_seed4200000_s600/frames/canonical_35.png,50781,60fa9abbe90849834a5d55cbfb8a2093d4a55bceded409291f808af8b3fe85ee
/home/ali/projects/Efficient-WAM/outputs/robotwin_language_gate/blog_video_left_seed4200000_s600/frames/canonical_72.png,47323,752e4224ca11f827659d653202211641b06daf008673798c4377a241a4a9d244
/home/ali/projects/Efficient-WAM/outputs/robotwin_language_gate/blog_video_left_seed4200000_s600/frames/counterfactual_00.png,28422,0248c36e5b021854536a12595d844eebf5c429c5d3bd2f5e2212632d817e35db
/home/ali/projects/Efficient-WAM/outputs/robotwin_language_gate/blog_video_left_seed4200000_s600/frames/counterfactual_220.png,33439,5528b9cafc7bf2562c8dc3b9c37ab27e4e43cb2b1d8ef696ddeceb06cd6bbc07
/home/ali/projects/Efficient-WAM/outputs/robotwin_language_gate/blog_video_left_seed4200000_s600/frames/counterfactual_48.png,36931,249c42e5dd98275e8688454ed21a605b94f4b96a9570922578ac5b646a88970e
/home/ali/projects/Efficient-WAM/outputs/robotwin_language_gate/blog_video_left_seed4200000_s600/imagined_frames/canonical_0.0.png,24426,e7102a13b19e0db98ee1576c401130204eab2cb860b30d4bc1895e2bcd822b1a
/home/ali/projects/Efficient-WAM/outputs/robotwin_language_gate/blog_video_left_seed4200000_s600/imagined_frames/canonical_0.7.png,29821,b3a09d92fd5d2605b341352a3422aaac75264ec6a8291ada57a04e795b852e6b
/home/ali/projects/Efficient-WAM/outputs/robotwin_language_gate/blog_video_left_seed4200000_s600/imagined_frames/canonical_1.4.png,29899,c29aa561a57f30a93e2b96474ff945e0a2c0a6fa0e96bdc779e51dd11b9943ab
/home/ali/projects/Efficient-WAM/outputs/robotwin_language_gate/blog_video_left_seed4200000_s600/imagined_frames/canonical_2.1.png,27183,d4e775dc5291ebe7e2495af2b49004a60d6d42e4f1cbc278ee26aaf6d4f0754a
/home/ali/projects/Efficient-WAM/outputs/robotwin_language_gate/blog_video_left_seed4200000_s600/imagined_frames/counterfactual_0.0.png,24335,df9d2ebff1ccba54f596c59d6cca6fe0a1ffec42b4449057d3cd625690b863cf
/home/ali/projects/Efficient-WAM/outputs/robotwin_language_gate/blog_video_left_seed4200000_s600/imagined_frames/counterfactual_0.7.png,29746,16ee1a72c843662b8425f57efbb54544fe6c7224b88d5f8b041346ddb6a6214a
/home/ali/projects/Efficient-WAM/outputs/robotwin_language_gate/blog_video_left_seed4200000_s600/imagined_frames/counterfactual_1.4.png,30247,3f59041b8401da0424bdb1f595aa8b1ee4a7cd035b0a7d930b9732947eeb6d3a
/home/ali/projects/Efficient-WAM/outputs/robotwin_language_gate/blog_video_left_seed4200000_s600/imagined_frames/counterfactual_2.1.png,27046,892fc721a27a979805da72db828f030c2ca08f47f4bc9f3e5a9d63a1270f77bb
/home/ali/projects/Efficient-WAM/outputs/robotwin_language_gate/blog_video_left_seed4200000_s600/imagined_montage.png,183956,419b20ef4010a99ec7bfc1c822b1dc5b9b4a43c3f6515a4017e3aa7aa32fb86f
/home/ali/projects/Efficient-WAM/outputs/robotwin_language_gate/blog_video_left_seed4200000_s600/manifest.json,368,b5ce337cbe969050185895c559609c4034fa2b5e2d4c1b5e9c91e09e6de50c29
/home/ali/projects/Efficient-WAM/outputs/robotwin_language_gate/blog_video_left_seed4200000_s600/rollout_montage.png,194172,4087831aaec3ef049dc033e33a845f63c83db0e1a96be477ae6323c322dc38d5
/home/ali/projects/Efficient-WAM/outputs/robotwin_language_gate/blog_video_left_seed4200000_s600/summary.csv,763,107c203095ef265b6d3a739ea2478f0962ef76c2c9e3d9dd3a7ccc8448e53b6e
/home/ali/projects/Efficient-WAM/outputs/robotwin_language_gate/closed_loop_grid_seed4200000_s600_602/env_seed_4200000/sampling_seed_600/place_a2b_left/canonical/result.json,2292,65f55b16e19e81d7a19444538be14af74e458a66758735a1b0491d453adda39e
/home/ali/projects/Efficient-WAM/outputs/robotwin_language_gate/closed_loop_grid_seed4200000_s600_602/env_seed_4200000/sampling_seed_600/place_a2b_left/counterfactual/result.json,7112,da4d58c548bdce0540d01d21f81df77803781c7015a24282ea17177a197ef16b
/home/ali/projects/Efficient-WAM/outputs/robotwin_language_gate/closed_loop_grid_seed4200000_s600_602/env_seed_4200000/sampling_seed_600/place_a2b_right/canonical/result.json,2295,4fa1fb245ac48c65b56d48df897276684ece035b3d102a3cee6fd16a2820e90d
/home/ali/projects/Efficient-WAM/outputs/robotwin_language_gate/closed_loop_grid_seed4200000_s600_602/env_seed_4200000/sampling_seed_600/place_a2b_right/counterfactual/result.json,7154,b512e77b1b733c93deeccbb08662804c797754123132200017407fe6a447bcc1
/home/ali/projects/Efficient-WAM/outputs/robotwin_language_gate/closed_loop_grid_seed4200000_s600_602/env_seed_4200000/sampling_seed_601/place_a2b_left/canonical/result.json,2290,a7a91c4dfd187d5ba591bc15d50befcf530232bc9a17f2aedeb25d04eaa48d76
/home/ali/projects/Efficient-WAM/outputs/robotwin_language_gate/closed_loop_grid_seed4200000_s600_602/env_seed_4200000/sampling_seed_601/place_a2b_left/counterfactual/result.json,7103,7a24724da877e647ba561b183222ab44a3767801a74b51ee03c9fc1b5948d81b
/home/ali/projects/Efficient-WAM/outputs/robotwin_language_gate/closed_loop_grid_seed4200000_s600_602/env_seed_4200000/sampling_seed_601/place_a2b_right/canonical/result.json,2300,aac601f0952a568dc07441e96bd6692ee4a80abb23e6c489265e38221a8d14e4
/home/ali/projects/Efficient-WAM/outputs/robotwin_language_gate/closed_loop_grid_seed4200000_s600_602/env_seed_4200000/sampling_seed_601/place_a2b_right/counterfactual/result.json,7197,17a7a5a2dc6b4469f597d761274860161d076bdb9810624a1e0718473c86072e
/home/ali/projects/Efficient-WAM/outputs/robotwin_language_gate/closed_loop_grid_seed4200000_s600_602/env_seed_4200000/sampling_seed_602/place_a2b_left/canonical/result.json,2290,0278da94886a1a90964c56166eb16ac4c1e569052149998646b60eb07b30eac6
/home/ali/projects/Efficient-WAM/outputs/robotwin_language_gate/closed_loop_grid_seed4200000_s600_602/env_seed_4200000/sampling_seed_602/place_a2b_left/counterfactual/result.json,3281,c671c680edb7dad836d95ac5066af11e9490fa190e3f6db6a159bcd61c8afba2
/home/ali/projects/Efficient-WAM/outputs/robotwin_language_gate/closed_loop_grid_seed4200000_s600_602/env_seed_4200000/sampling_seed_602/place_a2b_right/canonical/result.json,2296,49a11d89802fa99d418c38396c71e015369e9dea39ea5dcbd0fe8f4c170d23c3
/home/ali/projects/Efficient-WAM/outputs/robotwin_language_gate/closed_loop_grid_seed4200000_s600_602/env_seed_4200000/sampling_seed_602/place_a2b_right/counterfactual/result.json,7167,aeae6963dca9ef664a685235ac1aa6c3a1ff87c105013696c88ce7a4d8be0d14
/home/ali/projects/Efficient-WAM/outputs/robotwin_language_gate/closed_loop_grid_seed4200000_s600_602/manifest.json,407,90ae813e1bf8840b2e03322d75cc0a9e3acc96146bfb775ef7e039bfd2cc62c0
/home/ali/projects/Efficient-WAM/outputs/robotwin_language_gate/closed_loop_grid_seed4200000_s600_602/summary.csv,3101,2e7fa550272008ea077fe56435668d21b4025662ecb1bc53164b2c6a7c92eecd
/home/ali/projects/Efficient-WAM/outputs/robotwin_language_gate/closed_loop_right_seed4200000_s600/manifest.json,345,e6d0dacbad2fc6ecc8928d0d8d787643afe4180d20988f769e12d6f60d871726
/home/ali/projects/Efficient-WAM/outputs/robotwin_language_gate/closed_loop_right_seed4200000_s600/place_a2b_right/canonical/result.json,2145,4be6b5b379aeb53dec046ce5fca79637e4521cfae1151a254671a782eb39c430
/home/ali/projects/Efficient-WAM/outputs/robotwin_language_gate/closed_loop_right_seed4200000_s600/place_a2b_right/counterfactual/result.json,7001,3050adb9d3da3aa891e993b2d61c5f9d189139a6f0d97c799fe502916d36c9d3
/home/ali/projects/Efficient-WAM/outputs/robotwin_language_gate/closed_loop_right_seed4200000_s600/summary.csv,590,14fc8ebe644afc427c7a4eacce34152097bd7131a91a501859020bf452e9904e
/home/ali/projects/Efficient-WAM/outputs/robotwin_language_gate/closed_loop_seed4200000_s600/manifest.json,344,215b3ac4840b5c1a12c702dadf0e4bf8fcc346b58e9a7df402746e1929bc0227
/home/ali/projects/Efficient-WAM/outputs/robotwin_language_gate/closed_loop_seed4200000_s600/place_a2b_left/canonical/result.json,2142,141d798470f085fcf7695835bb0978562b5b106c3eb3a56bc299e73468ac6fcb
/home/ali/projects/Efficient-WAM/outputs/robotwin_language_gate/closed_loop_seed4200000_s600/place_a2b_left/counterfactual/result.json,6962,344830a63863ea181795a340ab8f0f002c717701adc619d1f0619d4165dc03d3
/home/ali/projects/Efficient-WAM/outputs/robotwin_language_gate/closed_loop_seed4200000_s600/summary.csv,586,74e9ef91d493382196913e4ce75aeb77dd5a236a48089238690c640f4d2edd2d
/home/ali/projects/Efficient-WAM/outputs/robotwin_language_gate/closed_loop_seed_4300000/manifest.json,444,5a6a1aedecf782835ba11fdf2cf1209afaa1f1d21c32381f1c82b77bb1969435
/home/ali/projects/Efficient-WAM/outputs/robotwin_language_gate/closed_loop_seed_4300000/place_a2b_left/seed_4300000/correct/efficient_wam_predicted_video/episode0.mp4,29182,e09441b8c7d761980c584e6d2004d860a53242caa32ebdcec50a0783e34e5ba0
/home/ali/projects/Efficient-WAM/outputs/robotwin_language_gate/closed_loop_seed_4300000/place_a2b_left/seed_4300000/correct/result.json,1659,1bfe2d1bb8019623c85a7500d42ae19d41327056c19a11d5da02f2a531f5e276
/home/ali/projects/Efficient-WAM/outputs/robotwin_language_gate/closed_loop_seed_4300000/place_a2b_left/seed_4300000/correct/simulator.mp4,26301,92a11db804a682b8475024455970ef9cb84943781758f5c557ade12bf4c17a3b
/home/ali/projects/Efficient-WAM/outputs/robotwin_language_gate/closed_loop_seed_4300000/place_a2b_left/seed_4300000/swapped/efficient_wam_predicted_video/episode1.mp4,189774,61b9dd3d424ff0f3a75f2dcdce9fd29034dc36e4a3838a489ba50636f25d6e0d
/home/ali/projects/Efficient-WAM/outputs/robotwin_language_gate/closed_loop_seed_4300000/place_a2b_left/seed_4300000/swapped/result.json,1664,b1a08e7248592586dbf519897f0fe79492734f36084f83f249cff8b1854a913c
/home/ali/projects/Efficient-WAM/outputs/robotwin_language_gate/closed_loop_seed_4300000/place_a2b_left/seed_4300000/swapped/simulator.mp4,163403,9c56856a925c2231eda9f582cd198f8e0e8ee9aef9c67869c1ca3912b85ab355
/home/ali/projects/Efficient-WAM/outputs/robotwin_language_gate/closed_loop_seed_4300000/place_a2b_right/seed_4300000/correct/efficient_wam_predicted_video/episode2.mp4,34240,47e475fef0b23589153d764dd0737bcc9c206cb243cfbcc2abaae5b0201492b7
/home/ali/projects/Efficient-WAM/outputs/robotwin_language_gate/closed_loop_seed_4300000/place_a2b_right/seed_4300000/correct/result.json,1675,29399675a0aa6fbe1f8d06f66f1ddb45335a12a5513f665cdbede5cd8df61c2b
/home/ali/projects/Efficient-WAM/outputs/robotwin_language_gate/closed_loop_seed_4300000/place_a2b_right/seed_4300000/correct/simulator.mp4,26441,49eda13124ad61d3cd2075deb7726913dae42d782233ef5214b13272501b3ffe
/home/ali/projects/Efficient-WAM/outputs/robotwin_language_gate/closed_loop_seed_4300000/place_a2b_right/seed_4300000/swapped/efficient_wam_predicted_video/episode3.mp4,202759,f9d6c09bd74e5678c8505a6f201069c4ed8996c74167a7edc6d9d04b0b8e9403
/home/ali/projects/Efficient-WAM/outputs/robotwin_language_gate/closed_loop_seed_4300000/place_a2b_right/seed_4300000/swapped/result.json,1671,bb0e841acdec5145b3f95f4aa9645e65e16a7f2c05868b2f0b5e0f5e139dabc1
/home/ali/projects/Efficient-WAM/outputs/robotwin_language_gate/closed_loop_seed_4300000/place_a2b_right/seed_4300000/swapped/simulator.mp4,156752,29a1e6a5c16732cd0d7ad2d78ca5ebc5b17e15602527e4ac9194ff15d6dea254
/home/ali/projects/Efficient-WAM/outputs/robotwin_language_gate/closed_loop_seed_4300000/results.csv,768,4b99d43a75cb935c09243868a7e1ec1633da49e5f4a0aa4baf9ea8ef8f19f1b6
/home/ali/projects/Efficient-WAM/outputs/robotwin_language_gate/closed_loop_seed_4300000/results.jsonl,5869,12aefcd2d1cdbca2eb359eee70ef4a4d1165da541d502ce1e55e9b13439d0ebf
/home/ali/projects/Efficient-WAM/outputs/robotwin_language_gate/cross_scene_left_4200001_s600/manifest.json,455,d2368da97c606f63d9947c5f264110d3095eb3842a924a41081c893879e841a9
/home/ali/projects/Efficient-WAM/outputs/robotwin_language_gate/cross_scene_left_4200001_s600/place_a2b_left/environment_seed_4200001/sampling_seed_600/correct/result.json,1615,78c412e1c0bf3afd612a42730e137698aa9b4e0f21b0a19c8aa59632b04249d4
/home/ali/projects/Efficient-WAM/outputs/robotwin_language_gate/cross_scene_left_4200001_s600/place_a2b_left/environment_seed_4200001/sampling_seed_600/swapped/result.json,1617,918cdb2e671f62ce4759432cb85dfd9bffaa6240d743a30f5bca52bb2bbbd45e
/home/ali/projects/Efficient-WAM/outputs/robotwin_language_gate/cross_scene_left_4200001_s600/results.csv,507,4a6589001c22c77efc497e4807b837856fbb90418f20a9f582318b4d4449cd6c
/home/ali/projects/Efficient-WAM/outputs/robotwin_language_gate/cross_scene_left_4200001_s600/results.jsonl,2828,29e1aeb3c80c225a0c95a4727f8331cc2e7e4f99988b833aed13742aee636f11
/home/ali/projects/Efficient-WAM/outputs/robotwin_language_gate/cross_scene_left_4200002_s600/manifest.json,455,ee0503d154bd576642253be6e0b4c51a21050baccc1a5f379bad59ad236ebe1f
/home/ali/projects/Efficient-WAM/outputs/robotwin_language_gate/cross_scene_left_4200002_s600/place_a2b_left/environment_seed_4200002/sampling_seed_600/correct/result.json,1592,a7574579dcab7fa83d209bf3955a9c986e0fc7f9da8338c8c536a9cc93385d41
/home/ali/projects/Efficient-WAM/outputs/robotwin_language_gate/cross_scene_left_4200002_s600/place_a2b_left/environment_seed_4200002/sampling_seed_600/swapped/result.json,1593,08985c4eec07a5140a717a042e7f3541d637510d07f7cd141d54a5e805e21475
/home/ali/projects/Efficient-WAM/outputs/robotwin_language_gate/cross_scene_left_4200002_s600/results.csv,476,164f0e0d0b7f6ba82abcbd13fedf589c2f435891ef734c63d045887533e06f6b
/home/ali/projects/Efficient-WAM/outputs/robotwin_language_gate/cross_scene_left_4200002_s600/results.jsonl,2781,41dcfa0342f28f3ab9bb9b2a4b17069db7635057cfac22d4a7fbb3d37c002259
/home/ali/projects/Efficient-WAM/outputs/robotwin_language_gate/fixed_left_seed4200000.json,442,1871b623135805614eacfe07fed16ab62ef2baf8d6ffd3fa3c899b4cec4b1da2
/home/ali/projects/Efficient-WAM/outputs/robotwin_language_gate/fixed_left_seed4200000.npz,106276,8aa6d7a435148446d085c3aea6981435c16cb08df0a624185a4e849608483761
/home/ali/projects/Efficient-WAM/outputs/robotwin_language_gate/hierarchical_command_styles/RESULTS.md,2027,2dc5d9cf876b33f72f9c36dfe52934a755dbb9fb27e0c7407031d23840a6db9e
/home/ali/projects/Efficient-WAM/outputs/robotwin_language_gate/hierarchical_command_styles/command_style_endpoints.png,140426,6e3a3f4aa53f952d8973dd06f8c947e9ec6ec67da29772f4df673c952304902e
/home/ali/projects/Efficient-WAM/outputs/robotwin_language_gate/hierarchical_command_styles/condition_summary.csv,708,3c5c61b21c2ce83367f3592185c367da8dc4436ec7bff0bc6ae382d144f3f455
/home/ali/projects/Efficient-WAM/outputs/robotwin_language_gate/hierarchical_command_styles/identical_prefix_trajectory.png,114834,a916152e27a94e805729833139653856efecd95ab95157ab288f56c18ddd3fee
/home/ali/projects/Efficient-WAM/outputs/robotwin_language_gate/hierarchical_left_partial_summary/RESULTS.md,1120,cb582a4a0be79c806cca58deab3182791feb893cf6ba68b165cf0d23aea0c8b5
/home/ali/projects/Efficient-WAM/outputs/robotwin_language_gate/hierarchical_left_partial_summary/command_style_endpoints.png,118305,df10a653ef30b29196aa4ae3f584a59bf8743ce85be22fc6d2fb5ab4e26eba23
/home/ali/projects/Efficient-WAM/outputs/robotwin_language_gate/hierarchical_left_partial_summary/condition_summary.csv,715,b0779c55c7f428d0ed4d3f396b10952cfaa2ebafa4f7cb77f9a77433a23f7f99
/home/ali/projects/Efficient-WAM/outputs/robotwin_language_gate/hierarchical_left_partial_summary/identical_prefix_trajectory.png,129241,22b36d7e4a7c25cb5a6f820ea3952c663827937a5971068374207d834ec961f3
/home/ali/projects/Efficient-WAM/outputs/robotwin_language_gate/hierarchical_left_s600_602/place_a2b_left/environment_seed_4200000/sampling_seed_600/static_counterfactual/result.json,2117,1269c7a5bbb2f2389f9cae86181e7b112646e2fa9fe2d275527549aef8a00113
/home/ali/projects/Efficient-WAM/outputs/robotwin_language_gate/hierarchical_left_s600_602/place_a2b_left/environment_seed_4200000/sampling_seed_600/static_counterfactual/trajectory.npz,25564,4ed967a07856d5ce1c453cdc755e47c5e0b21fc19a7e3e4f6ca2476e525556bf
/home/ali/projects/Efficient-WAM/outputs/robotwin_language_gate/hierarchical_left_s600_602/place_a2b_left/environment_seed_4200000/sampling_seed_600/static_native/result.json,2090,dbde38b72610012f6a7c8ff75a6a20fbaf539a8329726cdb2fe28a09dc08f786
/home/ali/projects/Efficient-WAM/outputs/robotwin_language_gate/hierarchical_left_s600_602/place_a2b_left/environment_seed_4200000/sampling_seed_600/static_native/trajectory.npz,5683,51ed52607a2c73e539a82834f5cdb6bd836e18b85ae1fcd07cb988eb71a4e988
/home/ali/projects/Efficient-WAM/outputs/robotwin_language_gate/hierarchical_left_s600_602/place_a2b_left/environment_seed_4200000/sampling_seed_600/switch_atomic_counterfactual/result.json,3020,74743d0f0ffe41679b05d0c833490eca3e267941d0fb4ba0abceb08a01df402c
/home/ali/projects/Efficient-WAM/outputs/robotwin_language_gate/hierarchical_left_s600_602/place_a2b_left/environment_seed_4200000/sampling_seed_600/switch_atomic_counterfactual/trajectory.npz,23677,177f1da9e10e95e9d2d8ff86d797026aeb0e5e18970582ae72be57711b85b04e
/home/ali/projects/Efficient-WAM/outputs/robotwin_language_gate/hierarchical_left_s600_602/place_a2b_left/environment_seed_4200000/sampling_seed_600/switch_combined_counterfactual/result.json,3090,2b9ec825beb27f991be3959abd8757f131f4be616777e7ee71f004fa8c6180e9
/home/ali/projects/Efficient-WAM/outputs/robotwin_language_gate/hierarchical_left_s600_602/place_a2b_left/environment_seed_4200000/sampling_seed_600/switch_combined_counterfactual/trajectory.npz,26096,64d024928b58c24a0ec9cbc6e73238a37423bc946b2680dba97b1cbd0d352fd9
/home/ali/projects/Efficient-WAM/outputs/robotwin_language_gate/hierarchical_left_s600_602/place_a2b_left/environment_seed_4200000/sampling_seed_600/switch_native_control/result.json,3107,b33edf0efade8ac1b47633b1e0cc3627f88183d5f53b88c47b75ba752d82e844
/home/ali/projects/Efficient-WAM/outputs/robotwin_language_gate/hierarchical_left_s600_602/place_a2b_left/environment_seed_4200000/sampling_seed_600/switch_native_control/trajectory.npz,4340,b28321c7b2892d9d8d5ab92e073799b8d34c2c640f85c7b2fbd64f970ea7a256
/home/ali/projects/Efficient-WAM/outputs/robotwin_language_gate/hierarchical_left_s600_602/place_a2b_left/environment_seed_4200000/sampling_seed_600/switch_subtask_counterfactual/result.json,3082,41ce405c170be2c5ebfdec13694cc2da7324e4eb02a58d8d23133368730a7d6e
/home/ali/projects/Efficient-WAM/outputs/robotwin_language_gate/hierarchical_left_s600_602/place_a2b_left/environment_seed_4200000/sampling_seed_600/switch_subtask_counterfactual/trajectory.npz,23967,39e051e2102591c49e848c4dec0c9525a897de04efb041e2049debc6719a1b36
/home/ali/projects/Efficient-WAM/outputs/robotwin_language_gate/hierarchical_left_s600_602/place_a2b_left/environment_seed_4200000/sampling_seed_600/switch_task_counterfactual/result.json,3072,88a61183f1f3ed3a16dbd98e833efc3f1ac3f3e75d4f3b1c37f25320b36d6980
/home/ali/projects/Efficient-WAM/outputs/robotwin_language_gate/hierarchical_left_s600_602/place_a2b_left/environment_seed_4200000/sampling_seed_600/switch_task_counterfactual/trajectory.npz,23809,d445b4a84775e26db5d817db9a3bcab62ad483d4981fcd653645a69495444ce4
/home/ali/projects/Efficient-WAM/outputs/robotwin_language_gate/hierarchical_left_s600_602/place_a2b_left/environment_seed_4200000/sampling_seed_601/static_counterfactual/result.json,2117,5bc63fb434ae94b0d206bdbefd25af262e9b81e62bd89f7362fec4a8e8bafc41
/home/ali/projects/Efficient-WAM/outputs/robotwin_language_gate/hierarchical_left_s600_602/place_a2b_left/environment_seed_4200000/sampling_seed_601/static_counterfactual/trajectory.npz,25814,b92436c5bc674b46f0effdaa2f31081e833c2e7f62ebcedcd9ea2b8b48fd1c09
/home/ali/projects/Efficient-WAM/outputs/robotwin_language_gate/hierarchical_left_s600_602/place_a2b_left/environment_seed_4200000/sampling_seed_601/static_native/result.json,2091,b3a88f0d1c22f001745f5134bee9feabcb1ddac38b3d3ac90bfd23c5f227c7b1
/home/ali/projects/Efficient-WAM/outputs/robotwin_language_gate/hierarchical_left_s600_602/place_a2b_left/environment_seed_4200000/sampling_seed_601/static_native/trajectory.npz,5681,48bc399745b80996f5c8de0288df46707a389d632e0ac809cafa8fe4ea215923
/home/ali/projects/Efficient-WAM/outputs/robotwin_language_gate/hierarchical_left_s600_602/place_a2b_left/environment_seed_4200000/sampling_seed_601/switch_atomic_counterfactual/result.json,3019,9bbc66698470d478ec82dc418ffd96a97d84c77f618b5526db1c40919244ac8d
/home/ali/projects/Efficient-WAM/outputs/robotwin_language_gate/hierarchical_left_s600_602/place_a2b_left/environment_seed_4200000/sampling_seed_601/switch_atomic_counterfactual/trajectory.npz,23610,8dccf42a04e3eda164a8c34ca8b8dc4f44db9be1b84e6a207aa471e0021d257b
/home/ali/projects/Efficient-WAM/outputs/robotwin_language_gate/hierarchical_left_s600_602/place_a2b_left/environment_seed_4200000/sampling_seed_601/switch_combined_counterfactual/result.json,3092,aa79fd929bd1196ea0b0ede09170e292e903295afb0a16e7233c16245a44528c
/home/ali/projects/Efficient-WAM/outputs/robotwin_language_gate/hierarchical_left_s600_602/place_a2b_left/environment_seed_4200000/sampling_seed_601/switch_combined_counterfactual/trajectory.npz,23179,7abf63aead9996afc8a5cb42a1897708b2e113edf4d611ad418ba7c0752b715b
/home/ali/projects/Efficient-WAM/outputs/robotwin_language_gate/hierarchical_left_s600_602/place_a2b_left/environment_seed_4200000/sampling_seed_601/switch_native_control/result.json,3103,0ae573dc8d6c01d79e02c8db545221e02d57d0da23e4b936bfecb8f0ebe31575
/home/ali/projects/Efficient-WAM/outputs/robotwin_language_gate/hierarchical_left_s600_602/place_a2b_left/environment_seed_4200000/sampling_seed_601/switch_native_control/trajectory.npz,4275,ec13a0e2372e003ad4bbeaa4cffb6cafdcee48a5e0fe6fbdceb2a08dbee21792
/home/ali/projects/Efficient-WAM/outputs/robotwin_language_gate/hierarchical_left_s600_602/place_a2b_left/environment_seed_4200000/sampling_seed_601/switch_subtask_counterfactual/result.json,3082,9b4e4e2f92c8445a08658b708e73c5bf87cc52a2b6e04bc876a13a685c4141f4
/home/ali/projects/Efficient-WAM/outputs/robotwin_language_gate/hierarchical_left_s600_602/place_a2b_left/environment_seed_4200000/sampling_seed_601/switch_subtask_counterfactual/trajectory.npz,23661,5b047cea2847f0c4b40859ec356e64f7fe545202dbdcf2e315ea32f7ba71fb6f
/home/ali/projects/Efficient-WAM/outputs/robotwin_language_gate/hierarchical_left_s600_602/place_a2b_left/environment_seed_4200000/sampling_seed_601/switch_task_counterfactual/result.json,3070,5a4c0a14b22eb073281ce33df0f39a5c4dbafb44d0d4ae98fcc0143de252693b
/home/ali/projects/Efficient-WAM/outputs/robotwin_language_gate/hierarchical_left_s600_602/place_a2b_left/environment_seed_4200000/sampling_seed_601/switch_task_counterfactual/trajectory.npz,25283,6a9411c096757fca8e7eeec9ba810bf4b6575ea5a1539ce09832540b213a34ea
/home/ali/projects/Efficient-WAM/outputs/robotwin_language_gate/hierarchical_left_s600_602/place_a2b_left/environment_seed_4200000/sampling_seed_602/static_native/result.json,2091,603df5f49615d9ef7eaa4dea5fec3f7507be35e9787a16fdef9f0f01b9b47ae4
/home/ali/projects/Efficient-WAM/outputs/robotwin_language_gate/hierarchical_left_s600_602/place_a2b_left/environment_seed_4200000/sampling_seed_602/static_native/trajectory.npz,5701,cbe5835deb25d08bb50d68da885a8e30beaecdab5ab8d40e14d0b831851e4460
/home/ali/projects/Efficient-WAM/outputs/robotwin_language_gate/hierarchical_left_s602_parallel/manifest.json,1492,d2972a4e75a96ba351a0ff517c543316c746d18f494c86f271dd13747b37364a
/home/ali/projects/Efficient-WAM/outputs/robotwin_language_gate/hierarchical_left_s602_parallel/place_a2b_left/environment_seed_4200000/sampling_seed_602/static_counterfactual/result.json,2127,4ea2cacf5e00dca7624f0e77d34834527cc284dd4272a4e0c0596f3a3559900c
/home/ali/projects/Efficient-WAM/outputs/robotwin_language_gate/hierarchical_left_s602_parallel/place_a2b_left/environment_seed_4200000/sampling_seed_602/static_counterfactual/trajectory.npz,24952,f43af13a8e0d76af0667ef6511fdbf81ef020d93f8d3e649e47cf883f86e4cc7
/home/ali/projects/Efficient-WAM/outputs/robotwin_language_gate/hierarchical_left_s602_parallel/place_a2b_left/environment_seed_4200000/sampling_seed_602/static_native/result.json,2101,768efee421fa9d49790b07d13ed70444aa54b4f91a6058f3f77904c03d06449f
/home/ali/projects/Efficient-WAM/outputs/robotwin_language_gate/hierarchical_left_s602_parallel/place_a2b_left/environment_seed_4200000/sampling_seed_602/static_native/trajectory.npz,5701,cbe5835deb25d08bb50d68da885a8e30beaecdab5ab8d40e14d0b831851e4460
/home/ali/projects/Efficient-WAM/outputs/robotwin_language_gate/hierarchical_left_s602_parallel/place_a2b_left/environment_seed_4200000/sampling_seed_602/switch_atomic_counterfactual/result.json,3025,2f029c831da6c566be459a07f2bae14802d190b269b03e9a841b2da746c1a271
/home/ali/projects/Efficient-WAM/outputs/robotwin_language_gate/hierarchical_left_s602_parallel/place_a2b_left/environment_seed_4200000/sampling_seed_602/switch_atomic_counterfactual/trajectory.npz,24442,1ce00009d4d810e4b46ba2aae4fc334e648d5be324ec070b75642ca283bd358e
/home/ali/projects/Efficient-WAM/outputs/robotwin_language_gate/hierarchical_left_s602_parallel/place_a2b_left/environment_seed_4200000/sampling_seed_602/switch_combined_counterfactual/result.json,3101,11d3db795d3020c2b55d171f7d8e1ff74b1cab90f301232eb2ce77ef1879e1b7
/home/ali/projects/Efficient-WAM/outputs/robotwin_language_gate/hierarchical_left_s602_parallel/place_a2b_left/environment_seed_4200000/sampling_seed_602/switch_combined_counterfactual/trajectory.npz,24909,d3dfa5e2ae7052f99bc91bc5746b63c5cb31eb197928727d0ab84428b2a86f08
/home/ali/projects/Efficient-WAM/outputs/robotwin_language_gate/hierarchical_left_s602_parallel/place_a2b_left/environment_seed_4200000/sampling_seed_602/switch_native_control/result.json,3117,ddbc07af32c6b3cbbf9926f4651931b9ae4cd5465b979ff544b2b5ec2135c89a
/home/ali/projects/Efficient-WAM/outputs/robotwin_language_gate/hierarchical_left_s602_parallel/place_a2b_left/environment_seed_4200000/sampling_seed_602/switch_native_control/trajectory.npz,4290,db5b8892c61eb85d78acf8ac19d4cce248f3cff975503ec7edb1a2291961d1a6
/home/ali/projects/Efficient-WAM/outputs/robotwin_language_gate/hierarchical_left_s602_parallel/place_a2b_left/environment_seed_4200000/sampling_seed_602/switch_subtask_counterfactual/result.json,3094,ed76fb9608f5bbca2229e25087cea1fa21f4db748a057a4f17a1f7117b616a6d
/home/ali/projects/Efficient-WAM/outputs/robotwin_language_gate/hierarchical_left_s602_parallel/place_a2b_left/environment_seed_4200000/sampling_seed_602/switch_subtask_counterfactual/trajectory.npz,23917,217bcc2e2735a8c8116f13bbf98dab9eaa5ee7b0a5af78e2bd32ec496896ae88
/home/ali/projects/Efficient-WAM/outputs/robotwin_language_gate/hierarchical_left_s602_parallel/place_a2b_left/environment_seed_4200000/sampling_seed_602/switch_task_counterfactual/result.json,3084,da1b04eca0f834d39c0c98d0bf2b27524993d647ea43f085a6b22174f9e63d7f
/home/ali/projects/Efficient-WAM/outputs/robotwin_language_gate/hierarchical_left_s602_parallel/place_a2b_left/environment_seed_4200000/sampling_seed_602/switch_task_counterfactual/trajectory.npz,23475,3211b7058ffdd8aea69436df756e06def538d07c35592355a97b339fed7a0f5d
/home/ali/projects/Efficient-WAM/outputs/robotwin_language_gate/hierarchical_left_s602_parallel/results.csv,1645,81313a3fd59e0f92255a5c62b71de2c54be776dff98ece6fc3b73f460bb9afab
/home/ali/projects/Efficient-WAM/outputs/robotwin_language_gate/hierarchical_left_s602_parallel/results.jsonl,17233,0c075a548b4c466935b60d8935fd1c599c37ebc375aea8bf960de16ba4baf5c0
/home/ali/projects/Efficient-WAM/outputs/robotwin_language_gate/hierarchical_partial_summary/RESULTS.md,1121,2ed8ff8e94a28d9a9cf3fca27749ddfe2d7b645235149434409951da1fd433ae
/home/ali/projects/Efficient-WAM/outputs/robotwin_language_gate/hierarchical_partial_summary/command_style_endpoints.png,116391,25eee92d5090c53b2812441392eda4127d2f77b511aebfd53d73e365ce4188e2
/home/ali/projects/Efficient-WAM/outputs/robotwin_language_gate/hierarchical_partial_summary/condition_summary.csv,712,413aabbda5a12d86b6ccf851143568f0028fa26fbd55c6fd298477cb63a8b428
/home/ali/projects/Efficient-WAM/outputs/robotwin_language_gate/hierarchical_partial_summary/identical_prefix_trajectory.png,114684,8e3aab03407691f80a22dffb2b66a520d265d401fb1849743352acdc2eaacb23
/home/ali/projects/Efficient-WAM/outputs/robotwin_language_gate/hierarchical_right_s601_602/manifest.json,2072,9291d48602df8d22ed485e4839c1d88243e0bd8d70156f31f3a0354ccfbc88d7
/home/ali/projects/Efficient-WAM/outputs/robotwin_language_gate/hierarchical_right_s601_602/place_a2b_right/environment_seed_4200000/sampling_seed_601/static_counterfactual/result.json,2125,c725c8406098b3008efc185793b15699c1e1ac540de3166c15ed573e46ab287f
/home/ali/projects/Efficient-WAM/outputs/robotwin_language_gate/hierarchical_right_s601_602/place_a2b_right/environment_seed_4200000/sampling_seed_601/static_counterfactual/trajectory.npz,23697,2114d3f988a9e5b6024a2c89feb90c57d6eadd912f3604fcc26fe11cb896d791
/home/ali/projects/Efficient-WAM/outputs/robotwin_language_gate/hierarchical_right_s601_602/place_a2b_right/environment_seed_4200000/sampling_seed_601/static_native/result.json,2099,56ecc4e8bcb178b6cb1d5d883376edbe24dc2cfd566e1f0e648f41227dac6d97
/home/ali/projects/Efficient-WAM/outputs/robotwin_language_gate/hierarchical_right_s601_602/place_a2b_right/environment_seed_4200000/sampling_seed_601/static_native/trajectory.npz,5923,a3c937fd3e0683add8e2679dd72507a501911a1b836f192fd695ffd32a7e6a64
/home/ali/projects/Efficient-WAM/outputs/robotwin_language_gate/hierarchical_right_s601_602/place_a2b_right/environment_seed_4200000/sampling_seed_601/switch_atomic_counterfactual/result.json,3024,7ed24647485ea3f0d49ce0a4718815b31a4c1f4e1e7c8a5e75ddfb4a27df4518
/home/ali/projects/Efficient-WAM/outputs/robotwin_language_gate/hierarchical_right_s601_602/place_a2b_right/environment_seed_4200000/sampling_seed_601/switch_atomic_counterfactual/trajectory.npz,23672,7ba2d70c4d0660f9fba05d431c2cb07b018caedfdd92d05841a6e05cf54daf36
/home/ali/projects/Efficient-WAM/outputs/robotwin_language_gate/hierarchical_right_s601_602/place_a2b_right/environment_seed_4200000/sampling_seed_601/switch_combined_counterfactual/result.json,3097,cab8228f75ed60c5bc3e1bc569065ed0649c6b22b870d76100c77d660a7a1f58
/home/ali/projects/Efficient-WAM/outputs/robotwin_language_gate/hierarchical_right_s601_602/place_a2b_right/environment_seed_4200000/sampling_seed_601/switch_combined_counterfactual/trajectory.npz,22651,2444a3b3c66ce0467a110fef12e2c69fe418cd4b4287d9451ea357efaa2ee897
/home/ali/projects/Efficient-WAM/outputs/robotwin_language_gate/hierarchical_right_s601_602/place_a2b_right/environment_seed_4200000/sampling_seed_601/switch_native_control/result.json,3119,8aa1c74a8f3c73ad08c99c681cadc9ab2a61a06b96ad0c8d089d34bc957ae416
/home/ali/projects/Efficient-WAM/outputs/robotwin_language_gate/hierarchical_right_s601_602/place_a2b_right/environment_seed_4200000/sampling_seed_601/switch_native_control/trajectory.npz,4308,1e14f41c2d4a7b73858b223cc6cc1087b2cb05e8ecd31e4b2b02a1035ef82400
/home/ali/projects/Efficient-WAM/outputs/robotwin_language_gate/hierarchical_right_s601_602/place_a2b_right/environment_seed_4200000/sampling_seed_601/switch_subtask_counterfactual/result.json,3081,0b70c9366b3d7578396e66e7ab1fd01464487eedce79059c37724fc3f5a91ab4
/home/ali/projects/Efficient-WAM/outputs/robotwin_language_gate/hierarchical_right_s601_602/place_a2b_right/environment_seed_4200000/sampling_seed_601/switch_subtask_counterfactual/trajectory.npz,4712,1e6461a1c3d792dea4a3c584b169a6c884e2a3587a7a73739f8c8eaf666ab9a3
/home/ali/projects/Efficient-WAM/outputs/robotwin_language_gate/hierarchical_right_s601_602/place_a2b_right/environment_seed_4200000/sampling_seed_601/switch_task_counterfactual/result.json,3076,9940478c67f5d89ab139b6cc0647bc7d1277598db9ed0a45fc2952d8b9b04f9e
/home/ali/projects/Efficient-WAM/outputs/robotwin_language_gate/hierarchical_right_s601_602/place_a2b_right/environment_seed_4200000/sampling_seed_601/switch_task_counterfactual/trajectory.npz,4702,4b45bbafe248739bd7180a6928a4ae30e4b8c5da0d49ddeb60ad107c9715d774
/home/ali/projects/Efficient-WAM/outputs/robotwin_language_gate/hierarchical_right_s601_602/place_a2b_right/environment_seed_4200000/sampling_seed_602/static_counterfactual/result.json,2121,44809a54b193cec5fd808c0e7d3611945c892aff3548306455992f99202a6ea1
/home/ali/projects/Efficient-WAM/outputs/robotwin_language_gate/hierarchical_right_s601_602/place_a2b_right/environment_seed_4200000/sampling_seed_602/static_counterfactual/trajectory.npz,6326,4bc3c755290e190760dc4176e0b7ac833653bfd5061b0084ee01602ec74e3072
/home/ali/projects/Efficient-WAM/outputs/robotwin_language_gate/hierarchical_right_s601_602/place_a2b_right/environment_seed_4200000/sampling_seed_602/static_native/result.json,2097,0979e067695d87e1bef6c1c6191f26345735033c17b69c61b64b8a81aacdbf1c
/home/ali/projects/Efficient-WAM/outputs/robotwin_language_gate/hierarchical_right_s601_602/place_a2b_right/environment_seed_4200000/sampling_seed_602/static_native/trajectory.npz,5853,2b3500e53228503a759d4fbc9b250e90a93fab8f1f9ecf14c24c89381fad9702
/home/ali/projects/Efficient-WAM/outputs/robotwin_language_gate/hierarchical_right_s601_602/place_a2b_right/environment_seed_4200000/sampling_seed_602/switch_atomic_counterfactual/result.json,3025,e5963be25873eace651a19817eb8decfd9fa3eea46387e9a4409915cb38785c0
/home/ali/projects/Efficient-WAM/outputs/robotwin_language_gate/hierarchical_right_s601_602/place_a2b_right/environment_seed_4200000/sampling_seed_602/switch_atomic_counterfactual/trajectory.npz,27092,a68cd17a4d4ca9c5b3680253e5cb9afb0d61568deba8feaa6fbd7e9d774d4ae7
/home/ali/projects/Efficient-WAM/outputs/robotwin_language_gate/hierarchical_right_s601_602/place_a2b_right/environment_seed_4200000/sampling_seed_602/switch_combined_counterfactual/result.json,3098,eb9c6a66e5c1adf18d838840b46b9a35bf79eb37350a4e50bb75505f8bcfc6c4
/home/ali/projects/Efficient-WAM/outputs/robotwin_language_gate/hierarchical_right_s601_602/place_a2b_right/environment_seed_4200000/sampling_seed_602/switch_combined_counterfactual/trajectory.npz,25876,408e9fd9c30b2c044039e888556b7d508d1203bf9d261df45d1ea2dfc9d98187
/home/ali/projects/Efficient-WAM/outputs/robotwin_language_gate/hierarchical_right_s601_602/place_a2b_right/environment_seed_4200000/sampling_seed_602/switch_native_control/result.json,3118,dbf1963a9538f2c3516e70d60a794588f3bb6b790fcf1a68a968d38621740c29
/home/ali/projects/Efficient-WAM/outputs/robotwin_language_gate/hierarchical_right_s601_602/place_a2b_right/environment_seed_4200000/sampling_seed_602/switch_native_control/trajectory.npz,4317,4c990a587aa7cb50d0f89ed30a0429c0737853d28dd68f058747eb9f3b8439bd
/home/ali/projects/Efficient-WAM/outputs/robotwin_language_gate/hierarchical_right_s601_602/place_a2b_right/environment_seed_4200000/sampling_seed_602/switch_subtask_counterfactual/result.json,3079,d3c4a487bab73c10661659c7267a3d1c4c4333678222f8f4c16a5a6abf2db2ea
/home/ali/projects/Efficient-WAM/outputs/robotwin_language_gate/hierarchical_right_s601_602/place_a2b_right/environment_seed_4200000/sampling_seed_602/switch_subtask_counterfactual/trajectory.npz,4716,29349a00576d86efd4d366b24004340894442e4b0718fce8ac5b3bda0987b981
/home/ali/projects/Efficient-WAM/outputs/robotwin_language_gate/hierarchical_right_s601_602/place_a2b_right/environment_seed_4200000/sampling_seed_602/switch_task_counterfactual/result.json,3071,42de70ae83f63c9eda91af5bb35fc97468a6d91ab3a928215ded591c955ff133
/home/ali/projects/Efficient-WAM/outputs/robotwin_language_gate/hierarchical_right_s601_602/place_a2b_right/environment_seed_4200000/sampling_seed_602/switch_task_counterfactual/trajectory.npz,4717,c172cbe6c5d5f30b7f47eac71ef0e7ffae943177c415c3d0443df0aa39a7c226
/home/ali/projects/Efficient-WAM/outputs/robotwin_language_gate/hierarchical_right_s601_602/results.csv,3096,1ba69dc6e05c81ff3dfbf54c3e6671246d048591f9d8658b219118166dd1040d
/home/ali/projects/Efficient-WAM/outputs/robotwin_language_gate/hierarchical_right_s601_602/results.jsonl,34398,fc5754da5db817baf04a57c1a05dc37b4e0ddf9126138e43649a9b7cfa29c7c4
/home/ali/projects/Efficient-WAM/outputs/robotwin_language_gate/hierarchical_seed600_pilot/manifest.json,1494,bed8160fd1e7bac72f6fbffe41a1b8557c8a00f8a83cfa8d65163ff12697af5d
/home/ali/projects/Efficient-WAM/outputs/robotwin_language_gate/hierarchical_seed600_pilot/place_a2b_right/environment_seed_4200000/sampling_seed_600/static_counterfactual/result.json,2119,b89556400958969138525f5c3804d4d8fd24b5256c0d01244a2e949aeb023b38
/home/ali/projects/Efficient-WAM/outputs/robotwin_language_gate/hierarchical_seed600_pilot/place_a2b_right/environment_seed_4200000/sampling_seed_600/static_counterfactual/trajectory.npz,6298,f518370425f9df797c0e59ab129dc57900776c41d99b95804868e5d7604c4881
/home/ali/projects/Efficient-WAM/outputs/robotwin_language_gate/hierarchical_seed600_pilot/place_a2b_right/environment_seed_4200000/sampling_seed_600/static_native/result.json,2095,651758336839d508ef5f6105af56e15267b1a229857b08a3ef837b470aa085d5
/home/ali/projects/Efficient-WAM/outputs/robotwin_language_gate/hierarchical_seed600_pilot/place_a2b_right/environment_seed_4200000/sampling_seed_600/static_native/trajectory.npz,5853,fd05faeed11d83efaa6c5d35d53e31a0ef99371312a74088c46199ea85782f0c
/home/ali/projects/Efficient-WAM/outputs/robotwin_language_gate/hierarchical_seed600_pilot/place_a2b_right/environment_seed_4200000/sampling_seed_600/switch_atomic_counterfactual/result.json,3021,49d886d434d514c0361f01af7c43054745ac5a4c56f2738423194b1521fa294c
/home/ali/projects/Efficient-WAM/outputs/robotwin_language_gate/hierarchical_seed600_pilot/place_a2b_right/environment_seed_4200000/sampling_seed_600/switch_atomic_counterfactual/trajectory.npz,24441,9a5546a540112b97c615828100bd981525ef76dc89dde36570ec51f3d4a93047
/home/ali/projects/Efficient-WAM/outputs/robotwin_language_gate/hierarchical_seed600_pilot/place_a2b_right/environment_seed_4200000/sampling_seed_600/switch_combined_counterfactual/result.json,3093,e0d56064abd00aaa8b9a1c63f5e6a0096c5f940e1b8512e6517c12b7430deb30
/home/ali/projects/Efficient-WAM/outputs/robotwin_language_gate/hierarchical_seed600_pilot/place_a2b_right/environment_seed_4200000/sampling_seed_600/switch_combined_counterfactual/trajectory.npz,4637,f513dad3ea5b4cef36fc84f0cdf1026b88a4a54cb5e17beea36dc5e3da183e24
/home/ali/projects/Efficient-WAM/outputs/robotwin_language_gate/hierarchical_seed600_pilot/place_a2b_right/environment_seed_4200000/sampling_seed_600/switch_native_control/result.json,3116,68913ad41305e8f6011059238308661dd09c2226ccd4516cbc3a5e81385d5b51
/home/ali/projects/Efficient-WAM/outputs/robotwin_language_gate/hierarchical_seed600_pilot/place_a2b_right/environment_seed_4200000/sampling_seed_600/switch_native_control/trajectory.npz,4330,9fa87cfdd8d519fc75eccebf0e377c62c5d4fd046bb1badf0d55ca43ae33be69
/home/ali/projects/Efficient-WAM/outputs/robotwin_language_gate/hierarchical_seed600_pilot/place_a2b_right/environment_seed_4200000/sampling_seed_600/switch_subtask_counterfactual/result.json,3085,277e3aaae15695043c0dd49408f777616ffe4f269bc88d18eb43ff093b05b44c
/home/ali/projects/Efficient-WAM/outputs/robotwin_language_gate/hierarchical_seed600_pilot/place_a2b_right/environment_seed_4200000/sampling_seed_600/switch_subtask_counterfactual/trajectory.npz,22768,4159e911ca3a5f839213814834dab09b018cf22f198e96f1b4965ab5f7294768
/home/ali/projects/Efficient-WAM/outputs/robotwin_language_gate/hierarchical_seed600_pilot/place_a2b_right/environment_seed_4200000/sampling_seed_600/switch_task_counterfactual/result.json,3075,f37e9cff60f8f65d791c2f0a8de8de2ee3445249482b257ad0ba3e3358a4a806
/home/ali/projects/Efficient-WAM/outputs/robotwin_language_gate/hierarchical_seed600_pilot/place_a2b_right/environment_seed_4200000/sampling_seed_600/switch_task_counterfactual/trajectory.npz,4711,0090b718674d9ff0b30c8b27b7fc7095a9ee208414012bfcb595dbd75167172c
/home/ali/projects/Efficient-WAM/outputs/robotwin_language_gate/hierarchical_seed600_pilot/results.csv,1643,d59cc9b90367a78b084d678936e21a0d52f0fc6b0662f85f28f6fb97b5c7f200
/home/ali/projects/Efficient-WAM/outputs/robotwin_language_gate/hierarchical_seed600_pilot/results.jsonl,17188,e4e8c47ecfc62993da3dd4e8bb67a9f9dfe82ea73bcbb6c78eba6131ec9690b9
/home/ali/projects/Efficient-WAM/outputs/robotwin_language_gate/no_planner_regression/manifest.json,456,5fa388402e0094e45ef07733e613e13ffb8158f1553318150df02d3e7fc304a4
/home/ali/projects/Efficient-WAM/outputs/robotwin_language_gate/no_planner_regression/place_a2b_right/environment_seed_4200000/sampling_seed_600/correct/result.json,1585,f94a66f1a5510aef3331021340704b788908958dcf603682b58ee7feb75cfb20
/home/ali/projects/Efficient-WAM/outputs/robotwin_language_gate/no_planner_regression/place_a2b_right/environment_seed_4200000/sampling_seed_600/swapped/result.json,1583,49779c0245669ea3002860493052a7039937b9760d701d8104285521b97560c6
/home/ali/projects/Efficient-WAM/outputs/robotwin_language_gate/no_planner_regression/results.csv,485,e2871833dd880aa4b9e480c34f5b9a2862316b51f3a51ff26f04b5a5e714b3d2
/home/ali/projects/Efficient-WAM/outputs/robotwin_language_gate/no_planner_regression/results.jsonl,2764,a39bf0c126e60cdba492ef5b595e836c847b0a449c9c62eb8c0f700bc6477134
/home/ali/projects/Efficient-WAM/outputs/robotwin_language_gate/no_planner_scene_check.json,485,d57539abbe2418b274226c61afa9feca5facaa6973394b26318c6ead1bba55c5
/home/ali/projects/Efficient-WAM/outputs/robotwin_language_gate/no_planner_scene_check.npz,111393,ffefd5afa8132760a02a3cef62642079507de028d8690f85dacb34ed467778fb
/home/ali/projects/Efficient-WAM/outputs/robotwin_language_gate/open_loop_seed4200000/actions.npz,27054,aec106f12a9e9840a9b0db76674fd96f8065e25a23ae84b24594fb4fe461400e
/home/ali/projects/Efficient-WAM/outputs/robotwin_language_gate/open_loop_seed4200000/contrast_summary.csv,321,6b4b36be54cbd3159fb1849da141f3d836347623a65acf7af291a5a5e381f825
/home/ali/projects/Efficient-WAM/outputs/robotwin_language_gate/open_loop_seed4200000/manifest.json,1328,055f3c485646a0c461f77b8b20858498a59d5a95a1260a4417f58493f5851732
/home/ali/projects/Efficient-WAM/outputs/robotwin_language_gate/relation_aware_s600/manifest.json,477,10f9dcf5d096efaaf6f6ee6e39e486de24cf19627f6db0c5a3d1adb2eddb5065
/home/ali/projects/Efficient-WAM/outputs/robotwin_language_gate/relation_aware_s600/place_a2b_left/environment_seed_4200000/sampling_seed_600/correct/result.json,1575,0e201b2f1f7777d9869fd0897c2a187a38c87e4de976f06d907d755a90b3de32
/home/ali/projects/Efficient-WAM/outputs/robotwin_language_gate/relation_aware_s600/place_a2b_left/environment_seed_4200000/sampling_seed_600/swapped/result.json,1579,c4f575052f3c1977cd9e983b1ba39d6a47d7de3454c98db4e30ad03c69d12ae7
/home/ali/projects/Efficient-WAM/outputs/robotwin_language_gate/relation_aware_s600/place_a2b_right/environment_seed_4200000/sampling_seed_600/correct/result.json,1580,d116ee0cbb30625aff49a7b12b819a784df00e882b3132bc50f18ba137743b66
/home/ali/projects/Efficient-WAM/outputs/robotwin_language_gate/relation_aware_s600/place_a2b_right/environment_seed_4200000/sampling_seed_600/swapped/result.json,1580,6612e7db7b4ff9cdf189f5ea5fe329de9eed08915370d53e269fa49d0c65e20c
/home/ali/projects/Efficient-WAM/outputs/robotwin_language_gate/relation_aware_s600/results.csv,795,48b9ae849f7894b878c149e55d084d5fcffa8b8709a59c2e505f8d8a58a76002
/home/ali/projects/Efficient-WAM/outputs/robotwin_language_gate/relation_aware_s600/results.jsonl,5506,bb7bc9ac59811962558a837297bd868c9d0b6862907b3265a59383d396dbf40a
/home/ali/projects/Efficient-WAM/outputs/robotwin_language_gate/relation_aware_s601_602/manifest.json,486,ab68112c93b4c222922c0c803f2e17e219b4872e81c31c9c6bbcee511c4b5739
/home/ali/projects/Efficient-WAM/outputs/robotwin_language_gate/relation_aware_s601_602/place_a2b_left/environment_seed_4200000/sampling_seed_601/correct/result.json,1580,1d5d54d4bd0faa8cd5b0682410567858db27927f0d3b17a534b69aa6b5ace7e3
/home/ali/projects/Efficient-WAM/outputs/robotwin_language_gate/relation_aware_s601_602/place_a2b_left/environment_seed_4200000/sampling_seed_601/swapped/result.json,1582,d389ed5d510e4fe520eeffc0afd245cbd25119702b8787d0d7ecf8de7467a7de
/home/ali/projects/Efficient-WAM/outputs/robotwin_language_gate/relation_aware_s601_602/place_a2b_left/environment_seed_4200000/sampling_seed_602/correct/result.json,1580,e3cb2334f0f84aeb7f76b1352b3de3d72a1bc91c300ff155cbf120a9196a8224
/home/ali/projects/Efficient-WAM/outputs/robotwin_language_gate/relation_aware_s601_602/place_a2b_left/environment_seed_4200000/sampling_seed_602/swapped/result.json,1582,98f0f766710b36f0c4e89ab923bb2b5f4d392ddecbc08b8581d705e293d35f53
/home/ali/projects/Efficient-WAM/outputs/robotwin_language_gate/relation_aware_s601_602/place_a2b_right/environment_seed_4200000/sampling_seed_601/correct/result.json,1585,4c9b4788f5fced149872e24eb81815fc754de6cfcc3fef528f83d4290ccdb7b1
/home/ali/projects/Efficient-WAM/outputs/robotwin_language_gate/relation_aware_s601_602/place_a2b_right/environment_seed_4200000/sampling_seed_601/swapped/result.json,1588,6a694e60ce8762faa9cbc98de7400db1fe0cebe8fedb686d2b93342dbe211bc0
/home/ali/projects/Efficient-WAM/outputs/robotwin_language_gate/relation_aware_s601_602/place_a2b_right/environment_seed_4200000/sampling_seed_602/correct/result.json,1584,affc561b0e04db137370133c015dfe688fc201dee775cc2fd032b2c04d214ac8
/home/ali/projects/Efficient-WAM/outputs/robotwin_language_gate/relation_aware_s601_602/place_a2b_right/environment_seed_4200000/sampling_seed_602/swapped/result.json,1584,59b06c4b155e3869a492b633914b8c306e987a012768d535da1d270d6b5003dd
/home/ali/projects/Efficient-WAM/outputs/robotwin_language_gate/relation_aware_s601_602/results.csv,1425,c72cb001129518b1e25e1030dbd9a5129bc3af763740febc3b1c8c5cd2086005
/home/ali/projects/Efficient-WAM/outputs/robotwin_language_gate/relation_aware_s601_602/results.jsonl,11049,81db4515541bd31df1e0c252f64add066307dfc469a5a25428c7ef48690511ea
/home/ali/projects/Efficient-WAM/outputs/robotwin_language_gate/scene_check_place_a2b_left_4200001.json,485,d57539abbe2418b274226c61afa9feca5facaa6973394b26318c6ead1bba55c5
/home/ali/projects/Efficient-WAM/outputs/robotwin_language_gate/scene_check_place_a2b_left_4200001.npz,111393,ffefd5afa8132760a02a3cef62642079507de028d8690f85dacb34ed467778fb
/home/ali/projects/Efficient-WAM/outputs/robotwin_language_gate/scene_check_place_a2b_left_4200002.json,438,a005358fdea1b6048398baed6120e1b944f5cbd0768f669f92a3fe3f9fff4b01
/home/ali/projects/Efficient-WAM/outputs/robotwin_language_gate/scene_check_place_a2b_left_4200002.npz,102864,aac633e9a016250d08c95f48ca4a9ea53d533bb4e09eec46b6ee252644dd9680
/home/ali/projects/Efficient-WAM/outputs/robotwin_language_gate/scene_check_place_a2b_right_4200001.json,483,4f547d951807fcf8c04684b30a495f2c110995a47a32b84cef2efd7522130a7b
/home/ali/projects/Efficient-WAM/outputs/robotwin_language_gate/scene_check_place_a2b_right_4200001.npz,123979,b740167ffd50fc5d6dce241019a7a66fad924fca508788823f1d699d7de4512e
/home/ali/projects/Efficient-WAM/outputs/robotwin_language_gate/scene_check_place_a2b_right_4200002.json,460,fb2f8c85d61c25d59565f0f5ade0f91c9f040d4d56b372cde48af3423853daa3
/home/ali/projects/Efficient-WAM/outputs/robotwin_language_gate/scene_check_place_a2b_right_4200002.npz,112194,2be9aeff90262f5997d391a1b73357eddf38fe4addd02b9bc80d35c357f788f4
/home/ali/projects/Efficient-WAM/outputs/robotwin_language_gate/seed_4300000/observation.json,448,a1e827d6c7a1a7332d361275c4a0d2c8915b6c07357724c1a14f8ed95ffa98af
/home/ali/projects/Efficient-WAM/outputs/robotwin_language_gate/seed_4300000/observation.npz,115195,42d4aa9ef12f6def55a8165369e75d2f3ca3083a6a83b5cca6a4412b93c238f5
/home/ali/projects/Efficient-WAM/outputs/robotwin_language_gate/seed_4300000/open_loop_16seeds/actions.npz,52772,27c94e9466878cf36aa21cbf8ceb6111ed546b7b64aa7ff16e2c7137832f252c
/home/ali/projects/Efficient-WAM/outputs/robotwin_language_gate/seed_4300000/open_loop_16seeds/contrast_summary.csv,320,2406476630c7975518cc9c4ec6ea2d06b132ce0b0c83028f5fe7d3f921106a69
/home/ali/projects/Efficient-WAM/outputs/robotwin_language_gate/seed_4300000/open_loop_16seeds/manifest.json,1418,dd2f28056d7fb6602334993e98986c18e50c96915ced5fc7e844cf2513a140e7
/home/ali/projects/FastWAM/experiments/robotwin_language_gate/README.md,2429,126555cc07bb5e0655e6e169f2aacbc7f8c01278dba3c95e09d152ea20577017
/home/ali/projects/FastWAM/experiments/robotwin_language_gate/closed_loop_language_gate.py,18744,1719b4f78916e59a73071c3f1b42875fd18223380af75fc9c18d42b823bab183
/home/ali/projects/FastWAM/experiments/robotwin_language_gate/evidence/closed_loop_seed4300000.json,1258,e16b4a239f3da6b849a3241677bef954bf316881088563dcc8e7ac51cff0d944
/home/ali/projects/FastWAM/experiments/robotwin_language_gate/evidence/open_loop_cfg_seed4300000.json,1166,ec9fe351e99b8d0e201128803c7aa2160564a3ff9b1b5c5bc1404b216de1138d
/home/ali/projects/FastWAM/experiments/robotwin_language_gate/open_loop_cfg_probe.py,6549,5b9674c45e2a1c883aa287fc7d3fed3e9d7886e69b2d04bae29728d7b21da0a1
/home/ali/projects/FastWAM/outputs/robotwin_language_gate/fastwam_cfg1p5_right_seed4300000_sample42/manifest.json,739,76be642c80a68f4c904d30755de9bf0a0bc865825af998a1b1012c16ac287925
/home/ali/projects/FastWAM/outputs/robotwin_language_gate/fastwam_cfg1p5_right_seed4300000_sample42/place_a2b_right/environment_seed_4300000/sampling_seed_42/correct/result.json,1628,1e53a2475381c45f4a65318a97a50ced1e55e88c6dee3c88b352bf409728fe92
/home/ali/projects/FastWAM/outputs/robotwin_language_gate/fastwam_cfg1p5_right_seed4300000_sample42/place_a2b_right/environment_seed_4300000/sampling_seed_42/correct/simulator.mp4,4012361,8d97bc64c1895f648e543747a1bc05d498d0ac0647b1323c0e0fd0ce05fae76d
/home/ali/projects/FastWAM/outputs/robotwin_language_gate/fastwam_cfg1p5_right_seed4300000_sample42/place_a2b_right/environment_seed_4300000/sampling_seed_42/swapped/result.json,1630,0e5b04dad2c3966bc8e79fc026aebe92d398e2096396a72d408f1b29e06ebc46
/home/ali/projects/FastWAM/outputs/robotwin_language_gate/fastwam_cfg1p5_right_seed4300000_sample42/place_a2b_right/environment_seed_4300000/sampling_seed_42/swapped/simulator.mp4,4248531,9255e0d4dca2585293dcf20a6872b50e7b87ac0d444c28e35f06f02e65223d35
/home/ali/projects/FastWAM/outputs/robotwin_language_gate/fastwam_cfg1p5_right_seed4300000_sample42/results.csv,582,4088254b1c7e4689f4652891fb654e8aeb03bdb27c4d2d3d023d8f59a0961e8f
/home/ali/projects/FastWAM/outputs/robotwin_language_gate/fastwam_cfg1p5_right_seed4300000_sample42/results.jsonl,2854,087a1e39f6a93a604f5313ab404667476179d6457070556062865009d402c7ce
/home/ali/projects/FastWAM/outputs/robotwin_language_gate/fastwam_cfg1p75_right_seed4300000_sample42/manifest.json,740,6901a6ada816048fedac814d7583b9aab0e1272a67634aaaf5fda3ab5d5ed554
/home/ali/projects/FastWAM/outputs/robotwin_language_gate/fastwam_cfg1p75_right_seed4300000_sample42/place_a2b_right/environment_seed_4300000/sampling_seed_42/correct/result.json,1629,542a9685fa6bc3e2b7a53d68878fe15987ad8f2f1c9f4e5d1d06e161c4f07443
/home/ali/projects/FastWAM/outputs/robotwin_language_gate/fastwam_cfg1p75_right_seed4300000_sample42/place_a2b_right/environment_seed_4300000/sampling_seed_42/correct/simulator.mp4,1954364,b5953b6dc5546fbeb182a9cd48c1a98dd4916edc3638ce256263d0f303a88eeb
/home/ali/projects/FastWAM/outputs/robotwin_language_gate/fastwam_cfg1p75_right_seed4300000_sample42/place_a2b_right/environment_seed_4300000/sampling_seed_42/swapped/result.json,1627,a90c44d935100701248eb88b5f827f714c40fb0baa3fb0d3048d785a588690eb
/home/ali/projects/FastWAM/outputs/robotwin_language_gate/fastwam_cfg1p75_right_seed4300000_sample42/place_a2b_right/environment_seed_4300000/sampling_seed_42/swapped/simulator.mp4,4292165,71282232c84fb13626d49c2c22d1be6d8ba03b90683cf8b54e5cede113a4e470
/home/ali/projects/FastWAM/outputs/robotwin_language_gate/fastwam_cfg1p75_right_seed4300000_sample42/results.csv,579,238fbb7aa7ae93a088e40ef74dedf617999c60952b0a7440a94f6484a8c1a5f9
/home/ali/projects/FastWAM/outputs/robotwin_language_gate/fastwam_cfg1p75_right_seed4300000_sample42/results.jsonl,2852,6e22ce89a08b7fcddd9f6617db1b82b7a36a542ac679b96496644637721c1120
/home/ali/projects/FastWAM/outputs/robotwin_language_gate/fastwam_cfg2_left_env4300001_sample42/manifest.json,771,b9185a8a5c886a124cb24e04a9c27a1268d9f0dea794a00023ad12902a640e62
/home/ali/projects/FastWAM/outputs/robotwin_language_gate/fastwam_cfg2_left_env4300001_sample42/place_a2b_left/environment_seed_4300001/sampling_seed_42/correct/result.json,1638,afd7bcc0a38a8f5683890a39710e39b6a4dee84a555bbb183112457e629bf9c9
/home/ali/projects/FastWAM/outputs/robotwin_language_gate/fastwam_cfg2_left_env4300001_sample42/place_a2b_left/environment_seed_4300001/sampling_seed_42/correct/simulator.mp4,2612245,cfba02543bf23cf37b0bf422bbd111c4bb34b90ed7be5d5249e58d7ab70e39b3
/home/ali/projects/FastWAM/outputs/robotwin_language_gate/fastwam_cfg2_left_env4300001_sample42/place_a2b_left/environment_seed_4300001/sampling_seed_42/swapped/result.json,1640,e8ab799adffddaa54dfffa710f8f7fb8bfe517a7f690eaef6ae6a83b17139ac4
/home/ali/projects/FastWAM/outputs/robotwin_language_gate/fastwam_cfg2_left_env4300001_sample42/place_a2b_left/environment_seed_4300001/sampling_seed_42/swapped/simulator.mp4,3046267,4cd700fe26486f02947d857cf977ea6efc62fe2f38d68e77f5237adab0dfc051
/home/ali/projects/FastWAM/outputs/robotwin_language_gate/fastwam_cfg2_left_env4300001_sample42/results.csv,585,2f2f67818aad09f32fc9616defa374f692294a3da2c1ff2a97bdbbc4e4eacb9c
/home/ali/projects/FastWAM/outputs/robotwin_language_gate/fastwam_cfg2_left_env4300001_sample42/results.jsonl,2870,ddaa97d377e20d166bb85023d2639a5cefc4f680fef3fe21822a846f3b53ed9b
/home/ali/projects/FastWAM/outputs/robotwin_language_gate/fastwam_cfg2_left_env4300002_sample42/manifest.json,771,79e0df2fc3f1316d25394e1b7c136a4a54146445c3a7354cb0b7446b2c3bc645
/home/ali/projects/FastWAM/outputs/robotwin_language_gate/fastwam_cfg2_left_env4300002_sample42/place_a2b_left/environment_seed_4300002/sampling_seed_42/correct/result.json,1654,16dc0de315a870834ba3d0ec8ee084067854c9d344d23b61a002ec09c71bd4b2
/home/ali/projects/FastWAM/outputs/robotwin_language_gate/fastwam_cfg2_left_env4300002_sample42/place_a2b_left/environment_seed_4300002/sampling_seed_42/correct/simulator.mp4,1116967,dc8f290e3f345f208e611b6792f587464c78d6207f3431a5cd17a63bec5e98f9
/home/ali/projects/FastWAM/outputs/robotwin_language_gate/fastwam_cfg2_left_env4300002_sample42/place_a2b_left/environment_seed_4300002/sampling_seed_42/swapped/result.json,1659,2f7106ac15bba6d55f82097774b1d98dec6403cf2dae309f8b5ff63ef6dd79a8
/home/ali/projects/FastWAM/outputs/robotwin_language_gate/fastwam_cfg2_left_env4300002_sample42/place_a2b_left/environment_seed_4300002/sampling_seed_42/swapped/simulator.mp4,3166497,a85b8426046d1313c7ae266e6b0f25d6b953c91c605e2eb0c3a33d42cb27112a
/home/ali/projects/FastWAM/outputs/robotwin_language_gate/fastwam_cfg2_left_env4300002_sample42/results.csv,603,dca73a60b613b0c3cc6a5bc64121e2668be034b61a0e0efc6cc51e7561ea812e
/home/ali/projects/FastWAM/outputs/robotwin_language_gate/fastwam_cfg2_left_env4300002_sample42/results.jsonl,2905,37053b947f96c5fcc1c9d09499b55bff56f415b524902e42117679ba39047c3b
/home/ali/projects/FastWAM/outputs/robotwin_language_gate/fastwam_cfg2_left_seed4300000_sample42/manifest.json,738,c41d65e4767acba04cc8f14df59f918d09c61e6634fd76bf8d0a97fa8d82a5fb
/home/ali/projects/FastWAM/outputs/robotwin_language_gate/fastwam_cfg2_left_seed4300000_sample42/place_a2b_left/environment_seed_4300000/sampling_seed_42/correct/result.json,1600,8b9d3e74f52eb384ba48cbf812cd6c76d6a1b4c18dd9926ef3b87eaa7f823fa8
/home/ali/projects/FastWAM/outputs/robotwin_language_gate/fastwam_cfg2_left_seed4300000_sample42/place_a2b_left/environment_seed_4300000/sampling_seed_42/correct/simulator.mp4,2395997,b5ded63a52d2dbbf80a413f9a882a7647b1f939cb2a7c91cd447e8cd74b5dbc5
/home/ali/projects/FastWAM/outputs/robotwin_language_gate/fastwam_cfg2_left_seed4300000_sample42/place_a2b_left/environment_seed_4300000/sampling_seed_42/swapped/result.json,1592,170c79c08418df4d5e1036a7fa2863b0cade9f0c24eb78e8b32d0c0fb2829b70
/home/ali/projects/FastWAM/outputs/robotwin_language_gate/fastwam_cfg2_left_seed4300000_sample42/place_a2b_left/environment_seed_4300000/sampling_seed_42/swapped/simulator.mp4,2974610,8f89b21532d1af48caf69654f6507fc4098e43b84eeff80312a9e22c401ddec7
/home/ali/projects/FastWAM/outputs/robotwin_language_gate/fastwam_cfg2_left_seed4300000_sample42/results.csv,541,8f1844abd12dc60d19895d67b58ebdf435b3c990baa6a72e89a7662398dae183
/home/ali/projects/FastWAM/outputs/robotwin_language_gate/fastwam_cfg2_left_seed4300000_sample42/results.jsonl,2788,4d9b22771878d786e8cdcb034d0604985d9a7cd996db4ed9218dd75cce27a71c
/home/ali/projects/FastWAM/outputs/robotwin_language_gate/fastwam_cfg2_left_seed4300000_samples43_44/manifest.json,779,8091e60f73fb6d58f7795b7023dd7ada4d7ea29633da1230b75a6bbffd15799d
/home/ali/projects/FastWAM/outputs/robotwin_language_gate/fastwam_cfg2_left_seed4300000_samples43_44/place_a2b_left/environment_seed_4300000/sampling_seed_43/correct/result.json,1624,dc414490fbedcc082d540a26f657096d652790fcdac78edbb4562cb741d93b2c
/home/ali/projects/FastWAM/outputs/robotwin_language_gate/fastwam_cfg2_left_seed4300000_samples43_44/place_a2b_left/environment_seed_4300000/sampling_seed_43/correct/simulator.mp4,1314493,3994af0cbf956e14295759a64b9fb39d3b815870e9ff3fcf46abbd17a7b871c7
/home/ali/projects/FastWAM/outputs/robotwin_language_gate/fastwam_cfg2_left_seed4300000_samples43_44/place_a2b_left/environment_seed_4300000/sampling_seed_43/swapped/result.json,1630,dea897685b8d72212d6cb3e35b62aa0b6fd3ee72ff6fed9518a97adc156adf11
/home/ali/projects/FastWAM/outputs/robotwin_language_gate/fastwam_cfg2_left_seed4300000_samples43_44/place_a2b_left/environment_seed_4300000/sampling_seed_43/swapped/simulator.mp4,3280385,9ed1ffe04197f6bb4b405560341dc8e318a54b6fb1d4d5c23b67a4885c1823f1
/home/ali/projects/FastWAM/outputs/robotwin_language_gate/fastwam_cfg2_left_seed4300000_samples43_44/place_a2b_left/environment_seed_4300000/sampling_seed_44/correct/result.json,1627,bae92298b7de88e99469c58473529c9d8dfc4123f4e17c59c163a11135846fdf
/home/ali/projects/FastWAM/outputs/robotwin_language_gate/fastwam_cfg2_left_seed4300000_samples43_44/place_a2b_left/environment_seed_4300000/sampling_seed_44/correct/simulator.mp4,3627079,2fe084515e8d41b06574ff12ef19f1627f0e292a2aabc777de98378430dc7c1c
/home/ali/projects/FastWAM/outputs/robotwin_language_gate/fastwam_cfg2_left_seed4300000_samples43_44/place_a2b_left/environment_seed_4300000/sampling_seed_44/swapped/result.json,1628,40e292f235fe954b64b1a3b3fa2c6603b6b20d5cc41e83ec677ea95e2dab8557
/home/ali/projects/FastWAM/outputs/robotwin_language_gate/fastwam_cfg2_left_seed4300000_samples43_44/place_a2b_left/environment_seed_4300000/sampling_seed_44/swapped/simulator.mp4,2973030,d677768ffa8471f4ffbd4bb888cacb79b96712437007dfdaf0c9fbb20dccec24
/home/ali/projects/FastWAM/outputs/robotwin_language_gate/fastwam_cfg2_left_seed4300000_samples43_44/results.csv,926,b04f0ccd00388672cc56cf0b41f47647289be7f182f8d4e29205ef3b622eab1c
/home/ali/projects/FastWAM/outputs/robotwin_language_gate/fastwam_cfg2_left_seed4300000_samples43_44/results.jsonl,5693,8d1edf18dced357c145f2f64691e25dc75ad6e90ae0a4b1e507d17b72f174955
/home/ali/projects/FastWAM/outputs/robotwin_language_gate/fastwam_cfg2_left_seed4300000_samples45_46/manifest.json,779,5cc204e28eb7366199d890efcce031702c514f79466d4d16918ccee259ccec9a
/home/ali/projects/FastWAM/outputs/robotwin_language_gate/fastwam_cfg2_left_seed4300000_samples45_46/place_a2b_left/environment_seed_4300000/sampling_seed_45/correct/result.json,1628,8a7fb7c259d1b3fd152d6b5fac89f9ffa817f4ca519a1871b2843b02634544a0
/home/ali/projects/FastWAM/outputs/robotwin_language_gate/fastwam_cfg2_left_seed4300000_samples45_46/place_a2b_left/environment_seed_4300000/sampling_seed_45/correct/simulator.mp4,4293395,0f239b2694bde508f221999a20d95d55c92a3bc88b987d5d99c7c32936397109
/home/ali/projects/FastWAM/outputs/robotwin_language_gate/fastwam_cfg2_left_seed4300000_samples45_46/place_a2b_left/environment_seed_4300000/sampling_seed_45/swapped/result.json,1630,c727d50949403277a16324ffa53bd1ad989f7ff232ed654e472483964f85e3bf
/home/ali/projects/FastWAM/outputs/robotwin_language_gate/fastwam_cfg2_left_seed4300000_samples45_46/place_a2b_left/environment_seed_4300000/sampling_seed_45/swapped/simulator.mp4,3624391,b653c1b1bda76d1c0d5dfbb1a1b6431b8befa9f09e092f2dd541d7c7afb32fd7
/home/ali/projects/FastWAM/outputs/robotwin_language_gate/fastwam_cfg2_left_seed4300000_samples45_46/place_a2b_left/environment_seed_4300000/sampling_seed_46/correct/result.json,1625,379caefd24b238d80d559be00c747ab8f0e5450e67766218a81538f89b7f2350
/home/ali/projects/FastWAM/outputs/robotwin_language_gate/fastwam_cfg2_left_seed4300000_samples45_46/place_a2b_left/environment_seed_4300000/sampling_seed_46/correct/simulator.mp4,1317718,597a8db604eee7fcb4668203e952b10938d86b514b3c3e5bb6df2fab7cdac180
/home/ali/projects/FastWAM/outputs/robotwin_language_gate/fastwam_cfg2_left_seed4300000_samples45_46/place_a2b_left/environment_seed_4300000/sampling_seed_46/swapped/result.json,1629,7966dd974ea7a069763fa0d29652b1feb3d456157e5609f91dd23a742f10237d
/home/ali/projects/FastWAM/outputs/robotwin_language_gate/fastwam_cfg2_left_seed4300000_samples45_46/place_a2b_left/environment_seed_4300000/sampling_seed_46/swapped/simulator.mp4,3873923,a3485105596e5da6612f560589440d019a8ddd221d29213614f6f87decb8aaee
/home/ali/projects/FastWAM/outputs/robotwin_language_gate/fastwam_cfg2_left_seed4300000_samples45_46/results.csv,932,9f5d2a2a643fab644e3ac5581775c01eed07372f61c42baca6cccf70946c940a
/home/ali/projects/FastWAM/outputs/robotwin_language_gate/fastwam_cfg2_left_seed4300000_samples45_46/results.jsonl,5696,7be5333c03e8d61173ef38f899eeef15803169b3eb1299bcd436bc090feec87b
/home/ali/projects/FastWAM/outputs/robotwin_language_gate/fastwam_cfg2_right_seed4300000_sample42/manifest.json,739,96d1fe06bc22a2e2965ec84d97525a7b30fee827ed46522d330464af5b00ee65
/home/ali/projects/FastWAM/outputs/robotwin_language_gate/fastwam_cfg2_right_seed4300000_sample42/place_a2b_right/environment_seed_4300000/sampling_seed_42/correct/result.json,1625,77033dd64c9b398892e91c96218a3f3caf2a9dd93b92e313be095bfb0bdfc216
/home/ali/projects/FastWAM/outputs/robotwin_language_gate/fastwam_cfg2_right_seed4300000_sample42/place_a2b_right/environment_seed_4300000/sampling_seed_42/correct/simulator.mp4,4728948,ab1acd4c8a049ec727d278ee1cfa14a2500518701cc6c3bb7b125c0cdffe4309
/home/ali/projects/FastWAM/outputs/robotwin_language_gate/fastwam_cfg2_right_seed4300000_sample42/place_a2b_right/environment_seed_4300000/sampling_seed_42/swapped/result.json,1623,0565412f7664aba287f31e8ae24dc2fc8aa3b974990cb73d90e4109727ca4da7
/home/ali/projects/FastWAM/outputs/robotwin_language_gate/fastwam_cfg2_right_seed4300000_sample42/place_a2b_right/environment_seed_4300000/sampling_seed_42/swapped/simulator.mp4,5104164,bbfe96fd482f1abbeeae0a3da91e62d01ce5ffa4992aab93b6005e434b374fcb
/home/ali/projects/FastWAM/outputs/robotwin_language_gate/fastwam_cfg2_right_seed4300000_sample42/results.csv,579,12581a8e927ff38db2fd8b141b0472bd52603ee6509152c58dc074fb94e6ccfa
/home/ali/projects/FastWAM/outputs/robotwin_language_gate/fastwam_cfg2_right_seed4300000_sample42/results.jsonl,2844,539325667b4c9a3d2868cf58b566f7ca8abe5e2b779badf62ec3856397a525c5
/home/ali/projects/FastWAM/outputs/robotwin_language_gate/fastwam_contrast_cfg1p5_left_seed4300000_sample42/manifest.json,769,36d6f09a9869c80f8d232bbcf51a02c27599d77be86cf8ab54e6d0b60d3fc6aa
/home/ali/projects/FastWAM/outputs/robotwin_language_gate/fastwam_contrast_cfg1p5_left_seed4300000_sample42/place_a2b_left/environment_seed_4300000/sampling_seed_42/correct/result.json,1764,b4835e36f68e0908cbedb061b9ccf486c10e158d08c5257a19d2ae264edfd6d4
/home/ali/projects/FastWAM/outputs/robotwin_language_gate/fastwam_contrast_cfg1p5_left_seed4300000_sample42/place_a2b_left/environment_seed_4300000/sampling_seed_42/correct/simulator.mp4,1094963,562484a08b381cf5dac041badc6c17d3bc74f5558c579242949c17cac4c0f2a0
/home/ali/projects/FastWAM/outputs/robotwin_language_gate/fastwam_contrast_cfg1p5_left_seed4300000_sample42/place_a2b_left/environment_seed_4300000/sampling_seed_42/swapped/result.json,1762,f4ddf69d6611cff4883f7ba8932fcb7cd998131b3e686ee2506fdc012dbb06b0
/home/ali/projects/FastWAM/outputs/robotwin_language_gate/fastwam_contrast_cfg1p5_left_seed4300000_sample42/place_a2b_left/environment_seed_4300000/sampling_seed_42/swapped/simulator.mp4,3281579,3a6baa7f05a6c1043c673cc16e0fb6c407bdcebcefede872af5f8476b4d8f8c2
/home/ali/projects/FastWAM/outputs/robotwin_language_gate/fastwam_contrast_cfg1p5_left_seed4300000_sample42/results.csv,821,98a120187a3bdb591ec7ad267f221d42c79602d35d31d21e580a17e3662752aa
/home/ali/projects/FastWAM/outputs/robotwin_language_gate/fastwam_contrast_cfg1p5_left_seed4300000_sample42/results.jsonl,3118,2a09c72753f1e1ff512e8093833f9f341c54c8e2ea0e7c057aee5baa1c110167
/home/ali/projects/FastWAM/outputs/robotwin_language_gate/fastwam_contrast_cfg1p5_replan8_left_seed4300000_sample42/manifest.json,768,59cdf1bdda758ed0ffcf109c13fedb3c3f400f167e3119bcab2933ead1e5f306
/home/ali/projects/FastWAM/outputs/robotwin_language_gate/fastwam_contrast_cfg1p5_replan8_left_seed4300000_sample42/place_a2b_left/environment_seed_4300000/sampling_seed_42/correct/result.json,1773,7bfb069a6f10523c6f8a134be935a9848799a184ed0c08d653a8534c5630b6a8
/home/ali/projects/FastWAM/outputs/robotwin_language_gate/fastwam_contrast_cfg1p5_replan8_left_seed4300000_sample42/place_a2b_left/environment_seed_4300000/sampling_seed_42/correct/simulator.mp4,1101352,f993a0dcbb627b0dde6d12c4ebf720f8c9d92e6925a47caac33f91bf79e52f52
/home/ali/projects/FastWAM/outputs/robotwin_language_gate/fastwam_contrast_cfg1p5_replan8_left_seed4300000_sample42/place_a2b_left/environment_seed_4300000/sampling_seed_42/swapped/result.json,1778,44203ff1546c25df533d961fce6094a190da4e3c547eb18e029fc8318f88bdda
/home/ali/projects/FastWAM/outputs/robotwin_language_gate/fastwam_contrast_cfg1p5_replan8_left_seed4300000_sample42/place_a2b_left/environment_seed_4300000/sampling_seed_42/swapped/simulator.mp4,3365848,90aad2b2d7f900d0655686122b24fdaa9112a70b206583f234a60c285180fbb3
/home/ali/projects/FastWAM/outputs/robotwin_language_gate/fastwam_contrast_cfg1p5_replan8_left_seed4300000_sample42/results.csv,827,2bdaaf4a8dfd7e1c976a0772365aead657a82ed8ac2ef552372a316d6472d721
/home/ali/projects/FastWAM/outputs/robotwin_language_gate/fastwam_contrast_cfg1p5_replan8_left_seed4300000_sample42/results.jsonl,3143,750cc9a64dd627480317e891d44827c5c4d3e4f4c200d22960dd8dc97e481b0d
/home/ali/projects/FastWAM/outputs/robotwin_language_gate/fastwam_contrast_cfg1p5_replan8_right_seed4300000_sample42/manifest.json,769,ba1ce8ecb5f14acde5e2b933b715f5e7d81aa2d9b14064ce20f3a45b9c899503
/home/ali/projects/FastWAM/outputs/robotwin_language_gate/fastwam_contrast_cfg1p5_replan8_right_seed4300000_sample42/place_a2b_right/environment_seed_4300000/sampling_seed_42/correct/result.json,1816,b1c79d1447d2fa9d03b1ad57871f13d9d3c4d613885db84cfe7013e29323acd8
/home/ali/projects/FastWAM/outputs/robotwin_language_gate/fastwam_contrast_cfg1p5_replan8_right_seed4300000_sample42/place_a2b_right/environment_seed_4300000/sampling_seed_42/correct/simulator.mp4,2260478,a4fd30b5e0325bf7221a4fa5816c1fff482c89e26f7712920a4b0fa737143215
/home/ali/projects/FastWAM/outputs/robotwin_language_gate/fastwam_contrast_cfg1p5_replan8_right_seed4300000_sample42/place_a2b_right/environment_seed_4300000/sampling_seed_42/swapped/result.json,1822,d19f1e3f1ac7520fbf96b525d9d35edbbed2baa50b398f032623ac63a1565af4
/home/ali/projects/FastWAM/outputs/robotwin_language_gate/fastwam_contrast_cfg1p5_replan8_right_seed4300000_sample42/place_a2b_right/environment_seed_4300000/sampling_seed_42/swapped/simulator.mp4,4377920,08d587679babfd0c13ac25eb4c85f186db7d445c45f7c02af5891865cefd1afd
/home/ali/projects/FastWAM/outputs/robotwin_language_gate/fastwam_contrast_cfg1p5_replan8_right_seed4300000_sample42/results.csv,895,ca2f65bbc28152f66001ebf44687755c8562945c668174a530f0f79d04995111
/home/ali/projects/FastWAM/outputs/robotwin_language_gate/fastwam_contrast_cfg1p5_replan8_right_seed4300000_sample42/results.jsonl,3230,00f0d1e2ab0555ba29ed7c52a9caf1c3a8163004a5dcabed9059d22ee9f47a59
/home/ali/projects/FastWAM/outputs/robotwin_language_gate/fastwam_contrast_cfg1p5_right_seed4300000_sample42/manifest.json,770,fc557c66824eff4ee879a38d28a0049c4e5341df026d2588324ad6cef1d9d749
/home/ali/projects/FastWAM/outputs/robotwin_language_gate/fastwam_contrast_cfg1p5_right_seed4300000_sample42/place_a2b_right/environment_seed_4300000/sampling_seed_42/correct/result.json,1803,09698ade34eb1831a95ba5aae44550ee41d7d439125d7c9d25045eea0aac7ca0
/home/ali/projects/FastWAM/outputs/robotwin_language_gate/fastwam_contrast_cfg1p5_right_seed4300000_sample42/place_a2b_right/environment_seed_4300000/sampling_seed_42/correct/simulator.mp4,1882033,cdf5e2703fe0a4a9ac2dd96a525f2ff0271ab8c5d974c3e40fd961f6309a0465
/home/ali/projects/FastWAM/outputs/robotwin_language_gate/fastwam_contrast_cfg1p5_right_seed4300000_sample42/place_a2b_right/environment_seed_4300000/sampling_seed_42/swapped/result.json,1811,748c772e715e2d4e08c16f80cf605a6cff41fc458ae3b15d2f7ebe47d89fc3d4
/home/ali/projects/FastWAM/outputs/robotwin_language_gate/fastwam_contrast_cfg1p5_right_seed4300000_sample42/place_a2b_right/environment_seed_4300000/sampling_seed_42/swapped/simulator.mp4,4242288,50f7dff764903bff190b33c20ca9b9763f559fbe7fec1f13f9fcc31c921e34e5
/home/ali/projects/FastWAM/outputs/robotwin_language_gate/fastwam_contrast_cfg1p5_right_seed4300000_sample42/results.csv,893,13996593a6cf5bd673823234c10b85f7ccd31788666cc61353df283ed7fdb719
/home/ali/projects/FastWAM/outputs/robotwin_language_gate/fastwam_contrast_cfg1p5_right_seed4300000_sample42/results.jsonl,3206,4a3d33463296008cb5013d4ce66387d3e04ba08e9c07220c8eb8bad86c065d73
/home/ali/projects/FastWAM/outputs/robotwin_language_gate/fastwam_seed4300000_sample42/manifest.json,735,25c8ede242cee39885afc4ad14dd24358b6b252048cdca756538b546bd79b604
/home/ali/projects/FastWAM/outputs/robotwin_language_gate/fastwam_seed4300000_sample42/place_a2b_left/environment_seed_4300000/sampling_seed_42/correct/result.json,1589,7fe0866be290adc6bc5be5151c2dabe602f5c942653f5eb83442f1e2f05f42d5
/home/ali/projects/FastWAM/outputs/robotwin_language_gate/fastwam_seed4300000_sample42/place_a2b_left/environment_seed_4300000/sampling_seed_42/correct/simulator.mp4,1085567,480c7af2d1d28b386919f378990233408f3ddeaa1087a3f5aa9a09e63875287d
/home/ali/projects/FastWAM/outputs/robotwin_language_gate/fastwam_seed4300000_sample42/place_a2b_left/environment_seed_4300000/sampling_seed_42/swapped/result.json,1590,20102d82c3add5d8e3cbc7676069ecacf3cf40299e163c8e6e44444e4d32f9dd
/home/ali/projects/FastWAM/outputs/robotwin_language_gate/fastwam_seed4300000_sample42/place_a2b_left/environment_seed_4300000/sampling_seed_42/swapped/simulator.mp4,3454377,0578e475ccc0178458b6b2b0863ae3fb1ed5e4fe50db94c0310b10725dd5c087
/home/ali/projects/FastWAM/outputs/robotwin_language_gate/fastwam_seed4300000_sample42/place_a2b_right/environment_seed_4300000/sampling_seed_42/correct/result.json,1614,16885a14205d17063e70ea6b92bb64b7c1d08a0e568b8d20958fff7071f8c221
/home/ali/projects/FastWAM/outputs/robotwin_language_gate/fastwam_seed4300000_sample42/place_a2b_right/environment_seed_4300000/sampling_seed_42/correct/simulator.mp4,1851006,5ad8ff58d86fd928fa92845774aea8b29e7a1a18c27a3010e6bd263012a81c04
/home/ali/projects/FastWAM/outputs/robotwin_language_gate/fastwam_seed4300000_sample42/place_a2b_right/environment_seed_4300000/sampling_seed_42/swapped/result.json,1612,4221fd1efbd28d5b090d515a0391c5e4dd613e094253c144381a9edab375dabe
/home/ali/projects/FastWAM/outputs/robotwin_language_gate/fastwam_seed4300000_sample42/place_a2b_right/environment_seed_4300000/sampling_seed_42/swapped/simulator.mp4,3639573,d288e3acc811177a48d0864e059fdfdabc0853692e8def91051962f55a86481c
/home/ali/projects/FastWAM/outputs/robotwin_language_gate/fastwam_seed4300000_sample42/results.csv,947,1f2c88150a72aa4a95e17aefc0bbcf76731ad788c467479273801f64bb49f4ea
/home/ali/projects/FastWAM/outputs/robotwin_language_gate/fastwam_seed4300000_sample42/results.jsonl,5597,8e0d7fc47f1217a8f9d1a7da234607b62a63a089e5f739155079bcb0c071351d
/home/ali/projects/FastWAM/outputs/robotwin_language_gate/open_loop_cfg_seed4300000/actions.npz,26547,2ada3b268bde778c0b0c2105ec2f5ffee407c0deb9a5f6ff53c09accd42f0801
/home/ali/projects/FastWAM/outputs/robotwin_language_gate/open_loop_cfg_seed4300000/summary.json,2206,13243e318427244e79bae41b04014124e9cf67b0b1ff2148a1646b7d4310ce34
/home/ali/projects/RoboLab/output/v1_calibration_cosmos_left_5100/RubiksCubeLeftOfBowlMatchedTask/Put_the_rubiks_cube_to_the_left_of_the_bowl_0.mp4,10547271,37d30dc1ee2769be0066caec36b6904e43f35bd3282bb9b344014943f18c6dcb
/home/ali/projects/RoboLab/output/v1_calibration_cosmos_left_5100/RubiksCubeLeftOfBowlMatchedTask/Put_the_rubiks_cube_to_the_left_of_the_bowl_0_viewport.mp4,2132062,2ee2d62a0c3aa4a0740db9349dd74158d0c376d88234a70260888e40dcdc3849
/home/ali/projects/RoboLab/output/v1_calibration_cosmos_left_5100/RubiksCubeLeftOfBowlMatchedTask/env_cfg.json,43192,26abb7a6732bc151c094e70758e343a7256ca73a2dab5bd656f411354e5ea5bb
/home/ali/projects/RoboLab/output/v1_calibration_cosmos_left_5100/RubiksCubeLeftOfBowlMatchedTask/log_0_env0.json,3318,8bb93c5014bb8d1691d7c8737247d65aad1fff34a9a78f929adcc6d531975897
/home/ali/projects/RoboLab/output/v1_calibration_cosmos_left_5100/RubiksCubeLeftOfBowlMatchedTask/predicted_chunks/episode_000/chunk_000/action.npy,1152,a08a6b6ef5d9374fc4af48a6089b4168102f1da8659c01da774e75ae9b35e1ec
/home/ali/projects/RoboLab/output/v1_calibration_cosmos_left_5100/RubiksCubeLeftOfBowlMatchedTask/predicted_chunks/episode_000/chunk_000/conditioning.png,573851,32080f16b44c4a7f9dd32a4f2d84f23e8d2e766585d01443efcc687414e72144
/home/ali/projects/RoboLab/output/v1_calibration_cosmos_left_5100/RubiksCubeLeftOfBowlMatchedTask/predicted_chunks/episode_000/chunk_000/future.mp4,527464,c391c909023f00cce01b872c59de8ef7e51d69e8b1a043439ad751f44719f897
/home/ali/projects/RoboLab/output/v1_calibration_cosmos_left_5100/RubiksCubeLeftOfBowlMatchedTask/predicted_chunks/episode_000/chunk_000/metadata.json,796,c5cc842fe3762b5bab67d13350364ea29273d4c738659aca85f5f7d9a326c861
/home/ali/projects/RoboLab/output/v1_calibration_cosmos_left_5100/RubiksCubeLeftOfBowlMatchedTask/predicted_chunks/episode_000/chunk_001/action.npy,1152,f136355a5e4173b81fe9b35d973bda4eb1a9893a3847d3e8896ef15706c1f36d
/home/ali/projects/RoboLab/output/v1_calibration_cosmos_left_5100/RubiksCubeLeftOfBowlMatchedTask/predicted_chunks/episode_000/chunk_001/conditioning.png,557446,6ae58cc12a5100de1dd4542054de3f4232049c110c43dbfff337f53da35c296a
/home/ali/projects/RoboLab/output/v1_calibration_cosmos_left_5100/RubiksCubeLeftOfBowlMatchedTask/predicted_chunks/episode_000/chunk_001/future.mp4,413606,a748a39f54a1551b35551b4d35a19cb60723bde21c8b1ff05ee90005db014faa
/home/ali/projects/RoboLab/output/v1_calibration_cosmos_left_5100/RubiksCubeLeftOfBowlMatchedTask/predicted_chunks/episode_000/chunk_001/metadata.json,879,22645bb3413d09da70be1450862a1eca548095bf43ce7c5c5bf8317df18d652e
/home/ali/projects/RoboLab/output/v1_calibration_cosmos_left_5100/RubiksCubeLeftOfBowlMatchedTask/predicted_chunks/episode_000/chunk_002/action.npy,1152,946edf778e442a45351bc1f6a3804b617292394f1739422eb984122024aeac8a
/home/ali/projects/RoboLab/output/v1_calibration_cosmos_left_5100/RubiksCubeLeftOfBowlMatchedTask/predicted_chunks/episode_000/chunk_002/conditioning.png,540048,cd502a88d8306d2330ee206f0c6528246efea99e6fd7ea6a544c0fbe1266cc04
/home/ali/projects/RoboLab/output/v1_calibration_cosmos_left_5100/RubiksCubeLeftOfBowlMatchedTask/predicted_chunks/episode_000/chunk_002/future.mp4,487353,e8215204e791d96b32eec449a431d0b7b53cfb9fc604fe0a68bf6664005834bf
/home/ali/projects/RoboLab/output/v1_calibration_cosmos_left_5100/RubiksCubeLeftOfBowlMatchedTask/predicted_chunks/episode_000/chunk_002/metadata.json,875,1a4660215a21cf16d889c6d3cf44bc62664073829a9af9f3551f08e19adbfff2
/home/ali/projects/RoboLab/output/v1_calibration_cosmos_left_5100/RubiksCubeLeftOfBowlMatchedTask/predicted_chunks/episode_000/chunk_003/action.npy,1152,186fe8c2f63e840897bec0428367fa746810696cbe4409b650cfc243714c9c7d
/home/ali/projects/RoboLab/output/v1_calibration_cosmos_left_5100/RubiksCubeLeftOfBowlMatchedTask/predicted_chunks/episode_000/chunk_003/conditioning.png,560868,0861f2853da431d5353101525d4077028696b4dd5d904974da6dee4efd1fe4b9
/home/ali/projects/RoboLab/output/v1_calibration_cosmos_left_5100/RubiksCubeLeftOfBowlMatchedTask/predicted_chunks/episode_000/chunk_003/future.mp4,472448,5cc7f395f5fca032e0322882178062bdd7dea485d63cdc29abe0b933dca1c960
/home/ali/projects/RoboLab/output/v1_calibration_cosmos_left_5100/RubiksCubeLeftOfBowlMatchedTask/predicted_chunks/episode_000/chunk_003/metadata.json,859,cefd12ced4c0d0d524c8a2971ffeba771028d193f107e21a67d30e752eca1338
/home/ali/projects/RoboLab/output/v1_calibration_cosmos_left_5100/RubiksCubeLeftOfBowlMatchedTask/predicted_chunks/episode_000/chunk_004/action.npy,1152,3716600cde656e278613468bb40bfb3978d218a071c98fad0a0dff1f85ef973f
/home/ali/projects/RoboLab/output/v1_calibration_cosmos_left_5100/RubiksCubeLeftOfBowlMatchedTask/predicted_chunks/episode_000/chunk_004/conditioning.png,551483,10165c7fdbca4b0c9e88ff1f34730075c192f01c6e5aab493c7d4c6ad2e83291
/home/ali/projects/RoboLab/output/v1_calibration_cosmos_left_5100/RubiksCubeLeftOfBowlMatchedTask/predicted_chunks/episode_000/chunk_004/future.mp4,518376,83064d9831a9e7d4933d6b87faf4a39e64910c4db420402c2da2e9776e42176e
/home/ali/projects/RoboLab/output/v1_calibration_cosmos_left_5100/RubiksCubeLeftOfBowlMatchedTask/predicted_chunks/episode_000/chunk_004/metadata.json,859,e083c8a8014e8b553a74460daf4bd0390ed450fdd12ab3077df8ae876a101de5
/home/ali/projects/RoboLab/output/v1_calibration_cosmos_left_5100/RubiksCubeLeftOfBowlMatchedTask/predicted_chunks/episode_000/chunk_005/action.npy,1152,581715c84c542ed9a1ea9df190fe6f2999263b8d3d0bd6c16703a137ef85002b
/home/ali/projects/RoboLab/output/v1_calibration_cosmos_left_5100/RubiksCubeLeftOfBowlMatchedTask/predicted_chunks/episode_000/chunk_005/conditioning.png,564707,dc0dbc506a4eae776dbc63dc6102226010c9c77750faafaa17eb599c60291220
/home/ali/projects/RoboLab/output/v1_calibration_cosmos_left_5100/RubiksCubeLeftOfBowlMatchedTask/predicted_chunks/episode_000/chunk_005/future.mp4,506433,724525fddd782c1c2980bb18503da8d2c9d9cb09426859dc714af451cc851b85
/home/ali/projects/RoboLab/output/v1_calibration_cosmos_left_5100/RubiksCubeLeftOfBowlMatchedTask/predicted_chunks/episode_000/chunk_005/metadata.json,878,4879cbebc41d4f725f8b076718750b8f1f15858080c4fc0865934b02b2c3476a
/home/ali/projects/RoboLab/output/v1_calibration_cosmos_left_5100/RubiksCubeLeftOfBowlMatchedTask/predicted_chunks/episode_000/chunk_006/action.npy,1152,c55b45fc7ea7a058fc780e97096694d46d21c31c2fc0b157679464315826eed1
/home/ali/projects/RoboLab/output/v1_calibration_cosmos_left_5100/RubiksCubeLeftOfBowlMatchedTask/predicted_chunks/episode_000/chunk_006/conditioning.png,534064,e01b779aaf384d1f9f78a5a92fcb6a6d845c126d96c7a222ee7779ce2f92c09a
/home/ali/projects/RoboLab/output/v1_calibration_cosmos_left_5100/RubiksCubeLeftOfBowlMatchedTask/predicted_chunks/episode_000/chunk_006/future.mp4,430879,8c07a54e6602ef0c448500a83e5ed713ce6a133e746460330d3e64774a42455d
/home/ali/projects/RoboLab/output/v1_calibration_cosmos_left_5100/RubiksCubeLeftOfBowlMatchedTask/predicted_chunks/episode_000/chunk_006/metadata.json,861,9df66ff8e54c639dc90afd1789102c196d995fe0961cf43791e537a84db4716a
/home/ali/projects/RoboLab/output/v1_calibration_cosmos_left_5100/RubiksCubeLeftOfBowlMatchedTask/predicted_chunks/episode_000/chunk_007/action.npy,1152,0f330138d4dc2eca5043eacaedd68411bbe148f9245b2198719681aa3958864a
/home/ali/projects/RoboLab/output/v1_calibration_cosmos_left_5100/RubiksCubeLeftOfBowlMatchedTask/predicted_chunks/episode_000/chunk_007/conditioning.png,469433,b1583d7744bbaead529d7e42513b6a7e024429fc49d90b6c0f61687bec40f151
/home/ali/projects/RoboLab/output/v1_calibration_cosmos_left_5100/RubiksCubeLeftOfBowlMatchedTask/predicted_chunks/episode_000/chunk_007/future.mp4,445003,fc033bf843812bb6508c308eb662d22cab2cabd89ece9d67d04b9a050d2c5617
/home/ali/projects/RoboLab/output/v1_calibration_cosmos_left_5100/RubiksCubeLeftOfBowlMatchedTask/predicted_chunks/episode_000/chunk_007/metadata.json,863,65e3abd1518d325591ef08734662da8f32697eee9edbdd08e83fd1556b3719c4
/home/ali/projects/RoboLab/output/v1_calibration_cosmos_left_5100/RubiksCubeLeftOfBowlMatchedTask/predicted_chunks/episode_000/chunk_008/action.npy,1152,dfeaf01906cb1a8ab4ece59dbe85897e540a8d977f17b9d89fabbe8169ff9f08
/home/ali/projects/RoboLab/output/v1_calibration_cosmos_left_5100/RubiksCubeLeftOfBowlMatchedTask/predicted_chunks/episode_000/chunk_008/conditioning.png,471804,1b0f68e5eb301de1033fd9fcbb9b6632ec662d5b5c3ef83a843a1f525a51eafa
/home/ali/projects/RoboLab/output/v1_calibration_cosmos_left_5100/RubiksCubeLeftOfBowlMatchedTask/predicted_chunks/episode_000/chunk_008/future.mp4,424281,3f7d21136f934efae432b44ed56e211cd6f439bfc031af45caa04d73d4ac65e4
/home/ali/projects/RoboLab/output/v1_calibration_cosmos_left_5100/RubiksCubeLeftOfBowlMatchedTask/predicted_chunks/episode_000/chunk_008/metadata.json,864,a2ece9c14159b3ae6d821577d3ce04dc8ad089e441dce46f93daa0c121df29ca
/home/ali/projects/RoboLab/output/v1_calibration_cosmos_left_5100/RubiksCubeLeftOfBowlMatchedTask/predicted_chunks/episode_000/chunk_009/action.npy,1152,24b421a33487268b1942bb7b28b84bb6841046086b08fe68ac1075156dbb2ec5
/home/ali/projects/RoboLab/output/v1_calibration_cosmos_left_5100/RubiksCubeLeftOfBowlMatchedTask/predicted_chunks/episode_000/chunk_009/conditioning.png,491489,f2761495c5719faf3c263305a99990b95c723fbc13e0f3edac04f7c8d05bd3de
/home/ali/projects/RoboLab/output/v1_calibration_cosmos_left_5100/RubiksCubeLeftOfBowlMatchedTask/predicted_chunks/episode_000/chunk_009/future.mp4,455910,c3acf60f4b4ec48f58163a1c6d1b1fd366cd03fb8504b0608afa1c267b0b8a48
/home/ali/projects/RoboLab/output/v1_calibration_cosmos_left_5100/RubiksCubeLeftOfBowlMatchedTask/predicted_chunks/episode_000/chunk_009/metadata.json,864,ccac266fa9c73f7f4397e8f17a2e8d46fceb6bd424c542af2643004579506032
/home/ali/projects/RoboLab/output/v1_calibration_cosmos_left_5100/RubiksCubeLeftOfBowlMatchedTask/predicted_chunks/episode_000/chunk_010/action.npy,1152,a48502f794c3d1e6ccdaeb83e8d10d1ceb864e95c7496b678aba469ae77aa867
/home/ali/projects/RoboLab/output/v1_calibration_cosmos_left_5100/RubiksCubeLeftOfBowlMatchedTask/predicted_chunks/episode_000/chunk_010/conditioning.png,506463,92db304f6247839ff6ae1f8651a92230e229b778c2f668f3c3906f615f605e67
/home/ali/projects/RoboLab/output/v1_calibration_cosmos_left_5100/RubiksCubeLeftOfBowlMatchedTask/predicted_chunks/episode_000/chunk_010/future.mp4,367890,26f03b6badabeeaabbc0773557ba8e0db83d2973537bbcaf349545da9e3f9110
/home/ali/projects/RoboLab/output/v1_calibration_cosmos_left_5100/RubiksCubeLeftOfBowlMatchedTask/predicted_chunks/episode_000/chunk_010/metadata.json,883,85f9063694408b5d05531670faf66d08eb68b759f47c271f243bd0b83fb91d0b
/home/ali/projects/RoboLab/output/v1_calibration_cosmos_left_5100/RubiksCubeLeftOfBowlMatchedTask/predicted_chunks/episode_000/chunk_011/action.npy,1152,616b96e6a2ac7462f2e2128ea6c5744709af6327a2f53847f06456216a2aeb8b
/home/ali/projects/RoboLab/output/v1_calibration_cosmos_left_5100/RubiksCubeLeftOfBowlMatchedTask/predicted_chunks/episode_000/chunk_011/conditioning.png,491219,169f2839fb2f9b34a6a4ecce1401afbf68d01ee7deb570ba1e02a91a790faf34
/home/ali/projects/RoboLab/output/v1_calibration_cosmos_left_5100/RubiksCubeLeftOfBowlMatchedTask/predicted_chunks/episode_000/chunk_011/future.mp4,343610,711412619b43f352cc4c90dc312e4e3d87b7444d181014e4f5f7493dea0b92a9
/home/ali/projects/RoboLab/output/v1_calibration_cosmos_left_5100/RubiksCubeLeftOfBowlMatchedTask/predicted_chunks/episode_000/chunk_011/metadata.json,879,9620c16ef14aa414cee718b2c68ed361810e85568714a952a101379188e6fe1a
/home/ali/projects/RoboLab/output/v1_calibration_cosmos_left_5100/RubiksCubeLeftOfBowlMatchedTask/predicted_chunks/episode_000/chunk_012/action.npy,1152,0b80727cc69b94356be6f143ee482d4f3347fbbe82be47ecba85361fac0d7f76
/home/ali/projects/RoboLab/output/v1_calibration_cosmos_left_5100/RubiksCubeLeftOfBowlMatchedTask/predicted_chunks/episode_000/chunk_012/conditioning.png,480472,d171e64e2ede919222a57c6c391f1c463cd35d2505a9bd6ad4781c4a63c74b6d
/home/ali/projects/RoboLab/output/v1_calibration_cosmos_left_5100/RubiksCubeLeftOfBowlMatchedTask/predicted_chunks/episode_000/chunk_012/future.mp4,398203,c95dc060cab48199fb626d47240d01c4fe3ef40e09c872ec3b7662d191e7a780
/home/ali/projects/RoboLab/output/v1_calibration_cosmos_left_5100/RubiksCubeLeftOfBowlMatchedTask/predicted_chunks/episode_000/chunk_012/metadata.json,878,cd31e0b384b1d5c0871b1766ff4eda8a2b3486b73f6309a2d9b74c290d56f71c
/home/ali/projects/RoboLab/output/v1_calibration_cosmos_left_5100/RubiksCubeLeftOfBowlMatchedTask/predicted_chunks/episode_000/chunk_013/action.npy,1152,60d257434ee62c59268ed9bdc0db583d7b63539905d2198d18b22e3304f9d381
/home/ali/projects/RoboLab/output/v1_calibration_cosmos_left_5100/RubiksCubeLeftOfBowlMatchedTask/predicted_chunks/episode_000/chunk_013/conditioning.png,516501,9dddbe67218096ba961b02292449ad673b37b2a938a55fd1e90e7f562c5754a0
/home/ali/projects/RoboLab/output/v1_calibration_cosmos_left_5100/RubiksCubeLeftOfBowlMatchedTask/predicted_chunks/episode_000/chunk_013/future.mp4,326110,a2e4a4a1d8a5f4d9c9423d840c9c9c9555ab60b5d28418d96a68f4bd4e671e11
/home/ali/projects/RoboLab/output/v1_calibration_cosmos_left_5100/RubiksCubeLeftOfBowlMatchedTask/predicted_chunks/episode_000/chunk_013/metadata.json,879,5b420155cc5d5f135e532cb57a6fc96fcef63ece59e0c2ad58898395bfd79596
/home/ali/projects/RoboLab/output/v1_calibration_cosmos_left_5100/RubiksCubeLeftOfBowlMatchedTask/predicted_chunks/episode_000/chunk_014/action.npy,1152,85092f563f05c899925784b02cadefc7530e24402163c29577b94644f57f825a
/home/ali/projects/RoboLab/output/v1_calibration_cosmos_left_5100/RubiksCubeLeftOfBowlMatchedTask/predicted_chunks/episode_000/chunk_014/conditioning.png,511760,42c89586d07ac34fc8b2a18c12097765dde5a398396029c519e1eb529f948264
/home/ali/projects/RoboLab/output/v1_calibration_cosmos_left_5100/RubiksCubeLeftOfBowlMatchedTask/predicted_chunks/episode_000/chunk_014/future.mp4,508901,51c502d84278698af7f045cdbfd5a5583bccb3691c015fcfcf84de32b071eac4
/home/ali/projects/RoboLab/output/v1_calibration_cosmos_left_5100/RubiksCubeLeftOfBowlMatchedTask/predicted_chunks/episode_000/chunk_014/metadata.json,880,f56d5fddc8c270faf38ec6e320b0743bb5a8d008fb2185cbac8e77d9ac0b38bb
/home/ali/projects/RoboLab/output/v1_calibration_cosmos_left_5100/RubiksCubeLeftOfBowlMatchedTask/predicted_chunks/manifest.jsonl,11227,ae29f198892dc4a29897ed384a23ab0fb5520be90274a77706d715e296caf836
/home/ali/projects/RoboLab/output/v1_calibration_cosmos_left_5100/RubiksCubeLeftOfBowlMatchedTask/run_0.hdf5,342765,481434e37fc9bc8566ef9c5c0b7009ba4704a65d7b98ddbd48f8eedcc505b286
/home/ali/projects/RoboLab/output/v1_calibration_cosmos_left_5100/episode_results.jsonl,1351,0f7e2c798bbadc05c1f002fb402c2bb257ba14ebf27eb660cf29825d927dab19
/home/ali/projects/RoboLab/output/v1_calibration_cosmos_right_5100/RubiksCubeRightOfBowlMatchedTask/env_cfg.json,43202,e5d7836bdce428fe9bab07ba5c6cdf5dd2cf854393d27bc9c1e8a20b4a16d927
/home/ali/projects/RoboLab/output/v1_calibration_cosmos_right_5100/RubiksCubeRightOfBowlMatchedTask/log_0_env0.json,2117,997eb44345c19448a72146d3eb02953332522a35d89d538cbb819692b2ca8cd7
/home/ali/projects/RoboLab/output/v1_calibration_cosmos_right_5100/RubiksCubeRightOfBowlMatchedTask/predicted_chunks/episode_000/chunk_000/action.npy,1152,2ce5b8b2536063ee00d57a10fd38d84eef488679516fbd8781eec080ad3742f2
/home/ali/projects/RoboLab/output/v1_calibration_cosmos_right_5100/RubiksCubeRightOfBowlMatchedTask/predicted_chunks/episode_000/chunk_000/conditioning.png,573126,2de7ea89840fdc2fdb579a5734a8097ac2af941fc9efb17782ec734686447b5c
/home/ali/projects/RoboLab/output/v1_calibration_cosmos_right_5100/RubiksCubeRightOfBowlMatchedTask/predicted_chunks/episode_000/chunk_000/future.mp4,524603,d31f0ec7d27903bd6f0953c25bd1e0f2fe4552a93d5c7a0458564d56b583db05
/home/ali/projects/RoboLab/output/v1_calibration_cosmos_right_5100/RubiksCubeRightOfBowlMatchedTask/predicted_chunks/episode_000/chunk_000/metadata.json,799,e18ada3465dd0c6e1238613651b8aaab4b704e0d53b1947fb694e197f51dd9da
/home/ali/projects/RoboLab/output/v1_calibration_cosmos_right_5100/RubiksCubeRightOfBowlMatchedTask/predicted_chunks/episode_000/chunk_001/action.npy,1152,ea589a26d39a421f228b6c67e6a05527728f38ec5edc46ef4d79354be1adcfb6
/home/ali/projects/RoboLab/output/v1_calibration_cosmos_right_5100/RubiksCubeRightOfBowlMatchedTask/predicted_chunks/episode_000/chunk_001/conditioning.png,558797,e7f00daaf346fcf289f34790c95cee1f46ca43c23ddbbd7bf448d40c6b4d4e9a
/home/ali/projects/RoboLab/output/v1_calibration_cosmos_right_5100/RubiksCubeRightOfBowlMatchedTask/predicted_chunks/episode_000/chunk_001/future.mp4,421498,5d5f4821b9d9b8cb52237f4eff8fe4589c21147b2c3bba88a3e4f8f4ccbb51b0
/home/ali/projects/RoboLab/output/v1_calibration_cosmos_right_5100/RubiksCubeRightOfBowlMatchedTask/predicted_chunks/episode_000/chunk_001/metadata.json,880,effb082a17809337a838daabf28cd55d4b71edabceac77716e9936af617b35d0
/home/ali/projects/RoboLab/output/v1_calibration_cosmos_right_5100/RubiksCubeRightOfBowlMatchedTask/predicted_chunks/episode_000/chunk_002/action.npy,1152,3d4a917fb249420952ea8eb2573e404ded92fac3487ed971df58b6db9f8b8be9
/home/ali/projects/RoboLab/output/v1_calibration_cosmos_right_5100/RubiksCubeRightOfBowlMatchedTask/predicted_chunks/episode_000/chunk_002/conditioning.png,525593,377531e3a749d1d1bb830d63b863cca65e42b9c690aa4ceae6c5e707e066c8c3
/home/ali/projects/RoboLab/output/v1_calibration_cosmos_right_5100/RubiksCubeRightOfBowlMatchedTask/predicted_chunks/episode_000/chunk_002/future.mp4,562395,e59e3de12b47646f98a172c5b4245463d14d78f9673a8cad11b76316d5c00948
/home/ali/projects/RoboLab/output/v1_calibration_cosmos_right_5100/RubiksCubeRightOfBowlMatchedTask/predicted_chunks/episode_000/chunk_002/metadata.json,880,26a521a64c112537d5762bb0152079c645ddc552b7420803d119ec10f14c32fb
/home/ali/projects/RoboLab/output/v1_calibration_cosmos_right_5100/RubiksCubeRightOfBowlMatchedTask/predicted_chunks/episode_000/chunk_003/action.npy,1152,8c11ce76939c1fe63a4bc1c0dc01ddd80ac48b8dae3ccd6dadb8a9bbfc3e117f
/home/ali/projects/RoboLab/output/v1_calibration_cosmos_right_5100/RubiksCubeRightOfBowlMatchedTask/predicted_chunks/episode_000/chunk_003/conditioning.png,545414,ff4eccd8be5a351bc7625b55bc5f32c52eaf880c44d84d6861f8a25f96431466
/home/ali/projects/RoboLab/output/v1_calibration_cosmos_right_5100/RubiksCubeRightOfBowlMatchedTask/predicted_chunks/episode_000/chunk_003/future.mp4,513343,50b9948fa36ceb88ba7af9c8ab47315f10637711779419284ffd1c555f788826
/home/ali/projects/RoboLab/output/v1_calibration_cosmos_right_5100/RubiksCubeRightOfBowlMatchedTask/predicted_chunks/episode_000/chunk_003/metadata.json,879,03b12483f4c991ac7a56b3d0369dfc718c984558a8c1c07f90e7b6f347a520be
/home/ali/projects/RoboLab/output/v1_calibration_cosmos_right_5100/RubiksCubeRightOfBowlMatchedTask/predicted_chunks/manifest.jsonl,2966,4c50e19401083ad0fd47703a1c154f987572b6d2a50ca874e6fe6b0364a2a935
/home/ali/projects/RoboLab/output/v1_calibration_cosmos_right_5100/RubiksCubeRightOfBowlMatchedTask/run_0.hdf5,226042,9f9cb28bf2ddf4e5c7f05cf0dfb6931d581d4c2e06845ad6389402337223cf14
/home/ali/projects/RoboLab/output/v1_calibration_cosmos_right_5100/episode_results.jsonl,1169,ad4649915582a972461cc2bcc53bb98409cec3600801eef3d2bb434e10b56f2c
/home/ali/projects/RoboLab/output/v1_cosmos_canonical_interrupted_thermal_gpu1roles/RubiksCubeLeftOfBowlMatchedTask/env_cfg.json,43180,8e55211a7e599ee4a7ac5a40dead2fbfa08352d5831cd16e7422d948d6e913c6
/home/ali/projects/RoboLab/output/v1_cosmos_canonical_interrupted_thermal_gpu1roles/RubiksCubeLeftOfBowlMatchedTask/log_0_env0.json,2193,23cb025fa88727bb46bade920316e6777072342b780d879af11eacc29f1593b4
/home/ali/projects/RoboLab/output/v1_cosmos_canonical_interrupted_thermal_gpu1roles/RubiksCubeLeftOfBowlMatchedTask/log_1_env0.json,1815,fc25573b910b1d308f99c297310ee9fa08dbf88c731244b6abbe5ae0147865b0
/home/ali/projects/RoboLab/output/v1_cosmos_canonical_interrupted_thermal_gpu1roles/RubiksCubeLeftOfBowlMatchedTask/log_2_env0.json,3586,60d2066e3796f7c5bb9bc84f00ef1e28f64c9e59d637253e5da71059389f8509
/home/ali/projects/RoboLab/output/v1_cosmos_canonical_interrupted_thermal_gpu1roles/RubiksCubeLeftOfBowlMatchedTask/log_3_env0.json,1997,4b35d3a7198aa3931378eb61654955f7e46546901c5ae72177cb6cf337fc7954
/home/ali/projects/RoboLab/output/v1_cosmos_canonical_interrupted_thermal_gpu1roles/RubiksCubeLeftOfBowlMatchedTask/log_4_env0.json,1659,ec9d3a0e429e85c6c8e467dad7ff285e5ceea19518cb086eeac1600b718208d7
/home/ali/projects/RoboLab/output/v1_cosmos_canonical_interrupted_thermal_gpu1roles/RubiksCubeLeftOfBowlMatchedTask/log_5_env0.json,3275,0ee23b84176b64ce7f0e50458603709876e856ca8913b4469324942fd960dce5
/home/ali/projects/RoboLab/output/v1_cosmos_canonical_interrupted_thermal_gpu1roles/RubiksCubeLeftOfBowlMatchedTask/log_6_env0.json,1756,7ef23d709cefd41b7f53bfbc4e352cf501a1ebb75b4011689cd246edf74827a9
/home/ali/projects/RoboLab/output/v1_cosmos_canonical_interrupted_thermal_gpu1roles/RubiksCubeLeftOfBowlMatchedTask/predicted_chunks/episode_000/chunk_000/action.npy,1152,a60ebf69437a63f2dea45ac411560f3377b5ade3572e81858235f710855d2c34
/home/ali/projects/RoboLab/output/v1_cosmos_canonical_interrupted_thermal_gpu1roles/RubiksCubeLeftOfBowlMatchedTask/predicted_chunks/episode_000/chunk_000/conditioning.png,573165,cee636fb86b33996c6f37c58868d67e4c26d711ba448f2a3b04b86e4912be015
/home/ali/projects/RoboLab/output/v1_cosmos_canonical_interrupted_thermal_gpu1roles/RubiksCubeLeftOfBowlMatchedTask/predicted_chunks/episode_000/chunk_000/future.mp4,547898,80106c4a7151ac689d4f6119a0c03a08038f9f41733be3e523b53cbe83e731ae
/home/ali/projects/RoboLab/output/v1_cosmos_canonical_interrupted_thermal_gpu1roles/RubiksCubeLeftOfBowlMatchedTask/predicted_chunks/episode_000/chunk_000/metadata.json,784,40a067d5c9c8c4b380a71e9e955cf7080fbb33516f61d5f811085c00da8894bb
/home/ali/projects/RoboLab/output/v1_cosmos_canonical_interrupted_thermal_gpu1roles/RubiksCubeLeftOfBowlMatchedTask/predicted_chunks/episode_000/chunk_001/action.npy,1152,3a95ca12a9f74b59953b61597ad8e42195a31b8062d7fccfc2d9878cc6b90271
/home/ali/projects/RoboLab/output/v1_cosmos_canonical_interrupted_thermal_gpu1roles/RubiksCubeLeftOfBowlMatchedTask/predicted_chunks/episode_000/chunk_001/conditioning.png,551179,7aead82dc854b5fcf983856bd8a8cd680998908d912faf655308314e13fa7f2c
/home/ali/projects/RoboLab/output/v1_cosmos_canonical_interrupted_thermal_gpu1roles/RubiksCubeLeftOfBowlMatchedTask/predicted_chunks/episode_000/chunk_001/future.mp4,504300,03d79f9dd4f2ba7db12ca9e16ce3939163585699cc0e13857eca409b41485d80
/home/ali/projects/RoboLab/output/v1_cosmos_canonical_interrupted_thermal_gpu1roles/RubiksCubeLeftOfBowlMatchedTask/predicted_chunks/episode_000/chunk_001/metadata.json,868,25684a0fdbb593ff74c5732565e997d044be8521c872910e54634cf2d68e1651
/home/ali/projects/RoboLab/output/v1_cosmos_canonical_interrupted_thermal_gpu1roles/RubiksCubeLeftOfBowlMatchedTask/predicted_chunks/episode_000/chunk_002/action.npy,1152,fc21f0627f7803c9dc97d1e148c006ccbbe4efe702a9f714d1f5ee24dfeb9f0a
/home/ali/projects/RoboLab/output/v1_cosmos_canonical_interrupted_thermal_gpu1roles/RubiksCubeLeftOfBowlMatchedTask/predicted_chunks/episode_000/chunk_002/conditioning.png,559145,de3a07d8a8d4b6481dce8b23c2d6f4c97f845bd3b0fe6a35d308fa01240fb632
/home/ali/projects/RoboLab/output/v1_cosmos_canonical_interrupted_thermal_gpu1roles/RubiksCubeLeftOfBowlMatchedTask/predicted_chunks/episode_000/chunk_002/future.mp4,471807,f361fcfa47f2c63a3184ca1be00e01c584ec8f567087f50a09f23bcb1fe59ba7
/home/ali/projects/RoboLab/output/v1_cosmos_canonical_interrupted_thermal_gpu1roles/RubiksCubeLeftOfBowlMatchedTask/predicted_chunks/episode_000/chunk_002/metadata.json,862,368055353ad47c573fe0cf3bcc57d0aac9af89a3b652b287645386ac19fd88ac
/home/ali/projects/RoboLab/output/v1_cosmos_canonical_interrupted_thermal_gpu1roles/RubiksCubeLeftOfBowlMatchedTask/predicted_chunks/episode_000/chunk_003/action.npy,1152,8c9616799ab65614c5fdb9f997284c2a6ee24ecc1e1ff255db9f4e054c133d3b
/home/ali/projects/RoboLab/output/v1_cosmos_canonical_interrupted_thermal_gpu1roles/RubiksCubeLeftOfBowlMatchedTask/predicted_chunks/episode_000/chunk_003/conditioning.png,570084,5d0c3b45f144fce0bfeb95a07f9fa8a38da85d785784d831f2fa3f5dc6b9505d
/home/ali/projects/RoboLab/output/v1_cosmos_canonical_interrupted_thermal_gpu1roles/RubiksCubeLeftOfBowlMatchedTask/predicted_chunks/episode_000/chunk_003/future.mp4,465403,41ff31285931655aad4738e5c25e1bfea8027e0a7d01c75e01775b6e96ba2476
/home/ali/projects/RoboLab/output/v1_cosmos_canonical_interrupted_thermal_gpu1roles/RubiksCubeLeftOfBowlMatchedTask/predicted_chunks/episode_000/chunk_003/metadata.json,849,d355fc017f850e2a41ed59218734710f7c3a0132021cf81dd0a9ccca3a58a2ca
/home/ali/projects/RoboLab/output/v1_cosmos_canonical_interrupted_thermal_gpu1roles/RubiksCubeLeftOfBowlMatchedTask/predicted_chunks/episode_000/chunk_004/action.npy,1152,fff86554c78a414186da352fa866ce7ffd2775850f999a2b488b155a2410cc55
/home/ali/projects/RoboLab/output/v1_cosmos_canonical_interrupted_thermal_gpu1roles/RubiksCubeLeftOfBowlMatchedTask/predicted_chunks/episode_000/chunk_004/conditioning.png,557320,f011cedb20213b5744c89811976b0939f16c26fddb175b8a090e8578df716319
/home/ali/projects/RoboLab/output/v1_cosmos_canonical_interrupted_thermal_gpu1roles/RubiksCubeLeftOfBowlMatchedTask/predicted_chunks/episode_000/chunk_004/future.mp4,428409,dc87dcf3302985bc11894b017e3009673b7947ee7958f6e057f23fcfa7356fbf
/home/ali/projects/RoboLab/output/v1_cosmos_canonical_interrupted_thermal_gpu1roles/RubiksCubeLeftOfBowlMatchedTask/predicted_chunks/episode_000/chunk_004/metadata.json,868,21babb033cec2a8f71fd127c0baa81e6c6a9a5459d26c25bbb0402f5021e6824
/home/ali/projects/RoboLab/output/v1_cosmos_canonical_interrupted_thermal_gpu1roles/RubiksCubeLeftOfBowlMatchedTask/predicted_chunks/episode_000/chunk_005/action.npy,1152,cbe9b99e793f1532fbeae039a852f24a0015f999db6598144590413f36ec1fc8
/home/ali/projects/RoboLab/output/v1_cosmos_canonical_interrupted_thermal_gpu1roles/RubiksCubeLeftOfBowlMatchedTask/predicted_chunks/episode_000/chunk_005/conditioning.png,553134,96ac84be59c9db2eca0ded642b29506602e4aa265e3e95a28551766a3b440a5b
/home/ali/projects/RoboLab/output/v1_cosmos_canonical_interrupted_thermal_gpu1roles/RubiksCubeLeftOfBowlMatchedTask/predicted_chunks/episode_000/chunk_005/future.mp4,448127,1fa95ae85af04b8897600d0c6b317bbb3d4c360cc919cb0d8eb4257693b95130
/home/ali/projects/RoboLab/output/v1_cosmos_canonical_interrupted_thermal_gpu1roles/RubiksCubeLeftOfBowlMatchedTask/predicted_chunks/episode_000/chunk_005/metadata.json,864,719bacd9a059cea6ac787317f4ba88a8c4d5475adc207db7e4225d83dd2ed802
/home/ali/projects/RoboLab/output/v1_cosmos_canonical_interrupted_thermal_gpu1roles/RubiksCubeLeftOfBowlMatchedTask/predicted_chunks/episode_000/chunk_006/action.npy,1152,e83b160169ec00efb621b54e177489793caaa5e07cd2839196c9ee4e033f1fac
/home/ali/projects/RoboLab/output/v1_cosmos_canonical_interrupted_thermal_gpu1roles/RubiksCubeLeftOfBowlMatchedTask/predicted_chunks/episode_000/chunk_006/conditioning.png,563628,e3d6a644aa396b9015f9fb9cb0e11b08380a2dd0329615745a4dac63f6cfb8f5
/home/ali/projects/RoboLab/output/v1_cosmos_canonical_interrupted_thermal_gpu1roles/RubiksCubeLeftOfBowlMatchedTask/predicted_chunks/episode_000/chunk_006/future.mp4,502287,eb34470db514b50bceb8a875649ebec4e3118f49a8142e8b0e04feac0640ac2c
/home/ali/projects/RoboLab/output/v1_cosmos_canonical_interrupted_thermal_gpu1roles/RubiksCubeLeftOfBowlMatchedTask/predicted_chunks/episode_000/chunk_006/metadata.json,847,fd2ef30b92f45f5734a0f3cadeb967d564d8373c4057080ee211711fc6bf43e8
/home/ali/projects/RoboLab/output/v1_cosmos_canonical_interrupted_thermal_gpu1roles/RubiksCubeLeftOfBowlMatchedTask/predicted_chunks/episode_000/chunk_007/action.npy,1152,5d7e7fd27398b34bc9afbcc47009482f13e2ff54068ddeeb8eb42ad4e7387d65
/home/ali/projects/RoboLab/output/v1_cosmos_canonical_interrupted_thermal_gpu1roles/RubiksCubeLeftOfBowlMatchedTask/predicted_chunks/episode_000/chunk_007/conditioning.png,541088,2d6e8025f7cf518db56070c9f5b38f0e83bbdacf2d44d86bd54748db6208118e
/home/ali/projects/RoboLab/output/v1_cosmos_canonical_interrupted_thermal_gpu1roles/RubiksCubeLeftOfBowlMatchedTask/predicted_chunks/episode_000/chunk_007/future.mp4,434938,eac4d04435393818756c148acfb9f4e80d2c59184aabbaeaa0d2e017bc19c5c9
/home/ali/projects/RoboLab/output/v1_cosmos_canonical_interrupted_thermal_gpu1roles/RubiksCubeLeftOfBowlMatchedTask/predicted_chunks/episode_000/chunk_007/metadata.json,852,c12903e9bcf143a99ea36dbe321ce59ed89f25223b2399d9433238f53ba548e5
/home/ali/projects/RoboLab/output/v1_cosmos_canonical_interrupted_thermal_gpu1roles/RubiksCubeLeftOfBowlMatchedTask/predicted_chunks/episode_000/chunk_008/action.npy,1152,8c5f3954913e21a7c266a9dce48925216d715bbb05e7cb5689a372240422ea0e
/home/ali/projects/RoboLab/output/v1_cosmos_canonical_interrupted_thermal_gpu1roles/RubiksCubeLeftOfBowlMatchedTask/predicted_chunks/episode_000/chunk_008/conditioning.png,513147,6a50ce8ff1ee0ffceeadc57a18407a7f79320cf605b23470d5b250a8e84ad500
/home/ali/projects/RoboLab/output/v1_cosmos_canonical_interrupted_thermal_gpu1roles/RubiksCubeLeftOfBowlMatchedTask/predicted_chunks/episode_000/chunk_008/future.mp4,449693,9d55aaebaa99c347702e5dd93c1d6d1c65f5842704b94a7eaf0b8846f7e144b6
/home/ali/projects/RoboLab/output/v1_cosmos_canonical_interrupted_thermal_gpu1roles/RubiksCubeLeftOfBowlMatchedTask/predicted_chunks/episode_000/chunk_008/metadata.json,867,4dd8a2363d8b705efaa46659f679e504fdb28a0ff205e4972edf1c0967574bf7
/home/ali/projects/RoboLab/output/v1_cosmos_canonical_interrupted_thermal_gpu1roles/RubiksCubeLeftOfBowlMatchedTask/predicted_chunks/episode_000/chunk_009/action.npy,1152,f04ddcc6016e1a372d2bf61546ed84b56849ba951c93b01eb9fb9d6d37799007
/home/ali/projects/RoboLab/output/v1_cosmos_canonical_interrupted_thermal_gpu1roles/RubiksCubeLeftOfBowlMatchedTask/predicted_chunks/episode_000/chunk_009/conditioning.png,547662,567f670ad2858cdf19a1c9a815d29dcfc00f36b56e8720ed2307dd7aabd94112
/home/ali/projects/RoboLab/output/v1_cosmos_canonical_interrupted_thermal_gpu1roles/RubiksCubeLeftOfBowlMatchedTask/predicted_chunks/episode_000/chunk_009/future.mp4,605493,0ec7f8ea9c963154e4279f32d533b628925f11572bab4f6cfcf9b02601d069be
/home/ali/projects/RoboLab/output/v1_cosmos_canonical_interrupted_thermal_gpu1roles/RubiksCubeLeftOfBowlMatchedTask/predicted_chunks/episode_000/chunk_009/metadata.json,871,2afbba4c692ad6bd59c3a9067f31bb5cfefba58d1b3354b14f4e7c07563d6e03
/home/ali/projects/RoboLab/output/v1_cosmos_canonical_interrupted_thermal_gpu1roles/RubiksCubeLeftOfBowlMatchedTask/predicted_chunks/episode_001/chunk_000/action.npy,1152,71244609ce26286b40833d124391d369d4ca167f79862cbecefa044783356cb9
/home/ali/projects/RoboLab/output/v1_cosmos_canonical_interrupted_thermal_gpu1roles/RubiksCubeLeftOfBowlMatchedTask/predicted_chunks/episode_001/chunk_000/conditioning.png,574971,8fceeb3051730db45edce498af98547d3bcdc64f469a100d8a8c921ead29dddb
/home/ali/projects/RoboLab/output/v1_cosmos_canonical_interrupted_thermal_gpu1roles/RubiksCubeLeftOfBowlMatchedTask/predicted_chunks/episode_001/chunk_000/future.mp4,532152,3b1688fdd5ad1304edd766be2ced52699f303de2fa219d99b62e85274150c3df
/home/ali/projects/RoboLab/output/v1_cosmos_canonical_interrupted_thermal_gpu1roles/RubiksCubeLeftOfBowlMatchedTask/predicted_chunks/episode_001/chunk_000/metadata.json,784,f3579ffb262330de3c9e7848cdd94301e4d844d6d0d5ef50fcd6b8aa3b8f5b23
/home/ali/projects/RoboLab/output/v1_cosmos_canonical_interrupted_thermal_gpu1roles/RubiksCubeLeftOfBowlMatchedTask/predicted_chunks/episode_001/chunk_001/action.npy,1152,7ad16676194e5b18e1a5b0b391dd986951bcc9faf47bc7a14e2d9498f4428f67
/home/ali/projects/RoboLab/output/v1_cosmos_canonical_interrupted_thermal_gpu1roles/RubiksCubeLeftOfBowlMatchedTask/predicted_chunks/episode_001/chunk_001/conditioning.png,558119,bc3f4300272cff5422c9b9a573835d41759145c792318c821a61007e1e3e78b7
/home/ali/projects/RoboLab/output/v1_cosmos_canonical_interrupted_thermal_gpu1roles/RubiksCubeLeftOfBowlMatchedTask/predicted_chunks/episode_001/chunk_001/future.mp4,458049,5b5735bc41f8337dc81a946e82b000bb8744c917b941d7b1d60876884f3e8cd3
/home/ali/projects/RoboLab/output/v1_cosmos_canonical_interrupted_thermal_gpu1roles/RubiksCubeLeftOfBowlMatchedTask/predicted_chunks/episode_001/chunk_001/metadata.json,871,cdaf16e7ab8b875fbb178ed43bd0649d5f388fb7a8a84f8f4acfa97570d1b992
/home/ali/projects/RoboLab/output/v1_cosmos_canonical_interrupted_thermal_gpu1roles/RubiksCubeLeftOfBowlMatchedTask/predicted_chunks/episode_001/chunk_002/action.npy,1152,b0000efa0ea5581348d661000278ebe151405207ff842305ca1b3dd987ce000f
/home/ali/projects/RoboLab/output/v1_cosmos_canonical_interrupted_thermal_gpu1roles/RubiksCubeLeftOfBowlMatchedTask/predicted_chunks/episode_001/chunk_002/conditioning.png,533420,cbe920d36ba2ba45f90a3d6c9abd0dd91f8ba847ae41e4ecef2ed50dbee7b66a
/home/ali/projects/RoboLab/output/v1_cosmos_canonical_interrupted_thermal_gpu1roles/RubiksCubeLeftOfBowlMatchedTask/predicted_chunks/episode_001/chunk_002/future.mp4,461967,89ac22e2e71016fe5cafbc4f9df4a109009454e01c16233a78e1e5dc5b4c63ad
/home/ali/projects/RoboLab/output/v1_cosmos_canonical_interrupted_thermal_gpu1roles/RubiksCubeLeftOfBowlMatchedTask/predicted_chunks/episode_001/chunk_002/metadata.json,868,6c886ab42f7c1d4b6216aedc832798455ec80ffe54975c2b7f7140937dd67923
/home/ali/projects/RoboLab/output/v1_cosmos_canonical_interrupted_thermal_gpu1roles/RubiksCubeLeftOfBowlMatchedTask/predicted_chunks/episode_001/chunk_003/action.npy,1152,9ec90426c91c32efdff3b32c580d6c711026b6a9c35f03df090743bf35a5e815
/home/ali/projects/RoboLab/output/v1_cosmos_canonical_interrupted_thermal_gpu1roles/RubiksCubeLeftOfBowlMatchedTask/predicted_chunks/episode_001/chunk_003/conditioning.png,518993,a5278e9c2e21e5e276e2706cb77e957c7870a5a30a5758b49c5060c09f7a06c5
/home/ali/projects/RoboLab/output/v1_cosmos_canonical_interrupted_thermal_gpu1roles/RubiksCubeLeftOfBowlMatchedTask/predicted_chunks/episode_001/chunk_003/future.mp4,393215,d707e8d4339f639299676a8902633d3602c0a9412c111106cc3df848eec65a0c
/home/ali/projects/RoboLab/output/v1_cosmos_canonical_interrupted_thermal_gpu1roles/RubiksCubeLeftOfBowlMatchedTask/predicted_chunks/episode_001/chunk_003/metadata.json,864,1c2886586fa5d9f7ee6d0da667849a61ed8e3c50a27ae7caec2fea9c5a27a167
/home/ali/projects/RoboLab/output/v1_cosmos_canonical_interrupted_thermal_gpu1roles/RubiksCubeLeftOfBowlMatchedTask/predicted_chunks/episode_001/chunk_004/action.npy,1152,c50e45d1955ca5bded2ce6ff167c55b61511f5dbdeb75cefcd48b1e9955c60a9
/home/ali/projects/RoboLab/output/v1_cosmos_canonical_interrupted_thermal_gpu1roles/RubiksCubeLeftOfBowlMatchedTask/predicted_chunks/episode_001/chunk_004/conditioning.png,527952,b3ca15c0050d9ababb4442f3cf994c19bac489e06a9ca8940082931e5488fa95
/home/ali/projects/RoboLab/output/v1_cosmos_canonical_interrupted_thermal_gpu1roles/RubiksCubeLeftOfBowlMatchedTask/predicted_chunks/episode_001/chunk_004/future.mp4,403015,7dd76500542573acbdf0795133a9dc194d56a2d2db98661801f2e934f5b6f759
/home/ali/projects/RoboLab/output/v1_cosmos_canonical_interrupted_thermal_gpu1roles/RubiksCubeLeftOfBowlMatchedTask/predicted_chunks/episode_001/chunk_004/metadata.json,868,3638f0a8c681aecfd0161b975dd4dab917f17577b3b5c766bd1086fcaf34dbd6
/home/ali/projects/RoboLab/output/v1_cosmos_canonical_interrupted_thermal_gpu1roles/RubiksCubeLeftOfBowlMatchedTask/predicted_chunks/episode_001/chunk_005/action.npy,1152,23dc99fe488b714acdadd28934de40287364e98c968ff2dad3d38489ee386971
/home/ali/projects/RoboLab/output/v1_cosmos_canonical_interrupted_thermal_gpu1roles/RubiksCubeLeftOfBowlMatchedTask/predicted_chunks/episode_001/chunk_005/conditioning.png,531235,0e3532282dedcd8855a1f3998f0435c14f6c4ecca7ec50f31a3ed61d421f296c
/home/ali/projects/RoboLab/output/v1_cosmos_canonical_interrupted_thermal_gpu1roles/RubiksCubeLeftOfBowlMatchedTask/predicted_chunks/episode_001/chunk_005/future.mp4,419015,ccfc7109b478ddfba775a11ac46164eed3e18afb5c72ee5eff5e06bd56769a57
/home/ali/projects/RoboLab/output/v1_cosmos_canonical_interrupted_thermal_gpu1roles/RubiksCubeLeftOfBowlMatchedTask/predicted_chunks/episode_001/chunk_005/metadata.json,865,cf630abb1e04e77963048c5eadd8d800f69c791d5d6f5aa94562331e7c6d2e6b
/home/ali/projects/RoboLab/output/v1_cosmos_canonical_interrupted_thermal_gpu1roles/RubiksCubeLeftOfBowlMatchedTask/predicted_chunks/episode_002/chunk_000/action.npy,1152,a9ccb52b7ffedc393166eab61ad3ce92770f3e42ad90778f74c6bfceec1d1b47
/home/ali/projects/RoboLab/output/v1_cosmos_canonical_interrupted_thermal_gpu1roles/RubiksCubeLeftOfBowlMatchedTask/predicted_chunks/episode_002/chunk_000/conditioning.png,566801,c3e3a9fc10abf6ba21cccb89b6a72ce68eaa6adbc9059f69b8af6dd549db96e3
/home/ali/projects/RoboLab/output/v1_cosmos_canonical_interrupted_thermal_gpu1roles/RubiksCubeLeftOfBowlMatchedTask/predicted_chunks/episode_002/chunk_000/future.mp4,513787,77dd6c65f2b7efcd302483528204c369355478ee50e0161f4a38335a3378c292
/home/ali/projects/RoboLab/output/v1_cosmos_canonical_interrupted_thermal_gpu1roles/RubiksCubeLeftOfBowlMatchedTask/predicted_chunks/episode_002/chunk_000/metadata.json,784,21d96557a17f8c2a635fc0a9b7999a2dd406ca509d22e8ddb4b591dde5ef86e1
/home/ali/projects/RoboLab/output/v1_cosmos_canonical_interrupted_thermal_gpu1roles/RubiksCubeLeftOfBowlMatchedTask/predicted_chunks/episode_002/chunk_001/action.npy,1152,8a275ceaad9e6415ea9097d28d35697ff56bf6e9a3f201cca02b208590139e61
/home/ali/projects/RoboLab/output/v1_cosmos_canonical_interrupted_thermal_gpu1roles/RubiksCubeLeftOfBowlMatchedTask/predicted_chunks/episode_002/chunk_001/conditioning.png,560722,5db549f872ae599fbba1995e5cf3e895207a3c861766a37da9a608ed08dabb4d
/home/ali/projects/RoboLab/output/v1_cosmos_canonical_interrupted_thermal_gpu1roles/RubiksCubeLeftOfBowlMatchedTask/predicted_chunks/episode_002/chunk_001/future.mp4,444686,9272c19c996a85d1b9e8dcffbe6d0575f914258f4947d1417dc163df7d02ad06
/home/ali/projects/RoboLab/output/v1_cosmos_canonical_interrupted_thermal_gpu1roles/RubiksCubeLeftOfBowlMatchedTask/predicted_chunks/episode_002/chunk_001/metadata.json,868,cb9a5b387635d0ffecd047d0473bb1e090703300d1c3999781b074f451d5503b
/home/ali/projects/RoboLab/output/v1_cosmos_canonical_interrupted_thermal_gpu1roles/RubiksCubeLeftOfBowlMatchedTask/predicted_chunks/episode_002/chunk_002/action.npy,1152,cf43cd56f03f47416689c3b03de4a1544dc6a47c347b937a5b3590f42e0929ec
/home/ali/projects/RoboLab/output/v1_cosmos_canonical_interrupted_thermal_gpu1roles/RubiksCubeLeftOfBowlMatchedTask/predicted_chunks/episode_002/chunk_002/conditioning.png,550432,60eef37e4abf0b7c85086d993f68aedf853afbd5b1b2fc99f929c420388e2908
/home/ali/projects/RoboLab/output/v1_cosmos_canonical_interrupted_thermal_gpu1roles/RubiksCubeLeftOfBowlMatchedTask/predicted_chunks/episode_002/chunk_002/future.mp4,490598,6d333df804d05e9ee686b4e3d199fd71868d07b67f247afa89a0c6ec52627308
/home/ali/projects/RoboLab/output/v1_cosmos_canonical_interrupted_thermal_gpu1roles/RubiksCubeLeftOfBowlMatchedTask/predicted_chunks/episode_002/chunk_002/metadata.json,849,f06fe3916d01a1425974bc321b013b711df691101442314b4a196aa9400d6c49
/home/ali/projects/RoboLab/output/v1_cosmos_canonical_interrupted_thermal_gpu1roles/RubiksCubeLeftOfBowlMatchedTask/predicted_chunks/episode_002/chunk_003/action.npy,1152,59742cdb52f9e66113fc54c07bc848604732e8fb6fb433b3a7453bd8f13472ce
/home/ali/projects/RoboLab/output/v1_cosmos_canonical_interrupted_thermal_gpu1roles/RubiksCubeLeftOfBowlMatchedTask/predicted_chunks/episode_002/chunk_003/conditioning.png,535089,6661f5c1dbcb98c420036ad48b4386f52d3d74f396cd7cbe3e9b704187fcb778
/home/ali/projects/RoboLab/output/v1_cosmos_canonical_interrupted_thermal_gpu1roles/RubiksCubeLeftOfBowlMatchedTask/predicted_chunks/episode_002/chunk_003/future.mp4,438041,33f4c73997166f84cae9422283d78036f96442ed2361b8926e5da0c0b75e487d
/home/ali/projects/RoboLab/output/v1_cosmos_canonical_interrupted_thermal_gpu1roles/RubiksCubeLeftOfBowlMatchedTask/predicted_chunks/episode_002/chunk_003/metadata.json,867,b5437246bf385a56b9d0b2466582ec822f5c2ec9f2b1825d64e0e2952ef2268a
/home/ali/projects/RoboLab/output/v1_cosmos_canonical_interrupted_thermal_gpu1roles/RubiksCubeLeftOfBowlMatchedTask/predicted_chunks/episode_002/chunk_004/action.npy,1152,7c8ef04e718fb7894e50d51cc9a14f39fcdb3a5292d35fedf789579d1a52b65a
/home/ali/projects/RoboLab/output/v1_cosmos_canonical_interrupted_thermal_gpu1roles/RubiksCubeLeftOfBowlMatchedTask/predicted_chunks/episode_002/chunk_004/conditioning.png,577467,904ad345b694fc643ced4b28e85b8f9a4423d966e60b24913f77214c542ecdc8
/home/ali/projects/RoboLab/output/v1_cosmos_canonical_interrupted_thermal_gpu1roles/RubiksCubeLeftOfBowlMatchedTask/predicted_chunks/episode_002/chunk_004/future.mp4,428282,b40bb1d675446e86a5a55f79b860c2b8992dac164cab11c7a384c034e3eebd9b
/home/ali/projects/RoboLab/output/v1_cosmos_canonical_interrupted_thermal_gpu1roles/RubiksCubeLeftOfBowlMatchedTask/predicted_chunks/episode_002/chunk_004/metadata.json,870,d76b6914b83a44c2434a456ae2a9423bc07fbd3f2a0e4d3711e0f76edc41dd93
/home/ali/projects/RoboLab/output/v1_cosmos_canonical_interrupted_thermal_gpu1roles/RubiksCubeLeftOfBowlMatchedTask/predicted_chunks/episode_002/chunk_005/action.npy,1152,9c805e26a056bb952a20b1173ff2e4660911ea3070b3210a4b96d6973769db6c
/home/ali/projects/RoboLab/output/v1_cosmos_canonical_interrupted_thermal_gpu1roles/RubiksCubeLeftOfBowlMatchedTask/predicted_chunks/episode_002/chunk_005/conditioning.png,553808,0cfedb59d80deecbe1ec30ea57ec3783b572c0170c51df1c2057142be09ed625
/home/ali/projects/RoboLab/output/v1_cosmos_canonical_interrupted_thermal_gpu1roles/RubiksCubeLeftOfBowlMatchedTask/predicted_chunks/episode_002/chunk_005/future.mp4,478585,7ff8a7e50a3bc9306ef2ebb3a07760786902b4b467cc4457b631e916aad32832
/home/ali/projects/RoboLab/output/v1_cosmos_canonical_interrupted_thermal_gpu1roles/RubiksCubeLeftOfBowlMatchedTask/predicted_chunks/episode_002/chunk_005/metadata.json,872,8e152f3be5555d2491e905eac53c39c160879ae25f47367999fc41377dc52fc7
/home/ali/projects/RoboLab/output/v1_cosmos_canonical_interrupted_thermal_gpu1roles/RubiksCubeLeftOfBowlMatchedTask/predicted_chunks/episode_002/chunk_006/action.npy,1152,d1720cac460018431fadf50c9c59c9ce14caf2cdccf4cbefa661ae07442fb3b1
/home/ali/projects/RoboLab/output/v1_cosmos_canonical_interrupted_thermal_gpu1roles/RubiksCubeLeftOfBowlMatchedTask/predicted_chunks/episode_002/chunk_006/conditioning.png,564710,4211d5af01576336b3dfb42391bd3210fd939e712888d20f7f8ccad7e3cc6577
/home/ali/projects/RoboLab/output/v1_cosmos_canonical_interrupted_thermal_gpu1roles/RubiksCubeLeftOfBowlMatchedTask/predicted_chunks/episode_002/chunk_006/future.mp4,543301,cb9947d5a144b9fd7751f0503fe71b7c9718635150779d0217b70285455f3773
/home/ali/projects/RoboLab/output/v1_cosmos_canonical_interrupted_thermal_gpu1roles/RubiksCubeLeftOfBowlMatchedTask/predicted_chunks/episode_002/chunk_006/metadata.json,867,84a29f34c5575c406325990eebd27fa75c3edb7ed118f3335e80b912774a32d2
/home/ali/projects/RoboLab/output/v1_cosmos_canonical_interrupted_thermal_gpu1roles/RubiksCubeLeftOfBowlMatchedTask/predicted_chunks/episode_002/chunk_007/action.npy,1152,960854a4eec7f31fb796d96f39cdb34d03a2960d6341889aa3dc5daf5077cfca
/home/ali/projects/RoboLab/output/v1_cosmos_canonical_interrupted_thermal_gpu1roles/RubiksCubeLeftOfBowlMatchedTask/predicted_chunks/episode_002/chunk_007/conditioning.png,567572,ae77464a17759ae4c41f5665e1fc618bfbf7283a49790c9f0b920ea42679ec5b
/home/ali/projects/RoboLab/output/v1_cosmos_canonical_interrupted_thermal_gpu1roles/RubiksCubeLeftOfBowlMatchedTask/predicted_chunks/episode_002/chunk_007/future.mp4,529644,5210b0b58ffd1e61465a0985bb57e8f0e90dcf75a755782e9b9b36f926e95e33
/home/ali/projects/RoboLab/output/v1_cosmos_canonical_interrupted_thermal_gpu1roles/RubiksCubeLeftOfBowlMatchedTask/predicted_chunks/episode_002/chunk_007/metadata.json,869,aa906c593bfd83144fb6683f322aa8ed0a0a303472e6be0f7b2c3c3f69f879aa
/home/ali/projects/RoboLab/output/v1_cosmos_canonical_interrupted_thermal_gpu1roles/RubiksCubeLeftOfBowlMatchedTask/predicted_chunks/episode_002/chunk_008/action.npy,1152,25c8c832bdd7123454c6f897456b31ef307c7a868dc436cb06e3165d7061fff0
/home/ali/projects/RoboLab/output/v1_cosmos_canonical_interrupted_thermal_gpu1roles/RubiksCubeLeftOfBowlMatchedTask/predicted_chunks/episode_002/chunk_008/conditioning.png,574504,a0555f55d7e8f91ec53f5e30b5c430abfab0d90811905fd4176c66f16a37e973
/home/ali/projects/RoboLab/output/v1_cosmos_canonical_interrupted_thermal_gpu1roles/RubiksCubeLeftOfBowlMatchedTask/predicted_chunks/episode_002/chunk_008/future.mp4,525526,77b248fbb3e99b85e4630edddfd02e276c42ba0592abb7434be1e02711817ebb
/home/ali/projects/RoboLab/output/v1_cosmos_canonical_interrupted_thermal_gpu1roles/RubiksCubeLeftOfBowlMatchedTask/predicted_chunks/episode_002/chunk_008/metadata.json,866,0a4ef18298c2390c32b859f1eb05d88c12706e6d0754829aefc41ed748a83999
/home/ali/projects/RoboLab/output/v1_cosmos_canonical_interrupted_thermal_gpu1roles/RubiksCubeLeftOfBowlMatchedTask/predicted_chunks/episode_002/chunk_009/action.npy,1152,faa34c34f4a71db5dd538e5d27c6680eb4537e98f1709a83bdb3cb511763d8a2
/home/ali/projects/RoboLab/output/v1_cosmos_canonical_interrupted_thermal_gpu1roles/RubiksCubeLeftOfBowlMatchedTask/predicted_chunks/episode_002/chunk_009/conditioning.png,560485,c5e5dbff2e79e4492f455504600ca3586bd27dc1f92f6ceb32bf87f920f2ebfd
/home/ali/projects/RoboLab/output/v1_cosmos_canonical_interrupted_thermal_gpu1roles/RubiksCubeLeftOfBowlMatchedTask/predicted_chunks/episode_002/chunk_009/future.mp4,528230,300033cde54c427d346707c0b2df8419bfe6500162b8e5676da6c04e6ae24b60
/home/ali/projects/RoboLab/output/v1_cosmos_canonical_interrupted_thermal_gpu1roles/RubiksCubeLeftOfBowlMatchedTask/predicted_chunks/episode_002/chunk_009/metadata.json,868,e6a4b47ae4c4649ad604c18766390bd2a3bd6a3081d33a9630a373ecea7bf6da
/home/ali/projects/RoboLab/output/v1_cosmos_canonical_interrupted_thermal_gpu1roles/RubiksCubeLeftOfBowlMatchedTask/predicted_chunks/episode_002/chunk_010/action.npy,1152,eff8dd1ac5ce17c415fb2a7ab23018dd415539a2998f02d03822b55ee48d28ec
/home/ali/projects/RoboLab/output/v1_cosmos_canonical_interrupted_thermal_gpu1roles/RubiksCubeLeftOfBowlMatchedTask/predicted_chunks/episode_002/chunk_010/conditioning.png,562572,3f4cc8160acb24ab0a07a1619000152df372287b305629b1f75291945c4d356f
/home/ali/projects/RoboLab/output/v1_cosmos_canonical_interrupted_thermal_gpu1roles/RubiksCubeLeftOfBowlMatchedTask/predicted_chunks/episode_002/chunk_010/future.mp4,495793,901ef4cbc2732e75d9d90bdf1ba019352789e586095172c6ce8e7be65e1425e6
/home/ali/projects/RoboLab/output/v1_cosmos_canonical_interrupted_thermal_gpu1roles/RubiksCubeLeftOfBowlMatchedTask/predicted_chunks/episode_002/chunk_010/metadata.json,872,387a4bc1fdd4d0f91d0f75f4bc9504191dc1b14112faab9dd8c3762f7f795dbb
/home/ali/projects/RoboLab/output/v1_cosmos_canonical_interrupted_thermal_gpu1roles/RubiksCubeLeftOfBowlMatchedTask/predicted_chunks/episode_002/chunk_011/action.npy,1152,7e35b368ab09c3771e398a5704d6f0ed5591c032445886ed21ae24fdafc2f160
/home/ali/projects/RoboLab/output/v1_cosmos_canonical_interrupted_thermal_gpu1roles/RubiksCubeLeftOfBowlMatchedTask/predicted_chunks/episode_002/chunk_011/conditioning.png,525005,7e21a16db1383a65f53c0e4d1e71949d2d1297dbfcd25406ac8bd76ff8ef7e35
/home/ali/projects/RoboLab/output/v1_cosmos_canonical_interrupted_thermal_gpu1roles/RubiksCubeLeftOfBowlMatchedTask/predicted_chunks/episode_002/chunk_011/future.mp4,465639,38868904ece9469e9da94b7ce379b9c470dc715f7087c8fde52f2465a152e322
/home/ali/projects/RoboLab/output/v1_cosmos_canonical_interrupted_thermal_gpu1roles/RubiksCubeLeftOfBowlMatchedTask/predicted_chunks/episode_002/chunk_011/metadata.json,867,d92b8e2ed86990489742d3272f3466bc76632a9f7611da25050bfbe5705b6850
/home/ali/projects/RoboLab/output/v1_cosmos_canonical_interrupted_thermal_gpu1roles/RubiksCubeLeftOfBowlMatchedTask/predicted_chunks/episode_002/chunk_012/action.npy,1152,952aa778bfb28d9dc5444e60448b57ad1abf180bacc226151f5959932af18aff
/home/ali/projects/RoboLab/output/v1_cosmos_canonical_interrupted_thermal_gpu1roles/RubiksCubeLeftOfBowlMatchedTask/predicted_chunks/episode_002/chunk_012/conditioning.png,519095,fd5bcbe25a5d8ef20d409d62f3106e1d0fdf8217e69819c5b2288092c3e68dac
/home/ali/projects/RoboLab/output/v1_cosmos_canonical_interrupted_thermal_gpu1roles/RubiksCubeLeftOfBowlMatchedTask/predicted_chunks/episode_002/chunk_012/future.mp4,423795,27c9d892c643fb4ec1f1ce1450aacf3b36cb86b9267a2baa7c53b627c3b89d56
/home/ali/projects/RoboLab/output/v1_cosmos_canonical_interrupted_thermal_gpu1roles/RubiksCubeLeftOfBowlMatchedTask/predicted_chunks/episode_002/chunk_012/metadata.json,849,e4f3d519add81751a7b1637646d4ddf4b673e8630187675282e8bdf34b3354da
/home/ali/projects/RoboLab/output/v1_cosmos_canonical_interrupted_thermal_gpu1roles/RubiksCubeLeftOfBowlMatchedTask/predicted_chunks/episode_002/chunk_013/action.npy,1152,2f70136ae723591626dbe011df7966e3ad6d814e3e7a29675c053ed0a96d70b9
/home/ali/projects/RoboLab/output/v1_cosmos_canonical_interrupted_thermal_gpu1roles/RubiksCubeLeftOfBowlMatchedTask/predicted_chunks/episode_002/chunk_013/conditioning.png,539470,3fb5e67ba353838d08e950345c472f1be88b758a39ce02bd1711ce2e8d483fba
/home/ali/projects/RoboLab/output/v1_cosmos_canonical_interrupted_thermal_gpu1roles/RubiksCubeLeftOfBowlMatchedTask/predicted_chunks/episode_002/chunk_013/future.mp4,478016,8f960c9a7b104e0c000922c14036daa4bada65657201e363e93a9ec9dd08dcd0
/home/ali/projects/RoboLab/output/v1_cosmos_canonical_interrupted_thermal_gpu1roles/RubiksCubeLeftOfBowlMatchedTask/predicted_chunks/episode_002/chunk_013/metadata.json,853,6df27e004db0153187b340a389e89129d3a29cfedded12a25727b01f9ce34d6d
/home/ali/projects/RoboLab/output/v1_cosmos_canonical_interrupted_thermal_gpu1roles/RubiksCubeLeftOfBowlMatchedTask/predicted_chunks/episode_002/chunk_014/action.npy,1152,7cdf6cc39dbab3923ca42c8eaa7a91f99f373403df34687fa464a2037d4f70b5
/home/ali/projects/RoboLab/output/v1_cosmos_canonical_interrupted_thermal_gpu1roles/RubiksCubeLeftOfBowlMatchedTask/predicted_chunks/episode_002/chunk_014/conditioning.png,559959,af1d5ca4f9416351fbb5c59ce025ef8dadc63e17ec6801ff1a7d06a090a9fc87
/home/ali/projects/RoboLab/output/v1_cosmos_canonical_interrupted_thermal_gpu1roles/RubiksCubeLeftOfBowlMatchedTask/predicted_chunks/episode_002/chunk_014/future.mp4,367502,f93f9ee38dd0977293255c6ef97a343890883c0f76e472f4898a2f1f884f10c7
/home/ali/projects/RoboLab/output/v1_cosmos_canonical_interrupted_thermal_gpu1roles/RubiksCubeLeftOfBowlMatchedTask/predicted_chunks/episode_002/chunk_014/metadata.json,863,d6847fe0a4ac2e963f12f156c9b6bfac071121b08b3cad29dd756637f4a9a3e0
/home/ali/projects/RoboLab/output/v1_cosmos_canonical_interrupted_thermal_gpu1roles/RubiksCubeLeftOfBowlMatchedTask/predicted_chunks/episode_003/chunk_000/action.npy,1152,5270a0074017b6417b8e669c3c7d21863e4d63fe2d4ef9f14387e1d8d2b0206f
/home/ali/projects/RoboLab/output/v1_cosmos_canonical_interrupted_thermal_gpu1roles/RubiksCubeLeftOfBowlMatchedTask/predicted_chunks/episode_003/chunk_000/conditioning.png,572433,bca402cbaa05f36e18217bc92f8cd36e73e219af4f5b537bfb15f604cb5a6f41
/home/ali/projects/RoboLab/output/v1_cosmos_canonical_interrupted_thermal_gpu1roles/RubiksCubeLeftOfBowlMatchedTask/predicted_chunks/episode_003/chunk_000/future.mp4,535271,ba5a65a8220ff4f4df14a2ad6301d298c3041f689c31c932bd2607d229a11738
/home/ali/projects/RoboLab/output/v1_cosmos_canonical_interrupted_thermal_gpu1roles/RubiksCubeLeftOfBowlMatchedTask/predicted_chunks/episode_003/chunk_000/metadata.json,784,b4b87c7dd54a1dcdfb5e3b1a0a70e325b823c67f7314d3951f8f86c606b33d5b
/home/ali/projects/RoboLab/output/v1_cosmos_canonical_interrupted_thermal_gpu1roles/RubiksCubeLeftOfBowlMatchedTask/predicted_chunks/episode_003/chunk_001/action.npy,1152,89ec63240fbcbb88421dc7bcf6267a649712ba34306a7f93cb672d5a2ca5d744
/home/ali/projects/RoboLab/output/v1_cosmos_canonical_interrupted_thermal_gpu1roles/RubiksCubeLeftOfBowlMatchedTask/predicted_chunks/episode_003/chunk_001/conditioning.png,558825,c8e0323996e4d7d7fcdc22889575bc29da76ab53fb31772060403803a3757362
/home/ali/projects/RoboLab/output/v1_cosmos_canonical_interrupted_thermal_gpu1roles/RubiksCubeLeftOfBowlMatchedTask/predicted_chunks/episode_003/chunk_001/future.mp4,467623,262c7bdbb30a19358b8d66d9e2fa0c73dec003c3cab70be58128c04a9a83e551
/home/ali/projects/RoboLab/output/v1_cosmos_canonical_interrupted_thermal_gpu1roles/RubiksCubeLeftOfBowlMatchedTask/predicted_chunks/episode_003/chunk_001/metadata.json,867,cae8542b635e04401c9387304b3dec29d179357a7e7a5585a957fd355cb70ac1
/home/ali/projects/RoboLab/output/v1_cosmos_canonical_interrupted_thermal_gpu1roles/RubiksCubeLeftOfBowlMatchedTask/predicted_chunks/episode_003/chunk_002/action.npy,1152,b19ac2a9a86f04f17309356cad64a3797de8ce4de177a55459977ffe7eee12e4
/home/ali/projects/RoboLab/output/v1_cosmos_canonical_interrupted_thermal_gpu1roles/RubiksCubeLeftOfBowlMatchedTask/predicted_chunks/episode_003/chunk_002/conditioning.png,542458,f8c94586fa407ba3d5fe26123b40e1d18277b468a07364a374bc286c48bd62c9
/home/ali/projects/RoboLab/output/v1_cosmos_canonical_interrupted_thermal_gpu1roles/RubiksCubeLeftOfBowlMatchedTask/predicted_chunks/episode_003/chunk_002/future.mp4,348282,e97b9575392ee797be76be5c586c1d965a68526759ea71e6d8f3a5ee4d8051ef
/home/ali/projects/RoboLab/output/v1_cosmos_canonical_interrupted_thermal_gpu1roles/RubiksCubeLeftOfBowlMatchedTask/predicted_chunks/episode_003/chunk_002/metadata.json,867,8bb7551b8a0423608f7063c2f48925b4f5b3490eac96c6f908697c3c09090831
/home/ali/projects/RoboLab/output/v1_cosmos_canonical_interrupted_thermal_gpu1roles/RubiksCubeLeftOfBowlMatchedTask/predicted_chunks/episode_003/chunk_003/action.npy,1152,52835e525885941fda099c3ae56c4f41709e4127cabf3f4e7eca786d678a1010
/home/ali/projects/RoboLab/output/v1_cosmos_canonical_interrupted_thermal_gpu1roles/RubiksCubeLeftOfBowlMatchedTask/predicted_chunks/episode_003/chunk_003/conditioning.png,544850,6955cba8b220b0ba565e67d7b2ed8ecdcee3bbd677275244eae0bb629efe9b40
/home/ali/projects/RoboLab/output/v1_cosmos_canonical_interrupted_thermal_gpu1roles/RubiksCubeLeftOfBowlMatchedTask/predicted_chunks/episode_003/chunk_003/future.mp4,443802,e437a731fe615d75bd2e40de54823d55ecb989ab0d92b0c73b00dd47fc6dfd3a
/home/ali/projects/RoboLab/output/v1_cosmos_canonical_interrupted_thermal_gpu1roles/RubiksCubeLeftOfBowlMatchedTask/predicted_chunks/episode_003/chunk_003/metadata.json,847,a34664021b62ef87e3ceb9b485068d833f065c1ab3da007fcdbb45caddb9eb0a
/home/ali/projects/RoboLab/output/v1_cosmos_canonical_interrupted_thermal_gpu1roles/RubiksCubeLeftOfBowlMatchedTask/predicted_chunks/episode_003/chunk_004/action.npy,1152,b17e87218914e22dc20be7fc0ef021ca7b980904fedf2ad0bae12de012abd3cc
/home/ali/projects/RoboLab/output/v1_cosmos_canonical_interrupted_thermal_gpu1roles/RubiksCubeLeftOfBowlMatchedTask/predicted_chunks/episode_003/chunk_004/conditioning.png,540084,47b268d3726c77952af51816334fd5c3d5c997a9e2bc30c04930da036f55e7b0
/home/ali/projects/RoboLab/output/v1_cosmos_canonical_interrupted_thermal_gpu1roles/RubiksCubeLeftOfBowlMatchedTask/predicted_chunks/episode_003/chunk_004/future.mp4,430323,4f4bdadc386bb39e4a18a5362a01e33ef3b558766efe012a7742a872300e8968
/home/ali/projects/RoboLab/output/v1_cosmos_canonical_interrupted_thermal_gpu1roles/RubiksCubeLeftOfBowlMatchedTask/predicted_chunks/episode_003/chunk_004/metadata.json,864,3aa1d5475e8741bb3bf1198e7a4a1edfe07dace10144a559fd81eb0f475b0bcf
/home/ali/projects/RoboLab/output/v1_cosmos_canonical_interrupted_thermal_gpu1roles/RubiksCubeLeftOfBowlMatchedTask/predicted_chunks/episode_003/chunk_005/action.npy,1152,ef73da47244e576db757ccce6a51dfbdbb20260f35783db6af4b3541b426c36e
/home/ali/projects/RoboLab/output/v1_cosmos_canonical_interrupted_thermal_gpu1roles/RubiksCubeLeftOfBowlMatchedTask/predicted_chunks/episode_003/chunk_005/conditioning.png,542190,dc59cba3f2b9e0aaa304c0a22f84c791940251176034a16ca96d4ffd523cd2ff
/home/ali/projects/RoboLab/output/v1_cosmos_canonical_interrupted_thermal_gpu1roles/RubiksCubeLeftOfBowlMatchedTask/predicted_chunks/episode_003/chunk_005/future.mp4,508742,8e625fd1bef54f4e59c63bbd0114e0823cec18ab1b2320754b78e6248c21a670
/home/ali/projects/RoboLab/output/v1_cosmos_canonical_interrupted_thermal_gpu1roles/RubiksCubeLeftOfBowlMatchedTask/predicted_chunks/episode_003/chunk_005/metadata.json,864,2fe6fc5bb656d822c92f4330c7d00b01a960112288891c9b54a19c72c7f8c0b2
/home/ali/projects/RoboLab/output/v1_cosmos_canonical_interrupted_thermal_gpu1roles/RubiksCubeLeftOfBowlMatchedTask/predicted_chunks/episode_003/chunk_006/action.npy,1152,dae10bbc03cacf8e65832f7d3a371f4392713c2cf7563fd9cf906c1196b41e60
/home/ali/projects/RoboLab/output/v1_cosmos_canonical_interrupted_thermal_gpu1roles/RubiksCubeLeftOfBowlMatchedTask/predicted_chunks/episode_003/chunk_006/conditioning.png,502738,00892af12847d307345473ccb0707a4c744bcab829aa9a0009ce0be66e2d2374
/home/ali/projects/RoboLab/output/v1_cosmos_canonical_interrupted_thermal_gpu1roles/RubiksCubeLeftOfBowlMatchedTask/predicted_chunks/episode_003/chunk_006/future.mp4,427402,e48dcbcf5256d62071e61f42d6c80409b6b8769c3a5f5516683ad2e97b51f4e1
/home/ali/projects/RoboLab/output/v1_cosmos_canonical_interrupted_thermal_gpu1roles/RubiksCubeLeftOfBowlMatchedTask/predicted_chunks/episode_003/chunk_006/metadata.json,847,a0f3ca889abb498dd3c87f6f729c1280c2a2e988c7682890b13dbae2d318e0e3
/home/ali/projects/RoboLab/output/v1_cosmos_canonical_interrupted_thermal_gpu1roles/RubiksCubeLeftOfBowlMatchedTask/predicted_chunks/episode_003/chunk_007/action.npy,1152,3f9b246f73d8dad6fc3469247bdeead4967c7bd3d866618b017a4b94c49eb8bd
/home/ali/projects/RoboLab/output/v1_cosmos_canonical_interrupted_thermal_gpu1roles/RubiksCubeLeftOfBowlMatchedTask/predicted_chunks/episode_003/chunk_007/conditioning.png,484966,38b491759408c9583500acf2b7d3b366467c5d54c4639c26351c81144ad40fb6
/home/ali/projects/RoboLab/output/v1_cosmos_canonical_interrupted_thermal_gpu1roles/RubiksCubeLeftOfBowlMatchedTask/predicted_chunks/episode_003/chunk_007/future.mp4,446887,ab16e75b8fdfbcf3a58815ef0a66a72ab466d08f368e73391df7f4580523707f
/home/ali/projects/RoboLab/output/v1_cosmos_canonical_interrupted_thermal_gpu1roles/RubiksCubeLeftOfBowlMatchedTask/predicted_chunks/episode_003/chunk_007/metadata.json,846,fd061976d61f7ba83c6cf56cf3c0a15b1810281cee6ee86e5a831be18c3a2ef3
/home/ali/projects/RoboLab/output/v1_cosmos_canonical_interrupted_thermal_gpu1roles/RubiksCubeLeftOfBowlMatchedTask/predicted_chunks/episode_004/chunk_000/action.npy,1152,4fd004e5cc4672c48649b779337b44b5dd6376b01b8d9247b3e1f3276d10134a
/home/ali/projects/RoboLab/output/v1_cosmos_canonical_interrupted_thermal_gpu1roles/RubiksCubeLeftOfBowlMatchedTask/predicted_chunks/episode_004/chunk_000/conditioning.png,578510,8c74f047335369e41d24323e19296f01dda47bb23369cddaad16166931ab2da0
/home/ali/projects/RoboLab/output/v1_cosmos_canonical_interrupted_thermal_gpu1roles/RubiksCubeLeftOfBowlMatchedTask/predicted_chunks/episode_004/chunk_000/future.mp4,508217,e92e488a708d45ff332c749ce8d5565ce7534f63254e8cec919532573c0dbe3a
/home/ali/projects/RoboLab/output/v1_cosmos_canonical_interrupted_thermal_gpu1roles/RubiksCubeLeftOfBowlMatchedTask/predicted_chunks/episode_004/chunk_000/metadata.json,784,db507216c114acae44b3a3036f9827308e96cc2d1ccd0fff21ae506a95362deb
/home/ali/projects/RoboLab/output/v1_cosmos_canonical_interrupted_thermal_gpu1roles/RubiksCubeLeftOfBowlMatchedTask/predicted_chunks/episode_004/chunk_001/action.npy,1152,3287231bc1924dbaca9d70b23574774681342585c49eca6cfb06bbea73a56dd3
/home/ali/projects/RoboLab/output/v1_cosmos_canonical_interrupted_thermal_gpu1roles/RubiksCubeLeftOfBowlMatchedTask/predicted_chunks/episode_004/chunk_001/conditioning.png,560748,530b8a3cb05074029d74a99d4e64f1b0f26d0d09478865a419efc728957e647a
/home/ali/projects/RoboLab/output/v1_cosmos_canonical_interrupted_thermal_gpu1roles/RubiksCubeLeftOfBowlMatchedTask/predicted_chunks/episode_004/chunk_001/future.mp4,450228,5ca92428c3583a6b0a87ccfa8a661aa50447b2912eca4939be3cb502d715be98
/home/ali/projects/RoboLab/output/v1_cosmos_canonical_interrupted_thermal_gpu1roles/RubiksCubeLeftOfBowlMatchedTask/predicted_chunks/episode_004/chunk_001/metadata.json,868,196f45c8d501f75373d0eff705df15d3d5c8ec77d077ef5756ea7a9084dd33df
/home/ali/projects/RoboLab/output/v1_cosmos_canonical_interrupted_thermal_gpu1roles/RubiksCubeLeftOfBowlMatchedTask/predicted_chunks/episode_004/chunk_002/action.npy,1152,41bcc48c5568e5b61bc566a151be0a10587f7acffa1926b643e293919429c962
/home/ali/projects/RoboLab/output/v1_cosmos_canonical_interrupted_thermal_gpu1roles/RubiksCubeLeftOfBowlMatchedTask/predicted_chunks/episode_004/chunk_002/conditioning.png,539887,5107085e1b0d9a936ecb0d1a9473106793ed292e2774fb5bc16ef0a164149333
/home/ali/projects/RoboLab/output/v1_cosmos_canonical_interrupted_thermal_gpu1roles/RubiksCubeLeftOfBowlMatchedTask/predicted_chunks/episode_004/chunk_002/future.mp4,430461,fb0232af204075214a7d097e7877b2a68cc9efe1e63e680a7992fc94b988acfa
/home/ali/projects/RoboLab/output/v1_cosmos_canonical_interrupted_thermal_gpu1roles/RubiksCubeLeftOfBowlMatchedTask/predicted_chunks/episode_004/chunk_002/metadata.json,850,bbb4a666ae894d3d7fab628b82df5b612e009387a8eeace60eea35b7048f266d
/home/ali/projects/RoboLab/output/v1_cosmos_canonical_interrupted_thermal_gpu1roles/RubiksCubeLeftOfBowlMatchedTask/predicted_chunks/episode_004/chunk_003/action.npy,1152,c2ba4396ba794d0d42cd74ca783ffeea85e5f217db51f2fd213bf49b356e7a48
/home/ali/projects/RoboLab/output/v1_cosmos_canonical_interrupted_thermal_gpu1roles/RubiksCubeLeftOfBowlMatchedTask/predicted_chunks/episode_004/chunk_003/conditioning.png,549624,d6cc85026f1108990d9302ee3ff3ecd5b7dcc3ea4b14164c70b466583a74dc45
/home/ali/projects/RoboLab/output/v1_cosmos_canonical_interrupted_thermal_gpu1roles/RubiksCubeLeftOfBowlMatchedTask/predicted_chunks/episode_004/chunk_003/future.mp4,445026,2a4a43c949950b055812edf3fba498c1991be6725f8e44749b7d9226b7c740cf
/home/ali/projects/RoboLab/output/v1_cosmos_canonical_interrupted_thermal_gpu1roles/RubiksCubeLeftOfBowlMatchedTask/predicted_chunks/episode_004/chunk_003/metadata.json,852,0c434fe97760b7b2de71ee6b69fe960d612a7deb099ba4b120939b4af921de98
/home/ali/projects/RoboLab/output/v1_cosmos_canonical_interrupted_thermal_gpu1roles/RubiksCubeLeftOfBowlMatchedTask/predicted_chunks/episode_004/chunk_004/action.npy,1152,a07a1eec88844a2eb44a9b4be39fa0c82d48ec81f39de72b5df9a2de3adef127
/home/ali/projects/RoboLab/output/v1_cosmos_canonical_interrupted_thermal_gpu1roles/RubiksCubeLeftOfBowlMatchedTask/predicted_chunks/episode_004/chunk_004/conditioning.png,535063,df380fb5e6e6ee073f03083daab604f07137a8951225e07a368bd82183b2244b
/home/ali/projects/RoboLab/output/v1_cosmos_canonical_interrupted_thermal_gpu1roles/RubiksCubeLeftOfBowlMatchedTask/predicted_chunks/episode_004/chunk_004/future.mp4,445164,9d3b35c7b0b8291176a78cc382ce4f95d2908db70cf8b4c471a9a779f6f29c3d
/home/ali/projects/RoboLab/output/v1_cosmos_canonical_interrupted_thermal_gpu1roles/RubiksCubeLeftOfBowlMatchedTask/predicted_chunks/episode_004/chunk_004/metadata.json,869,a1a7061cd831dbd65615965f92f44e959a7bbda9ccda9ac86e8890f38395e7f4
/home/ali/projects/RoboLab/output/v1_cosmos_canonical_interrupted_thermal_gpu1roles/RubiksCubeLeftOfBowlMatchedTask/predicted_chunks/episode_004/chunk_005/action.npy,1152,8e48f8663ec09b180dfe41ba387dc46eb142e9782fbad720496f47b270af6605
/home/ali/projects/RoboLab/output/v1_cosmos_canonical_interrupted_thermal_gpu1roles/RubiksCubeLeftOfBowlMatchedTask/predicted_chunks/episode_004/chunk_005/conditioning.png,554105,cd9050f1c0648666e16685b8cbec4d78c88a22f35725d8d9971ed6606968a141
/home/ali/projects/RoboLab/output/v1_cosmos_canonical_interrupted_thermal_gpu1roles/RubiksCubeLeftOfBowlMatchedTask/predicted_chunks/episode_004/chunk_005/future.mp4,427861,5083bc66bf267c18cbd91ccbd0d9df98975bade472807320496d5b6bba472339
/home/ali/projects/RoboLab/output/v1_cosmos_canonical_interrupted_thermal_gpu1roles/RubiksCubeLeftOfBowlMatchedTask/predicted_chunks/episode_004/chunk_005/metadata.json,850,714d23eee312c09ff5241e4614bde35e646d6d0137462195a7eb5e716b732154
/home/ali/projects/RoboLab/output/v1_cosmos_canonical_interrupted_thermal_gpu1roles/RubiksCubeLeftOfBowlMatchedTask/predicted_chunks/episode_004/chunk_006/action.npy,1152,a25e175e924dc859a74971a879f9515e4fcd07dda41b51d40cb307064f53877b
/home/ali/projects/RoboLab/output/v1_cosmos_canonical_interrupted_thermal_gpu1roles/RubiksCubeLeftOfBowlMatchedTask/predicted_chunks/episode_004/chunk_006/conditioning.png,550769,e01701fb145c0a5f62ff6c03efda26e44099a98cfa122f99481ee4d9473d45ed
/home/ali/projects/RoboLab/output/v1_cosmos_canonical_interrupted_thermal_gpu1roles/RubiksCubeLeftOfBowlMatchedTask/predicted_chunks/episode_004/chunk_006/future.mp4,391543,4c9ff7a493ac8748f48a5d7e2002d67507a544a55f200d818e06993b3f4832ec
/home/ali/projects/RoboLab/output/v1_cosmos_canonical_interrupted_thermal_gpu1roles/RubiksCubeLeftOfBowlMatchedTask/predicted_chunks/episode_004/chunk_006/metadata.json,865,29d4cb4150e291f543d9dc38d0e215be60ace5c82d33cbe67785028d1be0db3f
/home/ali/projects/RoboLab/output/v1_cosmos_canonical_interrupted_thermal_gpu1roles/RubiksCubeLeftOfBowlMatchedTask/predicted_chunks/episode_004/chunk_007/action.npy,1152,f4ba4f1d049f5649c28cbb946c2da90da90a95579d03be48b399d157ba3cf17e
/home/ali/projects/RoboLab/output/v1_cosmos_canonical_interrupted_thermal_gpu1roles/RubiksCubeLeftOfBowlMatchedTask/predicted_chunks/episode_004/chunk_007/conditioning.png,554398,40ebdb2a1c6e71906542e118ddcd96817f79d79f14823bb84dab3c588460c445
/home/ali/projects/RoboLab/output/v1_cosmos_canonical_interrupted_thermal_gpu1roles/RubiksCubeLeftOfBowlMatchedTask/predicted_chunks/episode_004/chunk_007/future.mp4,408056,efefbe3bb9cd1deafceacee328cc7611c3b1496c79a1a58d5009a9c181b20df7
/home/ali/projects/RoboLab/output/v1_cosmos_canonical_interrupted_thermal_gpu1roles/RubiksCubeLeftOfBowlMatchedTask/predicted_chunks/episode_004/chunk_007/metadata.json,847,569dcf9c63915a9bec6641603832210a9634f243724f1e396bd01537797a91ca
/home/ali/projects/RoboLab/output/v1_cosmos_canonical_interrupted_thermal_gpu1roles/RubiksCubeLeftOfBowlMatchedTask/predicted_chunks/episode_004/chunk_008/action.npy,1152,86dc622c829e7ea504af4f27fffb32b8dc127199a6d17d412cdfde3ff6815ff0
/home/ali/projects/RoboLab/output/v1_cosmos_canonical_interrupted_thermal_gpu1roles/RubiksCubeLeftOfBowlMatchedTask/predicted_chunks/episode_004/chunk_008/conditioning.png,555545,b7fbf6b6f05d386d5c961011343d196a00ca635e7a98086a1896d9e44c285919
/home/ali/projects/RoboLab/output/v1_cosmos_canonical_interrupted_thermal_gpu1roles/RubiksCubeLeftOfBowlMatchedTask/predicted_chunks/episode_004/chunk_008/future.mp4,395845,8c330d2495b9fef76663ec870559ee190f26735e65ae007c81576e68d37b43cd
/home/ali/projects/RoboLab/output/v1_cosmos_canonical_interrupted_thermal_gpu1roles/RubiksCubeLeftOfBowlMatchedTask/predicted_chunks/episode_004/chunk_008/metadata.json,866,8463080aa5dd961a3b003b06120022b66de3eaf1cb9493926fb85b5aa9b02f21
/home/ali/projects/RoboLab/output/v1_cosmos_canonical_interrupted_thermal_gpu1roles/RubiksCubeLeftOfBowlMatchedTask/predicted_chunks/episode_004/chunk_009/action.npy,1152,583514f6008c10b0e5879afa6d94f82a1e57e145153080f1b4fe619782604239
/home/ali/projects/RoboLab/output/v1_cosmos_canonical_interrupted_thermal_gpu1roles/RubiksCubeLeftOfBowlMatchedTask/predicted_chunks/episode_004/chunk_009/conditioning.png,554628,baef9f65891cce6929a700864128cd7f3ace16f3b904fe7c049aee33a221aa2e
/home/ali/projects/RoboLab/output/v1_cosmos_canonical_interrupted_thermal_gpu1roles/RubiksCubeLeftOfBowlMatchedTask/predicted_chunks/episode_004/chunk_009/future.mp4,449014,671c918f7c74a7cbd7a264ce14535d2fa922aac9a6e97e9a2372e5b0539c6eab
/home/ali/projects/RoboLab/output/v1_cosmos_canonical_interrupted_thermal_gpu1roles/RubiksCubeLeftOfBowlMatchedTask/predicted_chunks/episode_004/chunk_009/metadata.json,868,f57e0dbe39a976e61706d258ba11406603796dcf6ff94f13bfcde1100a544404
/home/ali/projects/RoboLab/output/v1_cosmos_canonical_interrupted_thermal_gpu1roles/RubiksCubeLeftOfBowlMatchedTask/predicted_chunks/episode_005/chunk_000/action.npy,1152,2e166aca2fe3d2ce2dd5d9085eb191cd61d947849b14eb51b4dc648859ee23c1
/home/ali/projects/RoboLab/output/v1_cosmos_canonical_interrupted_thermal_gpu1roles/RubiksCubeLeftOfBowlMatchedTask/predicted_chunks/episode_005/chunk_000/conditioning.png,568464,cfe48004a7c960fdbade3277728628d0ae39cce5c9f0bbcfe1b1b5b7cb8c3f38
/home/ali/projects/RoboLab/output/v1_cosmos_canonical_interrupted_thermal_gpu1roles/RubiksCubeLeftOfBowlMatchedTask/predicted_chunks/episode_005/chunk_000/future.mp4,528277,17a71016236084502f4dd9cf919780a9e8fb9cbdcbfbc022216590eea0c3ddfb
/home/ali/projects/RoboLab/output/v1_cosmos_canonical_interrupted_thermal_gpu1roles/RubiksCubeLeftOfBowlMatchedTask/predicted_chunks/episode_005/chunk_000/metadata.json,784,b147bb48dd61fa374df6eda608cdb5db2bc713e16ec881915a89b9a1b0858c84
/home/ali/projects/RoboLab/output/v1_cosmos_canonical_interrupted_thermal_gpu1roles/RubiksCubeLeftOfBowlMatchedTask/predicted_chunks/episode_005/chunk_001/action.npy,1152,70bb32f7a8ac681f872770096772eae0ec22aed3587141a75245551cc9d285d9
/home/ali/projects/RoboLab/output/v1_cosmos_canonical_interrupted_thermal_gpu1roles/RubiksCubeLeftOfBowlMatchedTask/predicted_chunks/episode_005/chunk_001/conditioning.png,555654,78e0da0083207ea2768da74cbde7c84035f0f718490db3dece270e4163506d89
/home/ali/projects/RoboLab/output/v1_cosmos_canonical_interrupted_thermal_gpu1roles/RubiksCubeLeftOfBowlMatchedTask/predicted_chunks/episode_005/chunk_001/future.mp4,428324,5c83637ccf00d97b29df33e01ac16f8a458e557a5ee06eea59b92626fa40a3ee
/home/ali/projects/RoboLab/output/v1_cosmos_canonical_interrupted_thermal_gpu1roles/RubiksCubeLeftOfBowlMatchedTask/predicted_chunks/episode_005/chunk_001/metadata.json,869,0d2f89cd123df236e464568a978c2a0e98dc0c8de0a4b13faa68c572daaf8b1f
/home/ali/projects/RoboLab/output/v1_cosmos_canonical_interrupted_thermal_gpu1roles/RubiksCubeLeftOfBowlMatchedTask/predicted_chunks/episode_005/chunk_002/action.npy,1152,b0c8c8ffeb06194e2b6347d8debc72602a0c3befec9ad67f39066d1abdf5e128
/home/ali/projects/RoboLab/output/v1_cosmos_canonical_interrupted_thermal_gpu1roles/RubiksCubeLeftOfBowlMatchedTask/predicted_chunks/episode_005/chunk_002/conditioning.png,535224,159e50f5f6c1d7339bc12022392ba49245865066934533b41d76c28bc0ae3d9b
/home/ali/projects/RoboLab/output/v1_cosmos_canonical_interrupted_thermal_gpu1roles/RubiksCubeLeftOfBowlMatchedTask/predicted_chunks/episode_005/chunk_002/future.mp4,451596,12dc90d3d4005ae5968d1573b2cf5555562f927fc198ca078aeb4be234e9de31
/home/ali/projects/RoboLab/output/v1_cosmos_canonical_interrupted_thermal_gpu1roles/RubiksCubeLeftOfBowlMatchedTask/predicted_chunks/episode_005/chunk_002/metadata.json,869,a0f9c08e30925b6471eacd0c1f742d598643f0271c9b4acf67a50b98401f4ea8
/home/ali/projects/RoboLab/output/v1_cosmos_canonical_interrupted_thermal_gpu1roles/RubiksCubeLeftOfBowlMatchedTask/predicted_chunks/episode_005/chunk_003/action.npy,1152,80aa0851d1db914872c863b2e5d82f9d6e66db4f45df70ab16f349667990a033
/home/ali/projects/RoboLab/output/v1_cosmos_canonical_interrupted_thermal_gpu1roles/RubiksCubeLeftOfBowlMatchedTask/predicted_chunks/episode_005/chunk_003/conditioning.png,527923,48f9c5f3c03e684061061e9a1301fffaf6e09d4375f198df9f0adcb550e629a9
/home/ali/projects/RoboLab/output/v1_cosmos_canonical_interrupted_thermal_gpu1roles/RubiksCubeLeftOfBowlMatchedTask/predicted_chunks/episode_005/chunk_003/future.mp4,502080,baa58f02307a11f3003a2ebf2640f16cc72c970760defd945b5360dcdfb2e8a7
/home/ali/projects/RoboLab/output/v1_cosmos_canonical_interrupted_thermal_gpu1roles/RubiksCubeLeftOfBowlMatchedTask/predicted_chunks/episode_005/chunk_003/metadata.json,864,6f7f52c1c459074f6c3c72aa0fd6a1cac309f7c09c1d4f72c57e969e9ad2705f
/home/ali/projects/RoboLab/output/v1_cosmos_canonical_interrupted_thermal_gpu1roles/RubiksCubeLeftOfBowlMatchedTask/predicted_chunks/episode_005/chunk_004/action.npy,1152,15a121c6dbed9c212b276f58b0803112b3a251a2234a30f512c045e71f224c08
/home/ali/projects/RoboLab/output/v1_cosmos_canonical_interrupted_thermal_gpu1roles/RubiksCubeLeftOfBowlMatchedTask/predicted_chunks/episode_005/chunk_004/conditioning.png,539727,3c72f896b528f02751cbcc5ca19f64059ea0230e201f7e7dd7e7e23e12b7a0c6
/home/ali/projects/RoboLab/output/v1_cosmos_canonical_interrupted_thermal_gpu1roles/RubiksCubeLeftOfBowlMatchedTask/predicted_chunks/episode_005/chunk_004/future.mp4,412685,144b17e5ad799c66c970d33bbf6f9b7a19f6d03c0464621eb3eb27e15385b01a
/home/ali/projects/RoboLab/output/v1_cosmos_canonical_interrupted_thermal_gpu1roles/RubiksCubeLeftOfBowlMatchedTask/predicted_chunks/episode_005/chunk_004/metadata.json,864,32d49f4e91c1fe83130924a92e415316c0633220aed80960257a7889159b8024
/home/ali/projects/RoboLab/output/v1_cosmos_canonical_interrupted_thermal_gpu1roles/RubiksCubeLeftOfBowlMatchedTask/predicted_chunks/episode_005/chunk_005/action.npy,1152,c87d53c21be87d271c359eb9a0331eed972ded578c9127a8fa6902758c17a6ed
/home/ali/projects/RoboLab/output/v1_cosmos_canonical_interrupted_thermal_gpu1roles/RubiksCubeLeftOfBowlMatchedTask/predicted_chunks/episode_005/chunk_005/conditioning.png,519607,6ad51a1488064d138212aa07e1a74e2987485cc2e05590444bede61cc4a29a3a
/home/ali/projects/RoboLab/output/v1_cosmos_canonical_interrupted_thermal_gpu1roles/RubiksCubeLeftOfBowlMatchedTask/predicted_chunks/episode_005/chunk_005/future.mp4,372862,4a4a76a4ab90b9acdc7455d662c223f52513aedef37f80da7732b76f04f7092a
/home/ali/projects/RoboLab/output/v1_cosmos_canonical_interrupted_thermal_gpu1roles/RubiksCubeLeftOfBowlMatchedTask/predicted_chunks/episode_005/chunk_005/metadata.json,849,affed1675c2d16af03c3dac79e72320140872bb0aabf6ab643e0ee1950d69bd8
/home/ali/projects/RoboLab/output/v1_cosmos_canonical_interrupted_thermal_gpu1roles/RubiksCubeLeftOfBowlMatchedTask/predicted_chunks/episode_005/chunk_006/action.npy,1152,9354bf99f6784af1e1502349f1b533c9ae5e58bb3e1cf3ca769b1c1516756b1f
/home/ali/projects/RoboLab/output/v1_cosmos_canonical_interrupted_thermal_gpu1roles/RubiksCubeLeftOfBowlMatchedTask/predicted_chunks/episode_005/chunk_006/conditioning.png,519848,d8f9f89e772a999ba0ab941fdcee5b1a50af0fe14c3715e86abcfe9a4bf94271
/home/ali/projects/RoboLab/output/v1_cosmos_canonical_interrupted_thermal_gpu1roles/RubiksCubeLeftOfBowlMatchedTask/predicted_chunks/episode_005/chunk_006/future.mp4,440340,919f6bf90a6b25468f88d45dbf6fa6dfb0cf3bac2a9b7f38f97f1653cf8a8a27
/home/ali/projects/RoboLab/output/v1_cosmos_canonical_interrupted_thermal_gpu1roles/RubiksCubeLeftOfBowlMatchedTask/predicted_chunks/episode_005/chunk_006/metadata.json,868,5db58f1f510154d847a5268aecd04f651490f8f9e1037632b0609ba89a3c14e6
/home/ali/projects/RoboLab/output/v1_cosmos_canonical_interrupted_thermal_gpu1roles/RubiksCubeLeftOfBowlMatchedTask/predicted_chunks/episode_005/chunk_007/action.npy,1152,d7757b4ebba876881a523be8988cdaec4ebe7258f358863233dc1d9054b103b2
/home/ali/projects/RoboLab/output/v1_cosmos_canonical_interrupted_thermal_gpu1roles/RubiksCubeLeftOfBowlMatchedTask/predicted_chunks/episode_005/chunk_007/conditioning.png,482308,b58768bd54063fd1d8df11301f4f194f033afdde08ee71afb06716cb6e1d35e7
/home/ali/projects/RoboLab/output/v1_cosmos_canonical_interrupted_thermal_gpu1roles/RubiksCubeLeftOfBowlMatchedTask/predicted_chunks/episode_005/chunk_007/future.mp4,412214,d98ab153cbdc850a09dc84ae323c29f3d62a88f930095b469259a817471d3ed8
/home/ali/projects/RoboLab/output/v1_cosmos_canonical_interrupted_thermal_gpu1roles/RubiksCubeLeftOfBowlMatchedTask/predicted_chunks/episode_005/chunk_007/metadata.json,866,5e409d9d13a44d5600a831bd8d5be76a4560b9259e9ae689e57dabc4a019d1db
/home/ali/projects/RoboLab/output/v1_cosmos_canonical_interrupted_thermal_gpu1roles/RubiksCubeLeftOfBowlMatchedTask/predicted_chunks/episode_005/chunk_008/action.npy,1152,cbd5f71bee8056913e64fbb15292bc3344b6acc42bda89900c723134d1506067
/home/ali/projects/RoboLab/output/v1_cosmos_canonical_interrupted_thermal_gpu1roles/RubiksCubeLeftOfBowlMatchedTask/predicted_chunks/episode_005/chunk_008/conditioning.png,508074,a16f4fcb2b44dfc2e0f86ab0880610c0d1d9a02e183058f2b31287192af28ea4
/home/ali/projects/RoboLab/output/v1_cosmos_canonical_interrupted_thermal_gpu1roles/RubiksCubeLeftOfBowlMatchedTask/predicted_chunks/episode_005/chunk_008/future.mp4,388734,69b3a439326fb6da7bfba985697e5d192bf2f1a94e5a85fcf5019920b1ad807c
/home/ali/projects/RoboLab/output/v1_cosmos_canonical_interrupted_thermal_gpu1roles/RubiksCubeLeftOfBowlMatchedTask/predicted_chunks/episode_005/chunk_008/metadata.json,849,c54f674fdc3925de51ce96d3f74eda50c530535dda902447422fa1c5d58c960b
/home/ali/projects/RoboLab/output/v1_cosmos_canonical_interrupted_thermal_gpu1roles/RubiksCubeLeftOfBowlMatchedTask/predicted_chunks/episode_005/chunk_009/action.npy,1152,75bc73c77721b47d10a58c51ebc3b4bdf3e51e5f41f48910f65877f89b75d1d3
/home/ali/projects/RoboLab/output/v1_cosmos_canonical_interrupted_thermal_gpu1roles/RubiksCubeLeftOfBowlMatchedTask/predicted_chunks/episode_005/chunk_009/conditioning.png,509322,1ffa313847bd28e755651fdc0bb91c0c1b2f2a5e1358e4be1367bdb2ca716b39
/home/ali/projects/RoboLab/output/v1_cosmos_canonical_interrupted_thermal_gpu1roles/RubiksCubeLeftOfBowlMatchedTask/predicted_chunks/episode_005/chunk_009/future.mp4,408217,3257e69b957c6fa83c25946b3b23fc0c2f9ac3ee6c518ef19bfd2d6e72a0a7e2
/home/ali/projects/RoboLab/output/v1_cosmos_canonical_interrupted_thermal_gpu1roles/RubiksCubeLeftOfBowlMatchedTask/predicted_chunks/episode_005/chunk_009/metadata.json,862,7cec6102d6c29c02d7ef5bef20ca953c6539ea43b60c9415d6a31ce54710196d
/home/ali/projects/RoboLab/output/v1_cosmos_canonical_interrupted_thermal_gpu1roles/RubiksCubeLeftOfBowlMatchedTask/predicted_chunks/episode_005/chunk_010/action.npy,1152,02179256796bde13b823e703815f88457db87894f26fc50165b74ee05e10075c
/home/ali/projects/RoboLab/output/v1_cosmos_canonical_interrupted_thermal_gpu1roles/RubiksCubeLeftOfBowlMatchedTask/predicted_chunks/episode_005/chunk_010/conditioning.png,527069,d5c317ace3ddb2a906c9c5cd609babaedd7add43fc6088bba20725a70131ea2e
/home/ali/projects/RoboLab/output/v1_cosmos_canonical_interrupted_thermal_gpu1roles/RubiksCubeLeftOfBowlMatchedTask/predicted_chunks/episode_005/chunk_010/future.mp4,428133,67c424b1007d6b01e3e57f9d857dd9fdaeb33505db926eff2d963f5a19309067
/home/ali/projects/RoboLab/output/v1_cosmos_canonical_interrupted_thermal_gpu1roles/RubiksCubeLeftOfBowlMatchedTask/predicted_chunks/episode_005/chunk_010/metadata.json,866,f5429f3f3eafc6941f002f1bd3e033e488f01e986962404e76c84b1828854295
/home/ali/projects/RoboLab/output/v1_cosmos_canonical_interrupted_thermal_gpu1roles/RubiksCubeLeftOfBowlMatchedTask/predicted_chunks/episode_005/chunk_011/action.npy,1152,4347aa5a7f6a296d5684088f394211829ed83799c89db84b6d0b889285e2cb69
/home/ali/projects/RoboLab/output/v1_cosmos_canonical_interrupted_thermal_gpu1roles/RubiksCubeLeftOfBowlMatchedTask/predicted_chunks/episode_005/chunk_011/conditioning.png,526775,50d2c8fefe4c06dd8304efcfde8d4cdb74ba166f8f87f84192efbfe9c5f70bf6
/home/ali/projects/RoboLab/output/v1_cosmos_canonical_interrupted_thermal_gpu1roles/RubiksCubeLeftOfBowlMatchedTask/predicted_chunks/episode_005/chunk_011/future.mp4,415461,3ef6248000b35b91bd68620d5e2c7766edd986b6bc9593cd614fa34f51df04dc
/home/ali/projects/RoboLab/output/v1_cosmos_canonical_interrupted_thermal_gpu1roles/RubiksCubeLeftOfBowlMatchedTask/predicted_chunks/episode_005/chunk_011/metadata.json,866,3dac28aad056b55cf02fdd874ed8fef582f8b26a0c0e4f4bd72d232c91f6885d
/home/ali/projects/RoboLab/output/v1_cosmos_canonical_interrupted_thermal_gpu1roles/RubiksCubeLeftOfBowlMatchedTask/predicted_chunks/episode_005/chunk_012/action.npy,1152,dc0c18d2b78f2741172b15c8064fe56d5c9ea0a9a1ea9065e96f3e6b082165b4
/home/ali/projects/RoboLab/output/v1_cosmos_canonical_interrupted_thermal_gpu1roles/RubiksCubeLeftOfBowlMatchedTask/predicted_chunks/episode_005/chunk_012/conditioning.png,479878,6f8f28c5f726ade0a7d866f8229bd0b18db40f464477b411f20c497bdb5865c4
/home/ali/projects/RoboLab/output/v1_cosmos_canonical_interrupted_thermal_gpu1roles/RubiksCubeLeftOfBowlMatchedTask/predicted_chunks/episode_005/chunk_012/future.mp4,510165,522bab32764ff996248c6cca39fa7987706db88622b9bbb59a2e3fe913002144
/home/ali/projects/RoboLab/output/v1_cosmos_canonical_interrupted_thermal_gpu1roles/RubiksCubeLeftOfBowlMatchedTask/predicted_chunks/episode_005/chunk_012/metadata.json,845,3ae594dcbd5b00a2e768aa08bc1d2422c016cbb4142a7542ce8eaf0270f8fa15
/home/ali/projects/RoboLab/output/v1_cosmos_canonical_interrupted_thermal_gpu1roles/RubiksCubeLeftOfBowlMatchedTask/predicted_chunks/episode_005/chunk_013/action.npy,1152,5a345b8024bf954d46ddba8a00db736ed57fcb3649018fb17a68af439fdfcbe9
/home/ali/projects/RoboLab/output/v1_cosmos_canonical_interrupted_thermal_gpu1roles/RubiksCubeLeftOfBowlMatchedTask/predicted_chunks/episode_005/chunk_013/conditioning.png,531646,12e1c3c94ad8331851b3772a1d276bcdec777c9580b5cab3ec2121df926af2c9
/home/ali/projects/RoboLab/output/v1_cosmos_canonical_interrupted_thermal_gpu1roles/RubiksCubeLeftOfBowlMatchedTask/predicted_chunks/episode_005/chunk_013/future.mp4,368720,94413ac56c6cb56f3e956be074916180b1598c63fa4de712792a39b8d097aa17
/home/ali/projects/RoboLab/output/v1_cosmos_canonical_interrupted_thermal_gpu1roles/RubiksCubeLeftOfBowlMatchedTask/predicted_chunks/episode_005/chunk_013/metadata.json,863,4e1e7f1525279bfe8486f279545db3758fe0be490af28284be2b2451a899a3fe
/home/ali/projects/RoboLab/output/v1_cosmos_canonical_interrupted_thermal_gpu1roles/RubiksCubeLeftOfBowlMatchedTask/predicted_chunks/episode_005/chunk_014/action.npy,1152,ab53753b6bb48cf94425eb1d1901df4c6ea9022a11af6bc4b0c58d4867675caf
/home/ali/projects/RoboLab/output/v1_cosmos_canonical_interrupted_thermal_gpu1roles/RubiksCubeLeftOfBowlMatchedTask/predicted_chunks/episode_005/chunk_014/conditioning.png,484806,1063dc710584255c923fbc989d5b2d5441180abf1bd4b310fa2cc546fc07561b
/home/ali/projects/RoboLab/output/v1_cosmos_canonical_interrupted_thermal_gpu1roles/RubiksCubeLeftOfBowlMatchedTask/predicted_chunks/episode_005/chunk_014/future.mp4,364879,d0bbdaa9bfba01acc3f8116efb6339f2184d6f583f332c37b296296de4243d3a
/home/ali/projects/RoboLab/output/v1_cosmos_canonical_interrupted_thermal_gpu1roles/RubiksCubeLeftOfBowlMatchedTask/predicted_chunks/episode_005/chunk_014/metadata.json,865,567929b21d4ba26543a20d5d89ae5ecaeb12002f33c4e921286bfe1d218a568a
/home/ali/projects/RoboLab/output/v1_cosmos_canonical_interrupted_thermal_gpu1roles/RubiksCubeLeftOfBowlMatchedTask/predicted_chunks/episode_006/chunk_000/action.npy,1152,fdbf3e97982edebe1b78774b609d0d0d93a2b6f6df2d50d1fa7145b4cf3ca46a
/home/ali/projects/RoboLab/output/v1_cosmos_canonical_interrupted_thermal_gpu1roles/RubiksCubeLeftOfBowlMatchedTask/predicted_chunks/episode_006/chunk_000/conditioning.png,573829,64c753760a6ab90ce14feca629f2d54e2d096964ea5b0d8b9ae0b086604ac678
/home/ali/projects/RoboLab/output/v1_cosmos_canonical_interrupted_thermal_gpu1roles/RubiksCubeLeftOfBowlMatchedTask/predicted_chunks/episode_006/chunk_000/future.mp4,506695,429e751ea85b7cc100b259c474262240a8481b4de3a740d1761f5c97c1ced8c9
/home/ali/projects/RoboLab/output/v1_cosmos_canonical_interrupted_thermal_gpu1roles/RubiksCubeLeftOfBowlMatchedTask/predicted_chunks/episode_006/chunk_000/metadata.json,784,9716e049b0664a00931eb65ff406b337ebb9083458aeec0839c234497685ccb4
/home/ali/projects/RoboLab/output/v1_cosmos_canonical_interrupted_thermal_gpu1roles/RubiksCubeLeftOfBowlMatchedTask/predicted_chunks/episode_006/chunk_001/action.npy,1152,0278b184840936d66dbcf1ac8069996245ad5a1586d87d54e77ae63b6ff03180
/home/ali/projects/RoboLab/output/v1_cosmos_canonical_interrupted_thermal_gpu1roles/RubiksCubeLeftOfBowlMatchedTask/predicted_chunks/episode_006/chunk_001/conditioning.png,554862,cd3b5e0fbc6aa8f0d18f645150b7e332f15e7867be5c4bef76d45a1aceaa7b06
/home/ali/projects/RoboLab/output/v1_cosmos_canonical_interrupted_thermal_gpu1roles/RubiksCubeLeftOfBowlMatchedTask/predicted_chunks/episode_006/chunk_001/future.mp4,407790,4f939cd0558f050c1ea5e467c957348db3ff9e4e00253792dcad83c2d7084d9f
/home/ali/projects/RoboLab/output/v1_cosmos_canonical_interrupted_thermal_gpu1roles/RubiksCubeLeftOfBowlMatchedTask/predicted_chunks/episode_006/chunk_001/metadata.json,866,dca062ed9e3b68dc8f5b3d49678cef27efd9629806c2b515fa740da97d1605a4
/home/ali/projects/RoboLab/output/v1_cosmos_canonical_interrupted_thermal_gpu1roles/RubiksCubeLeftOfBowlMatchedTask/predicted_chunks/episode_006/chunk_002/action.npy,1152,e39564aaa4180f8c2eb0fb33e2bedc60cc0886688e290986124d7c46003aedbf
/home/ali/projects/RoboLab/output/v1_cosmos_canonical_interrupted_thermal_gpu1roles/RubiksCubeLeftOfBowlMatchedTask/predicted_chunks/episode_006/chunk_002/conditioning.png,523751,85f8156ca1fea48150b7f7d0778a5281ae4ce74673d99161a8cd2cdc67d67f6c
/home/ali/projects/RoboLab/output/v1_cosmos_canonical_interrupted_thermal_gpu1roles/RubiksCubeLeftOfBowlMatchedTask/predicted_chunks/episode_006/chunk_002/future.mp4,511703,fb1c67e117c089dd05c2438cfe09a3bdd62c169ddb5faee8e68043f7bbecb7db
/home/ali/projects/RoboLab/output/v1_cosmos_canonical_interrupted_thermal_gpu1roles/RubiksCubeLeftOfBowlMatchedTask/predicted_chunks/episode_006/chunk_002/metadata.json,849,d4fe891b913326356ddbe4d0a08c71dd7b24ff4fbf910c02c23ee60029363cfa
/home/ali/projects/RoboLab/output/v1_cosmos_canonical_interrupted_thermal_gpu1roles/RubiksCubeLeftOfBowlMatchedTask/predicted_chunks/episode_006/chunk_003/action.npy,1152,f0696d07c2f78f1bcf4ddb4dbb66c171b6bfeb2c3e1aacce6e911518276c4e6d
/home/ali/projects/RoboLab/output/v1_cosmos_canonical_interrupted_thermal_gpu1roles/RubiksCubeLeftOfBowlMatchedTask/predicted_chunks/episode_006/chunk_003/conditioning.png,567621,b96bda1617f5efda239fde15dfe2b6b762599dc8c9c6d21df1fa8092d6b1ecfb
/home/ali/projects/RoboLab/output/v1_cosmos_canonical_interrupted_thermal_gpu1roles/RubiksCubeLeftOfBowlMatchedTask/predicted_chunks/episode_006/chunk_003/future.mp4,505010,fa0cd1ae754bf9ace7932cb74c53ee07f19eb988ff7abc09264d13fdce6313cc
/home/ali/projects/RoboLab/output/v1_cosmos_canonical_interrupted_thermal_gpu1roles/RubiksCubeLeftOfBowlMatchedTask/predicted_chunks/episode_006/chunk_003/metadata.json,853,e47f8cfb70df88bc3beabf16b49e9eaab374d0407accdd100b35633c4a49449a
/home/ali/projects/RoboLab/output/v1_cosmos_canonical_interrupted_thermal_gpu1roles/RubiksCubeLeftOfBowlMatchedTask/predicted_chunks/episode_006/chunk_004/action.npy,1152,0d3f0de4d6946a7af807cf2cfa826b7251b93fe5230e4c235ad14d2c072af70e
/home/ali/projects/RoboLab/output/v1_cosmos_canonical_interrupted_thermal_gpu1roles/RubiksCubeLeftOfBowlMatchedTask/predicted_chunks/episode_006/chunk_004/conditioning.png,528694,7cdd41bc96cf3a91dafb034348fa6af316cf27a53eb06bc405a7e79c310a5f3e
/home/ali/projects/RoboLab/output/v1_cosmos_canonical_interrupted_thermal_gpu1roles/RubiksCubeLeftOfBowlMatchedTask/predicted_chunks/episode_006/chunk_004/future.mp4,480275,921a0fe482f03568454cdb07fa5cac5c80340156fdcb98b930da89d09ce673b7
/home/ali/projects/RoboLab/output/v1_cosmos_canonical_interrupted_thermal_gpu1roles/RubiksCubeLeftOfBowlMatchedTask/predicted_chunks/episode_006/chunk_004/metadata.json,869,45e67f952fb684f7c4192d0420b9815df756abf4280bb505b408b944fe59e595
/home/ali/projects/RoboLab/output/v1_cosmos_canonical_interrupted_thermal_gpu1roles/RubiksCubeLeftOfBowlMatchedTask/predicted_chunks/episode_006/chunk_005/action.npy,1152,d4a72d6cd4c12fdb8c62380942ee84b1a1f69eae98d1a4b9becf283dc859bf79
/home/ali/projects/RoboLab/output/v1_cosmos_canonical_interrupted_thermal_gpu1roles/RubiksCubeLeftOfBowlMatchedTask/predicted_chunks/episode_006/chunk_005/conditioning.png,532089,38d654e8590d7fe2162707a6f4401f9593bda60959f5f62901e188e6e968e1fc
/home/ali/projects/RoboLab/output/v1_cosmos_canonical_interrupted_thermal_gpu1roles/RubiksCubeLeftOfBowlMatchedTask/predicted_chunks/episode_006/chunk_005/future.mp4,430018,1d27322fc031c0b261e02f25cefc128c5c9eb7529839ee9c1c32ab5f545370a8
/home/ali/projects/RoboLab/output/v1_cosmos_canonical_interrupted_thermal_gpu1roles/RubiksCubeLeftOfBowlMatchedTask/predicted_chunks/episode_006/chunk_005/metadata.json,865,6d59e7450e08cea2fe50aa97805406f0e2cbc4e5eda0e7f0964876499b99b056
/home/ali/projects/RoboLab/output/v1_cosmos_canonical_interrupted_thermal_gpu1roles/RubiksCubeLeftOfBowlMatchedTask/predicted_chunks/episode_006/chunk_006/action.npy,1152,348adff930289512b8c7b0fa9f5e59abe016e29523ae07a3d8bf729dc0c1d606
/home/ali/projects/RoboLab/output/v1_cosmos_canonical_interrupted_thermal_gpu1roles/RubiksCubeLeftOfBowlMatchedTask/predicted_chunks/episode_006/chunk_006/conditioning.png,520743,dc5f75b70bf109dc2d5cd4647389b1e13116a617dc22e50d980322151c7e1c92
/home/ali/projects/RoboLab/output/v1_cosmos_canonical_interrupted_thermal_gpu1roles/RubiksCubeLeftOfBowlMatchedTask/predicted_chunks/episode_006/chunk_006/future.mp4,506180,fdeb2d5cdf56dbbbb8b6da642cde1139e8bad0a248f9b69d8090be09f2ac57bc
/home/ali/projects/RoboLab/output/v1_cosmos_canonical_interrupted_thermal_gpu1roles/RubiksCubeLeftOfBowlMatchedTask/predicted_chunks/episode_006/chunk_006/metadata.json,842,1055dddba5dd5d0d29402267e28e35df1ca4b3cf7fe59117fc3ab097aff1a307
/home/ali/projects/RoboLab/output/v1_cosmos_canonical_interrupted_thermal_gpu1roles/RubiksCubeLeftOfBowlMatchedTask/predicted_chunks/episode_007/chunk_000/action.npy,1152,7dc465a0d472a1a03a24a42ddd180a5f5a3a4be14062f564c2c8d48901c63752
/home/ali/projects/RoboLab/output/v1_cosmos_canonical_interrupted_thermal_gpu1roles/RubiksCubeLeftOfBowlMatchedTask/predicted_chunks/episode_007/chunk_000/conditioning.png,577613,cb9ca1179c356eea9e45221903c99a50727f67532b1e15d0ee9d44fb90a3f996
/home/ali/projects/RoboLab/output/v1_cosmos_canonical_interrupted_thermal_gpu1roles/RubiksCubeLeftOfBowlMatchedTask/predicted_chunks/episode_007/chunk_000/future.mp4,505316,343b810f758a36a5b369ecc1d01058b534b22acd1ef3ab4498a609139a04e1df
/home/ali/projects/RoboLab/output/v1_cosmos_canonical_interrupted_thermal_gpu1roles/RubiksCubeLeftOfBowlMatchedTask/predicted_chunks/episode_007/chunk_000/metadata.json,784,f2440cc445af97561072d591f9663fd27176b8f80247721c24cd81f8222f6c5d
/home/ali/projects/RoboLab/output/v1_cosmos_canonical_interrupted_thermal_gpu1roles/RubiksCubeLeftOfBowlMatchedTask/predicted_chunks/episode_007/chunk_001/action.npy,1152,2db3f2a0de05cbc8d264b45f30ea9219f124c011e37c6dfb683d9a9e7937d914
/home/ali/projects/RoboLab/output/v1_cosmos_canonical_interrupted_thermal_gpu1roles/RubiksCubeLeftOfBowlMatchedTask/predicted_chunks/episode_007/chunk_001/conditioning.png,556994,3096f7ea1b5675ce938bb047c2de8539fc65fd8b18a00ea149223d7cedc81bd9
/home/ali/projects/RoboLab/output/v1_cosmos_canonical_interrupted_thermal_gpu1roles/RubiksCubeLeftOfBowlMatchedTask/predicted_chunks/episode_007/chunk_001/future.mp4,413944,8197e8efb616c2825d101ff5328f3d1982c551a7a920b472f23ed39b95d86bbb
/home/ali/projects/RoboLab/output/v1_cosmos_canonical_interrupted_thermal_gpu1roles/RubiksCubeLeftOfBowlMatchedTask/predicted_chunks/episode_007/chunk_001/metadata.json,866,9b510f3c0b063d66cdac5bd699534bfd3c5e4ed8e57974e4f3fa85e50e77f62b
/home/ali/projects/RoboLab/output/v1_cosmos_canonical_interrupted_thermal_gpu1roles/RubiksCubeLeftOfBowlMatchedTask/predicted_chunks/episode_007/chunk_002/action.npy,1152,6e67a0a01f51b5408e1d3a5d2f2d26d6e4d8bdbe39f98cbbdf4c2da1f4fbcba2
/home/ali/projects/RoboLab/output/v1_cosmos_canonical_interrupted_thermal_gpu1roles/RubiksCubeLeftOfBowlMatchedTask/predicted_chunks/episode_007/chunk_002/conditioning.png,549010,6052d5fae3bc58f56214f71ff81cff161ab91fad562eb876fb20a6efbf4d2630
/home/ali/projects/RoboLab/output/v1_cosmos_canonical_interrupted_thermal_gpu1roles/RubiksCubeLeftOfBowlMatchedTask/predicted_chunks/episode_007/chunk_002/future.mp4,417041,41b31e88ec37c60a5ce512fdc54770244fc63ab59970afc557d45708770ed728
/home/ali/projects/RoboLab/output/v1_cosmos_canonical_interrupted_thermal_gpu1roles/RubiksCubeLeftOfBowlMatchedTask/predicted_chunks/episode_007/chunk_002/metadata.json,869,49336c1ced10e1a7c8739d1bfd689702b033ccade7bf4c5b53f9b9802113ada8
/home/ali/projects/RoboLab/output/v1_cosmos_canonical_interrupted_thermal_gpu1roles/RubiksCubeLeftOfBowlMatchedTask/predicted_chunks/manifest.jsonl,54405,d59922b8a418b84854557f27b47e2b2b24bc8aff16f1ed3a61be9fc6f7170fe2
/home/ali/projects/RoboLab/output/v1_cosmos_canonical_interrupted_thermal_gpu1roles/RubiksCubeLeftOfBowlMatchedTask/run_0.hdf5,289307,f547fd335d2d6d71b0ffc34724dbff12f4228d91c47e4931657027ff64e72ef7
/home/ali/projects/RoboLab/output/v1_cosmos_canonical_interrupted_thermal_gpu1roles/RubiksCubeLeftOfBowlMatchedTask/run_1.hdf5,245498,8d6b3184ba17cb52e6709d81853601279f732c9429c776674c99217707579041
/home/ali/projects/RoboLab/output/v1_cosmos_canonical_interrupted_thermal_gpu1roles/RubiksCubeLeftOfBowlMatchedTask/run_2.hdf5,341163,3f2f46d98ce32d3185fe2d32539eb4ac093cfc516f43854aea13d5bc6dbbf1b3
/home/ali/projects/RoboLab/output/v1_cosmos_canonical_interrupted_thermal_gpu1roles/RubiksCubeLeftOfBowlMatchedTask/run_3.hdf5,265795,82d021e3fef31e34419de93d6b5d0e4bc145292084b2258b3a0cfae9b1513130
/home/ali/projects/RoboLab/output/v1_cosmos_canonical_interrupted_thermal_gpu1roles/RubiksCubeLeftOfBowlMatchedTask/run_4.hdf5,291953,7f78407d149f7854b2d4aca45179700b317d34590b4cef76b25169040fb47886
/home/ali/projects/RoboLab/output/v1_cosmos_canonical_interrupted_thermal_gpu1roles/RubiksCubeLeftOfBowlMatchedTask/run_5.hdf5,339699,cd2483cbd1da423fa1ec007a72134592ca70ca111148239342b84993348c54a9
/home/ali/projects/RoboLab/output/v1_cosmos_canonical_interrupted_thermal_gpu1roles/RubiksCubeLeftOfBowlMatchedTask/run_6.hdf5,256061,0f8ab6635f50e99d0ad289d91d17f22fa6a37fe936a5f9a4eb92c2c24ea4f05b
/home/ali/projects/RoboLab/output/v1_cosmos_canonical_interrupted_thermal_gpu1roles/RubiksCubeLeftOfBowlMatchedTask/run_7.hdf5,96,5d326e08d1d18c88a8c5cc1d0029d10e32152ec9722665d7d0333e3df4ef2de3
/home/ali/projects/RoboLab/output/v1_cosmos_canonical_interrupted_thermal_gpu1roles/episode_results.jsonl,8673,40e2abd4a306d91e157301168c3269f0bb06092f723e3675ad7d7feb0b53ab63
/home/ali/projects/RoboLab/output/v1_cosmos_canonical_original_hot_gpu0/RubiksCubeLeftOfBowlMatchedTask/env_cfg.json,43180,20d085d0637d736e353f6f8d238e7173e065ecc1016ce3900fffcddbce7bc727
/home/ali/projects/RoboLab/output/v1_cosmos_canonical_original_hot_gpu0/RubiksCubeLeftOfBowlMatchedTask/log_0_env0.json,1670,d3cfc27e983f0a2a9c0ad08c030e135903bfb67e31df1e09f6afc7cc5582eaf2
/home/ali/projects/RoboLab/output/v1_cosmos_canonical_original_hot_gpu0/RubiksCubeLeftOfBowlMatchedTask/log_1_env0.json,1920,eb62daa89184f95c3cd46231e6ad0433dd275f5d614aaca4b834b6a199327f2c
/home/ali/projects/RoboLab/output/v1_cosmos_canonical_original_hot_gpu0/RubiksCubeLeftOfBowlMatchedTask/log_2_env0.json,2205,0f187da587e1290306634d21f379b7cdec85882a3ce4c7025809e688274ce5ae
/home/ali/projects/RoboLab/output/v1_cosmos_canonical_original_hot_gpu0/RubiksCubeLeftOfBowlMatchedTask/log_3_env0.json,2121,7f81b08e46b0ae83ec464de025a4f11237ecd04e30735ab08decc197b051c6c9
/home/ali/projects/RoboLab/output/v1_cosmos_canonical_original_hot_gpu0/RubiksCubeLeftOfBowlMatchedTask/log_4_env0.json,3154,ffa4561116dd8c737a71c7d1183499ba92b0f41526ce4f34127de1a41eb78562
/home/ali/projects/RoboLab/output/v1_cosmos_canonical_original_hot_gpu0/RubiksCubeLeftOfBowlMatchedTask/log_5_env0.json,876,3f92d01a4f4bb1868de904ad0604b9b728f4fa5925e1aacf923f922715d55e54
/home/ali/projects/RoboLab/output/v1_cosmos_canonical_original_hot_gpu0/RubiksCubeLeftOfBowlMatchedTask/log_6_env0.json,1977,465448471cafd4751bab8fd085ed54c98910654db7fb3eeceae47f10e3c86a79
/home/ali/projects/RoboLab/output/v1_cosmos_canonical_original_hot_gpu0/RubiksCubeLeftOfBowlMatchedTask/log_7_env0.json,1329,96a06c33f4739e2f2d628e8dbadd3c4e484469c5498dd05dfbc5abb2f1aade0e
/home/ali/projects/RoboLab/output/v1_cosmos_canonical_original_hot_gpu0/RubiksCubeLeftOfBowlMatchedTask/log_8_env0.json,3120,1d3c3d6ca7adc8f8c486dc1c98e808ca7f2821458c7719c5e3d98fce47a01779
/home/ali/projects/RoboLab/output/v1_cosmos_canonical_original_hot_gpu0/RubiksCubeLeftOfBowlMatchedTask/log_9_env0.json,1193,bfb46f29bdcdc28d527025e49efc31cded1fe449d3ad2ff80da76f3047206345
/home/ali/projects/RoboLab/output/v1_cosmos_canonical_original_hot_gpu0/RubiksCubeLeftOfBowlMatchedTask/predicted_chunks/episode_000/chunk_000/action.npy,1152,10a5da9ebc003f8e92623d8cbca2905461ef13a43e013f652160deec7bdb4c98
/home/ali/projects/RoboLab/output/v1_cosmos_canonical_original_hot_gpu0/RubiksCubeLeftOfBowlMatchedTask/predicted_chunks/episode_000/chunk_000/conditioning.png,573239,5e23868a85d882bfd320005974ba00e55afbb1bb4f8e8a94272e8aa5efe52596
/home/ali/projects/RoboLab/output/v1_cosmos_canonical_original_hot_gpu0/RubiksCubeLeftOfBowlMatchedTask/predicted_chunks/episode_000/chunk_000/future.mp4,548380,a990e85a2523ecf2388f07c33b603c74e33462ba1313e8afb516b19e76b259c8
/home/ali/projects/RoboLab/output/v1_cosmos_canonical_original_hot_gpu0/RubiksCubeLeftOfBowlMatchedTask/predicted_chunks/episode_000/chunk_000/metadata.json,784,6941b82c670b15079103e3879842a6fe68abcc12272e477497564ed4973de765
/home/ali/projects/RoboLab/output/v1_cosmos_canonical_original_hot_gpu0/RubiksCubeLeftOfBowlMatchedTask/predicted_chunks/episode_000/chunk_001/action.npy,1152,d25ea0319367df28a3d5aaefd0450c549e45bf04a6639aba205d716f91d94565
/home/ali/projects/RoboLab/output/v1_cosmos_canonical_original_hot_gpu0/RubiksCubeLeftOfBowlMatchedTask/predicted_chunks/episode_000/chunk_001/conditioning.png,544421,f1e0124fba02efa55ed2c57339346c84753745f0e1984a8013b3328900330fa5
/home/ali/projects/RoboLab/output/v1_cosmos_canonical_original_hot_gpu0/RubiksCubeLeftOfBowlMatchedTask/predicted_chunks/episode_000/chunk_001/future.mp4,475433,6a363d25382aa0698cffd2f7c393ea96e7a788d56d1e8fae4d1b058efc57e567
/home/ali/projects/RoboLab/output/v1_cosmos_canonical_original_hot_gpu0/RubiksCubeLeftOfBowlMatchedTask/predicted_chunks/episode_000/chunk_001/metadata.json,867,e5c375b9edcfbfc62ee11c065bc4e9c491021008597b9a44a92b96095cc6101d
/home/ali/projects/RoboLab/output/v1_cosmos_canonical_original_hot_gpu0/RubiksCubeLeftOfBowlMatchedTask/predicted_chunks/episode_000/chunk_002/action.npy,1152,5cc8076e42600f6bc25a9a75ec3e6b07e0c457eb83edbe4218fe373aa6a4a449
/home/ali/projects/RoboLab/output/v1_cosmos_canonical_original_hot_gpu0/RubiksCubeLeftOfBowlMatchedTask/predicted_chunks/episode_000/chunk_002/conditioning.png,553307,7806d3d67c8f9115df47575192508ced462f7d5bc4f6b3c1158cf45285061ec6
/home/ali/projects/RoboLab/output/v1_cosmos_canonical_original_hot_gpu0/RubiksCubeLeftOfBowlMatchedTask/predicted_chunks/episode_000/chunk_002/future.mp4,418659,b59c3d22951acce8a04795f70abf6cf6695ebc1065b2db2f0667609c7522e892
/home/ali/projects/RoboLab/output/v1_cosmos_canonical_original_hot_gpu0/RubiksCubeLeftOfBowlMatchedTask/predicted_chunks/episode_000/chunk_002/metadata.json,867,75cc5c12d08d789884644766f82cf91109adca5fb59448f99b03227c15903fbf
/home/ali/projects/RoboLab/output/v1_cosmos_canonical_original_hot_gpu0/RubiksCubeLeftOfBowlMatchedTask/predicted_chunks/episode_000/chunk_003/action.npy,1152,0e80cb9ba758fa3dc06e0305ebac58f15a5f1d890b0cb7b03ab1c2752919b9c0
/home/ali/projects/RoboLab/output/v1_cosmos_canonical_original_hot_gpu0/RubiksCubeLeftOfBowlMatchedTask/predicted_chunks/episode_000/chunk_003/conditioning.png,548508,02d478e2a1797eb6566bb79a079cd9a304d9e756d92d2d4dedb713f567a63542
/home/ali/projects/RoboLab/output/v1_cosmos_canonical_original_hot_gpu0/RubiksCubeLeftOfBowlMatchedTask/predicted_chunks/episode_000/chunk_003/future.mp4,426343,0ead2140a6e7b7fb9275a624a5b020e9180e99f94aeba2c3eea1d1270715655f
/home/ali/projects/RoboLab/output/v1_cosmos_canonical_original_hot_gpu0/RubiksCubeLeftOfBowlMatchedTask/predicted_chunks/episode_000/chunk_003/metadata.json,850,95b107b10a1c58ecfb8489bff44a3cfb0108eff8f7052910fa8924128dc22975
/home/ali/projects/RoboLab/output/v1_cosmos_canonical_original_hot_gpu0/RubiksCubeLeftOfBowlMatchedTask/predicted_chunks/episode_000/chunk_004/action.npy,1152,78bd144773eca22c967fb380f3b97a3dc9f389a72cbe194331bb6c4d97652a8b
/home/ali/projects/RoboLab/output/v1_cosmos_canonical_original_hot_gpu0/RubiksCubeLeftOfBowlMatchedTask/predicted_chunks/episode_000/chunk_004/conditioning.png,550931,261d30bdfa4d6da529489513aa72d03cfaf665dca80934727dd0bd4e36758891
/home/ali/projects/RoboLab/output/v1_cosmos_canonical_original_hot_gpu0/RubiksCubeLeftOfBowlMatchedTask/predicted_chunks/episode_000/chunk_004/future.mp4,452174,fdd1c0f12a10d0a026a2beffbbfa3b01a466c17e28a6948700e1e555523d55f7
/home/ali/projects/RoboLab/output/v1_cosmos_canonical_original_hot_gpu0/RubiksCubeLeftOfBowlMatchedTask/predicted_chunks/episode_000/chunk_004/metadata.json,868,090348027311834474017c46643ac4da8e401b2eadda322a3871e00d8e7d3f10
/home/ali/projects/RoboLab/output/v1_cosmos_canonical_original_hot_gpu0/RubiksCubeLeftOfBowlMatchedTask/predicted_chunks/episode_000/chunk_005/action.npy,1152,f7a4d8d336adcd9ca71fd03912e0dc796a8275feaf9c05aa3e31937c73e4a0a7
/home/ali/projects/RoboLab/output/v1_cosmos_canonical_original_hot_gpu0/RubiksCubeLeftOfBowlMatchedTask/predicted_chunks/episode_000/chunk_005/conditioning.png,536488,1ff5c76a07d0c23bcccdb27273c2602db75be92e86179f0d9506e23b0615a4d0
/home/ali/projects/RoboLab/output/v1_cosmos_canonical_original_hot_gpu0/RubiksCubeLeftOfBowlMatchedTask/predicted_chunks/episode_000/chunk_005/future.mp4,438390,32635a1e39ba471ca0111b1489c809a9e14d045bfad0e617d09600a431f0f6cd
/home/ali/projects/RoboLab/output/v1_cosmos_canonical_original_hot_gpu0/RubiksCubeLeftOfBowlMatchedTask/predicted_chunks/episode_000/chunk_005/metadata.json,865,dfb815e4dcc701ac78716231b269ada1741ccf49b324808e3b5865f158228ca6
/home/ali/projects/RoboLab/output/v1_cosmos_canonical_original_hot_gpu0/RubiksCubeLeftOfBowlMatchedTask/predicted_chunks/episode_001/chunk_000/action.npy,1152,2e350649a2ef6e94438b27fcdaf6400cca1ec1c54bae5052f106c43826dbd1b7
/home/ali/projects/RoboLab/output/v1_cosmos_canonical_original_hot_gpu0/RubiksCubeLeftOfBowlMatchedTask/predicted_chunks/episode_001/chunk_000/conditioning.png,567646,cfe47ff07adc70a127553228dfbfbf57bf4b42b94c1ab5c8465047b7136d0110
/home/ali/projects/RoboLab/output/v1_cosmos_canonical_original_hot_gpu0/RubiksCubeLeftOfBowlMatchedTask/predicted_chunks/episode_001/chunk_000/future.mp4,517298,53fa1922b0a9b3bf708e2dd3737e7911dfedd406ccbc22002f9d8a9a8293d1af
/home/ali/projects/RoboLab/output/v1_cosmos_canonical_original_hot_gpu0/RubiksCubeLeftOfBowlMatchedTask/predicted_chunks/episode_001/chunk_000/metadata.json,784,bbe569668d802e8e7d9b869093bf6737baa56dea45628a3bb625eadbacafcb40
/home/ali/projects/RoboLab/output/v1_cosmos_canonical_original_hot_gpu0/RubiksCubeLeftOfBowlMatchedTask/predicted_chunks/episode_001/chunk_001/action.npy,1152,e935a4fc648e27414a0438b239d8326212efc11e362142712e35da7401a9ac34
/home/ali/projects/RoboLab/output/v1_cosmos_canonical_original_hot_gpu0/RubiksCubeLeftOfBowlMatchedTask/predicted_chunks/episode_001/chunk_001/conditioning.png,557545,b20e51910d14ee33a432298210b1308c844255a53f67fea6f492698f251befd0
/home/ali/projects/RoboLab/output/v1_cosmos_canonical_original_hot_gpu0/RubiksCubeLeftOfBowlMatchedTask/predicted_chunks/episode_001/chunk_001/future.mp4,448015,1ebc7955b08e63e9f1cd537ebe5ac82f6d0e17ba95fcb03ec0ab2e474d11f8fd
/home/ali/projects/RoboLab/output/v1_cosmos_canonical_original_hot_gpu0/RubiksCubeLeftOfBowlMatchedTask/predicted_chunks/episode_001/chunk_001/metadata.json,870,d668946443b7f78f08020f0390754dfdb6d63c2b6b16c9dc6e06fd02454529ec
/home/ali/projects/RoboLab/output/v1_cosmos_canonical_original_hot_gpu0/RubiksCubeLeftOfBowlMatchedTask/predicted_chunks/episode_001/chunk_002/action.npy,1152,44106775e539cc8959351c85861df5ad7a03ff9bef7c5cd7dce8c0ebce81130a
/home/ali/projects/RoboLab/output/v1_cosmos_canonical_original_hot_gpu0/RubiksCubeLeftOfBowlMatchedTask/predicted_chunks/episode_001/chunk_002/conditioning.png,528916,fdc49d50a02975a453da2f272de3a8c2c4ed786fb2934bd4d2d78c87fc6fbc01
/home/ali/projects/RoboLab/output/v1_cosmos_canonical_original_hot_gpu0/RubiksCubeLeftOfBowlMatchedTask/predicted_chunks/episode_001/chunk_002/future.mp4,471624,4bb12fa455173c8383a270ed89c02cf3428ed75f6f4ed8021e5003bb6aab2631
/home/ali/projects/RoboLab/output/v1_cosmos_canonical_original_hot_gpu0/RubiksCubeLeftOfBowlMatchedTask/predicted_chunks/episode_001/chunk_002/metadata.json,850,22f27cdf847655e5617b78da7c68ab7de29aa5690cc7d0729c781e97ff376d4f
/home/ali/projects/RoboLab/output/v1_cosmos_canonical_original_hot_gpu0/RubiksCubeLeftOfBowlMatchedTask/predicted_chunks/episode_001/chunk_003/action.npy,1152,f14e29f86c1d17cc565cd55cedecfc2f31f261dd56f2d5e6db452678f041d48a
/home/ali/projects/RoboLab/output/v1_cosmos_canonical_original_hot_gpu0/RubiksCubeLeftOfBowlMatchedTask/predicted_chunks/episode_001/chunk_003/conditioning.png,517809,200e0625164b96bc7ec79e32a3ddad0cb194e72c433e68cead43fdf2d933144f
/home/ali/projects/RoboLab/output/v1_cosmos_canonical_original_hot_gpu0/RubiksCubeLeftOfBowlMatchedTask/predicted_chunks/episode_001/chunk_003/future.mp4,396482,5df04bdc9aabb2929330de07245dc99c9eb0319c10018109df5e45654a98b0f1
/home/ali/projects/RoboLab/output/v1_cosmos_canonical_original_hot_gpu0/RubiksCubeLeftOfBowlMatchedTask/predicted_chunks/episode_001/chunk_003/metadata.json,866,cb925830ac1965d22df81ddde72af004d286cfa8c844a75d7bf15d90481f9746
/home/ali/projects/RoboLab/output/v1_cosmos_canonical_original_hot_gpu0/RubiksCubeLeftOfBowlMatchedTask/predicted_chunks/episode_001/chunk_004/action.npy,1152,2b225a1c008367cda6d42e02195bd8c9cd96e003d4eacbef09e567ea2033b8ca
/home/ali/projects/RoboLab/output/v1_cosmos_canonical_original_hot_gpu0/RubiksCubeLeftOfBowlMatchedTask/predicted_chunks/episode_001/chunk_004/conditioning.png,513767,c87edabfd113b9a9baf62d2b59af19fdee12005c0aa20d00d9ad44a354bd4930
/home/ali/projects/RoboLab/output/v1_cosmos_canonical_original_hot_gpu0/RubiksCubeLeftOfBowlMatchedTask/predicted_chunks/episode_001/chunk_004/future.mp4,421009,3b39a66295d208969b5e0ea3fd8b63097a9206b02ac42e1381b062ac451c101f
/home/ali/projects/RoboLab/output/v1_cosmos_canonical_original_hot_gpu0/RubiksCubeLeftOfBowlMatchedTask/predicted_chunks/episode_001/chunk_004/metadata.json,868,302fc0cfc3696530764c6d7028066d36e0d77f7682fe4dd7e3ef4d00edbe6ec8
/home/ali/projects/RoboLab/output/v1_cosmos_canonical_original_hot_gpu0/RubiksCubeLeftOfBowlMatchedTask/predicted_chunks/episode_001/chunk_005/action.npy,1152,419d4a263276f04c203623932672c2acf273c49f8b3204780b54c1e7f11e9511
/home/ali/projects/RoboLab/output/v1_cosmos_canonical_original_hot_gpu0/RubiksCubeLeftOfBowlMatchedTask/predicted_chunks/episode_001/chunk_005/conditioning.png,532494,36e66cfe08bfd97570df308097cc49e7f8ed01a84ea89ea0c3fff1e5851e390e
/home/ali/projects/RoboLab/output/v1_cosmos_canonical_original_hot_gpu0/RubiksCubeLeftOfBowlMatchedTask/predicted_chunks/episode_001/chunk_005/future.mp4,461751,e058fb1279ff2bd02468ce5cb8235a31c4cff6c084bd34c55b601b8af6c0f0b5
/home/ali/projects/RoboLab/output/v1_cosmos_canonical_original_hot_gpu0/RubiksCubeLeftOfBowlMatchedTask/predicted_chunks/episode_001/chunk_005/metadata.json,865,d4c70472cdabdeb9c632ae31fcde913e3e963e9856327ebb471675927bb14142
/home/ali/projects/RoboLab/output/v1_cosmos_canonical_original_hot_gpu0/RubiksCubeLeftOfBowlMatchedTask/predicted_chunks/episode_002/chunk_000/action.npy,1152,750267f73dcdca42219acb07d390700b5007d96e3265bbaba79915a0509cdc7b
/home/ali/projects/RoboLab/output/v1_cosmos_canonical_original_hot_gpu0/RubiksCubeLeftOfBowlMatchedTask/predicted_chunks/episode_002/chunk_000/conditioning.png,572360,23d60405dafc78dff249ad93cf9a282c2fb7e4309c759035d41d0ba03127def6
/home/ali/projects/RoboLab/output/v1_cosmos_canonical_original_hot_gpu0/RubiksCubeLeftOfBowlMatchedTask/predicted_chunks/episode_002/chunk_000/future.mp4,500159,edd22d842bb1f428d9539a06670b957350e9dfaf7bc70336282e393707450911
/home/ali/projects/RoboLab/output/v1_cosmos_canonical_original_hot_gpu0/RubiksCubeLeftOfBowlMatchedTask/predicted_chunks/episode_002/chunk_000/metadata.json,784,c5ad310233f629892b93b8ae4e4e1f2d4012c9025ef8178f7e21bc93cc116565
/home/ali/projects/RoboLab/output/v1_cosmos_canonical_original_hot_gpu0/RubiksCubeLeftOfBowlMatchedTask/predicted_chunks/episode_002/chunk_001/action.npy,1152,0c449323fb4326176e72dbc4a9844daecf2c7ae7316f4c7cf674fabd9ba0a518
/home/ali/projects/RoboLab/output/v1_cosmos_canonical_original_hot_gpu0/RubiksCubeLeftOfBowlMatchedTask/predicted_chunks/episode_002/chunk_001/conditioning.png,560238,3a8993efdaea87cfa2f21efcb5f2148f3e0f31b8934b2910410125748a34dd82
/home/ali/projects/RoboLab/output/v1_cosmos_canonical_original_hot_gpu0/RubiksCubeLeftOfBowlMatchedTask/predicted_chunks/episode_002/chunk_001/future.mp4,467078,c8fca13615f346c8d735d565702ce4b7c524e3c2a224f537d7be4ad172d30aa9
/home/ali/projects/RoboLab/output/v1_cosmos_canonical_original_hot_gpu0/RubiksCubeLeftOfBowlMatchedTask/predicted_chunks/episode_002/chunk_001/metadata.json,864,1b9ed921d5bee5b0645f1e39ac2eaad62a75ccf0dd07a9aa1b12e69effe6a3b3
/home/ali/projects/RoboLab/output/v1_cosmos_canonical_original_hot_gpu0/RubiksCubeLeftOfBowlMatchedTask/predicted_chunks/episode_002/chunk_002/action.npy,1152,85108a161ab21a25086c14ce10d6b27174e7a66a17ec7008df40407cbadcee67
/home/ali/projects/RoboLab/output/v1_cosmos_canonical_original_hot_gpu0/RubiksCubeLeftOfBowlMatchedTask/predicted_chunks/episode_002/chunk_002/conditioning.png,546746,9af659495c8ed5c38e918404e98acc53751b8b887761171ac3f634c0fc4f8d93
/home/ali/projects/RoboLab/output/v1_cosmos_canonical_original_hot_gpu0/RubiksCubeLeftOfBowlMatchedTask/predicted_chunks/episode_002/chunk_002/future.mp4,541529,014c6c56929ba27bcb55846962882c3ce072807fc72dff58a378dccf17605fb6
/home/ali/projects/RoboLab/output/v1_cosmos_canonical_original_hot_gpu0/RubiksCubeLeftOfBowlMatchedTask/predicted_chunks/episode_002/chunk_002/metadata.json,846,6aeb2946977882bcf2cce37837435e507e2ec05b3c36b03d9fdbd846fe9cc57e
/home/ali/projects/RoboLab/output/v1_cosmos_canonical_original_hot_gpu0/RubiksCubeLeftOfBowlMatchedTask/predicted_chunks/episode_002/chunk_003/action.npy,1152,af0131b14ad5adc378fdded9d9e403584e243c5c558b0c8de2ac702c26b72529
/home/ali/projects/RoboLab/output/v1_cosmos_canonical_original_hot_gpu0/RubiksCubeLeftOfBowlMatchedTask/predicted_chunks/episode_002/chunk_003/conditioning.png,553320,cd624e7489e265f9b6868d6b1dc9a816c6b7a729c9cbea59845b775cfd59133d
/home/ali/projects/RoboLab/output/v1_cosmos_canonical_original_hot_gpu0/RubiksCubeLeftOfBowlMatchedTask/predicted_chunks/episode_002/chunk_003/future.mp4,416504,bd3e14011bbffeae0367fd521baf2421dd34fa5e3b60583c13c451817cf4fae3
/home/ali/projects/RoboLab/output/v1_cosmos_canonical_original_hot_gpu0/RubiksCubeLeftOfBowlMatchedTask/predicted_chunks/episode_002/chunk_003/metadata.json,853,9737f0bd7f13fa9c3761ef699808333b178917079db8e8393acf2977db55faa4
/home/ali/projects/RoboLab/output/v1_cosmos_canonical_original_hot_gpu0/RubiksCubeLeftOfBowlMatchedTask/predicted_chunks/episode_002/chunk_004/action.npy,1152,fa7bb33af537df44551c06b5d80844c230ae2d695b9b5f73597658b3c48272b2
/home/ali/projects/RoboLab/output/v1_cosmos_canonical_original_hot_gpu0/RubiksCubeLeftOfBowlMatchedTask/predicted_chunks/episode_002/chunk_004/conditioning.png,527352,004efb4924afdbcbf7f1dbeba26b30259696344668f958bf8cdce5f19cf02535
/home/ali/projects/RoboLab/output/v1_cosmos_canonical_original_hot_gpu0/RubiksCubeLeftOfBowlMatchedTask/predicted_chunks/episode_002/chunk_004/future.mp4,360068,0880c8b643e1f1f91c7ae6f04a3716c6d4d4d73997695fc1ff7b44fa8a274b91
/home/ali/projects/RoboLab/output/v1_cosmos_canonical_original_hot_gpu0/RubiksCubeLeftOfBowlMatchedTask/predicted_chunks/episode_002/chunk_004/metadata.json,867,7f74e8717ee96fc94a81592d223844cba2e04d9f24003f7fe6e6dbb9a8b6b992
/home/ali/projects/RoboLab/output/v1_cosmos_canonical_original_hot_gpu0/RubiksCubeLeftOfBowlMatchedTask/predicted_chunks/episode_002/chunk_005/action.npy,1152,06a92c7725f25b9eeef526336a54b180feb0acb6aa149dadb720ca644b901379
/home/ali/projects/RoboLab/output/v1_cosmos_canonical_original_hot_gpu0/RubiksCubeLeftOfBowlMatchedTask/predicted_chunks/episode_002/chunk_005/conditioning.png,536800,3878eb61549ddfbe8d8ac6c8f3f791ebce910f7f87cc706db4540ec1aa1f017d
/home/ali/projects/RoboLab/output/v1_cosmos_canonical_original_hot_gpu0/RubiksCubeLeftOfBowlMatchedTask/predicted_chunks/episode_002/chunk_005/future.mp4,377357,1cd15f421974bf19daea5e7421d38fc59c9eaf72440d6d1d07f32e93bbeac4ce
/home/ali/projects/RoboLab/output/v1_cosmos_canonical_original_hot_gpu0/RubiksCubeLeftOfBowlMatchedTask/predicted_chunks/episode_002/chunk_005/metadata.json,866,c073b18492c7d2f5f543ae2402b610b2b24bbfc993d4a222e2c847a5f3d784a4
/home/ali/projects/RoboLab/output/v1_cosmos_canonical_original_hot_gpu0/RubiksCubeLeftOfBowlMatchedTask/predicted_chunks/episode_002/chunk_006/action.npy,1152,c77fa619d8a97a0cc71a2a850585fe3a93bcbce28f527f4e2136477e928d65ac
/home/ali/projects/RoboLab/output/v1_cosmos_canonical_original_hot_gpu0/RubiksCubeLeftOfBowlMatchedTask/predicted_chunks/episode_002/chunk_006/conditioning.png,541132,0f71a976c54d755cf854f80b8e20596c3c90b9f9db1fc789efbf63506e235ed0
/home/ali/projects/RoboLab/output/v1_cosmos_canonical_original_hot_gpu0/RubiksCubeLeftOfBowlMatchedTask/predicted_chunks/episode_002/chunk_006/future.mp4,403142,3669e6794b3cfa02442c76171e4a171a842ed4d0798837c77edab185b455f69f
/home/ali/projects/RoboLab/output/v1_cosmos_canonical_original_hot_gpu0/RubiksCubeLeftOfBowlMatchedTask/predicted_chunks/episode_002/chunk_006/metadata.json,867,d7c03f859e8f6f56e9587ec0c2b8b5526e16ea2ed0ecebb5c6b81d0c3320ef70
/home/ali/projects/RoboLab/output/v1_cosmos_canonical_original_hot_gpu0/RubiksCubeLeftOfBowlMatchedTask/predicted_chunks/episode_002/chunk_007/action.npy,1152,c750a812fd112d848002aaabd925c622c048e631a3c2a035a9459f9d4b239b76
/home/ali/projects/RoboLab/output/v1_cosmos_canonical_original_hot_gpu0/RubiksCubeLeftOfBowlMatchedTask/predicted_chunks/episode_002/chunk_007/conditioning.png,549642,2df52d1bd8677b12a36a68c81c1df573fbfdf4917690c4e50dd3d63b187741ce
/home/ali/projects/RoboLab/output/v1_cosmos_canonical_original_hot_gpu0/RubiksCubeLeftOfBowlMatchedTask/predicted_chunks/episode_002/chunk_007/future.mp4,418390,ab34089d87cfe3d63063460f669cf892cdf385ee62971c8462fabc60cf31dd4f
/home/ali/projects/RoboLab/output/v1_cosmos_canonical_original_hot_gpu0/RubiksCubeLeftOfBowlMatchedTask/predicted_chunks/episode_002/chunk_007/metadata.json,864,184959ee94efe410549acc8360524673bb8e390583b7f07cf018f3de87ab5a89
/home/ali/projects/RoboLab/output/v1_cosmos_canonical_original_hot_gpu0/RubiksCubeLeftOfBowlMatchedTask/predicted_chunks/episode_002/chunk_008/action.npy,1152,92f321ae42466826af9f75e47b8fc6e91b1d77d243247aee2ce016904bd2126d
/home/ali/projects/RoboLab/output/v1_cosmos_canonical_original_hot_gpu0/RubiksCubeLeftOfBowlMatchedTask/predicted_chunks/episode_002/chunk_008/conditioning.png,531906,25f79e17a1aab8167e0c6c5e0a808c906376b45712d9ae30310fefc1bd378853
/home/ali/projects/RoboLab/output/v1_cosmos_canonical_original_hot_gpu0/RubiksCubeLeftOfBowlMatchedTask/predicted_chunks/episode_002/chunk_008/future.mp4,448584,0d76353eda031e19fb0f64d38cb1a66df7093afa475c7625e875f4e7e6bab236
/home/ali/projects/RoboLab/output/v1_cosmos_canonical_original_hot_gpu0/RubiksCubeLeftOfBowlMatchedTask/predicted_chunks/episode_002/chunk_008/metadata.json,868,7c2d4c327bf472bba19fd6d1fafcc34e82bc2529f490371139927518351f524b
/home/ali/projects/RoboLab/output/v1_cosmos_canonical_original_hot_gpu0/RubiksCubeLeftOfBowlMatchedTask/predicted_chunks/episode_002/chunk_009/action.npy,1152,1c3e37b7e147c792a9a3c5e6b52ce68a6ef8a00bfe47e4c3154290c29a3a8e3a
/home/ali/projects/RoboLab/output/v1_cosmos_canonical_original_hot_gpu0/RubiksCubeLeftOfBowlMatchedTask/predicted_chunks/episode_002/chunk_009/conditioning.png,493203,06752d99ee284b09fe37c54fc4a7a53af74b6cb4f7bc1ca75ebfc65d2bacdbe9
/home/ali/projects/RoboLab/output/v1_cosmos_canonical_original_hot_gpu0/RubiksCubeLeftOfBowlMatchedTask/predicted_chunks/episode_002/chunk_009/future.mp4,474015,d8c837d5a4ce973b4f549784d1f2bc75607940e05ab78ea7633dadcd2f41693a
/home/ali/projects/RoboLab/output/v1_cosmos_canonical_original_hot_gpu0/RubiksCubeLeftOfBowlMatchedTask/predicted_chunks/episode_002/chunk_009/metadata.json,847,95c4ac17b507419db1cb57bbe144381a221ff25727ef4b0c0aee59d3c14c0b7c
/home/ali/projects/RoboLab/output/v1_cosmos_canonical_original_hot_gpu0/RubiksCubeLeftOfBowlMatchedTask/predicted_chunks/episode_002/chunk_010/action.npy,1152,a6a8ee4e3a2b0faca0157be9a0d9f05d7a551e06a33de49a35085552143febb8
/home/ali/projects/RoboLab/output/v1_cosmos_canonical_original_hot_gpu0/RubiksCubeLeftOfBowlMatchedTask/predicted_chunks/episode_002/chunk_010/conditioning.png,458009,2890e83e05c67469c774cc3d18d5370417c903fad55532472d2cdd7178f3e058
/home/ali/projects/RoboLab/output/v1_cosmos_canonical_original_hot_gpu0/RubiksCubeLeftOfBowlMatchedTask/predicted_chunks/episode_002/chunk_010/future.mp4,397660,1075e0f7a83484042d4613a7d63e42f165fa7d59bca47fe673b7c8f3f79ce513
/home/ali/projects/RoboLab/output/v1_cosmos_canonical_original_hot_gpu0/RubiksCubeLeftOfBowlMatchedTask/predicted_chunks/episode_002/chunk_010/metadata.json,870,b45badb6aac6c9a00a9fe3a0ec0823ae473d283d82c87a5d1db5a8bfba447a1c
/home/ali/projects/RoboLab/output/v1_cosmos_canonical_original_hot_gpu0/RubiksCubeLeftOfBowlMatchedTask/predicted_chunks/episode_002/chunk_011/action.npy,1152,45d864b9607db421d51b79c12506a80120ad32f675751920f807e56f24247bc1
/home/ali/projects/RoboLab/output/v1_cosmos_canonical_original_hot_gpu0/RubiksCubeLeftOfBowlMatchedTask/predicted_chunks/episode_002/chunk_011/conditioning.png,480204,169e002f636908d47a74e76aa59295618d75e97aeb344bb685d815b9f9029280
/home/ali/projects/RoboLab/output/v1_cosmos_canonical_original_hot_gpu0/RubiksCubeLeftOfBowlMatchedTask/predicted_chunks/episode_002/chunk_011/future.mp4,423636,9e6bd25a1594dcbacf853db47331f6bbce5f7d4b6c0a2c63368fb1ef158b808c
/home/ali/projects/RoboLab/output/v1_cosmos_canonical_original_hot_gpu0/RubiksCubeLeftOfBowlMatchedTask/predicted_chunks/episode_002/chunk_011/metadata.json,850,1b4d24055f6095d44d4b5c0254e5cf7f152edc129b54cae3f3e139708f923857
/home/ali/projects/RoboLab/output/v1_cosmos_canonical_original_hot_gpu0/RubiksCubeLeftOfBowlMatchedTask/predicted_chunks/episode_002/chunk_012/action.npy,1152,4c826a785e3d85783c1c7cbfc86b5188485714bcfae071f016e7142572b1e7c7
/home/ali/projects/RoboLab/output/v1_cosmos_canonical_original_hot_gpu0/RubiksCubeLeftOfBowlMatchedTask/predicted_chunks/episode_002/chunk_012/conditioning.png,460506,4464520b05e7c3e129b8532924f34d965fd33e277fc15e2ed42940f98c26724f
/home/ali/projects/RoboLab/output/v1_cosmos_canonical_original_hot_gpu0/RubiksCubeLeftOfBowlMatchedTask/predicted_chunks/episode_002/chunk_012/future.mp4,537277,44c06ae57b448a4c0931bf973ab9aa25e973382f955d9a9d28584821e4f8f0cc
/home/ali/projects/RoboLab/output/v1_cosmos_canonical_original_hot_gpu0/RubiksCubeLeftOfBowlMatchedTask/predicted_chunks/episode_002/chunk_012/metadata.json,865,7225b42a6ff3ec7087f851d8b5018a89ab9af603235d57d5083289b7984af420
/home/ali/projects/RoboLab/output/v1_cosmos_canonical_original_hot_gpu0/RubiksCubeLeftOfBowlMatchedTask/predicted_chunks/episode_002/chunk_013/action.npy,1152,e8bfb194d8741aa19d9657fa699cfcdce20f21ddb34bc8c847ebd451d53e3b42
/home/ali/projects/RoboLab/output/v1_cosmos_canonical_original_hot_gpu0/RubiksCubeLeftOfBowlMatchedTask/predicted_chunks/episode_002/chunk_013/conditioning.png,540204,e5485a302c74166480bc4c1dc2834d61379deb2d2c64a49538fb2b170d43d90d
/home/ali/projects/RoboLab/output/v1_cosmos_canonical_original_hot_gpu0/RubiksCubeLeftOfBowlMatchedTask/predicted_chunks/episode_002/chunk_013/future.mp4,548118,f18ae36b7c4c46473ccb8223cb00d464307591ae08840485dd6fde021bd0ac60
/home/ali/projects/RoboLab/output/v1_cosmos_canonical_original_hot_gpu0/RubiksCubeLeftOfBowlMatchedTask/predicted_chunks/episode_002/chunk_013/metadata.json,848,71d70fad03d8665525453a8b521a9a2fde0cea5d16a52512bd2291e8dcb2a985
/home/ali/projects/RoboLab/output/v1_cosmos_canonical_original_hot_gpu0/RubiksCubeLeftOfBowlMatchedTask/predicted_chunks/episode_002/chunk_014/action.npy,1152,03bc9c4bb19d033bf75d04d3b4cde4475f360bd24023d21d5be4f8ae0a1d9c5e
/home/ali/projects/RoboLab/output/v1_cosmos_canonical_original_hot_gpu0/RubiksCubeLeftOfBowlMatchedTask/predicted_chunks/episode_002/chunk_014/conditioning.png,544451,65f1bf8cf4631494705201720f1351dc753ff8d939b06be87028b8be9633d7a1
/home/ali/projects/RoboLab/output/v1_cosmos_canonical_original_hot_gpu0/RubiksCubeLeftOfBowlMatchedTask/predicted_chunks/episode_002/chunk_014/future.mp4,593931,26900793885b7f3862ef6c7fe9ac87881902f2617d6a3cfb11ec812ba15bc396
/home/ali/projects/RoboLab/output/v1_cosmos_canonical_original_hot_gpu0/RubiksCubeLeftOfBowlMatchedTask/predicted_chunks/episode_002/chunk_014/metadata.json,851,9c87e2ba7833f7bee62f0035b1a343b2bacdf6478ff2a3014cbe676cb023d4be
/home/ali/projects/RoboLab/output/v1_cosmos_canonical_original_hot_gpu0/RubiksCubeLeftOfBowlMatchedTask/predicted_chunks/episode_003/chunk_000/action.npy,1152,ca483ec31ebfbffd21154c5de44fd8c81ea8680c5026d3587324dada4e371124
/home/ali/projects/RoboLab/output/v1_cosmos_canonical_original_hot_gpu0/RubiksCubeLeftOfBowlMatchedTask/predicted_chunks/episode_003/chunk_000/conditioning.png,572384,569e79c73b8562abb902fa85ef7427794fc99cebf74e733c46ddc6c2af368344
/home/ali/projects/RoboLab/output/v1_cosmos_canonical_original_hot_gpu0/RubiksCubeLeftOfBowlMatchedTask/predicted_chunks/episode_003/chunk_000/future.mp4,510824,8e7594df9dec4705c66ef857fdc5ec8834fda4993d4017672cb395badb06c8c3
/home/ali/projects/RoboLab/output/v1_cosmos_canonical_original_hot_gpu0/RubiksCubeLeftOfBowlMatchedTask/predicted_chunks/episode_003/chunk_000/metadata.json,784,2e752fffda4ae7f5ef1f81d57e6d1fed45bae1ec332b7ff619869e50682a9b2d
/home/ali/projects/RoboLab/output/v1_cosmos_canonical_original_hot_gpu0/RubiksCubeLeftOfBowlMatchedTask/predicted_chunks/episode_003/chunk_001/action.npy,1152,d51385225803241e760080de0df19ec855154aafb83ad0206202aed907a9fc10
/home/ali/projects/RoboLab/output/v1_cosmos_canonical_original_hot_gpu0/RubiksCubeLeftOfBowlMatchedTask/predicted_chunks/episode_003/chunk_001/conditioning.png,560060,02933b5d180cf66f85801b7d130b9db37b6beb1f9264a6a9e8fdb95b7154e813
/home/ali/projects/RoboLab/output/v1_cosmos_canonical_original_hot_gpu0/RubiksCubeLeftOfBowlMatchedTask/predicted_chunks/episode_003/chunk_001/future.mp4,473680,e19e0ea431dc9481f2bccd056ef8360d1c90e7998f28fcfd847894407500b722
/home/ali/projects/RoboLab/output/v1_cosmos_canonical_original_hot_gpu0/RubiksCubeLeftOfBowlMatchedTask/predicted_chunks/episode_003/chunk_001/metadata.json,867,268c21393b30f2e4a1905439a6ab3a02b9b52aaffa46eef8176d1e6561ce4232
/home/ali/projects/RoboLab/output/v1_cosmos_canonical_original_hot_gpu0/RubiksCubeLeftOfBowlMatchedTask/predicted_chunks/episode_003/chunk_002/action.npy,1152,c724326a67f522a61ce166ca4838680ec42e352b836e6e65a71708546e33e8f1
/home/ali/projects/RoboLab/output/v1_cosmos_canonical_original_hot_gpu0/RubiksCubeLeftOfBowlMatchedTask/predicted_chunks/episode_003/chunk_002/conditioning.png,550482,fbf2a2d52b814e3157b96c9b2d4fbf4e3d0cfbea63577ba0b1100d25ca479229
/home/ali/projects/RoboLab/output/v1_cosmos_canonical_original_hot_gpu0/RubiksCubeLeftOfBowlMatchedTask/predicted_chunks/episode_003/chunk_002/future.mp4,418258,ebd4e9fb4a6af6e467d7149f34d8d3cbdb05bbe2a69755d5beae90eceffc3f32
/home/ali/projects/RoboLab/output/v1_cosmos_canonical_original_hot_gpu0/RubiksCubeLeftOfBowlMatchedTask/predicted_chunks/episode_003/chunk_002/metadata.json,867,227b142032eec5ba46b4038e457d240c335c0ef589bd9a5c8199c03946f30f37
/home/ali/projects/RoboLab/output/v1_cosmos_canonical_original_hot_gpu0/RubiksCubeLeftOfBowlMatchedTask/predicted_chunks/episode_003/chunk_003/action.npy,1152,19f4271fb7270904aaa33ffed1f02d70d9f7ddd3fdd49fd038c2f1d44308728a
/home/ali/projects/RoboLab/output/v1_cosmos_canonical_original_hot_gpu0/RubiksCubeLeftOfBowlMatchedTask/predicted_chunks/episode_003/chunk_003/conditioning.png,530878,0b91be9a44be56ebea982eb239f8ac56ffe2a204b43d95ca0c889b081bf7a97f
/home/ali/projects/RoboLab/output/v1_cosmos_canonical_original_hot_gpu0/RubiksCubeLeftOfBowlMatchedTask/predicted_chunks/episode_003/chunk_003/future.mp4,410286,02596c3791de0c2b895a3d8aded209e66e6db2bab2c145a20db78cad649ad64e
/home/ali/projects/RoboLab/output/v1_cosmos_canonical_original_hot_gpu0/RubiksCubeLeftOfBowlMatchedTask/predicted_chunks/episode_003/chunk_003/metadata.json,865,0df9221a89cb4e7d56731cd5caef81cb61d86e3b70400ec5ad1d2420ceae46a9
/home/ali/projects/RoboLab/output/v1_cosmos_canonical_original_hot_gpu0/RubiksCubeLeftOfBowlMatchedTask/predicted_chunks/episode_003/chunk_004/action.npy,1152,e035e593c2570f2ad93f34867fbc90c4bff4ec426dcabb5584bbeb5f43312389
/home/ali/projects/RoboLab/output/v1_cosmos_canonical_original_hot_gpu0/RubiksCubeLeftOfBowlMatchedTask/predicted_chunks/episode_003/chunk_004/conditioning.png,537535,78ff4b1e897bdce93033f08b9cae1eb7df65651c7f24b6cfb35ab107cd8ea9ac
/home/ali/projects/RoboLab/output/v1_cosmos_canonical_original_hot_gpu0/RubiksCubeLeftOfBowlMatchedTask/predicted_chunks/episode_003/chunk_004/future.mp4,472386,bab15b1c83646e0727dafffd2c9ff63239e6bf53b081bd2ab4c391ea662df261
/home/ali/projects/RoboLab/output/v1_cosmos_canonical_original_hot_gpu0/RubiksCubeLeftOfBowlMatchedTask/predicted_chunks/episode_003/chunk_004/metadata.json,852,1eed0562b68d89c8a063e78a55b9afaf91eee7e79b8f05af404073799ffde425
/home/ali/projects/RoboLab/output/v1_cosmos_canonical_original_hot_gpu0/RubiksCubeLeftOfBowlMatchedTask/predicted_chunks/episode_003/chunk_005/action.npy,1152,f20e164ffd0ffd0fa93184041efee7280611b32d4bf095d4ded744b7bfa9c6a0
/home/ali/projects/RoboLab/output/v1_cosmos_canonical_original_hot_gpu0/RubiksCubeLeftOfBowlMatchedTask/predicted_chunks/episode_003/chunk_005/conditioning.png,549247,4fff25e3431b50204c4e9a9e5ef5c11a854fff1eb2674d6523eaf7dd98df7211
/home/ali/projects/RoboLab/output/v1_cosmos_canonical_original_hot_gpu0/RubiksCubeLeftOfBowlMatchedTask/predicted_chunks/episode_003/chunk_005/future.mp4,469765,133ea83ca78bc486e4599fc5e9f1cc6bf47633c52d911c27700e996487acaa01
/home/ali/projects/RoboLab/output/v1_cosmos_canonical_original_hot_gpu0/RubiksCubeLeftOfBowlMatchedTask/predicted_chunks/episode_003/chunk_005/metadata.json,849,cc69245a86d5e53911b68dc6124c6ccd349bc33f8f30757df6635d4ce4e98a87
/home/ali/projects/RoboLab/output/v1_cosmos_canonical_original_hot_gpu0/RubiksCubeLeftOfBowlMatchedTask/predicted_chunks/episode_003/chunk_006/action.npy,1152,f5426925a7af51fe05bbf898c162aec2a778db1be2c5fafeea4319487ea2fda3
/home/ali/projects/RoboLab/output/v1_cosmos_canonical_original_hot_gpu0/RubiksCubeLeftOfBowlMatchedTask/predicted_chunks/episode_003/chunk_006/conditioning.png,542390,a5afa0d65e6604b3950697df27f2467aff89a891adad4c422d294386e1b09a9b
/home/ali/projects/RoboLab/output/v1_cosmos_canonical_original_hot_gpu0/RubiksCubeLeftOfBowlMatchedTask/predicted_chunks/episode_003/chunk_006/future.mp4,480745,30e9b09b3c0c362469751df826357882e2cf665a47bc9e30a134ec7eb97ec3a7
/home/ali/projects/RoboLab/output/v1_cosmos_canonical_original_hot_gpu0/RubiksCubeLeftOfBowlMatchedTask/predicted_chunks/episode_003/chunk_006/metadata.json,866,556507aed29a5aa29572c103e001c55c05e1c5155fe42f761cc47bb6cc223294
/home/ali/projects/RoboLab/output/v1_cosmos_canonical_original_hot_gpu0/RubiksCubeLeftOfBowlMatchedTask/predicted_chunks/episode_003/chunk_007/action.npy,1152,c56315fd9c76969df9dc99ec88f130e5fd8af5cb2316c6aea6a1d9538b71e56d
/home/ali/projects/RoboLab/output/v1_cosmos_canonical_original_hot_gpu0/RubiksCubeLeftOfBowlMatchedTask/predicted_chunks/episode_003/chunk_007/conditioning.png,515697,56414dcea9bed40b5735a0877971bec0bd2e454cb4ed4bbd126c818cf9346aae
/home/ali/projects/RoboLab/output/v1_cosmos_canonical_original_hot_gpu0/RubiksCubeLeftOfBowlMatchedTask/predicted_chunks/episode_003/chunk_007/future.mp4,438139,8f0fe4a5e1d758bb66b5a29c61884606d01adab60f6a37a4c64803685f36ce7e
/home/ali/projects/RoboLab/output/v1_cosmos_canonical_original_hot_gpu0/RubiksCubeLeftOfBowlMatchedTask/predicted_chunks/episode_003/chunk_007/metadata.json,869,d9252d7d5e78fecc44ca5690cf8c6f73f397e1c5eac2ba2ab8f298e6ce586e2b
/home/ali/projects/RoboLab/output/v1_cosmos_canonical_original_hot_gpu0/RubiksCubeLeftOfBowlMatchedTask/predicted_chunks/episode_003/chunk_008/action.npy,1152,8586e1d03abcdb0908914460b3b8bb070707f8623dea17315f27602ee323bf9c
/home/ali/projects/RoboLab/output/v1_cosmos_canonical_original_hot_gpu0/RubiksCubeLeftOfBowlMatchedTask/predicted_chunks/episode_003/chunk_008/conditioning.png,502228,604e1599190cd4369537275d9f36f240a34738bdd22e6d315c3c309734a53d4b
/home/ali/projects/RoboLab/output/v1_cosmos_canonical_original_hot_gpu0/RubiksCubeLeftOfBowlMatchedTask/predicted_chunks/episode_003/chunk_008/future.mp4,468194,8c1ac2f7cdec95a1fc8b5fd09c58a25c54796af9742410acbe46baef81a029ba
/home/ali/projects/RoboLab/output/v1_cosmos_canonical_original_hot_gpu0/RubiksCubeLeftOfBowlMatchedTask/predicted_chunks/episode_003/chunk_008/metadata.json,847,f9fcf95db30d0f0d1ac226fca89e608d6bf9662d1cb207317ea467f9700eba95
/home/ali/projects/RoboLab/output/v1_cosmos_canonical_original_hot_gpu0/RubiksCubeLeftOfBowlMatchedTask/predicted_chunks/episode_003/chunk_009/action.npy,1152,282d504a9886efaf8213aea5595625595451d86a0be3d5a43cca31f09163e093
/home/ali/projects/RoboLab/output/v1_cosmos_canonical_original_hot_gpu0/RubiksCubeLeftOfBowlMatchedTask/predicted_chunks/episode_003/chunk_009/conditioning.png,567006,ee33c1d8a37e8e0e8ad103b47bc449f35745bc675b4d0a61cafa1ca7e84e755f
/home/ali/projects/RoboLab/output/v1_cosmos_canonical_original_hot_gpu0/RubiksCubeLeftOfBowlMatchedTask/predicted_chunks/episode_003/chunk_009/future.mp4,516285,36cb6bf88bc5dc21259c0c1bf5089690bc174370295fc9163197feec652bbfd8
/home/ali/projects/RoboLab/output/v1_cosmos_canonical_original_hot_gpu0/RubiksCubeLeftOfBowlMatchedTask/predicted_chunks/episode_003/chunk_009/metadata.json,852,269c444dd001f5be4181f088d8e04f4f0e8a4e566acb60b6e3b48a7176158212
/home/ali/projects/RoboLab/output/v1_cosmos_canonical_original_hot_gpu0/RubiksCubeLeftOfBowlMatchedTask/predicted_chunks/episode_003/chunk_010/action.npy,1152,db846eb680763156c2460c3a6f702f9d91670c4c474d2a130390f45fdcb026b3
/home/ali/projects/RoboLab/output/v1_cosmos_canonical_original_hot_gpu0/RubiksCubeLeftOfBowlMatchedTask/predicted_chunks/episode_003/chunk_010/conditioning.png,521094,ffe77de9f541c62d3a4c8a9d9b27a6abbd5ca98ab2fd31fcb0a45daf59aa5952
/home/ali/projects/RoboLab/output/v1_cosmos_canonical_original_hot_gpu0/RubiksCubeLeftOfBowlMatchedTask/predicted_chunks/episode_003/chunk_010/future.mp4,525750,1068d29d7eeeb9a243dceaa0edd0ddc2dd30c979214e120dde3921cafc9c1874
/home/ali/projects/RoboLab/output/v1_cosmos_canonical_original_hot_gpu0/RubiksCubeLeftOfBowlMatchedTask/predicted_chunks/episode_003/chunk_010/metadata.json,850,047c7497fa6104c5d49500e686eb2151d1d46dc852d3bc868a5a38b48d1fb6c0
/home/ali/projects/RoboLab/output/v1_cosmos_canonical_original_hot_gpu0/RubiksCubeLeftOfBowlMatchedTask/predicted_chunks/episode_003/chunk_011/action.npy,1152,9179e9b736bb8fe8b3cc1c15fd4e952e0bf107826a00cad06cc558d2aedfe58f
/home/ali/projects/RoboLab/output/v1_cosmos_canonical_original_hot_gpu0/RubiksCubeLeftOfBowlMatchedTask/predicted_chunks/episode_003/chunk_011/conditioning.png,567813,02316778eeb0946e150d48d9db17b0ca9b2381ecbfa6544a60f445e24b68db8b
/home/ali/projects/RoboLab/output/v1_cosmos_canonical_original_hot_gpu0/RubiksCubeLeftOfBowlMatchedTask/predicted_chunks/episode_003/chunk_011/future.mp4,613282,7ff593ed75abb6d13e5787b18e200d0fdacfaea63b66f71f9dde5be75069576f
/home/ali/projects/RoboLab/output/v1_cosmos_canonical_original_hot_gpu0/RubiksCubeLeftOfBowlMatchedTask/predicted_chunks/episode_003/chunk_011/metadata.json,868,42b2128c21659b780cb8ad3bd277359834c4bb0378eb8d998bb37d0ff553b0be
/home/ali/projects/RoboLab/output/v1_cosmos_canonical_original_hot_gpu0/RubiksCubeLeftOfBowlMatchedTask/predicted_chunks/episode_003/chunk_012/action.npy,1152,623ac685daad09e92d74d6af386651781c956a7f5872a17724c1487c5def5cc7
/home/ali/projects/RoboLab/output/v1_cosmos_canonical_original_hot_gpu0/RubiksCubeLeftOfBowlMatchedTask/predicted_chunks/episode_003/chunk_012/conditioning.png,534260,3920940c1cb214f465b83819fbbadb0d7c15394ba1eac44412f8a34cc96840ab
/home/ali/projects/RoboLab/output/v1_cosmos_canonical_original_hot_gpu0/RubiksCubeLeftOfBowlMatchedTask/predicted_chunks/episode_003/chunk_012/future.mp4,497416,6c07df3b8dad0da29df499bdb66da187b158c9846c6632a3f0ee0c6441f9bdf1
/home/ali/projects/RoboLab/output/v1_cosmos_canonical_original_hot_gpu0/RubiksCubeLeftOfBowlMatchedTask/predicted_chunks/episode_003/chunk_012/metadata.json,864,b3d7005c45127e4b513a715a8f713d1bf7e557ebc96bc80746476817873ff99f
/home/ali/projects/RoboLab/output/v1_cosmos_canonical_original_hot_gpu0/RubiksCubeLeftOfBowlMatchedTask/predicted_chunks/episode_003/chunk_013/action.npy,1152,8732c0de92f5d8130a4aea0aa88e9469992e01e59f88b377a40d6a905f84c680
/home/ali/projects/RoboLab/output/v1_cosmos_canonical_original_hot_gpu0/RubiksCubeLeftOfBowlMatchedTask/predicted_chunks/episode_003/chunk_013/conditioning.png,536082,2429dc7417b089499d1c19f165165636ffebbd87672357648b45c72f68a2f346
/home/ali/projects/RoboLab/output/v1_cosmos_canonical_original_hot_gpu0/RubiksCubeLeftOfBowlMatchedTask/predicted_chunks/episode_003/chunk_013/future.mp4,528740,4d63d3e635eb23d7de69ccc71ecb6a3df4755613a71002b37422fd943dbcb723
/home/ali/projects/RoboLab/output/v1_cosmos_canonical_original_hot_gpu0/RubiksCubeLeftOfBowlMatchedTask/predicted_chunks/episode_003/chunk_013/metadata.json,866,a38b8e60ac4ad04ee3bb4adeb856b448019cd7b45977c7416e36b992a2d26499
/home/ali/projects/RoboLab/output/v1_cosmos_canonical_original_hot_gpu0/RubiksCubeLeftOfBowlMatchedTask/predicted_chunks/episode_003/chunk_014/action.npy,1152,8df10e2180edf525840dc43efd9518085675dd287738a18c0c3f7dabb60a59fe
/home/ali/projects/RoboLab/output/v1_cosmos_canonical_original_hot_gpu0/RubiksCubeLeftOfBowlMatchedTask/predicted_chunks/episode_003/chunk_014/conditioning.png,568079,88db18ba74ae893071177ebaa54023c620d308fd97a292361076a893fab1c2a8
/home/ali/projects/RoboLab/output/v1_cosmos_canonical_original_hot_gpu0/RubiksCubeLeftOfBowlMatchedTask/predicted_chunks/episode_003/chunk_014/future.mp4,452371,6cb0d7bac2153462797da3996d7909e21c064599db7f8b1b5b540318893b8c85
/home/ali/projects/RoboLab/output/v1_cosmos_canonical_original_hot_gpu0/RubiksCubeLeftOfBowlMatchedTask/predicted_chunks/episode_003/chunk_014/metadata.json,868,637a492c2767a8208818517e9e9ef6012d7ed86a7db0a80aa4c3e50df89dbf31
/home/ali/projects/RoboLab/output/v1_cosmos_canonical_original_hot_gpu0/RubiksCubeLeftOfBowlMatchedTask/predicted_chunks/episode_004/chunk_000/action.npy,1152,8390eec17adcb2b25d543571b09846f827a9387763adeadac821dd5f4be56639
/home/ali/projects/RoboLab/output/v1_cosmos_canonical_original_hot_gpu0/RubiksCubeLeftOfBowlMatchedTask/predicted_chunks/episode_004/chunk_000/conditioning.png,572899,b541b67918f5a277c2910f65e348a65b5be7658e80f56a72baab5654e869b9df
/home/ali/projects/RoboLab/output/v1_cosmos_canonical_original_hot_gpu0/RubiksCubeLeftOfBowlMatchedTask/predicted_chunks/episode_004/chunk_000/future.mp4,501611,649d2ad147950f2c963afa34eec2fe8f76e9aded51a2539cf1926cb3b34815dd
/home/ali/projects/RoboLab/output/v1_cosmos_canonical_original_hot_gpu0/RubiksCubeLeftOfBowlMatchedTask/predicted_chunks/episode_004/chunk_000/metadata.json,784,355d9ee5e94017080790739f8df3db7a7bf9145761c80f13034745715d437e18
/home/ali/projects/RoboLab/output/v1_cosmos_canonical_original_hot_gpu0/RubiksCubeLeftOfBowlMatchedTask/predicted_chunks/episode_004/chunk_001/action.npy,1152,2be801a87f8c05eab80431bfed98a514303666ab862ef5f33dfd1c6799ca5dbd
/home/ali/projects/RoboLab/output/v1_cosmos_canonical_original_hot_gpu0/RubiksCubeLeftOfBowlMatchedTask/predicted_chunks/episode_004/chunk_001/conditioning.png,563096,203bdaf236ba378d8c96d765f324fbef52833319a25b01abc8eef88eeef543b0
/home/ali/projects/RoboLab/output/v1_cosmos_canonical_original_hot_gpu0/RubiksCubeLeftOfBowlMatchedTask/predicted_chunks/episode_004/chunk_001/future.mp4,476828,450be5aba16053d05626c96658312909ad036784d2598e8ba3078e686a293fff
/home/ali/projects/RoboLab/output/v1_cosmos_canonical_original_hot_gpu0/RubiksCubeLeftOfBowlMatchedTask/predicted_chunks/episode_004/chunk_001/metadata.json,867,66a28a1805ef069cb8a20bc2963a8f0ba29e0f0642992e787912913015d9b86a
/home/ali/projects/RoboLab/output/v1_cosmos_canonical_original_hot_gpu0/RubiksCubeLeftOfBowlMatchedTask/predicted_chunks/episode_004/chunk_002/action.npy,1152,222629d28b8058f3fa391eb9961bb3306844de87afb72b57e07494a1dbde5c82
/home/ali/projects/RoboLab/output/v1_cosmos_canonical_original_hot_gpu0/RubiksCubeLeftOfBowlMatchedTask/predicted_chunks/episode_004/chunk_002/conditioning.png,549061,14dafeece178daa3a7b5425cf992d69126f173065254f1a8ac208c3015502025
/home/ali/projects/RoboLab/output/v1_cosmos_canonical_original_hot_gpu0/RubiksCubeLeftOfBowlMatchedTask/predicted_chunks/episode_004/chunk_002/future.mp4,522346,767eb96e64519d5ab68b665be7f9ff9c95b3e5874fb4f855835bce2fea94573e
/home/ali/projects/RoboLab/output/v1_cosmos_canonical_original_hot_gpu0/RubiksCubeLeftOfBowlMatchedTask/predicted_chunks/episode_004/chunk_002/metadata.json,869,79e31b509e1b99bab273bc8b10381ee9bcfcaa905d1bf426ac048ec0dc59e987
/home/ali/projects/RoboLab/output/v1_cosmos_canonical_original_hot_gpu0/RubiksCubeLeftOfBowlMatchedTask/predicted_chunks/episode_004/chunk_003/action.npy,1152,76262b3dc6d480d61a31c5a093c362a1ddcae34827623c5f6eada3f4295146eb
/home/ali/projects/RoboLab/output/v1_cosmos_canonical_original_hot_gpu0/RubiksCubeLeftOfBowlMatchedTask/predicted_chunks/episode_004/chunk_003/conditioning.png,525883,3a567228d1c2f0083ffae1ce85a8209e1fcb9e6d1fd5dc3a8ffac4f5b86a107e
/home/ali/projects/RoboLab/output/v1_cosmos_canonical_original_hot_gpu0/RubiksCubeLeftOfBowlMatchedTask/predicted_chunks/episode_004/chunk_003/future.mp4,506327,7cebedab3cae1bec2215be35c443c7125232ebb1126c8d3db58b23dbd86c4366
/home/ali/projects/RoboLab/output/v1_cosmos_canonical_original_hot_gpu0/RubiksCubeLeftOfBowlMatchedTask/predicted_chunks/episode_004/chunk_003/metadata.json,866,1ebde5aebc43b6ea7ac1b9686d6d0dfbb335bea7f4776e1a22c96f2e3d332bea
/home/ali/projects/RoboLab/output/v1_cosmos_canonical_original_hot_gpu0/RubiksCubeLeftOfBowlMatchedTask/predicted_chunks/episode_004/chunk_004/action.npy,1152,930607317a93d5d78de77e4b03c825d11065bb92d025b4cb157a6c9f9caf07f7
/home/ali/projects/RoboLab/output/v1_cosmos_canonical_original_hot_gpu0/RubiksCubeLeftOfBowlMatchedTask/predicted_chunks/episode_004/chunk_004/conditioning.png,548911,dd9a71824531742e850ce2a3987e2f8ebba6219252dcd367f5d837216f46133e
/home/ali/projects/RoboLab/output/v1_cosmos_canonical_original_hot_gpu0/RubiksCubeLeftOfBowlMatchedTask/predicted_chunks/episode_004/chunk_004/future.mp4,415183,b3ab84be241da3af9aec5cdfc1d33fbe075f4a9202d28088a567754e60c13a9b
/home/ali/projects/RoboLab/output/v1_cosmos_canonical_original_hot_gpu0/RubiksCubeLeftOfBowlMatchedTask/predicted_chunks/episode_004/chunk_004/metadata.json,861,b06514d5bd405ef6db8dca30cb86f5463d8a50877867f2483e8ace2a16de47e7
/home/ali/projects/RoboLab/output/v1_cosmos_canonical_original_hot_gpu0/RubiksCubeLeftOfBowlMatchedTask/predicted_chunks/episode_004/chunk_005/action.npy,1152,962cc48c7647883c92fef8a60c5df8b762e16c5e73880f82848eebf699120f21
/home/ali/projects/RoboLab/output/v1_cosmos_canonical_original_hot_gpu0/RubiksCubeLeftOfBowlMatchedTask/predicted_chunks/episode_004/chunk_005/conditioning.png,542688,e3e9c85d8226d8e5f8cb30379a035eedddc0faa83503c99ff8b3488a2bcbd3e6
/home/ali/projects/RoboLab/output/v1_cosmos_canonical_original_hot_gpu0/RubiksCubeLeftOfBowlMatchedTask/predicted_chunks/episode_004/chunk_005/future.mp4,510162,013666788e194db99e521d48c94860ea82be60f7ee7e95fea7bffbcf0d9055ef
/home/ali/projects/RoboLab/output/v1_cosmos_canonical_original_hot_gpu0/RubiksCubeLeftOfBowlMatchedTask/predicted_chunks/episode_004/chunk_005/metadata.json,866,0db1ffbcd302031822af6b1aa1568fbad491d1dd44d92970c0f6d2b2a7feb2fc
/home/ali/projects/RoboLab/output/v1_cosmos_canonical_original_hot_gpu0/RubiksCubeLeftOfBowlMatchedTask/predicted_chunks/episode_004/chunk_006/action.npy,1152,8cfada24dbdfe2207b16d0dce1fc32f12cc3f8d696c905075502af84d412d6bf
/home/ali/projects/RoboLab/output/v1_cosmos_canonical_original_hot_gpu0/RubiksCubeLeftOfBowlMatchedTask/predicted_chunks/episode_004/chunk_006/conditioning.png,568061,e94b0867584779a7f7d0e1d36ab597fc81eb1773c9dba12fc3a8f4ebaf7a8eb3
/home/ali/projects/RoboLab/output/v1_cosmos_canonical_original_hot_gpu0/RubiksCubeLeftOfBowlMatchedTask/predicted_chunks/episode_004/chunk_006/future.mp4,445984,0a5e98438d3dd36eaed742e018dca7f5f6203da01be9ef58e632b1ffe1ad4b11
/home/ali/projects/RoboLab/output/v1_cosmos_canonical_original_hot_gpu0/RubiksCubeLeftOfBowlMatchedTask/predicted_chunks/episode_004/chunk_006/metadata.json,872,8d81f2d1d547891f57506e79ed657a1241cb63894f70204bd966fcd7d42b375d
/home/ali/projects/RoboLab/output/v1_cosmos_canonical_original_hot_gpu0/RubiksCubeLeftOfBowlMatchedTask/predicted_chunks/episode_004/chunk_007/action.npy,1152,560cd8c6ad4fa31c0be31e2373f1cb04a838b191cb99ea0ddce67edac90364b0
/home/ali/projects/RoboLab/output/v1_cosmos_canonical_original_hot_gpu0/RubiksCubeLeftOfBowlMatchedTask/predicted_chunks/episode_004/chunk_007/conditioning.png,545264,876e933ea0dfb23e29376fbbd9150220a5d9255676af1283658f8b3543ac92fe
/home/ali/projects/RoboLab/output/v1_cosmos_canonical_original_hot_gpu0/RubiksCubeLeftOfBowlMatchedTask/predicted_chunks/episode_004/chunk_007/future.mp4,440291,b6aa2492f021f7c486e304fe447721f4c359536601b422b7dd9e971f1e5c8153
/home/ali/projects/RoboLab/output/v1_cosmos_canonical_original_hot_gpu0/RubiksCubeLeftOfBowlMatchedTask/predicted_chunks/episode_004/chunk_007/metadata.json,852,812d49f665c54bb3f8429b60f49317ba7bd69158de18adc6d38190acd4700444
/home/ali/projects/RoboLab/output/v1_cosmos_canonical_original_hot_gpu0/RubiksCubeLeftOfBowlMatchedTask/predicted_chunks/episode_004/chunk_008/action.npy,1152,48bd9f1eb29a5a96a65d0905c00f4d6f884b6f962079de059301645305c08b18
/home/ali/projects/RoboLab/output/v1_cosmos_canonical_original_hot_gpu0/RubiksCubeLeftOfBowlMatchedTask/predicted_chunks/episode_004/chunk_008/conditioning.png,555886,19ed7326539424aef18845842849c272d560d9a86df02bf562127ac055faac62
/home/ali/projects/RoboLab/output/v1_cosmos_canonical_original_hot_gpu0/RubiksCubeLeftOfBowlMatchedTask/predicted_chunks/episode_004/chunk_008/future.mp4,429379,8913ad4baac2120266b1312b9c6b1dda5bfb77c4ce51f0e482f722d812de5ee8
/home/ali/projects/RoboLab/output/v1_cosmos_canonical_original_hot_gpu0/RubiksCubeLeftOfBowlMatchedTask/predicted_chunks/episode_004/chunk_008/metadata.json,850,9d023121b39175e08741303e034021220048e372d8dc464d7a0a42a65fd4d1fa
/home/ali/projects/RoboLab/output/v1_cosmos_canonical_original_hot_gpu0/RubiksCubeLeftOfBowlMatchedTask/predicted_chunks/episode_004/chunk_009/action.npy,1152,682d0dd16a196357cd6d6ae3430a2a1eaa7357081832546ee8fd1a73d39bab6a
/home/ali/projects/RoboLab/output/v1_cosmos_canonical_original_hot_gpu0/RubiksCubeLeftOfBowlMatchedTask/predicted_chunks/episode_004/chunk_009/conditioning.png,547750,eef3e056137446a87c6576ea748bc3dae7568bb20a7188de7dbca31f3730b326
/home/ali/projects/RoboLab/output/v1_cosmos_canonical_original_hot_gpu0/RubiksCubeLeftOfBowlMatchedTask/predicted_chunks/episode_004/chunk_009/future.mp4,532014,eb02189d8890e44e684c96d00974d252ae30f2dfbbd69e9e91f4d4a8b2d303a4
/home/ali/projects/RoboLab/output/v1_cosmos_canonical_original_hot_gpu0/RubiksCubeLeftOfBowlMatchedTask/predicted_chunks/episode_004/chunk_009/metadata.json,866,8ff36275a8f04fcdc1452b99544369e6cd03ec8cf5afa6295c396c4f0c98e99f
/home/ali/projects/RoboLab/output/v1_cosmos_canonical_original_hot_gpu0/RubiksCubeLeftOfBowlMatchedTask/predicted_chunks/episode_004/chunk_010/action.npy,1152,c9b11e0ec7446d494ff2cb175e71d1b4300cc498e6e723fc024a2df12a30e95d
/home/ali/projects/RoboLab/output/v1_cosmos_canonical_original_hot_gpu0/RubiksCubeLeftOfBowlMatchedTask/predicted_chunks/episode_004/chunk_010/conditioning.png,549774,2c4a0d0182daf896fc0c5e24e988af48effb19a22f76c2fb41c09b98cf81c4f4
/home/ali/projects/RoboLab/output/v1_cosmos_canonical_original_hot_gpu0/RubiksCubeLeftOfBowlMatchedTask/predicted_chunks/episode_004/chunk_010/future.mp4,511303,7c8f335465fd9a2a63720a57c24dbdf61e6444b6307d7be9314322cba4cf7f95
/home/ali/projects/RoboLab/output/v1_cosmos_canonical_original_hot_gpu0/RubiksCubeLeftOfBowlMatchedTask/predicted_chunks/episode_004/chunk_010/metadata.json,864,42329b30384bd33299197bf99d8296f0ec9647decef59ab88651c59052754b41
/home/ali/projects/RoboLab/output/v1_cosmos_canonical_original_hot_gpu0/RubiksCubeLeftOfBowlMatchedTask/predicted_chunks/episode_004/chunk_011/action.npy,1152,765e18030c9584610871420862aef50f9a7de7f2ab9c34ffd173eda2d876176b
/home/ali/projects/RoboLab/output/v1_cosmos_canonical_original_hot_gpu0/RubiksCubeLeftOfBowlMatchedTask/predicted_chunks/episode_004/chunk_011/conditioning.png,535451,78d1094181407c6105eeb40fa7aae3c98a49489012d090d6e1f1cc1dd1d93613
/home/ali/projects/RoboLab/output/v1_cosmos_canonical_original_hot_gpu0/RubiksCubeLeftOfBowlMatchedTask/predicted_chunks/episode_004/chunk_011/future.mp4,496237,b3383c6f63278f434ea982d7905b9bf2dc24557cf1c070c821828324e1f91748
/home/ali/projects/RoboLab/output/v1_cosmos_canonical_original_hot_gpu0/RubiksCubeLeftOfBowlMatchedTask/predicted_chunks/episode_004/chunk_011/metadata.json,865,c2ca83800a351a1a5a0602dcde5871e75978a90ea0235943052d99dc7e1d00f3
/home/ali/projects/RoboLab/output/v1_cosmos_canonical_original_hot_gpu0/RubiksCubeLeftOfBowlMatchedTask/predicted_chunks/episode_005/chunk_000/action.npy,1152,30ad5fcb168dc82053ff1728b7812495bc4e82e1c4f8dabe7fdf378596e2cdcb
/home/ali/projects/RoboLab/output/v1_cosmos_canonical_original_hot_gpu0/RubiksCubeLeftOfBowlMatchedTask/predicted_chunks/episode_005/chunk_000/conditioning.png,562770,72f9e0a9e70ecf1802c8b4a692f84be09199130eed14f3c268e297bfdd85d44f
/home/ali/projects/RoboLab/output/v1_cosmos_canonical_original_hot_gpu0/RubiksCubeLeftOfBowlMatchedTask/predicted_chunks/episode_005/chunk_000/future.mp4,516546,ff51fc363ececedec729c069d705624ea941285d818a9a2fab22bf7a09a51994
/home/ali/projects/RoboLab/output/v1_cosmos_canonical_original_hot_gpu0/RubiksCubeLeftOfBowlMatchedTask/predicted_chunks/episode_005/chunk_000/metadata.json,784,3a388eb4e11a8350adfeab9f563f339e416bf54a53de6ea3c2407059e2482d3f
/home/ali/projects/RoboLab/output/v1_cosmos_canonical_original_hot_gpu0/RubiksCubeLeftOfBowlMatchedTask/predicted_chunks/episode_005/chunk_001/action.npy,1152,27ae8807b212ce247f3e3823362bc20f66158503a15f472089f0eda01999e14a
/home/ali/projects/RoboLab/output/v1_cosmos_canonical_original_hot_gpu0/RubiksCubeLeftOfBowlMatchedTask/predicted_chunks/episode_005/chunk_001/conditioning.png,563940,7582a5335ca183742c81545cb287ef708c533c04c9b6ad1926c2cb987178e30d
/home/ali/projects/RoboLab/output/v1_cosmos_canonical_original_hot_gpu0/RubiksCubeLeftOfBowlMatchedTask/predicted_chunks/episode_005/chunk_001/future.mp4,401645,a1677517447a75e3e5f988948911983f122a4eafdcdd324b060939a43a01e4b0
/home/ali/projects/RoboLab/output/v1_cosmos_canonical_original_hot_gpu0/RubiksCubeLeftOfBowlMatchedTask/predicted_chunks/episode_005/chunk_001/metadata.json,869,02208469609693a963c8e7fbe4b5933c521cbc83ce1da11f6f47591595ab9fd1
/home/ali/projects/RoboLab/output/v1_cosmos_canonical_original_hot_gpu0/RubiksCubeLeftOfBowlMatchedTask/predicted_chunks/episode_005/chunk_002/action.npy,1152,fa57ed55f58fe5e0b79ecb49631f52737a764aa74d2c71617caeb9b8cd6879bf
/home/ali/projects/RoboLab/output/v1_cosmos_canonical_original_hot_gpu0/RubiksCubeLeftOfBowlMatchedTask/predicted_chunks/episode_005/chunk_002/conditioning.png,531747,10a498bc992b60c9b59f3a7b8767b5001a404855e41b3b5833bc494bff6b4361
/home/ali/projects/RoboLab/output/v1_cosmos_canonical_original_hot_gpu0/RubiksCubeLeftOfBowlMatchedTask/predicted_chunks/episode_005/chunk_002/future.mp4,459957,7e0ba8d2a04b625a154709f67b841a4cc526254115a7772231313c9a24e6ee86
/home/ali/projects/RoboLab/output/v1_cosmos_canonical_original_hot_gpu0/RubiksCubeLeftOfBowlMatchedTask/predicted_chunks/episode_005/chunk_002/metadata.json,853,597a730d2ff42b12c409243690fe96fa2765de6b047aeeb2ac04b1968d2de8de
/home/ali/projects/RoboLab/output/v1_cosmos_canonical_original_hot_gpu0/RubiksCubeLeftOfBowlMatchedTask/predicted_chunks/episode_005/chunk_003/action.npy,1152,d12477b47289c2d1052880a4bc0e58b24f11eefa7ab922d88d4b874c7dc4f444
/home/ali/projects/RoboLab/output/v1_cosmos_canonical_original_hot_gpu0/RubiksCubeLeftOfBowlMatchedTask/predicted_chunks/episode_005/chunk_003/conditioning.png,513768,b21d3e63c100157d15b969cef5dcccf687986c026bfdf3586e3e395e7b98181c
/home/ali/projects/RoboLab/output/v1_cosmos_canonical_original_hot_gpu0/RubiksCubeLeftOfBowlMatchedTask/predicted_chunks/episode_005/chunk_003/future.mp4,474325,339ca2b3c74b54509f7801abd26ed52d4ad9e84f5e5baf051c6a935198674628
/home/ali/projects/RoboLab/output/v1_cosmos_canonical_original_hot_gpu0/RubiksCubeLeftOfBowlMatchedTask/predicted_chunks/episode_005/chunk_003/metadata.json,847,9f7853b76d39b804f2ba4a04d170398cf09b8abe7a37897c9a37c3a8d272c7f1
/home/ali/projects/RoboLab/output/v1_cosmos_canonical_original_hot_gpu0/RubiksCubeLeftOfBowlMatchedTask/predicted_chunks/episode_005/chunk_004/action.npy,1152,7776060a6f785bc3b5fb19c65c449bda32e0cbc1247c5d2446e0a1b3a10ab9d4
/home/ali/projects/RoboLab/output/v1_cosmos_canonical_original_hot_gpu0/RubiksCubeLeftOfBowlMatchedTask/predicted_chunks/episode_005/chunk_004/conditioning.png,548054,6403d69acf127ca4b7395143405357ae6360b30fa638faaf12958874a19441af
/home/ali/projects/RoboLab/output/v1_cosmos_canonical_original_hot_gpu0/RubiksCubeLeftOfBowlMatchedTask/predicted_chunks/episode_005/chunk_004/future.mp4,532086,7de66208d6b4c6424e93ec5aa8d5c604b641d33b42ae1801c3603f6d65ed48ca
/home/ali/projects/RoboLab/output/v1_cosmos_canonical_original_hot_gpu0/RubiksCubeLeftOfBowlMatchedTask/predicted_chunks/episode_005/chunk_004/metadata.json,849,17062f191d70250146f0d735592f5256e5ee61bb86f9ea354a5e01eb773d7fb2
/home/ali/projects/RoboLab/output/v1_cosmos_canonical_original_hot_gpu0/RubiksCubeLeftOfBowlMatchedTask/predicted_chunks/episode_005/chunk_005/action.npy,1152,219f08ee2b02104258477fcd894734a01023595f338673b2f238edd4001cb6db
/home/ali/projects/RoboLab/output/v1_cosmos_canonical_original_hot_gpu0/RubiksCubeLeftOfBowlMatchedTask/predicted_chunks/episode_005/chunk_005/conditioning.png,559258,898e8a37ae239962fe3ea8f3a7a0c72bfb03644a3d962fdaff6037ff4360b962
/home/ali/projects/RoboLab/output/v1_cosmos_canonical_original_hot_gpu0/RubiksCubeLeftOfBowlMatchedTask/predicted_chunks/episode_005/chunk_005/future.mp4,487010,ecd81123968dd47f537cdac63858c35789ac08b5b1525ddf8dbd652a6a855ac1
/home/ali/projects/RoboLab/output/v1_cosmos_canonical_original_hot_gpu0/RubiksCubeLeftOfBowlMatchedTask/predicted_chunks/episode_005/chunk_005/metadata.json,870,04dc2a9401912ab1a33ed58b971c064ad1d1391710a015e531d8c566052f4133
/home/ali/projects/RoboLab/output/v1_cosmos_canonical_original_hot_gpu0/RubiksCubeLeftOfBowlMatchedTask/predicted_chunks/episode_005/chunk_006/action.npy,1152,34d7d5036b296a8e3f1010bac7d480e71794a1b03b9f18765940e4c982348ff7
/home/ali/projects/RoboLab/output/v1_cosmos_canonical_original_hot_gpu0/RubiksCubeLeftOfBowlMatchedTask/predicted_chunks/episode_005/chunk_006/conditioning.png,518512,db6d1caf210cdf66c4ea3798b379ef733996b83f813fd60234e37f5a0f328b16
/home/ali/projects/RoboLab/output/v1_cosmos_canonical_original_hot_gpu0/RubiksCubeLeftOfBowlMatchedTask/predicted_chunks/episode_005/chunk_006/future.mp4,475975,f1f933f9cb11e8e10abde2e8c9d7c659269f0f28fcd53b3edf92f839bdee3795
/home/ali/projects/RoboLab/output/v1_cosmos_canonical_original_hot_gpu0/RubiksCubeLeftOfBowlMatchedTask/predicted_chunks/episode_005/chunk_006/metadata.json,870,00a7fcad4a88eedf58aad71c3c89e686568ead169f074636413decc1a9c9b8da
/home/ali/projects/RoboLab/output/v1_cosmos_canonical_original_hot_gpu0/RubiksCubeLeftOfBowlMatchedTask/predicted_chunks/episode_005/chunk_007/action.npy,1152,b4ed97ded7fc1a1663ebb569ac9ab63ba00dccf78218312a0c1f5b75b8a39671
/home/ali/projects/RoboLab/output/v1_cosmos_canonical_original_hot_gpu0/RubiksCubeLeftOfBowlMatchedTask/predicted_chunks/episode_005/chunk_007/conditioning.png,529460,ba0783585ffb19f753e778d60ed2d51d08b02ce8840929e44489264391725c33
/home/ali/projects/RoboLab/output/v1_cosmos_canonical_original_hot_gpu0/RubiksCubeLeftOfBowlMatchedTask/predicted_chunks/episode_005/chunk_007/future.mp4,372985,7754ce41aed7484f7055915c20c41f7eab63087768d3806f97ce2e9a4caa2d28
/home/ali/projects/RoboLab/output/v1_cosmos_canonical_original_hot_gpu0/RubiksCubeLeftOfBowlMatchedTask/predicted_chunks/episode_005/chunk_007/metadata.json,863,38aaeee6fbe7ab0e9a5c821420823144d79a80d0d936a7a44372d569a85745c4
/home/ali/projects/RoboLab/output/v1_cosmos_canonical_original_hot_gpu0/RubiksCubeLeftOfBowlMatchedTask/predicted_chunks/episode_006/chunk_000/action.npy,1152,5f425b08cfdae427b0ece96157117d79fdda0f7641633c0d68dc0952e25673f4
/home/ali/projects/RoboLab/output/v1_cosmos_canonical_original_hot_gpu0/RubiksCubeLeftOfBowlMatchedTask/predicted_chunks/episode_006/chunk_000/conditioning.png,571039,20d3326e66ed2987b98eacf2811239c4c68ed501e38309b35863860d7bf17cfb
/home/ali/projects/RoboLab/output/v1_cosmos_canonical_original_hot_gpu0/RubiksCubeLeftOfBowlMatchedTask/predicted_chunks/episode_006/chunk_000/future.mp4,528096,f680cd5fb3f2d6f7990d21b6b69c08eb23b3cc489fc77d6433c84d45d152e3ed
/home/ali/projects/RoboLab/output/v1_cosmos_canonical_original_hot_gpu0/RubiksCubeLeftOfBowlMatchedTask/predicted_chunks/episode_006/chunk_000/metadata.json,784,b478301323ed123991f54a71a721babd9106dd1a5b41e0d3ebadee6460cb019b
/home/ali/projects/RoboLab/output/v1_cosmos_canonical_original_hot_gpu0/RubiksCubeLeftOfBowlMatchedTask/predicted_chunks/episode_006/chunk_001/action.npy,1152,64ac5ad36642765c425826b96f1dc9319b38a1b958afe53985f42b8330eae0ff
/home/ali/projects/RoboLab/output/v1_cosmos_canonical_original_hot_gpu0/RubiksCubeLeftOfBowlMatchedTask/predicted_chunks/episode_006/chunk_001/conditioning.png,557445,47e1bab56336d38e3d1d2acc37dfe5e58b1ae9ba98b4acda3db095d64fbe970c
/home/ali/projects/RoboLab/output/v1_cosmos_canonical_original_hot_gpu0/RubiksCubeLeftOfBowlMatchedTask/predicted_chunks/episode_006/chunk_001/future.mp4,426390,32db40a3605218706684de0a9d3b170aa7aabef3147be155c94a4712fb0f5593
/home/ali/projects/RoboLab/output/v1_cosmos_canonical_original_hot_gpu0/RubiksCubeLeftOfBowlMatchedTask/predicted_chunks/episode_006/chunk_001/metadata.json,866,10863b8ad7b3568d91aadcba5c4077d3f1375f784df1c3f5f45316b29c035c29
/home/ali/projects/RoboLab/output/v1_cosmos_canonical_original_hot_gpu0/RubiksCubeLeftOfBowlMatchedTask/predicted_chunks/episode_006/chunk_002/action.npy,1152,f4083fb77bfa698f3732a1fa04870d7d2e4f967d31d19ff44338674b3e35d6d4
/home/ali/projects/RoboLab/output/v1_cosmos_canonical_original_hot_gpu0/RubiksCubeLeftOfBowlMatchedTask/predicted_chunks/episode_006/chunk_002/conditioning.png,536307,874dba34cea65a950a1fb6e52bf0368218b31ec4a7e786144d8329cafc4493e6
/home/ali/projects/RoboLab/output/v1_cosmos_canonical_original_hot_gpu0/RubiksCubeLeftOfBowlMatchedTask/predicted_chunks/episode_006/chunk_002/future.mp4,505434,0a33eebbd03ae2c619970e15830e1528369a6bbd789eddc4dff226b60c24e27c
/home/ali/projects/RoboLab/output/v1_cosmos_canonical_original_hot_gpu0/RubiksCubeLeftOfBowlMatchedTask/predicted_chunks/episode_006/chunk_002/metadata.json,847,bd84ca8637142e46fec3776b7798973652eeaf6d095bf82333a12f7faebd51b1
/home/ali/projects/RoboLab/output/v1_cosmos_canonical_original_hot_gpu0/RubiksCubeLeftOfBowlMatchedTask/predicted_chunks/episode_006/chunk_003/action.npy,1152,c11d0d11b61fabfd3b05e1ebffeadd075248a592eb37526d2887cca49d13a7eb
/home/ali/projects/RoboLab/output/v1_cosmos_canonical_original_hot_gpu0/RubiksCubeLeftOfBowlMatchedTask/predicted_chunks/episode_006/chunk_003/conditioning.png,560594,b86e8d4c60754325ec7d4a558c94392bcba68985f24ee0943f66642bfebb4ead
/home/ali/projects/RoboLab/output/v1_cosmos_canonical_original_hot_gpu0/RubiksCubeLeftOfBowlMatchedTask/predicted_chunks/episode_006/chunk_003/future.mp4,418345,52791f3eb51360b72dfbddb86399301ffbe486634be3598debff8654f3a54075
/home/ali/projects/RoboLab/output/v1_cosmos_canonical_original_hot_gpu0/RubiksCubeLeftOfBowlMatchedTask/predicted_chunks/episode_006/chunk_003/metadata.json,850,b7413524037b942b2c8c5f54589335aeff310037bc45b792c53e3f7034853744
/home/ali/projects/RoboLab/output/v1_cosmos_canonical_original_hot_gpu0/RubiksCubeLeftOfBowlMatchedTask/predicted_chunks/episode_006/chunk_004/action.npy,1152,a0e97adb6d784c47d3c5d2ae3eefa2dfa386b79be3c95f12f046e28755d9ffc7
/home/ali/projects/RoboLab/output/v1_cosmos_canonical_original_hot_gpu0/RubiksCubeLeftOfBowlMatchedTask/predicted_chunks/episode_006/chunk_004/conditioning.png,547508,1017f795dea6afba2c554023b821375c3979830527af35f1e004278e6bbe36c6
/home/ali/projects/RoboLab/output/v1_cosmos_canonical_original_hot_gpu0/RubiksCubeLeftOfBowlMatchedTask/predicted_chunks/episode_006/chunk_004/future.mp4,440202,4b540ff9bf0a9975e91c040246f8612972ff37027e9ca13f04aa676ffbb2d589
/home/ali/projects/RoboLab/output/v1_cosmos_canonical_original_hot_gpu0/RubiksCubeLeftOfBowlMatchedTask/predicted_chunks/episode_006/chunk_004/metadata.json,846,116c0bc45c4d4a880c5bf304fafec902e71ad378176d3c39181d4764bf2b6cb6
/home/ali/projects/RoboLab/output/v1_cosmos_canonical_original_hot_gpu0/RubiksCubeLeftOfBowlMatchedTask/predicted_chunks/episode_006/chunk_005/action.npy,1152,3e92186d80c4816cf9770bdb813dec9e04dbfeadb416c5f3e330ef0664ed34cf
/home/ali/projects/RoboLab/output/v1_cosmos_canonical_original_hot_gpu0/RubiksCubeLeftOfBowlMatchedTask/predicted_chunks/episode_006/chunk_005/conditioning.png,541244,6b12df41ef4a6250a11074f617e76546c509bc596425f93386c5294ad8927a2f
/home/ali/projects/RoboLab/output/v1_cosmos_canonical_original_hot_gpu0/RubiksCubeLeftOfBowlMatchedTask/predicted_chunks/episode_006/chunk_005/future.mp4,401246,0a4759322452fa700d379e514aedf222345e22923372467e9022afdcf265a63b
/home/ali/projects/RoboLab/output/v1_cosmos_canonical_original_hot_gpu0/RubiksCubeLeftOfBowlMatchedTask/predicted_chunks/episode_006/chunk_005/metadata.json,850,92a2df02bc4d661d32bcbdf1f59c38364f8defeff59476ca5c3a51fcbab68db8
/home/ali/projects/RoboLab/output/v1_cosmos_canonical_original_hot_gpu0/RubiksCubeLeftOfBowlMatchedTask/predicted_chunks/episode_006/chunk_006/action.npy,1152,98d2e2b10731115e3ca3da1704884730c8cd7e8d1484752e659221aa0e8b53f3
/home/ali/projects/RoboLab/output/v1_cosmos_canonical_original_hot_gpu0/RubiksCubeLeftOfBowlMatchedTask/predicted_chunks/episode_006/chunk_006/conditioning.png,537155,e061c768f985309345fb4984100ce21bd8d304dfad8863bdb04ea25701f7d046
/home/ali/projects/RoboLab/output/v1_cosmos_canonical_original_hot_gpu0/RubiksCubeLeftOfBowlMatchedTask/predicted_chunks/episode_006/chunk_006/future.mp4,376860,5740b9702da3156c7d41ed5625f39b232101f7d574c9eb41956df16ad6c09d51
/home/ali/projects/RoboLab/output/v1_cosmos_canonical_original_hot_gpu0/RubiksCubeLeftOfBowlMatchedTask/predicted_chunks/episode_006/chunk_006/metadata.json,865,c5ab653d75782de195a3e7169e725ab8aaea9135d220db8eac36bd563b15d34b
/home/ali/projects/RoboLab/output/v1_cosmos_canonical_original_hot_gpu0/RubiksCubeLeftOfBowlMatchedTask/predicted_chunks/episode_006/chunk_007/action.npy,1152,ff1a00dc61208fbf86ef8e206a56dd76f06ee9fcd18a6c7daad19ceea73eab3e
/home/ali/projects/RoboLab/output/v1_cosmos_canonical_original_hot_gpu0/RubiksCubeLeftOfBowlMatchedTask/predicted_chunks/episode_006/chunk_007/conditioning.png,537247,923eb380a28a27ef0f7d1bd2de69f7b25cbfb2882c0bedb7d3835c7c0a0e8441
/home/ali/projects/RoboLab/output/v1_cosmos_canonical_original_hot_gpu0/RubiksCubeLeftOfBowlMatchedTask/predicted_chunks/episode_006/chunk_007/future.mp4,374341,886bacfd15dd3d3032f100a27f54a4f08b30d710ebe33ed19aa99269f5786c83
/home/ali/projects/RoboLab/output/v1_cosmos_canonical_original_hot_gpu0/RubiksCubeLeftOfBowlMatchedTask/predicted_chunks/episode_006/chunk_007/metadata.json,844,8a003fb5697a35276bc56c43f319e73afba421025fd602cf74a56a0c7399d7a2
/home/ali/projects/RoboLab/output/v1_cosmos_canonical_original_hot_gpu0/RubiksCubeLeftOfBowlMatchedTask/predicted_chunks/episode_006/chunk_008/action.npy,1152,dac7b083415e08cb3656fc94ef5eb62ee27bf164f2e67b67aed3d97b8ec16d63
/home/ali/projects/RoboLab/output/v1_cosmos_canonical_original_hot_gpu0/RubiksCubeLeftOfBowlMatchedTask/predicted_chunks/episode_006/chunk_008/conditioning.png,541095,9d01a149b6ef7ab88368afa2bea8987aff14290455bb5546d3ae1ee3d2445143
/home/ali/projects/RoboLab/output/v1_cosmos_canonical_original_hot_gpu0/RubiksCubeLeftOfBowlMatchedTask/predicted_chunks/episode_006/chunk_008/future.mp4,438457,9b7e2f905c456635c29b309d8e1862beb8868951530b12d2ab84fd8d542ccf25
/home/ali/projects/RoboLab/output/v1_cosmos_canonical_original_hot_gpu0/RubiksCubeLeftOfBowlMatchedTask/predicted_chunks/episode_006/chunk_008/metadata.json,864,1b4f94d11634a2b72ea0dbcecae833e0097398de2d221e628f1a10d655d56f45
/home/ali/projects/RoboLab/output/v1_cosmos_canonical_original_hot_gpu0/RubiksCubeLeftOfBowlMatchedTask/predicted_chunks/episode_006/chunk_009/action.npy,1152,4177bc49511eb7e4f23e2fcdca73ad6489919607bdadcf99cb42f32388a41e1f
/home/ali/projects/RoboLab/output/v1_cosmos_canonical_original_hot_gpu0/RubiksCubeLeftOfBowlMatchedTask/predicted_chunks/episode_006/chunk_009/conditioning.png,564150,a8963a36c124f31ce0f26cc42e9192fbb2ca2353ab7b25174821c89eac81722b
/home/ali/projects/RoboLab/output/v1_cosmos_canonical_original_hot_gpu0/RubiksCubeLeftOfBowlMatchedTask/predicted_chunks/episode_006/chunk_009/future.mp4,541556,07b96b43f04c4a746b9ddff48871fbaa0626a4b4ea533ac2c7a722082f1e814f
/home/ali/projects/RoboLab/output/v1_cosmos_canonical_original_hot_gpu0/RubiksCubeLeftOfBowlMatchedTask/predicted_chunks/episode_006/chunk_009/metadata.json,866,e9258d57b061a08716460859cf3b7b5f92abeeed3b2418ecc7ccdd280355e9f7
/home/ali/projects/RoboLab/output/v1_cosmos_canonical_original_hot_gpu0/RubiksCubeLeftOfBowlMatchedTask/predicted_chunks/episode_007/chunk_000/action.npy,1152,8be1322275373b1179fb180bcfbc2e03863faa48521991fc27d0e1fa730866b4
/home/ali/projects/RoboLab/output/v1_cosmos_canonical_original_hot_gpu0/RubiksCubeLeftOfBowlMatchedTask/predicted_chunks/episode_007/chunk_000/conditioning.png,574343,627b123aa1186afd3ae50350c0a251e17c396156110722372836c8d15c15ab22
/home/ali/projects/RoboLab/output/v1_cosmos_canonical_original_hot_gpu0/RubiksCubeLeftOfBowlMatchedTask/predicted_chunks/episode_007/chunk_000/future.mp4,495593,b623f343d9fcbd45110ae461355ae01badac4a9354c9d26dec005210d1ce5e9c
/home/ali/projects/RoboLab/output/v1_cosmos_canonical_original_hot_gpu0/RubiksCubeLeftOfBowlMatchedTask/predicted_chunks/episode_007/chunk_000/metadata.json,784,c9e36fdd80324ceb3468caa989743414ad12ea2f9a79bff51c00e9320ac83d1e
/home/ali/projects/RoboLab/output/v1_cosmos_canonical_original_hot_gpu0/RubiksCubeLeftOfBowlMatchedTask/predicted_chunks/episode_007/chunk_001/action.npy,1152,c1aa2bc07b4a97bc9ace12fc4d83249755faa945cfca7500b1274c0aa080d738
/home/ali/projects/RoboLab/output/v1_cosmos_canonical_original_hot_gpu0/RubiksCubeLeftOfBowlMatchedTask/predicted_chunks/episode_007/chunk_001/conditioning.png,557127,0b612cb7316a74527703d27cec2aac0a6ebc039599c38568fb9665ed7416ec55
/home/ali/projects/RoboLab/output/v1_cosmos_canonical_original_hot_gpu0/RubiksCubeLeftOfBowlMatchedTask/predicted_chunks/episode_007/chunk_001/future.mp4,422664,a8450f928860705d6c5c51e758ad67b7c0848d61fdb8c3229f49039e2349b9e2
/home/ali/projects/RoboLab/output/v1_cosmos_canonical_original_hot_gpu0/RubiksCubeLeftOfBowlMatchedTask/predicted_chunks/episode_007/chunk_001/metadata.json,868,a8c251302f43222aaa9e03dc1f15cb0917ce52158bc0384d1051b333c6247970
/home/ali/projects/RoboLab/output/v1_cosmos_canonical_original_hot_gpu0/RubiksCubeLeftOfBowlMatchedTask/predicted_chunks/episode_007/chunk_002/action.npy,1152,272327956e99b10b4bcab238468b4fe74beba9e572c9c2abb273a3dc198d6bb8
/home/ali/projects/RoboLab/output/v1_cosmos_canonical_original_hot_gpu0/RubiksCubeLeftOfBowlMatchedTask/predicted_chunks/episode_007/chunk_002/conditioning.png,541173,f0e8c42e8a047ab8b4dc2f1be6770f0acd7e44bf3e00e4a99320f1bc2c22c377
/home/ali/projects/RoboLab/output/v1_cosmos_canonical_original_hot_gpu0/RubiksCubeLeftOfBowlMatchedTask/predicted_chunks/episode_007/chunk_002/future.mp4,460731,1e98cc3c2abbab96ec6bfda44a79f7467b67c97d0e73765b4212dfcff4ed9e9b
/home/ali/projects/RoboLab/output/v1_cosmos_canonical_original_hot_gpu0/RubiksCubeLeftOfBowlMatchedTask/predicted_chunks/episode_007/chunk_002/metadata.json,850,272e0fe43dd6295128c464b52777e520e9e834c0d71c88dddda45eb5ff4696d2
/home/ali/projects/RoboLab/output/v1_cosmos_canonical_original_hot_gpu0/RubiksCubeLeftOfBowlMatchedTask/predicted_chunks/episode_007/chunk_003/action.npy,1152,475708cc2b6410ed0bb1b67a6b39018f3d05b0e0ab535b78832aa9b32de5c042
/home/ali/projects/RoboLab/output/v1_cosmos_canonical_original_hot_gpu0/RubiksCubeLeftOfBowlMatchedTask/predicted_chunks/episode_007/chunk_003/conditioning.png,541164,857639ee81f47b022089a7866575021b3fdb2c10ce4a354d1f7c47c4676d4275
/home/ali/projects/RoboLab/output/v1_cosmos_canonical_original_hot_gpu0/RubiksCubeLeftOfBowlMatchedTask/predicted_chunks/episode_007/chunk_003/future.mp4,409493,6c00561ea2b7ca61bf2d14cb76e9904b5c15de2cd36616f981b80e5b4954ab31
/home/ali/projects/RoboLab/output/v1_cosmos_canonical_original_hot_gpu0/RubiksCubeLeftOfBowlMatchedTask/predicted_chunks/episode_007/chunk_003/metadata.json,861,c50e69d9d6b3c33851fd912eeb33bd47cd4bb96fd0f7f406fffe4b09a0359625
/home/ali/projects/RoboLab/output/v1_cosmos_canonical_original_hot_gpu0/RubiksCubeLeftOfBowlMatchedTask/predicted_chunks/episode_008/chunk_000/action.npy,1152,9b1143656dec81d31e3a832688d14810f9383bfd5d2b0cf643617fe5da76729a
/home/ali/projects/RoboLab/output/v1_cosmos_canonical_original_hot_gpu0/RubiksCubeLeftOfBowlMatchedTask/predicted_chunks/episode_008/chunk_000/conditioning.png,577037,bf880721c37ecc4035313d7c943f6178423c7583148b6f912b0c1471f7f293ea
/home/ali/projects/RoboLab/output/v1_cosmos_canonical_original_hot_gpu0/RubiksCubeLeftOfBowlMatchedTask/predicted_chunks/episode_008/chunk_000/future.mp4,518412,bad48033a7bb0b7997bf801c5b8eebd1c876e7b6e56e6f8c856a54b21d41fe69
/home/ali/projects/RoboLab/output/v1_cosmos_canonical_original_hot_gpu0/RubiksCubeLeftOfBowlMatchedTask/predicted_chunks/episode_008/chunk_000/metadata.json,784,26fa1cad7d30067b6785b4f90be43c054cc2a95013cdf9b42bae021d96cbf4ea
/home/ali/projects/RoboLab/output/v1_cosmos_canonical_original_hot_gpu0/RubiksCubeLeftOfBowlMatchedTask/predicted_chunks/episode_008/chunk_001/action.npy,1152,19030dce1de784df8629fda942e5f569c6b43fc1ad7e0348825c81c156395aed
/home/ali/projects/RoboLab/output/v1_cosmos_canonical_original_hot_gpu0/RubiksCubeLeftOfBowlMatchedTask/predicted_chunks/episode_008/chunk_001/conditioning.png,552418,fe9d590f32f7de5c2ef6b87efa43bb4ad72160952625420f268f8f112eef4a77
/home/ali/projects/RoboLab/output/v1_cosmos_canonical_original_hot_gpu0/RubiksCubeLeftOfBowlMatchedTask/predicted_chunks/episode_008/chunk_001/future.mp4,463845,d073e54cd4a0d32ff2ba9ea3313380b452397eb5f3cb39f3ef6cc14a7939a5df
/home/ali/projects/RoboLab/output/v1_cosmos_canonical_original_hot_gpu0/RubiksCubeLeftOfBowlMatchedTask/predicted_chunks/episode_008/chunk_001/metadata.json,870,e4037f3e2cd88602421a865cde15bbb7dd9435dbecbc4019c90197e2fe662ebe
/home/ali/projects/RoboLab/output/v1_cosmos_canonical_original_hot_gpu0/RubiksCubeLeftOfBowlMatchedTask/predicted_chunks/episode_008/chunk_002/action.npy,1152,c1d0540756fbf3dd8f9e656614b89f76c5a191bc67305eefdc6bc569845dfeec
/home/ali/projects/RoboLab/output/v1_cosmos_canonical_original_hot_gpu0/RubiksCubeLeftOfBowlMatchedTask/predicted_chunks/episode_008/chunk_002/conditioning.png,539263,09e96bdf7841ccf9bd2d668a7d9970191c4b355f85bcf3a79370324639ed12a4
/home/ali/projects/RoboLab/output/v1_cosmos_canonical_original_hot_gpu0/RubiksCubeLeftOfBowlMatchedTask/predicted_chunks/episode_008/chunk_002/future.mp4,470029,83bb65c2035fcb539e558bfe0e8beec3e808fe15f4b87115e3ff9490329f7b31
/home/ali/projects/RoboLab/output/v1_cosmos_canonical_original_hot_gpu0/RubiksCubeLeftOfBowlMatchedTask/predicted_chunks/episode_008/chunk_002/metadata.json,849,6d39243420342a10356b0a50cb6c22158e4b7e4a12e9f4acf89168708b1005ef
/home/ali/projects/RoboLab/output/v1_cosmos_canonical_original_hot_gpu0/RubiksCubeLeftOfBowlMatchedTask/predicted_chunks/episode_008/chunk_003/action.npy,1152,c544e903225f5d6c8ddef98d79d1bb6118a3c2e18adff4c129bf20e2300ddeed
/home/ali/projects/RoboLab/output/v1_cosmos_canonical_original_hot_gpu0/RubiksCubeLeftOfBowlMatchedTask/predicted_chunks/episode_008/chunk_003/conditioning.png,523142,bd202c498a714eee03d9a1477d131d5495023bd08de74604933e203a19974f1e
/home/ali/projects/RoboLab/output/v1_cosmos_canonical_original_hot_gpu0/RubiksCubeLeftOfBowlMatchedTask/predicted_chunks/episode_008/chunk_003/future.mp4,421215,5945bda5af0e51f2ad3b4f120b70dd9e05dfd6533dbe7b0e526f27985ad04b52
/home/ali/projects/RoboLab/output/v1_cosmos_canonical_original_hot_gpu0/RubiksCubeLeftOfBowlMatchedTask/predicted_chunks/episode_008/chunk_003/metadata.json,864,1350b2abe05f0ef2c5de45d6253ba66f88a0b108ab8bf92efe6eb64fc81774ec
/home/ali/projects/RoboLab/output/v1_cosmos_canonical_original_hot_gpu0/RubiksCubeLeftOfBowlMatchedTask/predicted_chunks/episode_008/chunk_004/action.npy,1152,4a2b36f3aeb7aced680b7ed0dca44ad41604c6d2a6e5a707556a7e18f360684a
/home/ali/projects/RoboLab/output/v1_cosmos_canonical_original_hot_gpu0/RubiksCubeLeftOfBowlMatchedTask/predicted_chunks/episode_008/chunk_004/conditioning.png,548989,00f4cb64defd09846eeeaeffec895cee8f1fe38e234266b0a5a49812dbbdc0ab
/home/ali/projects/RoboLab/output/v1_cosmos_canonical_original_hot_gpu0/RubiksCubeLeftOfBowlMatchedTask/predicted_chunks/episode_008/chunk_004/future.mp4,401371,03c187af65caf3512607250c955433a6ad6d02c110c1a6a3cf9c390694d622f4
/home/ali/projects/RoboLab/output/v1_cosmos_canonical_original_hot_gpu0/RubiksCubeLeftOfBowlMatchedTask/predicted_chunks/episode_008/chunk_004/metadata.json,848,1090aa7c45d9f49fb60559dcfed5c75d676e312a461b16e94b3cd2b029b8ad80
/home/ali/projects/RoboLab/output/v1_cosmos_canonical_original_hot_gpu0/RubiksCubeLeftOfBowlMatchedTask/predicted_chunks/episode_008/chunk_005/action.npy,1152,053f3f2879e59d740e270918104493f28613151672c21fc4f206dce970e1b496
/home/ali/projects/RoboLab/output/v1_cosmos_canonical_original_hot_gpu0/RubiksCubeLeftOfBowlMatchedTask/predicted_chunks/episode_008/chunk_005/conditioning.png,544611,bac9e24dd4fba8bb9e1d4a8c0117505e203032ce992391781285ae267d62edca
/home/ali/projects/RoboLab/output/v1_cosmos_canonical_original_hot_gpu0/RubiksCubeLeftOfBowlMatchedTask/predicted_chunks/episode_008/chunk_005/future.mp4,409357,cd2bc22d9f4b612539d68005bb7656e3c7929d4924581e30e1ff0fc965abd92f
/home/ali/projects/RoboLab/output/v1_cosmos_canonical_original_hot_gpu0/RubiksCubeLeftOfBowlMatchedTask/predicted_chunks/episode_008/chunk_005/metadata.json,866,9818a0f692b1b097b32d508351ff0a9dffc88331cb55331c53304336065ca2e6
/home/ali/projects/RoboLab/output/v1_cosmos_canonical_original_hot_gpu0/RubiksCubeLeftOfBowlMatchedTask/predicted_chunks/episode_008/chunk_006/action.npy,1152,3c47b058b7456ff51938b5feca0ae8ec35fae9402ab41c713ecafa088d81cbff
/home/ali/projects/RoboLab/output/v1_cosmos_canonical_original_hot_gpu0/RubiksCubeLeftOfBowlMatchedTask/predicted_chunks/episode_008/chunk_006/conditioning.png,555727,c58f5e37072cc6b9505cf5f162edf88043d474b32cee6a6f14948ebecacf9c89
/home/ali/projects/RoboLab/output/v1_cosmos_canonical_original_hot_gpu0/RubiksCubeLeftOfBowlMatchedTask/predicted_chunks/episode_008/chunk_006/future.mp4,407524,7f25f381a60ca6b2bf0b547de34e66e5f9e97209a8eea0782b53d8c9a7e7a0af
/home/ali/projects/RoboLab/output/v1_cosmos_canonical_original_hot_gpu0/RubiksCubeLeftOfBowlMatchedTask/predicted_chunks/episode_008/chunk_006/metadata.json,868,5483ad833d1ecb456e0919fbc2fd5ee4ab6a51df2a80fb0298333dddd0ed6ad1
/home/ali/projects/RoboLab/output/v1_cosmos_canonical_original_hot_gpu0/RubiksCubeLeftOfBowlMatchedTask/predicted_chunks/episode_008/chunk_007/action.npy,1152,20059d314e4e13557c427a8cd55b8fd531dd662721dbbf6b8ddb19a232bb5702
/home/ali/projects/RoboLab/output/v1_cosmos_canonical_original_hot_gpu0/RubiksCubeLeftOfBowlMatchedTask/predicted_chunks/episode_008/chunk_007/conditioning.png,535417,36dbffd472bc82e16e84ed95d0b40ad404e0caed0d8f2e49245dc82b4c5a4c1c
/home/ali/projects/RoboLab/output/v1_cosmos_canonical_original_hot_gpu0/RubiksCubeLeftOfBowlMatchedTask/predicted_chunks/episode_008/chunk_007/future.mp4,454555,e8aa69f1396409d85cef6c44ff9504e84b0cb9d23782144f212b1051d8f5d0d7
/home/ali/projects/RoboLab/output/v1_cosmos_canonical_original_hot_gpu0/RubiksCubeLeftOfBowlMatchedTask/predicted_chunks/episode_008/chunk_007/metadata.json,861,886a3c8c64b639394be57abf3ae0fc588ca5e375fb9d8caff905c74cdcf35e7e
/home/ali/projects/RoboLab/output/v1_cosmos_canonical_original_hot_gpu0/RubiksCubeLeftOfBowlMatchedTask/predicted_chunks/episode_008/chunk_008/action.npy,1152,b6b2d2bb6621e4d244d2c6b28d8e9c7dc5772481e0ee8b3b6a83da47395b2304
/home/ali/projects/RoboLab/output/v1_cosmos_canonical_original_hot_gpu0/RubiksCubeLeftOfBowlMatchedTask/predicted_chunks/episode_008/chunk_008/conditioning.png,560288,f5b44d3230050b1d67bed965f14e004dadcb8f67868e7893f02b13d76c67a081
/home/ali/projects/RoboLab/output/v1_cosmos_canonical_original_hot_gpu0/RubiksCubeLeftOfBowlMatchedTask/predicted_chunks/episode_008/chunk_008/future.mp4,448227,b2a9925591718bc850ea5a6ddf9d15db9c64300fc485c86469dd451f6ffec94a
/home/ali/projects/RoboLab/output/v1_cosmos_canonical_original_hot_gpu0/RubiksCubeLeftOfBowlMatchedTask/predicted_chunks/episode_008/chunk_008/metadata.json,865,22d127e133c3b3a7706d54a45cebaeb4641356cd93585dfcbccfd2dba58cc34c
/home/ali/projects/RoboLab/output/v1_cosmos_canonical_original_hot_gpu0/RubiksCubeLeftOfBowlMatchedTask/predicted_chunks/episode_008/chunk_009/action.npy,1152,07cbac569659c8546b87e71148b6ee9b59eceb67d772c6b1416cf58ba8f28122
/home/ali/projects/RoboLab/output/v1_cosmos_canonical_original_hot_gpu0/RubiksCubeLeftOfBowlMatchedTask/predicted_chunks/episode_008/chunk_009/conditioning.png,524914,07729d25ccdf4443448744b1159e2affcf5d7dd98d86c4f7a7b7323754983975
/home/ali/projects/RoboLab/output/v1_cosmos_canonical_original_hot_gpu0/RubiksCubeLeftOfBowlMatchedTask/predicted_chunks/episode_008/chunk_009/future.mp4,424175,7e538c7511c5257da17fdf11190b5ae38725ed5a1ec01fc0bdbe754ff7b4b50f
/home/ali/projects/RoboLab/output/v1_cosmos_canonical_original_hot_gpu0/RubiksCubeLeftOfBowlMatchedTask/predicted_chunks/episode_008/chunk_009/metadata.json,848,e2f76b51b12fb701ac6c22ce7d878f9e03e464ac7b11f485af7ffee8942d1169
/home/ali/projects/RoboLab/output/v1_cosmos_canonical_original_hot_gpu0/RubiksCubeLeftOfBowlMatchedTask/predicted_chunks/episode_008/chunk_010/action.npy,1152,4b4628276f973af3cc5972e6e95b6ad7f7d494023a1007bac98902c8eb8a285b
/home/ali/projects/RoboLab/output/v1_cosmos_canonical_original_hot_gpu0/RubiksCubeLeftOfBowlMatchedTask/predicted_chunks/episode_008/chunk_010/conditioning.png,540859,8c636eed4ede49b449c8c4996c5b7ef604c7bb4a144a7981055084d4e22d192d
/home/ali/projects/RoboLab/output/v1_cosmos_canonical_original_hot_gpu0/RubiksCubeLeftOfBowlMatchedTask/predicted_chunks/episode_008/chunk_010/future.mp4,415941,9a4516bd12140824e4f04f2aae86c78f19b23cd1291cc83a880d23ff300589bd
/home/ali/projects/RoboLab/output/v1_cosmos_canonical_original_hot_gpu0/RubiksCubeLeftOfBowlMatchedTask/predicted_chunks/episode_008/chunk_010/metadata.json,863,e6579ac7e2abd67603a1d57c8d583700b9d8e175bdba7feada54529edd165ba8
/home/ali/projects/RoboLab/output/v1_cosmos_canonical_original_hot_gpu0/RubiksCubeLeftOfBowlMatchedTask/predicted_chunks/episode_009/chunk_000/action.npy,1152,cafd9f14408c41513e6239ba550196431f8160066dcd35127b8655ee8ccf1ed7
/home/ali/projects/RoboLab/output/v1_cosmos_canonical_original_hot_gpu0/RubiksCubeLeftOfBowlMatchedTask/predicted_chunks/episode_009/chunk_000/conditioning.png,569302,daa86c69a30ae78d254f934f09bd85b82259280f64ad84cd7392d6eb5c916e66
/home/ali/projects/RoboLab/output/v1_cosmos_canonical_original_hot_gpu0/RubiksCubeLeftOfBowlMatchedTask/predicted_chunks/episode_009/chunk_000/future.mp4,485296,5758c4d589a50211bdc7d28d68aec5b63f849457b38fe97de660d7ca5ab1dde9
/home/ali/projects/RoboLab/output/v1_cosmos_canonical_original_hot_gpu0/RubiksCubeLeftOfBowlMatchedTask/predicted_chunks/episode_009/chunk_000/metadata.json,784,e0644d5e854934b0e67c717d60c45ece8fa3367c40597d3c23289c1f5d09f771
/home/ali/projects/RoboLab/output/v1_cosmos_canonical_original_hot_gpu0/RubiksCubeLeftOfBowlMatchedTask/predicted_chunks/episode_009/chunk_001/action.npy,1152,f86564b7aaf16b740c3b30e072dec6f262d984639e37c75a5395a7b0cf7befe2
/home/ali/projects/RoboLab/output/v1_cosmos_canonical_original_hot_gpu0/RubiksCubeLeftOfBowlMatchedTask/predicted_chunks/episode_009/chunk_001/conditioning.png,566086,bf14d2b4c44a7bc78e3e7fa08a16e6c003d7c61cb97781edfcf24f73bb47424a
/home/ali/projects/RoboLab/output/v1_cosmos_canonical_original_hot_gpu0/RubiksCubeLeftOfBowlMatchedTask/predicted_chunks/episode_009/chunk_001/future.mp4,443650,50343b6ac0083c761711d3ef45f1e93ca7e736c092035529a9cdd98ce1dd5319
/home/ali/projects/RoboLab/output/v1_cosmos_canonical_original_hot_gpu0/RubiksCubeLeftOfBowlMatchedTask/predicted_chunks/episode_009/chunk_001/metadata.json,866,4dfa5d51696f1f51d7c07748d98d33de258fbf2044706e45fcf12f3f69c2eaca
/home/ali/projects/RoboLab/output/v1_cosmos_canonical_original_hot_gpu0/RubiksCubeLeftOfBowlMatchedTask/predicted_chunks/episode_009/chunk_002/action.npy,1152,202a8037605ac7b791e3b9a8c6f23655e8013d614f5f4146410545a1e1b271cb
/home/ali/projects/RoboLab/output/v1_cosmos_canonical_original_hot_gpu0/RubiksCubeLeftOfBowlMatchedTask/predicted_chunks/episode_009/chunk_002/conditioning.png,546121,5891a3b43697b388c31e6b8b6d542b02c46205e32b23ee33b5e7d979b1e8c696
/home/ali/projects/RoboLab/output/v1_cosmos_canonical_original_hot_gpu0/RubiksCubeLeftOfBowlMatchedTask/predicted_chunks/episode_009/chunk_002/future.mp4,435220,5afa847b666302099012c3191121d33eff43141b4bd06cfe688bb823686e2cf5
/home/ali/projects/RoboLab/output/v1_cosmos_canonical_original_hot_gpu0/RubiksCubeLeftOfBowlMatchedTask/predicted_chunks/episode_009/chunk_002/metadata.json,846,81c9d8c667006fc9ad25f2a19e00577bc21b868abd2f53349fbed9be855ae769
/home/ali/projects/RoboLab/output/v1_cosmos_canonical_original_hot_gpu0/RubiksCubeLeftOfBowlMatchedTask/predicted_chunks/episode_009/chunk_003/action.npy,1152,697215a47e97065240a67ea88e8df1b538316a3e489a81557ed16d11000e1a51
/home/ali/projects/RoboLab/output/v1_cosmos_canonical_original_hot_gpu0/RubiksCubeLeftOfBowlMatchedTask/predicted_chunks/episode_009/chunk_003/conditioning.png,534112,6d1295422c52af02a481b3a16068ee2d5fae07bd926bad1d422c15bc767e3900
/home/ali/projects/RoboLab/output/v1_cosmos_canonical_original_hot_gpu0/RubiksCubeLeftOfBowlMatchedTask/predicted_chunks/episode_009/chunk_003/future.mp4,538541,58b88737dedca959afd43b43c2a5e57d93fc8a59846bd339c93d92607b23f697
/home/ali/projects/RoboLab/output/v1_cosmos_canonical_original_hot_gpu0/RubiksCubeLeftOfBowlMatchedTask/predicted_chunks/episode_009/chunk_003/metadata.json,864,16586092a79a145edf1a6359d1a6a67aef8151e914e3331ab657d931c62d49a3
/home/ali/projects/RoboLab/output/v1_cosmos_canonical_original_hot_gpu0/RubiksCubeLeftOfBowlMatchedTask/predicted_chunks/episode_009/chunk_004/action.npy,1152,1889a2092e4936ca09acbb8ddc26e468393675daf146ed0ec66c417f5e8426da
/home/ali/projects/RoboLab/output/v1_cosmos_canonical_original_hot_gpu0/RubiksCubeLeftOfBowlMatchedTask/predicted_chunks/episode_009/chunk_004/conditioning.png,493408,feb6243d43b598a90a5ed837a0aa4f26230d21bd48441de333b0d864d64acfea
/home/ali/projects/RoboLab/output/v1_cosmos_canonical_original_hot_gpu0/RubiksCubeLeftOfBowlMatchedTask/predicted_chunks/episode_009/chunk_004/future.mp4,411082,42779c1f2631c31983d152034ccd2546ba47359d09cee9e2aae8da81ce11b596
/home/ali/projects/RoboLab/output/v1_cosmos_canonical_original_hot_gpu0/RubiksCubeLeftOfBowlMatchedTask/predicted_chunks/episode_009/chunk_004/metadata.json,869,f6e6b788543416152f498353a75a25939145cfafc16ad3c0696769571f1bd9bd
/home/ali/projects/RoboLab/output/v1_cosmos_canonical_original_hot_gpu0/RubiksCubeLeftOfBowlMatchedTask/predicted_chunks/episode_009/chunk_005/action.npy,1152,b65618e7146c7edeeb623720d389b69edd70f726e15d38c9f3095a1ca8cdde14
/home/ali/projects/RoboLab/output/v1_cosmos_canonical_original_hot_gpu0/RubiksCubeLeftOfBowlMatchedTask/predicted_chunks/episode_009/chunk_005/conditioning.png,529417,854eb086fcebbe6ca096b4125b8d8aef9115cc4ce177bd88f441d9a9989125a5
/home/ali/projects/RoboLab/output/v1_cosmos_canonical_original_hot_gpu0/RubiksCubeLeftOfBowlMatchedTask/predicted_chunks/episode_009/chunk_005/future.mp4,496867,a9e85819e24287ad6f83daaae913cf8caecdcad151c297eade8bdb356ac189cb
/home/ali/projects/RoboLab/output/v1_cosmos_canonical_original_hot_gpu0/RubiksCubeLeftOfBowlMatchedTask/predicted_chunks/episode_009/chunk_005/metadata.json,852,804e2579a106d932229662c78bde1df9a716c9270e92f6062d1e42f5863ec06f
/home/ali/projects/RoboLab/output/v1_cosmos_canonical_original_hot_gpu0/RubiksCubeLeftOfBowlMatchedTask/predicted_chunks/episode_009/chunk_006/action.npy,1152,d477c62da672825b9d5111c4f616f764b25b1ee3b9c1c6c80e5fc2b499747202
/home/ali/projects/RoboLab/output/v1_cosmos_canonical_original_hot_gpu0/RubiksCubeLeftOfBowlMatchedTask/predicted_chunks/episode_009/chunk_006/conditioning.png,556030,bd3e960c9e635230761a632ff62351c0978189d284adacb2c5e62e4410904946
/home/ali/projects/RoboLab/output/v1_cosmos_canonical_original_hot_gpu0/RubiksCubeLeftOfBowlMatchedTask/predicted_chunks/episode_009/chunk_006/future.mp4,417901,12ac5ff161345d4985e344b36f69a94d25da9a517f414595637f34fb6e808a81
/home/ali/projects/RoboLab/output/v1_cosmos_canonical_original_hot_gpu0/RubiksCubeLeftOfBowlMatchedTask/predicted_chunks/episode_009/chunk_006/metadata.json,852,d0835a6796b87add6231c94d7bfa44593405bab6c815507e9049d6d60ae4a46b
/home/ali/projects/RoboLab/output/v1_cosmos_canonical_original_hot_gpu0/RubiksCubeLeftOfBowlMatchedTask/predicted_chunks/episode_009/chunk_007/action.npy,1152,1b846ea835cc905a8a4197ca1a41603640eb6909d152c8268b06d20ae0a7899a
/home/ali/projects/RoboLab/output/v1_cosmos_canonical_original_hot_gpu0/RubiksCubeLeftOfBowlMatchedTask/predicted_chunks/episode_009/chunk_007/conditioning.png,536804,e4c3e7dd10f9e3faac2f1902c70a12054929ca472a8ae4c2fa65aefb2b78336c
/home/ali/projects/RoboLab/output/v1_cosmos_canonical_original_hot_gpu0/RubiksCubeLeftOfBowlMatchedTask/predicted_chunks/episode_009/chunk_007/future.mp4,459454,73eb3d91f0fee4a06812ff39c4faeae5bc562e94208ee34e6a2f00d63eccef7d
/home/ali/projects/RoboLab/output/v1_cosmos_canonical_original_hot_gpu0/RubiksCubeLeftOfBowlMatchedTask/predicted_chunks/episode_009/chunk_007/metadata.json,869,5a8b8f8937fc52c0ac2296b80cdabeca47cc477ac3bcb3011de406d823ba710a
/home/ali/projects/RoboLab/output/v1_cosmos_canonical_original_hot_gpu0/RubiksCubeLeftOfBowlMatchedTask/predicted_chunks/episode_009/chunk_008/action.npy,1152,ecf0d41704bb16f0ddd060c0da113c12befc957b62cbc918af5f0ca7d54f93fc
/home/ali/projects/RoboLab/output/v1_cosmos_canonical_original_hot_gpu0/RubiksCubeLeftOfBowlMatchedTask/predicted_chunks/episode_009/chunk_008/conditioning.png,517853,0f865bb7b200fafa2929e202ceaee1f5e1c1ddf340d01569c9d7899490fbf6fc
/home/ali/projects/RoboLab/output/v1_cosmos_canonical_original_hot_gpu0/RubiksCubeLeftOfBowlMatchedTask/predicted_chunks/episode_009/chunk_008/future.mp4,400139,ed6d768afb2a959ec34623d5703898e72deda30d5a118cf4859490549ee5328d
/home/ali/projects/RoboLab/output/v1_cosmos_canonical_original_hot_gpu0/RubiksCubeLeftOfBowlMatchedTask/predicted_chunks/episode_009/chunk_008/metadata.json,851,0ca770a7db6118be24af47a27d448e4a821f088258f902ca22639b05e513aa2c
/home/ali/projects/RoboLab/output/v1_cosmos_canonical_original_hot_gpu0/RubiksCubeLeftOfBowlMatchedTask/predicted_chunks/episode_009/chunk_009/action.npy,1152,54ae761f2a687229039d685d469bbb768fc6c20e8b7d130c40a75ab3ae45b509
/home/ali/projects/RoboLab/output/v1_cosmos_canonical_original_hot_gpu0/RubiksCubeLeftOfBowlMatchedTask/predicted_chunks/episode_009/chunk_009/conditioning.png,512930,dbd4a2ab51f9d9e5fbd6bd99a3ccaea2b1e193395ea6ed3c316d7c2577bd1ce1
/home/ali/projects/RoboLab/output/v1_cosmos_canonical_original_hot_gpu0/RubiksCubeLeftOfBowlMatchedTask/predicted_chunks/episode_009/chunk_009/future.mp4,507451,d09ef311eb3d7e697bdc2815dcd4bb1a7938c98cab756424648c3eb4e10ba340
/home/ali/projects/RoboLab/output/v1_cosmos_canonical_original_hot_gpu0/RubiksCubeLeftOfBowlMatchedTask/predicted_chunks/episode_009/chunk_009/metadata.json,868,dc90a0958d1024b34357e3e626ef3f0a93f071e1891a76f960f23da9bca82ef3
/home/ali/projects/RoboLab/output/v1_cosmos_canonical_original_hot_gpu0/RubiksCubeLeftOfBowlMatchedTask/predicted_chunks/episode_009/chunk_010/action.npy,1152,716439b9a7c413d8a22dba3ff650857dbfbe76522009a646ca9bff34d2fec740
/home/ali/projects/RoboLab/output/v1_cosmos_canonical_original_hot_gpu0/RubiksCubeLeftOfBowlMatchedTask/predicted_chunks/episode_009/chunk_010/conditioning.png,560308,faef2808677a8ae583d424ddda91efaeb96f6614c08eb530b16a4b3e600f5469
/home/ali/projects/RoboLab/output/v1_cosmos_canonical_original_hot_gpu0/RubiksCubeLeftOfBowlMatchedTask/predicted_chunks/episode_009/chunk_010/future.mp4,519901,f2964f2f0374ce0eb097057c07a9ad50d76829cf6c417be049eeaa546754b68b
/home/ali/projects/RoboLab/output/v1_cosmos_canonical_original_hot_gpu0/RubiksCubeLeftOfBowlMatchedTask/predicted_chunks/episode_009/chunk_010/metadata.json,872,e9153ea2b5ec9bda8403000405c9385e1404dc88783ea49c0d230ecbbe992a64
/home/ali/projects/RoboLab/output/v1_cosmos_canonical_original_hot_gpu0/RubiksCubeLeftOfBowlMatchedTask/predicted_chunks/episode_009/chunk_011/action.npy,1152,e7818bfa68fc66ef3d97e684252db3a4db0d13583d8825abb6bb0a6239ed480a
/home/ali/projects/RoboLab/output/v1_cosmos_canonical_original_hot_gpu0/RubiksCubeLeftOfBowlMatchedTask/predicted_chunks/episode_009/chunk_011/conditioning.png,553700,7916f9cb7337beb2e5e71f7056d2e31a0d8e1d23d404081cef722425462a2fa0
/home/ali/projects/RoboLab/output/v1_cosmos_canonical_original_hot_gpu0/RubiksCubeLeftOfBowlMatchedTask/predicted_chunks/episode_009/chunk_011/future.mp4,477848,44d31c8d308a657cfcc0607d0150a15920d98285227f42dafeb03ada1830c15c
/home/ali/projects/RoboLab/output/v1_cosmos_canonical_original_hot_gpu0/RubiksCubeLeftOfBowlMatchedTask/predicted_chunks/episode_009/chunk_011/metadata.json,873,b8c7cd3d3fedcdd6fdf90e7e17da4d694eddfefdfefe09b267c8272850af6c1d
/home/ali/projects/RoboLab/output/v1_cosmos_canonical_original_hot_gpu0/RubiksCubeLeftOfBowlMatchedTask/predicted_chunks/episode_009/chunk_012/action.npy,1152,6743ee180ea1016f4cd4fa5e71b86ce7f1ffc8ed9f1b0f330df1289b841d345a
/home/ali/projects/RoboLab/output/v1_cosmos_canonical_original_hot_gpu0/RubiksCubeLeftOfBowlMatchedTask/predicted_chunks/episode_009/chunk_012/conditioning.png,546025,d8c401172197daf0f06fcebe3c038da0c19017fcc69615cb589624b50468d75f
/home/ali/projects/RoboLab/output/v1_cosmos_canonical_original_hot_gpu0/RubiksCubeLeftOfBowlMatchedTask/predicted_chunks/episode_009/chunk_012/future.mp4,515229,fbd456940041aa99df46e290cc47c9c5bfffcd0e9b51cf5703b209402e83b8ec
/home/ali/projects/RoboLab/output/v1_cosmos_canonical_original_hot_gpu0/RubiksCubeLeftOfBowlMatchedTask/predicted_chunks/episode_009/chunk_012/metadata.json,869,9201bc22b36d0655a9296efcbab2353a50997f8fb908df43e9880b1f89dc64e4
/home/ali/projects/RoboLab/output/v1_cosmos_canonical_original_hot_gpu0/RubiksCubeLeftOfBowlMatchedTask/predicted_chunks/episode_009/chunk_013/action.npy,1152,2dfbf60129b821d3451614bdf94e2f04118c02051398b05746f8b069fdfa0c0e
/home/ali/projects/RoboLab/output/v1_cosmos_canonical_original_hot_gpu0/RubiksCubeLeftOfBowlMatchedTask/predicted_chunks/episode_009/chunk_013/conditioning.png,567239,be22863605fe4bfdfbc3fe01ce623251d62b0c0a5521c1de485a61692310afca
/home/ali/projects/RoboLab/output/v1_cosmos_canonical_original_hot_gpu0/RubiksCubeLeftOfBowlMatchedTask/predicted_chunks/episode_009/chunk_013/future.mp4,495580,c220d3af2d8f53d976d52778949291d093079da9c2a60780b703636339c5b48e
/home/ali/projects/RoboLab/output/v1_cosmos_canonical_original_hot_gpu0/RubiksCubeLeftOfBowlMatchedTask/predicted_chunks/episode_009/chunk_013/metadata.json,854,afbb8f7a9e40889c9f845a7304f8fc071c25ff9ecaef00d59e1d8db9abfab9ca
/home/ali/projects/RoboLab/output/v1_cosmos_canonical_original_hot_gpu0/RubiksCubeLeftOfBowlMatchedTask/predicted_chunks/episode_009/chunk_014/action.npy,1152,5f840e7b46e21ade1d66ae497ebc44d4e790bca87462b5839b1b06bd9f35e39b
/home/ali/projects/RoboLab/output/v1_cosmos_canonical_original_hot_gpu0/RubiksCubeLeftOfBowlMatchedTask/predicted_chunks/episode_009/chunk_014/conditioning.png,543597,b577259909aca483d1e2d2c8b3db6cdf48c7e9cb2dc680322c48d4ebdf68c4fc
/home/ali/projects/RoboLab/output/v1_cosmos_canonical_original_hot_gpu0/RubiksCubeLeftOfBowlMatchedTask/predicted_chunks/episode_009/chunk_014/future.mp4,499112,516d31ef44397d7ec8d4e97652decd6534bc6af328b830a4cd1c483715c90291
/home/ali/projects/RoboLab/output/v1_cosmos_canonical_original_hot_gpu0/RubiksCubeLeftOfBowlMatchedTask/predicted_chunks/episode_009/chunk_014/metadata.json,853,7d76fdfa3fdc07010ffc888f67e4c92b3b1a4e4f2d335915a49420f1be8bd7cf
/home/ali/projects/RoboLab/output/v1_cosmos_canonical_original_hot_gpu0/RubiksCubeLeftOfBowlMatchedTask/predicted_chunks/manifest.jsonl,74972,72fd13911708e94564325e12219c32acce6aef16a3d521ca105af8dfd2b58e63
/home/ali/projects/RoboLab/output/v1_cosmos_canonical_original_hot_gpu0/RubiksCubeLeftOfBowlMatchedTask/run_0.hdf5,247650,b45e6cfcd797a5f819a19f07873348d723053e65404421238a0a9b06abbcea63
/home/ali/projects/RoboLab/output/v1_cosmos_canonical_original_hot_gpu0/RubiksCubeLeftOfBowlMatchedTask/run_1.hdf5,249250,a6433877ce035ee252a8fec1f549ae672b918dff41da6733ba9d56ab11e4d64d
/home/ali/projects/RoboLab/output/v1_cosmos_canonical_original_hot_gpu0/RubiksCubeLeftOfBowlMatchedTask/run_2.hdf5,343889,71505b47b3dcc6226acdacb414762d2d8b1e773081d7abe3a961ee1585d81688
/home/ali/projects/RoboLab/output/v1_cosmos_canonical_original_hot_gpu0/RubiksCubeLeftOfBowlMatchedTask/run_3.hdf5,339238,835173faf94795a1ef236211d7957b7b4f9079667a2f51f5982e9685d9dd69b0
/home/ali/projects/RoboLab/output/v1_cosmos_canonical_original_hot_gpu0/RubiksCubeLeftOfBowlMatchedTask/run_4.hdf5,306521,c72431eb47436abd0e04f41e472b7dc3ce231adf9d0aeaebe08b4a289c83c7b0
/home/ali/projects/RoboLab/output/v1_cosmos_canonical_original_hot_gpu0/RubiksCubeLeftOfBowlMatchedTask/run_5.hdf5,259115,1a7c751b19dce200b6f157eaefd5bd3955f102a8585f5cc803c8745883cfc1a6
/home/ali/projects/RoboLab/output/v1_cosmos_canonical_original_hot_gpu0/RubiksCubeLeftOfBowlMatchedTask/run_6.hdf5,295580,16b73cc992e32176ace4f03977a13b21c0e271e292e9d44d75cdce9af598424a
/home/ali/projects/RoboLab/output/v1_cosmos_canonical_original_hot_gpu0/RubiksCubeLeftOfBowlMatchedTask/run_7.hdf5,225411,80616991f9f17b5bbf54f3e695583bf6bab8238a04324c727af128f4514b99ab
/home/ali/projects/RoboLab/output/v1_cosmos_canonical_original_hot_gpu0/RubiksCubeLeftOfBowlMatchedTask/run_8.hdf5,301238,7ccbc7ded7396af26faacad1a7dc7c8d22becda5639f8db62594bd0d2adfa74c
/home/ali/projects/RoboLab/output/v1_cosmos_canonical_original_hot_gpu0/RubiksCubeLeftOfBowlMatchedTask/run_9.hdf5,340120,fa92255a0f6c9404fb53d3006b2b73008784dcf06d5f12deff53a9128f47e6e2
/home/ali/projects/RoboLab/output/v1_cosmos_canonical_original_hot_gpu0/RubiksCubeRightOfBowlMatchedTask/env_cfg.json,43189,9c85167265618d49e9634650bbede643eb2f50f5d0701b055851214392f361c5
/home/ali/projects/RoboLab/output/v1_cosmos_canonical_original_hot_gpu0/RubiksCubeRightOfBowlMatchedTask/log_0_env0.json,1453,e51c1ad38a324f753aa82dc5ff872045f09e86fc1e03d55cf00f981a68cba401
/home/ali/projects/RoboLab/output/v1_cosmos_canonical_original_hot_gpu0/RubiksCubeRightOfBowlMatchedTask/log_1_env0.json,1197,53130b183864b71a4c6587de9b4d46997458841300be81ad65fe4943ffd6ee6a
/home/ali/projects/RoboLab/output/v1_cosmos_canonical_original_hot_gpu0/RubiksCubeRightOfBowlMatchedTask/log_2_env0.json,1321,572eeb103eb16bf85e4898f0e643f3c36b00887fb2c401bf126936b469c9f4bd
/home/ali/projects/RoboLab/output/v1_cosmos_canonical_original_hot_gpu0/RubiksCubeRightOfBowlMatchedTask/log_3_env0.json,2239,3ddde480076d603a9c8a59c25924c5d7e43c1622b812c2b2f2152f0f77c77ec0
/home/ali/projects/RoboLab/output/v1_cosmos_canonical_original_hot_gpu0/RubiksCubeRightOfBowlMatchedTask/log_4_env0.json,1072,761005bd5a754c7bf4fad441bba3952b279fd7359471f3f801137354fa6208bf
/home/ali/projects/RoboLab/output/v1_cosmos_canonical_original_hot_gpu0/RubiksCubeRightOfBowlMatchedTask/log_5_env0.json,3218,d82122872ee9c6c9ba1c9a2fb7c18fde5410591bf6a208f8fdcd7333c53cb5e5
/home/ali/projects/RoboLab/output/v1_cosmos_canonical_original_hot_gpu0/RubiksCubeRightOfBowlMatchedTask/log_6_env0.json,1437,9c15f7f89743c57ae9bbe89fd0839b9ff855cde73d80879c4e10e2473637f6e4
/home/ali/projects/RoboLab/output/v1_cosmos_canonical_original_hot_gpu0/RubiksCubeRightOfBowlMatchedTask/log_7_env0.json,1072,cf0a03928503ad9ee99a04368daac96c426f23de2fc9cb1cd5b76d22ca104ef4
/home/ali/projects/RoboLab/output/v1_cosmos_canonical_original_hot_gpu0/RubiksCubeRightOfBowlMatchedTask/log_8_env0.json,1650,d7f701fd2bc3a912a2d7447bd75a92806452126cdc3a3aec2dd9e6cb3f988b65
/home/ali/projects/RoboLab/output/v1_cosmos_canonical_original_hot_gpu0/RubiksCubeRightOfBowlMatchedTask/log_9_env0.json,1787,b1604bf962e3f4f76b0eb172150628d27bacc91ffe9bb577a2f3ff976297e51f
/home/ali/projects/RoboLab/output/v1_cosmos_canonical_original_hot_gpu0/RubiksCubeRightOfBowlMatchedTask/predicted_chunks/episode_000/chunk_000/action.npy,1152,b6cbc453edc99abb51965c76ab3c751d0477ef35e64b93c927be38110168f093
/home/ali/projects/RoboLab/output/v1_cosmos_canonical_original_hot_gpu0/RubiksCubeRightOfBowlMatchedTask/predicted_chunks/episode_000/chunk_000/conditioning.png,571360,a16717d45182c36e53dacd6e194e8da3961261a4a33e197bf2b2e507af6cdfde
/home/ali/projects/RoboLab/output/v1_cosmos_canonical_original_hot_gpu0/RubiksCubeRightOfBowlMatchedTask/predicted_chunks/episode_000/chunk_000/future.mp4,523518,a3fe53a126a6b3603dc377faaa20475f55cd5c56b6306f36ed5f2e3d9207acf8
/home/ali/projects/RoboLab/output/v1_cosmos_canonical_original_hot_gpu0/RubiksCubeRightOfBowlMatchedTask/predicted_chunks/episode_000/chunk_000/metadata.json,786,8953fbc41d441460cffaaf837144fc217784f9dd42bc7f2358a548d896bb2918
/home/ali/projects/RoboLab/output/v1_cosmos_canonical_original_hot_gpu0/RubiksCubeRightOfBowlMatchedTask/predicted_chunks/episode_000/chunk_001/action.npy,1152,df1495ffe1824e9d18512989030cd99a65d76a935952f92824af422d2db9830e
/home/ali/projects/RoboLab/output/v1_cosmos_canonical_original_hot_gpu0/RubiksCubeRightOfBowlMatchedTask/predicted_chunks/episode_000/chunk_001/conditioning.png,551189,6bb9b61e1ab5ba49b66dafd1f84230f2513c328d25218e30d602bf9e7204c233
/home/ali/projects/RoboLab/output/v1_cosmos_canonical_original_hot_gpu0/RubiksCubeRightOfBowlMatchedTask/predicted_chunks/episode_000/chunk_001/future.mp4,467063,8afe46eb97095ceb34a2039c68ecfa324a43e6ef4b9dc9ed5f61dc7f8359c629
/home/ali/projects/RoboLab/output/v1_cosmos_canonical_original_hot_gpu0/RubiksCubeRightOfBowlMatchedTask/predicted_chunks/episode_000/chunk_001/metadata.json,870,6e87b356626b0663918ce946421f233c21710dd791f8699531043a3af8d89087
/home/ali/projects/RoboLab/output/v1_cosmos_canonical_original_hot_gpu0/RubiksCubeRightOfBowlMatchedTask/predicted_chunks/episode_000/chunk_002/action.npy,1152,46f8b5b1d488e89947925e224448a47080e896e47fc191191da3c07dfadaefbb
/home/ali/projects/RoboLab/output/v1_cosmos_canonical_original_hot_gpu0/RubiksCubeRightOfBowlMatchedTask/predicted_chunks/episode_000/chunk_002/conditioning.png,553063,63cfab34c9e0669561699f1c7d79a65dba451a0cec1af6932b015c59cb25e901
/home/ali/projects/RoboLab/output/v1_cosmos_canonical_original_hot_gpu0/RubiksCubeRightOfBowlMatchedTask/predicted_chunks/episode_000/chunk_002/future.mp4,495095,b74f02b61893622e65ec6cbda56da644a273a1729f6e3825d6dadb988687b541
/home/ali/projects/RoboLab/output/v1_cosmos_canonical_original_hot_gpu0/RubiksCubeRightOfBowlMatchedTask/predicted_chunks/episode_000/chunk_002/metadata.json,869,0253f5298c2b2a2e337841bfcba02159276e24807590f82ce314275a932c9b53
/home/ali/projects/RoboLab/output/v1_cosmos_canonical_original_hot_gpu0/RubiksCubeRightOfBowlMatchedTask/predicted_chunks/episode_000/chunk_003/action.npy,1152,e0aa08d933bcc3f06ffabf9373c98c881e608eb427d1440584f86572eaf9ec8b
/home/ali/projects/RoboLab/output/v1_cosmos_canonical_original_hot_gpu0/RubiksCubeRightOfBowlMatchedTask/predicted_chunks/episode_000/chunk_003/conditioning.png,534691,ba0c8fd3ffa10bc8c8e6c72ce4dae91c376f00ff961458413e3fd051a4539326
/home/ali/projects/RoboLab/output/v1_cosmos_canonical_original_hot_gpu0/RubiksCubeRightOfBowlMatchedTask/predicted_chunks/episode_000/chunk_003/future.mp4,572363,51d86aa99bdcea6879dafa2207636f560e0abe49c6253819c123ddc5677187ac
/home/ali/projects/RoboLab/output/v1_cosmos_canonical_original_hot_gpu0/RubiksCubeRightOfBowlMatchedTask/predicted_chunks/episode_000/chunk_003/metadata.json,870,3c0f0dcd86fec852dd491182da3570530ade7d541df9402879e3d7f5a68b13f7
/home/ali/projects/RoboLab/output/v1_cosmos_canonical_original_hot_gpu0/RubiksCubeRightOfBowlMatchedTask/predicted_chunks/episode_000/chunk_004/action.npy,1152,04a2ccaad454a175ff7d1fc1dc97868e62d73f120b07728746cba50d1e7b3bc4
/home/ali/projects/RoboLab/output/v1_cosmos_canonical_original_hot_gpu0/RubiksCubeRightOfBowlMatchedTask/predicted_chunks/episode_000/chunk_004/conditioning.png,491466,be84ec60b1e7a205b3b34f4e4d485974f40f8c3e034dbcfd670f10b962ae3dd7
/home/ali/projects/RoboLab/output/v1_cosmos_canonical_original_hot_gpu0/RubiksCubeRightOfBowlMatchedTask/predicted_chunks/episode_000/chunk_004/future.mp4,324506,1b87808bc71985dcd30b1d2ab6fd2d0bc803b5e6a21044fae46c757708c6a8b9
/home/ali/projects/RoboLab/output/v1_cosmos_canonical_original_hot_gpu0/RubiksCubeRightOfBowlMatchedTask/predicted_chunks/episode_000/chunk_004/metadata.json,867,ad3a279c0e1341aa9cd373428e968dbfd1b6355808601730ccf7387b00698167
/home/ali/projects/RoboLab/output/v1_cosmos_canonical_original_hot_gpu0/RubiksCubeRightOfBowlMatchedTask/predicted_chunks/episode_001/chunk_000/action.npy,1152,130f51a80ced09a4fe329cf9f6de9ece3d78ca832345f23f8793136944ba089c
/home/ali/projects/RoboLab/output/v1_cosmos_canonical_original_hot_gpu0/RubiksCubeRightOfBowlMatchedTask/predicted_chunks/episode_001/chunk_000/conditioning.png,581649,49431624f0a01afe8528290ea56f627588f69887c68efb4c2f20ffa31996bfea
/home/ali/projects/RoboLab/output/v1_cosmos_canonical_original_hot_gpu0/RubiksCubeRightOfBowlMatchedTask/predicted_chunks/episode_001/chunk_000/future.mp4,506996,8e1539ea07da02f79b370bb84e2c1f1bc3ec71b4fc3b93eb040d9a49a229e756
/home/ali/projects/RoboLab/output/v1_cosmos_canonical_original_hot_gpu0/RubiksCubeRightOfBowlMatchedTask/predicted_chunks/episode_001/chunk_000/metadata.json,786,588f907aeb61cb5b757dad978a7a23866785cb3cf309a05b7b387b909919dfc6
/home/ali/projects/RoboLab/output/v1_cosmos_canonical_original_hot_gpu0/RubiksCubeRightOfBowlMatchedTask/predicted_chunks/episode_001/chunk_001/action.npy,1152,269f4bcb2240545e5aedb4914da042a75772a2988abbf68e0d3e463d9ccc2cf7
/home/ali/projects/RoboLab/output/v1_cosmos_canonical_original_hot_gpu0/RubiksCubeRightOfBowlMatchedTask/predicted_chunks/episode_001/chunk_001/conditioning.png,554327,8ad035bf930bc25a9300c1c0d3766ccedaf96a067a0017b10001856db8959f27
/home/ali/projects/RoboLab/output/v1_cosmos_canonical_original_hot_gpu0/RubiksCubeRightOfBowlMatchedTask/predicted_chunks/episode_001/chunk_001/future.mp4,440511,45646c926411c61a7fcc3b1634b2565925507637c96a44985965f4dfbe1948cc
/home/ali/projects/RoboLab/output/v1_cosmos_canonical_original_hot_gpu0/RubiksCubeRightOfBowlMatchedTask/predicted_chunks/episode_001/chunk_001/metadata.json,870,5c60b222b1d5c8f51774a927c3e847a3dec504df23f95256182161951086ab1c
/home/ali/projects/RoboLab/output/v1_cosmos_canonical_original_hot_gpu0/RubiksCubeRightOfBowlMatchedTask/predicted_chunks/episode_001/chunk_002/action.npy,1152,d61d0469c04e26e9e4acd3d5ec67026247e07758d3250c93b7b388952b09d833
/home/ali/projects/RoboLab/output/v1_cosmos_canonical_original_hot_gpu0/RubiksCubeRightOfBowlMatchedTask/predicted_chunks/episode_001/chunk_002/conditioning.png,527450,54e7597cf18e7e92548a0cdc9e2baa62744911da53c44dd2087f4c6e124b1925
/home/ali/projects/RoboLab/output/v1_cosmos_canonical_original_hot_gpu0/RubiksCubeRightOfBowlMatchedTask/predicted_chunks/episode_001/chunk_002/future.mp4,456760,2d8b15e914466a4ded18dad5af67d93099e71010a518534c49fc58796c380552
/home/ali/projects/RoboLab/output/v1_cosmos_canonical_original_hot_gpu0/RubiksCubeRightOfBowlMatchedTask/predicted_chunks/episode_001/chunk_002/metadata.json,851,34af38590e7ad63252f97cbb1e9e37083e28ef674a75e2692afef5a384882105
/home/ali/projects/RoboLab/output/v1_cosmos_canonical_original_hot_gpu0/RubiksCubeRightOfBowlMatchedTask/predicted_chunks/episode_001/chunk_003/action.npy,1152,1f1dcdacc5cf3eccae6b00b807d596704839f44aaf150218ce69f8a3e7998f79
/home/ali/projects/RoboLab/output/v1_cosmos_canonical_original_hot_gpu0/RubiksCubeRightOfBowlMatchedTask/predicted_chunks/episode_001/chunk_003/conditioning.png,513908,ca1782a983db661ca32f11ba7ae9d6f5bc724470b34dbfe542fcbc8569271bc5
/home/ali/projects/RoboLab/output/v1_cosmos_canonical_original_hot_gpu0/RubiksCubeRightOfBowlMatchedTask/predicted_chunks/episode_001/chunk_003/future.mp4,555294,3e715f855b633c309975a0c8c5ea0198fa96039dcb051b0cd45111baf660de29
/home/ali/projects/RoboLab/output/v1_cosmos_canonical_original_hot_gpu0/RubiksCubeRightOfBowlMatchedTask/predicted_chunks/episode_001/chunk_003/metadata.json,870,02fab4232804a3d08ad74180a104ac8f5a86b8318920d7b41317072d714aa64f
/home/ali/projects/RoboLab/output/v1_cosmos_canonical_original_hot_gpu0/RubiksCubeRightOfBowlMatchedTask/predicted_chunks/episode_001/chunk_004/action.npy,1152,75bf230cc48f50bceac27dcf235428332af1291c6113109008116b204ce13543
/home/ali/projects/RoboLab/output/v1_cosmos_canonical_original_hot_gpu0/RubiksCubeRightOfBowlMatchedTask/predicted_chunks/episode_001/chunk_004/conditioning.png,527363,17037627505f57d8dff12856826862ea5cbbcb982fb04dabadc2ca968dbd6320
/home/ali/projects/RoboLab/output/v1_cosmos_canonical_original_hot_gpu0/RubiksCubeRightOfBowlMatchedTask/predicted_chunks/episode_001/chunk_004/future.mp4,456464,994466ac45936fd7bd47da4b3d95f3b79ec640e4aa15e1ad94ee6bc7c9b80637
/home/ali/projects/RoboLab/output/v1_cosmos_canonical_original_hot_gpu0/RubiksCubeRightOfBowlMatchedTask/predicted_chunks/episode_001/chunk_004/metadata.json,870,8721ed4c1f943df03542e620de175c24492fe469cb2084a536ad45ca69d764b9
/home/ali/projects/RoboLab/output/v1_cosmos_canonical_original_hot_gpu0/RubiksCubeRightOfBowlMatchedTask/predicted_chunks/episode_002/chunk_000/action.npy,1152,c8c5136265fe77e2befe2a3f7cc1d9af4217ae0577486260970fdb73bcc9ccce
/home/ali/projects/RoboLab/output/v1_cosmos_canonical_original_hot_gpu0/RubiksCubeRightOfBowlMatchedTask/predicted_chunks/episode_002/chunk_000/conditioning.png,574147,14a29426a83b38353296c0fb11b785f92af32557ff282e7d1e886ad7ee7876f8
/home/ali/projects/RoboLab/output/v1_cosmos_canonical_original_hot_gpu0/RubiksCubeRightOfBowlMatchedTask/predicted_chunks/episode_002/chunk_000/future.mp4,499179,49e857f527efaad18635b21bcb2871bfb16cb6cda040136642a47a5a83a0e8e1
/home/ali/projects/RoboLab/output/v1_cosmos_canonical_original_hot_gpu0/RubiksCubeRightOfBowlMatchedTask/predicted_chunks/episode_002/chunk_000/metadata.json,786,3e6991d649c5998f68c38c78575c3582909914b28cb39c019ad1390b71ecd327
/home/ali/projects/RoboLab/output/v1_cosmos_canonical_original_hot_gpu0/RubiksCubeRightOfBowlMatchedTask/predicted_chunks/episode_002/chunk_001/action.npy,1152,dc7286aa67c085abdcd23e8346e11b958d5ea1bd4e9a0f6163f7442e8ecd948e
/home/ali/projects/RoboLab/output/v1_cosmos_canonical_original_hot_gpu0/RubiksCubeRightOfBowlMatchedTask/predicted_chunks/episode_002/chunk_001/conditioning.png,559103,c562f6dd6884a16fb23e39be08f55aaa97aa83fd4264dbd1558dcdd9e0a19ceb
/home/ali/projects/RoboLab/output/v1_cosmos_canonical_original_hot_gpu0/RubiksCubeRightOfBowlMatchedTask/predicted_chunks/episode_002/chunk_001/future.mp4,452186,f85acd59950f9976b61666a5c6131fa37f6c6d6a881fc3fdd0ad968d46cd9cc4
/home/ali/projects/RoboLab/output/v1_cosmos_canonical_original_hot_gpu0/RubiksCubeRightOfBowlMatchedTask/predicted_chunks/episode_002/chunk_001/metadata.json,869,5203d1b9a8c56057c013d20c4fca92888519c1a53080d47bcf944c16888b08af
/home/ali/projects/RoboLab/output/v1_cosmos_canonical_original_hot_gpu0/RubiksCubeRightOfBowlMatchedTask/predicted_chunks/episode_002/chunk_002/action.npy,1152,a8d6d8753209d6615c2aa699e5227dce3e25b843fe59fbdc02a8a05caf1dfe97
/home/ali/projects/RoboLab/output/v1_cosmos_canonical_original_hot_gpu0/RubiksCubeRightOfBowlMatchedTask/predicted_chunks/episode_002/chunk_002/conditioning.png,543041,2db2ca5d66015473b5ee14e19c3cc0c0b70b688de4e4876b0a2580d9ac67c303
/home/ali/projects/RoboLab/output/v1_cosmos_canonical_original_hot_gpu0/RubiksCubeRightOfBowlMatchedTask/predicted_chunks/episode_002/chunk_002/future.mp4,574970,842c47a920b4db7dcd41865826a9ce6eb6a238e00025ad664760424dbb542862
/home/ali/projects/RoboLab/output/v1_cosmos_canonical_original_hot_gpu0/RubiksCubeRightOfBowlMatchedTask/predicted_chunks/episode_002/chunk_002/metadata.json,850,8ea610de78826b2582caff87c5c8fe7a962a0ac61c60dd3971978325b94b7e66
/home/ali/projects/RoboLab/output/v1_cosmos_canonical_original_hot_gpu0/RubiksCubeRightOfBowlMatchedTask/predicted_chunks/episode_002/chunk_003/action.npy,1152,5aea643d3b00becd6ce3753c70c7ba51816f34808872fcf674274a9ec68351cf
/home/ali/projects/RoboLab/output/v1_cosmos_canonical_original_hot_gpu0/RubiksCubeRightOfBowlMatchedTask/predicted_chunks/episode_002/chunk_003/conditioning.png,541603,e8059e43c5923944d517731e52bcb27086db9568c7291405e4b1ea87f75ffc21
/home/ali/projects/RoboLab/output/v1_cosmos_canonical_original_hot_gpu0/RubiksCubeRightOfBowlMatchedTask/predicted_chunks/episode_002/chunk_003/future.mp4,611944,65cd488a9dfd0a92d10bddb8a95e64bc9ab60d93aa60858ef29136ccb33c87b9
/home/ali/projects/RoboLab/output/v1_cosmos_canonical_original_hot_gpu0/RubiksCubeRightOfBowlMatchedTask/predicted_chunks/episode_002/chunk_003/metadata.json,870,4eca51a093bddb8472a9912b366c8b0e3f39055d29b70f780e29fe3257ee049f
/home/ali/projects/RoboLab/output/v1_cosmos_canonical_original_hot_gpu0/RubiksCubeRightOfBowlMatchedTask/predicted_chunks/episode_002/chunk_004/action.npy,1152,df8cc9e8cbdca42a9c9de1cd018e55719755d1d1390b40359a9c7892f4979df0
/home/ali/projects/RoboLab/output/v1_cosmos_canonical_original_hot_gpu0/RubiksCubeRightOfBowlMatchedTask/predicted_chunks/episode_002/chunk_004/conditioning.png,575390,dd117c80fb6e5509442eebef106b498262d495476807bf2c056cff715d0a6ee5
/home/ali/projects/RoboLab/output/v1_cosmos_canonical_original_hot_gpu0/RubiksCubeRightOfBowlMatchedTask/predicted_chunks/episode_002/chunk_004/future.mp4,482790,d8c212e2b1c6a857f36ad39429f35013c4d7afdcd812252371c8ecb6bd9d737e
/home/ali/projects/RoboLab/output/v1_cosmos_canonical_original_hot_gpu0/RubiksCubeRightOfBowlMatchedTask/predicted_chunks/episode_002/chunk_004/metadata.json,868,eed035a94887ec68e3d072c06399209686a7a973af332dff810ef384f7e7d1d9
/home/ali/projects/RoboLab/output/v1_cosmos_canonical_original_hot_gpu0/RubiksCubeRightOfBowlMatchedTask/predicted_chunks/episode_002/chunk_005/action.npy,1152,f8c1e58e4dafee672d961da832abcaa16d4d51f0026971d113ffcf846003a7ba
/home/ali/projects/RoboLab/output/v1_cosmos_canonical_original_hot_gpu0/RubiksCubeRightOfBowlMatchedTask/predicted_chunks/episode_002/chunk_005/conditioning.png,544889,7a9398d11a45d13fd2bf08901a1f16843c2027badcb48f7b6d7ca864461da0a0
/home/ali/projects/RoboLab/output/v1_cosmos_canonical_original_hot_gpu0/RubiksCubeRightOfBowlMatchedTask/predicted_chunks/episode_002/chunk_005/future.mp4,495772,ad816ff87bdbb6f349b6893c8b5d690edbe4cdcd22a289b4978cbe1179a7ff15
/home/ali/projects/RoboLab/output/v1_cosmos_canonical_original_hot_gpu0/RubiksCubeRightOfBowlMatchedTask/predicted_chunks/episode_002/chunk_005/metadata.json,868,dfc4183aeaa71f44c5871713379976aa891fa5d722b50ec30936f11a0287e39b
/home/ali/projects/RoboLab/output/v1_cosmos_canonical_original_hot_gpu0/RubiksCubeRightOfBowlMatchedTask/predicted_chunks/episode_002/chunk_006/action.npy,1152,8c6dee8e14ca6e343729db7282e66237072cdffef34c278f0ccd3fad73b9fe6f
/home/ali/projects/RoboLab/output/v1_cosmos_canonical_original_hot_gpu0/RubiksCubeRightOfBowlMatchedTask/predicted_chunks/episode_002/chunk_006/conditioning.png,569298,dc5593bb16f240813f1ab755c2bd6c564bacc2394a45b49612936483f90aebd5
/home/ali/projects/RoboLab/output/v1_cosmos_canonical_original_hot_gpu0/RubiksCubeRightOfBowlMatchedTask/predicted_chunks/episode_002/chunk_006/future.mp4,527572,c6f03f9d85dbb62a25cb21aba47ca95feea3f75ade1cf58433beaa4bbeff50b1
/home/ali/projects/RoboLab/output/v1_cosmos_canonical_original_hot_gpu0/RubiksCubeRightOfBowlMatchedTask/predicted_chunks/episode_002/chunk_006/metadata.json,871,c86b196e5aa290c34b710064edb9b7491b194e6e819be7e0a7c6c3ddfaf67ceb
/home/ali/projects/RoboLab/output/v1_cosmos_canonical_original_hot_gpu0/RubiksCubeRightOfBowlMatchedTask/predicted_chunks/episode_002/chunk_007/action.npy,1152,6ba21214cd628dc1b0e3f315f7c16d5ab14cf868b10fbf8f22d67cf6d7cadfc6
/home/ali/projects/RoboLab/output/v1_cosmos_canonical_original_hot_gpu0/RubiksCubeRightOfBowlMatchedTask/predicted_chunks/episode_002/chunk_007/conditioning.png,548628,6e3f6c728ddedb5b302d6bf0821e756a3b594e15d684a11db152c7f4a44f6bb0
/home/ali/projects/RoboLab/output/v1_cosmos_canonical_original_hot_gpu0/RubiksCubeRightOfBowlMatchedTask/predicted_chunks/episode_002/chunk_007/future.mp4,382538,b9fbc382bb36650c339de58d074ac370f3af850c8258bcb369a545af4f6ea9b1
/home/ali/projects/RoboLab/output/v1_cosmos_canonical_original_hot_gpu0/RubiksCubeRightOfBowlMatchedTask/predicted_chunks/episode_002/chunk_007/metadata.json,870,e02383a5fc754d6a47f501dcfae09e68cae7d3198ec41051d33ed89fbef68fcc
/home/ali/projects/RoboLab/output/v1_cosmos_canonical_original_hot_gpu0/RubiksCubeRightOfBowlMatchedTask/predicted_chunks/episode_003/chunk_000/action.npy,1152,4ce09d5899baced0737c78e8ce1333b6e8db5338c7e3a5a85eb711816548c78f
/home/ali/projects/RoboLab/output/v1_cosmos_canonical_original_hot_gpu0/RubiksCubeRightOfBowlMatchedTask/predicted_chunks/episode_003/chunk_000/conditioning.png,573384,466f185185ceb5fdc59590d73aaa11fffbd4bd1c2602ac92aba9f82ed44e5fb0
/home/ali/projects/RoboLab/output/v1_cosmos_canonical_original_hot_gpu0/RubiksCubeRightOfBowlMatchedTask/predicted_chunks/episode_003/chunk_000/future.mp4,515914,0e4983510f9e948eef9c127d149682e3ed2888dccec783f18e2028e7a61c07d1
/home/ali/projects/RoboLab/output/v1_cosmos_canonical_original_hot_gpu0/RubiksCubeRightOfBowlMatchedTask/predicted_chunks/episode_003/chunk_000/metadata.json,786,0b5353bb8b22df5be6dd39b4929a9b3fc7c556bda0b822060224237a7b0a12f9
/home/ali/projects/RoboLab/output/v1_cosmos_canonical_original_hot_gpu0/RubiksCubeRightOfBowlMatchedTask/predicted_chunks/episode_003/chunk_001/action.npy,1152,b658b1f34525dea6074d78e41abdc0cde11617e988feaed31180b12568f47b13
/home/ali/projects/RoboLab/output/v1_cosmos_canonical_original_hot_gpu0/RubiksCubeRightOfBowlMatchedTask/predicted_chunks/episode_003/chunk_001/conditioning.png,560701,89bec1d561a467ec944b9837265c403556a700784c347775a4999b55f5e80329
/home/ali/projects/RoboLab/output/v1_cosmos_canonical_original_hot_gpu0/RubiksCubeRightOfBowlMatchedTask/predicted_chunks/episode_003/chunk_001/future.mp4,499947,b91b262d580311f0e6ee7bf5762444fd4f4d356445c90b73bfd47a26dfbbf52f
/home/ali/projects/RoboLab/output/v1_cosmos_canonical_original_hot_gpu0/RubiksCubeRightOfBowlMatchedTask/predicted_chunks/episode_003/chunk_001/metadata.json,871,55059aa1e707a1b16d12de747de0dc9215649bc698d3b8125355594f978869d6
/home/ali/projects/RoboLab/output/v1_cosmos_canonical_original_hot_gpu0/RubiksCubeRightOfBowlMatchedTask/predicted_chunks/episode_003/chunk_002/action.npy,1152,a1f88eb6fdf0e642dff68d72f2b3232ae21f9b98f91360f604737db59c958c3f
/home/ali/projects/RoboLab/output/v1_cosmos_canonical_original_hot_gpu0/RubiksCubeRightOfBowlMatchedTask/predicted_chunks/episode_003/chunk_002/conditioning.png,547397,6e6412384b6ac7dc15ebf5241148c61829fcb223f6373e3693b86b80dad963eb
/home/ali/projects/RoboLab/output/v1_cosmos_canonical_original_hot_gpu0/RubiksCubeRightOfBowlMatchedTask/predicted_chunks/episode_003/chunk_002/future.mp4,519214,3f648fb11c5cc5c047d4099ed5084534fff2fc689188b243aa8f77f66b4952e3
/home/ali/projects/RoboLab/output/v1_cosmos_canonical_original_hot_gpu0/RubiksCubeRightOfBowlMatchedTask/predicted_chunks/episode_003/chunk_002/metadata.json,866,f47b904519bb67b1b5465606408a77168495139bb9926a5f1c411c8cc2c1cac0
/home/ali/projects/RoboLab/output/v1_cosmos_canonical_original_hot_gpu0/RubiksCubeRightOfBowlMatchedTask/predicted_chunks/episode_003/chunk_003/action.npy,1152,5c0e7073c167e13f5bd7495878890d43bb52180b94c4b77cf0c4e88b4dfafa1a
/home/ali/projects/RoboLab/output/v1_cosmos_canonical_original_hot_gpu0/RubiksCubeRightOfBowlMatchedTask/predicted_chunks/episode_003/chunk_003/conditioning.png,531151,49fdecf2ba40d0affbd44b67e417c73833397f973fbae784daa00d042dbb8d5a
/home/ali/projects/RoboLab/output/v1_cosmos_canonical_original_hot_gpu0/RubiksCubeRightOfBowlMatchedTask/predicted_chunks/episode_003/chunk_003/future.mp4,667121,4b7f6d909192c967c10acba21339a1b49288f2f420897f204184c0e3e60ce2b5
/home/ali/projects/RoboLab/output/v1_cosmos_canonical_original_hot_gpu0/RubiksCubeRightOfBowlMatchedTask/predicted_chunks/episode_003/chunk_003/metadata.json,853,c7b013bafe5c5227729aec21c03319e5d1a87c9750d9501798e41c2564e590c7
/home/ali/projects/RoboLab/output/v1_cosmos_canonical_original_hot_gpu0/RubiksCubeRightOfBowlMatchedTask/predicted_chunks/episode_003/chunk_004/action.npy,1152,b2269e746e577abef42a593eb74b88afe5a50a0d19030b9f49077f8783112fba
/home/ali/projects/RoboLab/output/v1_cosmos_canonical_original_hot_gpu0/RubiksCubeRightOfBowlMatchedTask/predicted_chunks/episode_003/chunk_004/conditioning.png,557646,f58167dfd0b99602db599e6e897ad12f9a91a282911e92d742f669bd3b39d556
/home/ali/projects/RoboLab/output/v1_cosmos_canonical_original_hot_gpu0/RubiksCubeRightOfBowlMatchedTask/predicted_chunks/episode_003/chunk_004/future.mp4,497351,8d48d928fbe6ba31bc8ffd97297d5e423bbb20fec3d44962eca118c15d999c10
/home/ali/projects/RoboLab/output/v1_cosmos_canonical_original_hot_gpu0/RubiksCubeRightOfBowlMatchedTask/predicted_chunks/episode_003/chunk_004/metadata.json,874,52c98d339400c8c719c510711199a9ef01b33718c17b236ddd4cbbbcc2b404e4
/home/ali/projects/RoboLab/output/v1_cosmos_canonical_original_hot_gpu0/RubiksCubeRightOfBowlMatchedTask/predicted_chunks/episode_003/chunk_005/action.npy,1152,cc022bea90aebd19b98e851a1a2ad3cb6ab415d6e519da46100f79ee660d931a
/home/ali/projects/RoboLab/output/v1_cosmos_canonical_original_hot_gpu0/RubiksCubeRightOfBowlMatchedTask/predicted_chunks/episode_003/chunk_005/conditioning.png,535483,5ad31253a9f9d5ef3909abf158d1acc1d1425a13958ffa949fd42cfb95d874fe
/home/ali/projects/RoboLab/output/v1_cosmos_canonical_original_hot_gpu0/RubiksCubeRightOfBowlMatchedTask/predicted_chunks/episode_003/chunk_005/future.mp4,500505,778cdba41dddd3f09462bf05b62026b14872513ed0c4ed7d44a9e81893bdc836
/home/ali/projects/RoboLab/output/v1_cosmos_canonical_original_hot_gpu0/RubiksCubeRightOfBowlMatchedTask/predicted_chunks/episode_003/chunk_005/metadata.json,872,d11e8545f5768f7857c2b99b1771114ebe02968017ea7f05971b66af2828d948
/home/ali/projects/RoboLab/output/v1_cosmos_canonical_original_hot_gpu0/RubiksCubeRightOfBowlMatchedTask/predicted_chunks/episode_003/chunk_006/action.npy,1152,d96a757f66ce426949bb9cc5fb12e6d4e0c47dba3e346c27c21e8345ba5e6b37
/home/ali/projects/RoboLab/output/v1_cosmos_canonical_original_hot_gpu0/RubiksCubeRightOfBowlMatchedTask/predicted_chunks/episode_003/chunk_006/conditioning.png,496700,6aaf502b36cc79d1163d46155ce52553fbceeb1e837165c88f7a91ec24c997e7
/home/ali/projects/RoboLab/output/v1_cosmos_canonical_original_hot_gpu0/RubiksCubeRightOfBowlMatchedTask/predicted_chunks/episode_003/chunk_006/future.mp4,466721,361016e1e268093631c20734ce5a20bc3bfaa014a7203115a8269c5a5918f39f
/home/ali/projects/RoboLab/output/v1_cosmos_canonical_original_hot_gpu0/RubiksCubeRightOfBowlMatchedTask/predicted_chunks/episode_003/chunk_006/metadata.json,851,4cede1481510f7b56cf51fb51151cb79f1c4a624f53a9a27c176d980f86571fa
/home/ali/projects/RoboLab/output/v1_cosmos_canonical_original_hot_gpu0/RubiksCubeRightOfBowlMatchedTask/predicted_chunks/episode_003/chunk_007/action.npy,1152,8452ec194da178e7454fbc0bc249ef690f725862004171513d3c56e421814a07
/home/ali/projects/RoboLab/output/v1_cosmos_canonical_original_hot_gpu0/RubiksCubeRightOfBowlMatchedTask/predicted_chunks/episode_003/chunk_007/conditioning.png,490703,21f3c3aa738419aeecd114b268a2e4c87b7b8ce2eefb729262cf56ef368ef5e1
/home/ali/projects/RoboLab/output/v1_cosmos_canonical_original_hot_gpu0/RubiksCubeRightOfBowlMatchedTask/predicted_chunks/episode_003/chunk_007/future.mp4,435228,b7305314c33ba5915a69cc418bce56f75c3776e87034f0c5a76d7923a88cbd41
/home/ali/projects/RoboLab/output/v1_cosmos_canonical_original_hot_gpu0/RubiksCubeRightOfBowlMatchedTask/predicted_chunks/episode_003/chunk_007/metadata.json,870,50d79d7065ca6b6dbf0d777bfada9057128097c9f186e10a528622f195c03972
/home/ali/projects/RoboLab/output/v1_cosmos_canonical_original_hot_gpu0/RubiksCubeRightOfBowlMatchedTask/predicted_chunks/episode_003/chunk_008/action.npy,1152,ebe8af8b83a6d7132038ba4be525d734cbffd53f4c9f4e614ed5181849733e2d
/home/ali/projects/RoboLab/output/v1_cosmos_canonical_original_hot_gpu0/RubiksCubeRightOfBowlMatchedTask/predicted_chunks/episode_003/chunk_008/conditioning.png,547610,1cbb35d45723fc622f433c7bc535b0d2f112f91158c385869d8c76a13f8ae4ef
/home/ali/projects/RoboLab/output/v1_cosmos_canonical_original_hot_gpu0/RubiksCubeRightOfBowlMatchedTask/predicted_chunks/episode_003/chunk_008/future.mp4,479371,76e344518de284dc477e1a5cd2680bdfc9b59db51d1940303e840f92c3e23f3f
/home/ali/projects/RoboLab/output/v1_cosmos_canonical_original_hot_gpu0/RubiksCubeRightOfBowlMatchedTask/predicted_chunks/episode_003/chunk_008/metadata.json,871,128aefb886e97293df4f666b59bd3cb4a5a9812826ecdcebb418be83dc8fec3f
/home/ali/projects/RoboLab/output/v1_cosmos_canonical_original_hot_gpu0/RubiksCubeRightOfBowlMatchedTask/predicted_chunks/episode_003/chunk_009/action.npy,1152,18de1b53f4295c4f3110b2a6dc24c1080714a83dc6a055bb2fece23d569cca08
/home/ali/projects/RoboLab/output/v1_cosmos_canonical_original_hot_gpu0/RubiksCubeRightOfBowlMatchedTask/predicted_chunks/episode_003/chunk_009/conditioning.png,523712,c0cff1abbfc3c48361d140dcfc7862cb095c0f9972e601ed882bcc56ffe678fa
/home/ali/projects/RoboLab/output/v1_cosmos_canonical_original_hot_gpu0/RubiksCubeRightOfBowlMatchedTask/predicted_chunks/episode_003/chunk_009/future.mp4,412039,554ba46842d418978ff9190b99b140b217499fa16148649ab4c9277f2ac9f044
/home/ali/projects/RoboLab/output/v1_cosmos_canonical_original_hot_gpu0/RubiksCubeRightOfBowlMatchedTask/predicted_chunks/episode_003/chunk_009/metadata.json,868,7430995bb79584115ec141aad104bf1f4e84e9d926b016f474b076c0f9bbce45
/home/ali/projects/RoboLab/output/v1_cosmos_canonical_original_hot_gpu0/RubiksCubeRightOfBowlMatchedTask/predicted_chunks/episode_003/chunk_010/action.npy,1152,fdc7ea480c05f468c1cd2b2332ff8e55cd6c0138bd138a27b846641284b760a5
/home/ali/projects/RoboLab/output/v1_cosmos_canonical_original_hot_gpu0/RubiksCubeRightOfBowlMatchedTask/predicted_chunks/episode_003/chunk_010/conditioning.png,507334,e934f9cce7f0a3f6f4a8c0ae0ad51d6b895cda1aae1ba1c71275f6c3d41d9d35
/home/ali/projects/RoboLab/output/v1_cosmos_canonical_original_hot_gpu0/RubiksCubeRightOfBowlMatchedTask/predicted_chunks/episode_003/chunk_010/future.mp4,612848,98ad3ce967d0200e2d0d98a6a3646beed2f22d3ee680c0c063d44de617a1623a
/home/ali/projects/RoboLab/output/v1_cosmos_canonical_original_hot_gpu0/RubiksCubeRightOfBowlMatchedTask/predicted_chunks/episode_003/chunk_010/metadata.json,869,7e9eb9006496b908090d1dd692356ceaa3d133c38af9183a392a3703366c8919
/home/ali/projects/RoboLab/output/v1_cosmos_canonical_original_hot_gpu0/RubiksCubeRightOfBowlMatchedTask/predicted_chunks/episode_003/chunk_011/action.npy,1152,48cf18883dba7e0c7812d1e05bb21256d092fe96b0c6b6bcf239ae413dbc6f66
/home/ali/projects/RoboLab/output/v1_cosmos_canonical_original_hot_gpu0/RubiksCubeRightOfBowlMatchedTask/predicted_chunks/episode_003/chunk_011/conditioning.png,588968,1a1103ba3e856847e3b38bbcf9aa786f489b05b3fda35881f7191f99b94bb6ad
/home/ali/projects/RoboLab/output/v1_cosmos_canonical_original_hot_gpu0/RubiksCubeRightOfBowlMatchedTask/predicted_chunks/episode_003/chunk_011/future.mp4,586031,230b3507cabee651c96d5b2ee120ec55bf1d1a2fd32aa57e0a0d0134c1b6b908
/home/ali/projects/RoboLab/output/v1_cosmos_canonical_original_hot_gpu0/RubiksCubeRightOfBowlMatchedTask/predicted_chunks/episode_003/chunk_011/metadata.json,870,42a3cb36daffc3808cde437182387a03b22e0c33bea8c519b5b1af033c391b77
/home/ali/projects/RoboLab/output/v1_cosmos_canonical_original_hot_gpu0/RubiksCubeRightOfBowlMatchedTask/predicted_chunks/episode_003/chunk_012/action.npy,1152,e4394d120a9fce973a67f68e794855cc21bf014265f07beaa1804f2c00b542ce
/home/ali/projects/RoboLab/output/v1_cosmos_canonical_original_hot_gpu0/RubiksCubeRightOfBowlMatchedTask/predicted_chunks/episode_003/chunk_012/conditioning.png,536695,d9b2e8f31131866f1154d1e9d9d8f22ff4daae47b781a440e9d4f150854cd1ea
/home/ali/projects/RoboLab/output/v1_cosmos_canonical_original_hot_gpu0/RubiksCubeRightOfBowlMatchedTask/predicted_chunks/episode_003/chunk_012/future.mp4,459581,cc315e6dd4bf04f48e74ffb143eb8584635ad9ea90036b918c1535c6fbff7406
/home/ali/projects/RoboLab/output/v1_cosmos_canonical_original_hot_gpu0/RubiksCubeRightOfBowlMatchedTask/predicted_chunks/episode_003/chunk_012/metadata.json,871,4014c49a94e79cb547b75d65d8c85b5ecec723eabd474976e9a4af978f2d245e
/home/ali/projects/RoboLab/output/v1_cosmos_canonical_original_hot_gpu0/RubiksCubeRightOfBowlMatchedTask/predicted_chunks/episode_004/chunk_000/action.npy,1152,1cc24ac2d275c80b32b4e0e23c4ccee3e0222f0808d9980d0d0c989395afdeb0
/home/ali/projects/RoboLab/output/v1_cosmos_canonical_original_hot_gpu0/RubiksCubeRightOfBowlMatchedTask/predicted_chunks/episode_004/chunk_000/conditioning.png,576774,4c40eb97e61244c76ca66ffd7792fa3399f92abf4ba358a86f8b8707e5c5956c
/home/ali/projects/RoboLab/output/v1_cosmos_canonical_original_hot_gpu0/RubiksCubeRightOfBowlMatchedTask/predicted_chunks/episode_004/chunk_000/future.mp4,508859,c4c3bad793ebe9fa510e7a06af1ec4caf50f701a303c9e8b12249a6ab89f25fa
/home/ali/projects/RoboLab/output/v1_cosmos_canonical_original_hot_gpu0/RubiksCubeRightOfBowlMatchedTask/predicted_chunks/episode_004/chunk_000/metadata.json,786,dfcebe3cff630382f7ff79d65715e4b7f7d50a7ac7bd85d4edc16a8823135aaf
/home/ali/projects/RoboLab/output/v1_cosmos_canonical_original_hot_gpu0/RubiksCubeRightOfBowlMatchedTask/predicted_chunks/episode_004/chunk_001/action.npy,1152,e0db25a386e1e8e400d7ae31bf8e542da1f1c9caa7adb5710e8129baf4adce4b
/home/ali/projects/RoboLab/output/v1_cosmos_canonical_original_hot_gpu0/RubiksCubeRightOfBowlMatchedTask/predicted_chunks/episode_004/chunk_001/conditioning.png,567130,22226f1e0dcd4f8bf523cace377f8652df398840e1c1f463b2a49476cf7103ba
/home/ali/projects/RoboLab/output/v1_cosmos_canonical_original_hot_gpu0/RubiksCubeRightOfBowlMatchedTask/predicted_chunks/episode_004/chunk_001/future.mp4,448393,13b308c3ac7583931c472083dc6e8d622fc19f912443fe55a8988a7e8f514db6
/home/ali/projects/RoboLab/output/v1_cosmos_canonical_original_hot_gpu0/RubiksCubeRightOfBowlMatchedTask/predicted_chunks/episode_004/chunk_001/metadata.json,867,86eae92c93d99c3309f7bf201561bf8adc9eb839bd3964bc397443fce5385e68
/home/ali/projects/RoboLab/output/v1_cosmos_canonical_original_hot_gpu0/RubiksCubeRightOfBowlMatchedTask/predicted_chunks/episode_004/chunk_002/action.npy,1152,875d1f5ab607fc8fd820503a1a87e519e7377750dc4506de05327b702c3ea8c4
/home/ali/projects/RoboLab/output/v1_cosmos_canonical_original_hot_gpu0/RubiksCubeRightOfBowlMatchedTask/predicted_chunks/episode_004/chunk_002/conditioning.png,544556,082d344eb223f4221df57e22a9ed3ef58df9e878ae6346abcba116cfa8926043
/home/ali/projects/RoboLab/output/v1_cosmos_canonical_original_hot_gpu0/RubiksCubeRightOfBowlMatchedTask/predicted_chunks/episode_004/chunk_002/future.mp4,535759,b662013de516c575f918960468cd1b50376d27c4e087ce80c07d347a1c294941
/home/ali/projects/RoboLab/output/v1_cosmos_canonical_original_hot_gpu0/RubiksCubeRightOfBowlMatchedTask/predicted_chunks/episode_004/chunk_002/metadata.json,854,26880395fd4586a012709ebc8b8cacfe5a280134c1c2826f479d3dfdd28c3548
/home/ali/projects/RoboLab/output/v1_cosmos_canonical_original_hot_gpu0/RubiksCubeRightOfBowlMatchedTask/predicted_chunks/episode_005/chunk_000/action.npy,1152,f79e799dc6dfdee1b1b979172a0b0d4c2838e60fd4e5a6ceacc1f5583fbb8156
/home/ali/projects/RoboLab/output/v1_cosmos_canonical_original_hot_gpu0/RubiksCubeRightOfBowlMatchedTask/predicted_chunks/episode_005/chunk_000/conditioning.png,580960,44ba63569dcad664382a088c3a5b611f35ef781aacd30d931055074ed314e62f
/home/ali/projects/RoboLab/output/v1_cosmos_canonical_original_hot_gpu0/RubiksCubeRightOfBowlMatchedTask/predicted_chunks/episode_005/chunk_000/future.mp4,523898,5c83c35112a2a405487a4c306a27384da76ed3719bfda0d6413b1c0e73982109
/home/ali/projects/RoboLab/output/v1_cosmos_canonical_original_hot_gpu0/RubiksCubeRightOfBowlMatchedTask/predicted_chunks/episode_005/chunk_000/metadata.json,786,961c578db27fdf2ca48b9137fdb5b9d1d533f3b82bdc3e58aed3571f8c8daa5f
/home/ali/projects/RoboLab/output/v1_cosmos_canonical_original_hot_gpu0/RubiksCubeRightOfBowlMatchedTask/predicted_chunks/episode_005/chunk_001/action.npy,1152,82c5000ffd8e95449204d60e87ebe156653a1a98c4e27a82494ceca9a0905a00
/home/ali/projects/RoboLab/output/v1_cosmos_canonical_original_hot_gpu0/RubiksCubeRightOfBowlMatchedTask/predicted_chunks/episode_005/chunk_001/conditioning.png,563820,736179c096c2ab88241db57874afbac826c9c9f4c1323c684e5e9e8205e4917e
/home/ali/projects/RoboLab/output/v1_cosmos_canonical_original_hot_gpu0/RubiksCubeRightOfBowlMatchedTask/predicted_chunks/episode_005/chunk_001/future.mp4,421173,139a6d34bc8a9ddcb79ffca21c82145ffc71f582cabdc3d7028fc07e3acd2729
/home/ali/projects/RoboLab/output/v1_cosmos_canonical_original_hot_gpu0/RubiksCubeRightOfBowlMatchedTask/predicted_chunks/episode_005/chunk_001/metadata.json,871,07e9dc2e0032c94f181edc78387a5a047c9ecf5ceffa2bd3bc19467f3c996bce
/home/ali/projects/RoboLab/output/v1_cosmos_canonical_original_hot_gpu0/RubiksCubeRightOfBowlMatchedTask/predicted_chunks/episode_005/chunk_002/action.npy,1152,8bae45dfb73a01facf3489321eeb51b6fa49f119bc59441253ebe17137224200
/home/ali/projects/RoboLab/output/v1_cosmos_canonical_original_hot_gpu0/RubiksCubeRightOfBowlMatchedTask/predicted_chunks/episode_005/chunk_002/conditioning.png,538133,58eb2245b29ef14b289e718bf651accc2211f26056fb977ce2c8ca6b4fb41dfa
/home/ali/projects/RoboLab/output/v1_cosmos_canonical_original_hot_gpu0/RubiksCubeRightOfBowlMatchedTask/predicted_chunks/episode_005/chunk_002/future.mp4,442672,1165deeb2f2adcc307af6e8f053bc88d90a461ed03b7c5d962f0aaab7d29417c
/home/ali/projects/RoboLab/output/v1_cosmos_canonical_original_hot_gpu0/RubiksCubeRightOfBowlMatchedTask/predicted_chunks/episode_005/chunk_002/metadata.json,855,dcf37ed9d5b0306d9ecf6ab4bdf75cda91078af6c2bb52b76f32a7eeb78a93d5
/home/ali/projects/RoboLab/output/v1_cosmos_canonical_original_hot_gpu0/RubiksCubeRightOfBowlMatchedTask/predicted_chunks/episode_005/chunk_003/action.npy,1152,18f2b1fe3309a0574bc9b5202d7df9c2f73cfe88d1b1ea622577d426e59b994b
/home/ali/projects/RoboLab/output/v1_cosmos_canonical_original_hot_gpu0/RubiksCubeRightOfBowlMatchedTask/predicted_chunks/episode_005/chunk_003/conditioning.png,511835,985c57efb6fc81ad1c8831a08689e2acf72bf6546b91e73f6fac8fe9357fd191
/home/ali/projects/RoboLab/output/v1_cosmos_canonical_original_hot_gpu0/RubiksCubeRightOfBowlMatchedTask/predicted_chunks/episode_005/chunk_003/future.mp4,463347,928a7b2205f6d378f46e4a094bd3436489902dd5887699caa5202d29e4cd3be7
/home/ali/projects/RoboLab/output/v1_cosmos_canonical_original_hot_gpu0/RubiksCubeRightOfBowlMatchedTask/predicted_chunks/episode_005/chunk_003/metadata.json,853,a2f7d6a682c1266668a8ba365a7f814eceac9b1614187fddeae254974cd747cf
/home/ali/projects/RoboLab/output/v1_cosmos_canonical_original_hot_gpu0/RubiksCubeRightOfBowlMatchedTask/predicted_chunks/episode_005/chunk_004/action.npy,1152,ed7f92185f3517943a651e7e0fb69bf0f474430038bf9e19faa7c59e12386721
/home/ali/projects/RoboLab/output/v1_cosmos_canonical_original_hot_gpu0/RubiksCubeRightOfBowlMatchedTask/predicted_chunks/episode_005/chunk_004/conditioning.png,527260,881a8f48f3b36ad4866f1c40687d2e4562bc8ab5f8a5f9313c58f3a34433d75f
/home/ali/projects/RoboLab/output/v1_cosmos_canonical_original_hot_gpu0/RubiksCubeRightOfBowlMatchedTask/predicted_chunks/episode_005/chunk_004/future.mp4,443194,f8cbd6c68b1c2d760482da8899c43c54e3ad0125643f55cf49ac213ee10a463c
/home/ali/projects/RoboLab/output/v1_cosmos_canonical_original_hot_gpu0/RubiksCubeRightOfBowlMatchedTask/predicted_chunks/episode_005/chunk_004/metadata.json,868,367564f0f0bf0b7103649265dd5e5847f6c87661037aa61dadb588cf3a0efc78
/home/ali/projects/RoboLab/output/v1_cosmos_canonical_original_hot_gpu0/RubiksCubeRightOfBowlMatchedTask/predicted_chunks/episode_005/chunk_005/action.npy,1152,a1282bcb909f5552a1037264cbafd34bed06060d05a2d61f42313f45f9b03a63
/home/ali/projects/RoboLab/output/v1_cosmos_canonical_original_hot_gpu0/RubiksCubeRightOfBowlMatchedTask/predicted_chunks/episode_005/chunk_005/conditioning.png,512867,68a7f4fd3de81a219dcf661d0ea17ebea983af94cfa55cb2c27d011d5f0802cd
/home/ali/projects/RoboLab/output/v1_cosmos_canonical_original_hot_gpu0/RubiksCubeRightOfBowlMatchedTask/predicted_chunks/episode_005/chunk_005/future.mp4,478693,7d6489eee55ddbcc97c3998618a01d850c6fbd16a7b80d6e66a39ce691300c3f
/home/ali/projects/RoboLab/output/v1_cosmos_canonical_original_hot_gpu0/RubiksCubeRightOfBowlMatchedTask/predicted_chunks/episode_005/chunk_005/metadata.json,864,acfc766f2ece0e0d43a580115556b611a1d2fade56273a26565370389b443cb6
/home/ali/projects/RoboLab/output/v1_cosmos_canonical_original_hot_gpu0/RubiksCubeRightOfBowlMatchedTask/predicted_chunks/episode_005/chunk_006/action.npy,1152,8ad281a1945cdc67a93a72b4def60efca933a0a156d713024cd74b13280888f5
/home/ali/projects/RoboLab/output/v1_cosmos_canonical_original_hot_gpu0/RubiksCubeRightOfBowlMatchedTask/predicted_chunks/episode_005/chunk_006/conditioning.png,534503,268076afe9b794550201eb5464e26bcf44d1ca82883a1fbf013a8bcb252f74e1
/home/ali/projects/RoboLab/output/v1_cosmos_canonical_original_hot_gpu0/RubiksCubeRightOfBowlMatchedTask/predicted_chunks/episode_005/chunk_006/future.mp4,416465,661b5ff1ba35fc0ca3c9c925e4128957f919c9a5e6e2a8c4dad417f8cbfff173
/home/ali/projects/RoboLab/output/v1_cosmos_canonical_original_hot_gpu0/RubiksCubeRightOfBowlMatchedTask/predicted_chunks/episode_005/chunk_006/metadata.json,872,34926325ced952b5e32b44bdb0971502280b5c9c7d770e45b457d1d60c104e05
/home/ali/projects/RoboLab/output/v1_cosmos_canonical_original_hot_gpu0/RubiksCubeRightOfBowlMatchedTask/predicted_chunks/episode_005/chunk_007/action.npy,1152,8a95bd785121c09ed74dc2a873cf78a0aa19b1a9ca4a9d087f7727be6e25c7e0
/home/ali/projects/RoboLab/output/v1_cosmos_canonical_original_hot_gpu0/RubiksCubeRightOfBowlMatchedTask/predicted_chunks/episode_005/chunk_007/conditioning.png,542186,8e5c0141ed051eb7ac6a2a4c220dba262558c6c04eaa9592eaac50c3ab45353d
/home/ali/projects/RoboLab/output/v1_cosmos_canonical_original_hot_gpu0/RubiksCubeRightOfBowlMatchedTask/predicted_chunks/episode_005/chunk_007/future.mp4,584635,84056548c816de08a7af3bb22a4027f7c455db8e8968ab7f1ed5839ece0d4f1d
/home/ali/projects/RoboLab/output/v1_cosmos_canonical_original_hot_gpu0/RubiksCubeRightOfBowlMatchedTask/predicted_chunks/episode_005/chunk_007/metadata.json,870,edfe1bff370e52d308ec649a7714752934bb03f46aec9b3b5d31554c65337ebe
/home/ali/projects/RoboLab/output/v1_cosmos_canonical_original_hot_gpu0/RubiksCubeRightOfBowlMatchedTask/predicted_chunks/episode_005/chunk_008/action.npy,1152,f12dd4ae0cf856550f105f1be2ad3ba69302ec008623cbf021ca0864f1f71c39
/home/ali/projects/RoboLab/output/v1_cosmos_canonical_original_hot_gpu0/RubiksCubeRightOfBowlMatchedTask/predicted_chunks/episode_005/chunk_008/conditioning.png,507950,d55ba2106604f7c4baa462063949fb5bfaca2aaca83dfeeea86c7e17f8de1ee2
/home/ali/projects/RoboLab/output/v1_cosmos_canonical_original_hot_gpu0/RubiksCubeRightOfBowlMatchedTask/predicted_chunks/episode_005/chunk_008/future.mp4,525041,e4f231d5f4f764af0f3d7de33e6808378ac54d907d38d069af2ed6845e6935cb
/home/ali/projects/RoboLab/output/v1_cosmos_canonical_original_hot_gpu0/RubiksCubeRightOfBowlMatchedTask/predicted_chunks/episode_005/chunk_008/metadata.json,870,7afe068a9854155c4dec8e350ed4652385a077f8e1ae38db967e117ac6845ab7
/home/ali/projects/RoboLab/output/v1_cosmos_canonical_original_hot_gpu0/RubiksCubeRightOfBowlMatchedTask/predicted_chunks/episode_005/chunk_009/action.npy,1152,fff7a159f6f34925394726636e5dcb22e2eec62fbcc4b463a45f7db15a513869
/home/ali/projects/RoboLab/output/v1_cosmos_canonical_original_hot_gpu0/RubiksCubeRightOfBowlMatchedTask/predicted_chunks/episode_005/chunk_009/conditioning.png,470020,a58e9c484b552e0b26a20a3b908444e428b528f0c4844d459e665fbbed9fda35
/home/ali/projects/RoboLab/output/v1_cosmos_canonical_original_hot_gpu0/RubiksCubeRightOfBowlMatchedTask/predicted_chunks/episode_005/chunk_009/future.mp4,310655,e85db2de76c8c9313f8fe415d4af7fd62c6dde7f0e6444185fef40e9c97407fb
/home/ali/projects/RoboLab/output/v1_cosmos_canonical_original_hot_gpu0/RubiksCubeRightOfBowlMatchedTask/predicted_chunks/episode_005/chunk_009/metadata.json,867,263d7a93d88b810603c99d5812d7d91ae9d0b72a6099c6c028f831ac5f4a527e
/home/ali/projects/RoboLab/output/v1_cosmos_canonical_original_hot_gpu0/RubiksCubeRightOfBowlMatchedTask/predicted_chunks/episode_005/chunk_010/action.npy,1152,2b9184488ff6367b62a8a9165cf37d12da69a18833a7f39a18346e1c1a89f742
/home/ali/projects/RoboLab/output/v1_cosmos_canonical_original_hot_gpu0/RubiksCubeRightOfBowlMatchedTask/predicted_chunks/episode_005/chunk_010/conditioning.png,458472,6ecc1b6dd99bba97065311d689aa42d2e6fcbc677dc6512a45ec93e94a104f8f
/home/ali/projects/RoboLab/output/v1_cosmos_canonical_original_hot_gpu0/RubiksCubeRightOfBowlMatchedTask/predicted_chunks/episode_005/chunk_010/future.mp4,366576,0101b6592bc5eb1e1c3220b70647f6c11638902694d191aee458b83bc133f73c
/home/ali/projects/RoboLab/output/v1_cosmos_canonical_original_hot_gpu0/RubiksCubeRightOfBowlMatchedTask/predicted_chunks/episode_005/chunk_010/metadata.json,869,d0a0b4ec470e9371abb53fb391158c6de10d026c4e0523c243fedc5228bf17b7
/home/ali/projects/RoboLab/output/v1_cosmos_canonical_original_hot_gpu0/RubiksCubeRightOfBowlMatchedTask/predicted_chunks/episode_005/chunk_011/action.npy,1152,25ae7d5d9bd3f3f088c697c92b84e3e3ea20cca177b7e985abc866cdf0dd5062
/home/ali/projects/RoboLab/output/v1_cosmos_canonical_original_hot_gpu0/RubiksCubeRightOfBowlMatchedTask/predicted_chunks/episode_005/chunk_011/conditioning.png,457273,b56e0f7b5e105fa5cf4fde2aa152e5861498bdd0726110a90efe9a7479794539
/home/ali/projects/RoboLab/output/v1_cosmos_canonical_original_hot_gpu0/RubiksCubeRightOfBowlMatchedTask/predicted_chunks/episode_005/chunk_011/future.mp4,463503,1b2319d0360fa3dc3fc36c359c7bd7b241f9fe3340b0eec964546869cd8bba3d
/home/ali/projects/RoboLab/output/v1_cosmos_canonical_original_hot_gpu0/RubiksCubeRightOfBowlMatchedTask/predicted_chunks/episode_005/chunk_011/metadata.json,867,f93a36de6b1a99576876adcd01f4a9e5fcb1ca413bc5c13b465a0ceb9b30c331
/home/ali/projects/RoboLab/output/v1_cosmos_canonical_original_hot_gpu0/RubiksCubeRightOfBowlMatchedTask/predicted_chunks/episode_005/chunk_012/action.npy,1152,45de7b02be16c0d354302fc1a952d5b2d503ee48fe43a25572b17980b57f2519
/home/ali/projects/RoboLab/output/v1_cosmos_canonical_original_hot_gpu0/RubiksCubeRightOfBowlMatchedTask/predicted_chunks/episode_005/chunk_012/conditioning.png,512707,7d534e649d121cd743ef6c9cb2ca89effd2c5ff8e52a87e2c030e9b47bc78012
/home/ali/projects/RoboLab/output/v1_cosmos_canonical_original_hot_gpu0/RubiksCubeRightOfBowlMatchedTask/predicted_chunks/episode_005/chunk_012/future.mp4,533838,e7efbaac72c873dd334b81160e49e2544a8e2510904c7464f41429b0986994d2
/home/ali/projects/RoboLab/output/v1_cosmos_canonical_original_hot_gpu0/RubiksCubeRightOfBowlMatchedTask/predicted_chunks/episode_005/chunk_012/metadata.json,873,e5a22718bddb1fc682a2b80e9d0b799d72c2ee21813e19824fdeb5ec8d7e4f4b
/home/ali/projects/RoboLab/output/v1_cosmos_canonical_original_hot_gpu0/RubiksCubeRightOfBowlMatchedTask/predicted_chunks/episode_005/chunk_013/action.npy,1152,dbe4c877f96c1a284435d1a5c2cd6a4a831baf1703c64a82d575583bc3337356
/home/ali/projects/RoboLab/output/v1_cosmos_canonical_original_hot_gpu0/RubiksCubeRightOfBowlMatchedTask/predicted_chunks/episode_005/chunk_013/conditioning.png,476660,7f76147e5fc1f3900381510cdd332f3761dc2c129f6b6889edac18d90b896769
/home/ali/projects/RoboLab/output/v1_cosmos_canonical_original_hot_gpu0/RubiksCubeRightOfBowlMatchedTask/predicted_chunks/episode_005/chunk_013/future.mp4,378676,c1d4a3dbcd4555ddd7aeb6e84cdf1ddf12b85d69051856c6b1b96760b29561b0
/home/ali/projects/RoboLab/output/v1_cosmos_canonical_original_hot_gpu0/RubiksCubeRightOfBowlMatchedTask/predicted_chunks/episode_005/chunk_013/metadata.json,873,9de95d31b47030f6e4b5a16d13e576e16b0f9ee0d08de2bd1f877513988ebc4b
/home/ali/projects/RoboLab/output/v1_cosmos_canonical_original_hot_gpu0/RubiksCubeRightOfBowlMatchedTask/predicted_chunks/episode_005/chunk_014/action.npy,1152,65ad97eded23e6fa96e8fe0ed845ce0e17081b24afd06923a550160c1b419ee4
/home/ali/projects/RoboLab/output/v1_cosmos_canonical_original_hot_gpu0/RubiksCubeRightOfBowlMatchedTask/predicted_chunks/episode_005/chunk_014/conditioning.png,509410,737e2685c2a1ec1e2f2c85e5b880569eb7a97e3d6a7e86f3fa6783f106f0a863
/home/ali/projects/RoboLab/output/v1_cosmos_canonical_original_hot_gpu0/RubiksCubeRightOfBowlMatchedTask/predicted_chunks/episode_005/chunk_014/future.mp4,427402,f36df357c0c641489bfb96ca42f837097279d1ce89cfe56f42745c1dbcc00d61
/home/ali/projects/RoboLab/output/v1_cosmos_canonical_original_hot_gpu0/RubiksCubeRightOfBowlMatchedTask/predicted_chunks/episode_005/chunk_014/metadata.json,868,5c5b741285ca19fe4f04c11e26e824474d981e4e895538edc94e082482dd3ec0
/home/ali/projects/RoboLab/output/v1_cosmos_canonical_original_hot_gpu0/RubiksCubeRightOfBowlMatchedTask/predicted_chunks/episode_006/chunk_000/action.npy,1152,ce11eea306d60ec249e5543172887fde5415395b8ecba1b38c2f6b4e85d330da
/home/ali/projects/RoboLab/output/v1_cosmos_canonical_original_hot_gpu0/RubiksCubeRightOfBowlMatchedTask/predicted_chunks/episode_006/chunk_000/conditioning.png,578227,511bee304d0eae9a011df7180b3b0b3c6888a65f1d956588339e77b8bbaef25e
/home/ali/projects/RoboLab/output/v1_cosmos_canonical_original_hot_gpu0/RubiksCubeRightOfBowlMatchedTask/predicted_chunks/episode_006/chunk_000/future.mp4,497984,6f2102cfc88c49420e775dfaf9a15ffb520049730c2c339d5866f7840c641a24
/home/ali/projects/RoboLab/output/v1_cosmos_canonical_original_hot_gpu0/RubiksCubeRightOfBowlMatchedTask/predicted_chunks/episode_006/chunk_000/metadata.json,786,36f5c596d9e0df0c8b80952a3fa8ce0458b0459c5c9d5db29729b6f64243f38d
/home/ali/projects/RoboLab/output/v1_cosmos_canonical_original_hot_gpu0/RubiksCubeRightOfBowlMatchedTask/predicted_chunks/episode_006/chunk_001/action.npy,1152,83ac60d1a954a129c04322884cfcf86a400a234cc20dabb75734b163fb4b4016
/home/ali/projects/RoboLab/output/v1_cosmos_canonical_original_hot_gpu0/RubiksCubeRightOfBowlMatchedTask/predicted_chunks/episode_006/chunk_001/conditioning.png,554264,ee9e475e2c1de670502218dad93a7ca2342d741641f60d397daf0e84fe4a98fb
/home/ali/projects/RoboLab/output/v1_cosmos_canonical_original_hot_gpu0/RubiksCubeRightOfBowlMatchedTask/predicted_chunks/episode_006/chunk_001/future.mp4,398555,7f39146ad3bdc51c6b31aee94814e3b93c3e27ad43806d2568f651334bb9e7a3
/home/ali/projects/RoboLab/output/v1_cosmos_canonical_original_hot_gpu0/RubiksCubeRightOfBowlMatchedTask/predicted_chunks/episode_006/chunk_001/metadata.json,866,04a4885127f59db5ff827f843ee3ed4d2fdd11c82129b8fc1f033a92a84f4d6d
/home/ali/projects/RoboLab/output/v1_cosmos_canonical_original_hot_gpu0/RubiksCubeRightOfBowlMatchedTask/predicted_chunks/episode_006/chunk_002/action.npy,1152,ef48180ba05e23d3f45323671fe0473dd4a154d84220b27f381a1cbcb9796310
/home/ali/projects/RoboLab/output/v1_cosmos_canonical_original_hot_gpu0/RubiksCubeRightOfBowlMatchedTask/predicted_chunks/episode_006/chunk_002/conditioning.png,522621,6e588e0c0a136778aadf4e3a6dcf410a676994c573c541b470f43a6f7df57102
/home/ali/projects/RoboLab/output/v1_cosmos_canonical_original_hot_gpu0/RubiksCubeRightOfBowlMatchedTask/predicted_chunks/episode_006/chunk_002/future.mp4,523314,60e75830603e3ec07df43275c7ce12aa9cce5c271ba088d17281d9d86bf1d0ee
/home/ali/projects/RoboLab/output/v1_cosmos_canonical_original_hot_gpu0/RubiksCubeRightOfBowlMatchedTask/predicted_chunks/episode_006/chunk_002/metadata.json,865,f35d8b1f5aba6e1969d84de641c59051e51c4f38208cae324bf72bef73e4cb17
/home/ali/projects/RoboLab/output/v1_cosmos_canonical_original_hot_gpu0/RubiksCubeRightOfBowlMatchedTask/predicted_chunks/episode_006/chunk_003/action.npy,1152,cf46261a87f43dae79a4a061697002ddda2ac71c27165170d32314bbec96823f
/home/ali/projects/RoboLab/output/v1_cosmos_canonical_original_hot_gpu0/RubiksCubeRightOfBowlMatchedTask/predicted_chunks/episode_006/chunk_003/conditioning.png,552618,9c579250507422a7cbae42f5ad238364d2ac8e3431e3f5d9a4aa8b3a47d35c25
/home/ali/projects/RoboLab/output/v1_cosmos_canonical_original_hot_gpu0/RubiksCubeRightOfBowlMatchedTask/predicted_chunks/episode_006/chunk_003/future.mp4,472062,86a4fc47b462ea582beba77f6210757a689d8d4f1e47941976ae0f3adf204a78
/home/ali/projects/RoboLab/output/v1_cosmos_canonical_original_hot_gpu0/RubiksCubeRightOfBowlMatchedTask/predicted_chunks/episode_006/chunk_003/metadata.json,870,a3f3aa32b7b428b0191d49bab5f21fe1793bc56af6a38cd29448ab8aa4c5d072
/home/ali/projects/RoboLab/output/v1_cosmos_canonical_original_hot_gpu0/RubiksCubeRightOfBowlMatchedTask/predicted_chunks/episode_006/chunk_004/action.npy,1152,6bb0083af2fb9feceed6327ce336d9b930faace3be6d5b20d59ea9e39c7c3343
/home/ali/projects/RoboLab/output/v1_cosmos_canonical_original_hot_gpu0/RubiksCubeRightOfBowlMatchedTask/predicted_chunks/episode_006/chunk_004/conditioning.png,554761,a13b9bfa896d626d3cdaf881858e351e7a9ff242903571eb8f862315c3eb0e65
/home/ali/projects/RoboLab/output/v1_cosmos_canonical_original_hot_gpu0/RubiksCubeRightOfBowlMatchedTask/predicted_chunks/episode_006/chunk_004/future.mp4,431258,25226dfcd630a80de3526976782d7fa08ae1a66a3e5609459aa923d668406567
/home/ali/projects/RoboLab/output/v1_cosmos_canonical_original_hot_gpu0/RubiksCubeRightOfBowlMatchedTask/predicted_chunks/episode_006/chunk_004/metadata.json,870,86c58e4ef09aeebfe132f699671ca0605b6bcd7cf41022937e7c06b1ff9fc9a3
/home/ali/projects/RoboLab/output/v1_cosmos_canonical_original_hot_gpu0/RubiksCubeRightOfBowlMatchedTask/predicted_chunks/episode_007/chunk_000/action.npy,1152,9fe9a1f3d00c2c4cfc1c8bde5cc142673fdd1cbe00fe903a9e2ca89ef6e721c5
/home/ali/projects/RoboLab/output/v1_cosmos_canonical_original_hot_gpu0/RubiksCubeRightOfBowlMatchedTask/predicted_chunks/episode_007/chunk_000/conditioning.png,577406,c8f42c0163248dd203692a897cbecbdac40960be417d18d85a7c117ff1dc517a
/home/ali/projects/RoboLab/output/v1_cosmos_canonical_original_hot_gpu0/RubiksCubeRightOfBowlMatchedTask/predicted_chunks/episode_007/chunk_000/future.mp4,499826,db5b0374f38e4093612e13411462e047fe9be1de458648d71ca6e102d50b8c04
/home/ali/projects/RoboLab/output/v1_cosmos_canonical_original_hot_gpu0/RubiksCubeRightOfBowlMatchedTask/predicted_chunks/episode_007/chunk_000/metadata.json,786,411d62d738d7937f1f33bbda1047c4e0470abe01cacd8c0b8a4d9f04b23f382e
/home/ali/projects/RoboLab/output/v1_cosmos_canonical_original_hot_gpu0/RubiksCubeRightOfBowlMatchedTask/predicted_chunks/episode_007/chunk_001/action.npy,1152,6bdf1e1af5b89d0084bb6e237cf8b58e4c90053660f53b26ec7a107d88d9caf6
/home/ali/projects/RoboLab/output/v1_cosmos_canonical_original_hot_gpu0/RubiksCubeRightOfBowlMatchedTask/predicted_chunks/episode_007/chunk_001/conditioning.png,556556,c5fbeb9e4dbdee515a15d5200dcbadbc8ac00296a0468f22bc20ea1bdca65748
/home/ali/projects/RoboLab/output/v1_cosmos_canonical_original_hot_gpu0/RubiksCubeRightOfBowlMatchedTask/predicted_chunks/episode_007/chunk_001/future.mp4,423585,1840dd6adee48a57df458ad53a563ea2a1a81689310832b035e4eb85f30bf072
/home/ali/projects/RoboLab/output/v1_cosmos_canonical_original_hot_gpu0/RubiksCubeRightOfBowlMatchedTask/predicted_chunks/episode_007/chunk_001/metadata.json,869,0f06c325e27295e254a367e3e18abc912b4db99148acf43ad9151dcb7c28acc7
/home/ali/projects/RoboLab/output/v1_cosmos_canonical_original_hot_gpu0/RubiksCubeRightOfBowlMatchedTask/predicted_chunks/episode_007/chunk_002/action.npy,1152,7c2f2d6b9dfef0bac3e95ba29e1980254f028b8888e8b7f7ff095b9a7f282a44
/home/ali/projects/RoboLab/output/v1_cosmos_canonical_original_hot_gpu0/RubiksCubeRightOfBowlMatchedTask/predicted_chunks/episode_007/chunk_002/conditioning.png,538642,3bdca3154d2a37c5665c5eea189f8be4493a1edcd2c5c41b804c185f6dc4a96c
/home/ali/projects/RoboLab/output/v1_cosmos_canonical_original_hot_gpu0/RubiksCubeRightOfBowlMatchedTask/predicted_chunks/episode_007/chunk_002/future.mp4,521536,7fee2ba9b3f6eb60c6e42a2d13395204161bc9f19603f2919426cc890aaa939e
/home/ali/projects/RoboLab/output/v1_cosmos_canonical_original_hot_gpu0/RubiksCubeRightOfBowlMatchedTask/predicted_chunks/episode_007/chunk_002/metadata.json,851,a764ec3dea7790d83f69df6130735cb6e8a6d774a06cd2a50d947807172415e5
/home/ali/projects/RoboLab/output/v1_cosmos_canonical_original_hot_gpu0/RubiksCubeRightOfBowlMatchedTask/predicted_chunks/episode_008/chunk_000/action.npy,1152,6b52ed22cb2c32e4b5af2a0a60404867833809ac323913a1ddf66f084689538c
/home/ali/projects/RoboLab/output/v1_cosmos_canonical_original_hot_gpu0/RubiksCubeRightOfBowlMatchedTask/predicted_chunks/episode_008/chunk_000/conditioning.png,578502,c3f7c6d4abbffd071d98970d9aa2d4ad60337dfd80dc3ae96c38d9976f87a23d
/home/ali/projects/RoboLab/output/v1_cosmos_canonical_original_hot_gpu0/RubiksCubeRightOfBowlMatchedTask/predicted_chunks/episode_008/chunk_000/future.mp4,519594,85e7a554dd0b38a7f9802d870cab435a7c9bc00ab0d35ff00d94ccc76490f038
/home/ali/projects/RoboLab/output/v1_cosmos_canonical_original_hot_gpu0/RubiksCubeRightOfBowlMatchedTask/predicted_chunks/episode_008/chunk_000/metadata.json,786,87fad195599cef75f17c003cf3bc685fcb8fccfeaf8fdbc90c9bcf204e8b0961
/home/ali/projects/RoboLab/output/v1_cosmos_canonical_original_hot_gpu0/RubiksCubeRightOfBowlMatchedTask/predicted_chunks/episode_008/chunk_001/action.npy,1152,db20097d64c00a86b6b0c043c6345a0cd37db518e02cc202f98a309ee6a2ab06
/home/ali/projects/RoboLab/output/v1_cosmos_canonical_original_hot_gpu0/RubiksCubeRightOfBowlMatchedTask/predicted_chunks/episode_008/chunk_001/conditioning.png,556584,3cd2a36255c8647d09af585233a666db349961e2ac40eb3944780f0289a0cfd8
/home/ali/projects/RoboLab/output/v1_cosmos_canonical_original_hot_gpu0/RubiksCubeRightOfBowlMatchedTask/predicted_chunks/episode_008/chunk_001/future.mp4,446744,9ab8a1eda8f498bd423a23192775f61e7422b5df3c4cf3ca2fe5c610f7e75a79
/home/ali/projects/RoboLab/output/v1_cosmos_canonical_original_hot_gpu0/RubiksCubeRightOfBowlMatchedTask/predicted_chunks/episode_008/chunk_001/metadata.json,872,7d60f881aa663fed7f92e8d7e9f2aaaf7420c603348a1905d52268c98c12fde9
/home/ali/projects/RoboLab/output/v1_cosmos_canonical_original_hot_gpu0/RubiksCubeRightOfBowlMatchedTask/predicted_chunks/episode_008/chunk_002/action.npy,1152,487da82be79e02e9471bd23f20abaebe4aaba6d61c11939184467e17c83948fb
/home/ali/projects/RoboLab/output/v1_cosmos_canonical_original_hot_gpu0/RubiksCubeRightOfBowlMatchedTask/predicted_chunks/episode_008/chunk_002/conditioning.png,550980,00b4668e19a544d934432f77c313c9722824fb987de451995314f27684f2baf0
/home/ali/projects/RoboLab/output/v1_cosmos_canonical_original_hot_gpu0/RubiksCubeRightOfBowlMatchedTask/predicted_chunks/episode_008/chunk_002/future.mp4,426414,b67a1fc738cc95caf96bb9769dcfff29e01389657ccdd449649e46656b1d9e94
/home/ali/projects/RoboLab/output/v1_cosmos_canonical_original_hot_gpu0/RubiksCubeRightOfBowlMatchedTask/predicted_chunks/episode_008/chunk_002/metadata.json,850,06a756d0a42cee6242d4aad754e9cd5205f108cadb5d5c943930e5532125608c
/home/ali/projects/RoboLab/output/v1_cosmos_canonical_original_hot_gpu0/RubiksCubeRightOfBowlMatchedTask/predicted_chunks/episode_008/chunk_003/action.npy,1152,eb027d1e016ec9ee580def6272a3dfd28af9996cbace9264c01f52e0b3eb0fda
/home/ali/projects/RoboLab/output/v1_cosmos_canonical_original_hot_gpu0/RubiksCubeRightOfBowlMatchedTask/predicted_chunks/episode_008/chunk_003/conditioning.png,520063,6df49c822a5c7284daae553c0c5bf5ca925ec32ce012cddaa9ac9ee91c484415
/home/ali/projects/RoboLab/output/v1_cosmos_canonical_original_hot_gpu0/RubiksCubeRightOfBowlMatchedTask/predicted_chunks/episode_008/chunk_003/future.mp4,491009,c8b951581d88af2953814714dd419ab674692a88cc784a0d3df6438539f3e246
/home/ali/projects/RoboLab/output/v1_cosmos_canonical_original_hot_gpu0/RubiksCubeRightOfBowlMatchedTask/predicted_chunks/episode_008/chunk_003/metadata.json,864,e6b3c2804b827b6f96a25d298b2803b8efbb20e3513748466efe2e21e6fee382
/home/ali/projects/RoboLab/output/v1_cosmos_canonical_original_hot_gpu0/RubiksCubeRightOfBowlMatchedTask/predicted_chunks/episode_008/chunk_004/action.npy,1152,c62e18cbdcda4651c1c1300f317fe1f5b4f71ac8d04a7ca5db17ce502bbbd8f7
/home/ali/projects/RoboLab/output/v1_cosmos_canonical_original_hot_gpu0/RubiksCubeRightOfBowlMatchedTask/predicted_chunks/episode_008/chunk_004/conditioning.png,569047,1874113d33d2084b2bacec82190b97c2bf514771a6741b40b8d9c229abc64415
/home/ali/projects/RoboLab/output/v1_cosmos_canonical_original_hot_gpu0/RubiksCubeRightOfBowlMatchedTask/predicted_chunks/episode_008/chunk_004/future.mp4,612502,bdd712aa163999bea59b574aa768de45b546967665296c39c024652cad81cdc6
/home/ali/projects/RoboLab/output/v1_cosmos_canonical_original_hot_gpu0/RubiksCubeRightOfBowlMatchedTask/predicted_chunks/episode_008/chunk_004/metadata.json,869,f51bac96f70edbccfbefb2127b542f5e69324bdc5a0a56a8bc4a3cd3e1883a04
/home/ali/projects/RoboLab/output/v1_cosmos_canonical_original_hot_gpu0/RubiksCubeRightOfBowlMatchedTask/predicted_chunks/episode_008/chunk_005/action.npy,1152,e4dfa8d85ef60a068c36f405795ff9bcc6e68a1f1b58ebb467662b666cd9bce4
/home/ali/projects/RoboLab/output/v1_cosmos_canonical_original_hot_gpu0/RubiksCubeRightOfBowlMatchedTask/predicted_chunks/episode_008/chunk_005/conditioning.png,512330,b86a569f2e151975a3a3263d2458c74eaa86799bd9f29310275d75468971f1ad
/home/ali/projects/RoboLab/output/v1_cosmos_canonical_original_hot_gpu0/RubiksCubeRightOfBowlMatchedTask/predicted_chunks/episode_008/chunk_005/future.mp4,509231,2714b19abf3d42c25e55bac331447afcc75e4b037f94c4f5ab7c657ceb7bac31
/home/ali/projects/RoboLab/output/v1_cosmos_canonical_original_hot_gpu0/RubiksCubeRightOfBowlMatchedTask/predicted_chunks/episode_008/chunk_005/metadata.json,868,4576c8f02651f6de4c5c8cf5e26466626b9f79bbe5a26f0d73df6b3df459420a
/home/ali/projects/RoboLab/output/v1_cosmos_canonical_original_hot_gpu0/RubiksCubeRightOfBowlMatchedTask/predicted_chunks/episode_009/chunk_000/action.npy,1152,704ea7a7c8c17a847c16ad4b52818b548dca989675799e0b485f0c0e068bf4f8
/home/ali/projects/RoboLab/output/v1_cosmos_canonical_original_hot_gpu0/RubiksCubeRightOfBowlMatchedTask/predicted_chunks/episode_009/chunk_000/conditioning.png,580214,88e79dd555cd8dd18633ff6affa649e3199fd6ce56608913f054c3c2ebc1461b
/home/ali/projects/RoboLab/output/v1_cosmos_canonical_original_hot_gpu0/RubiksCubeRightOfBowlMatchedTask/predicted_chunks/episode_009/chunk_000/future.mp4,480283,16917e5863a519fa5f565d5ed9e465e37e77966cdf803a2ca2e6ccfe6bc77ddd
/home/ali/projects/RoboLab/output/v1_cosmos_canonical_original_hot_gpu0/RubiksCubeRightOfBowlMatchedTask/predicted_chunks/episode_009/chunk_000/metadata.json,786,a9e756c99b89f26c3e3f0d8674db3400dbec31c426e36b637d48c95ae4b1705e
/home/ali/projects/RoboLab/output/v1_cosmos_canonical_original_hot_gpu0/RubiksCubeRightOfBowlMatchedTask/predicted_chunks/episode_009/chunk_001/action.npy,1152,0949be217afe968c2b7063c8f3caaffe23e18b72a5849de35a7f11f40d96492e
/home/ali/projects/RoboLab/output/v1_cosmos_canonical_original_hot_gpu0/RubiksCubeRightOfBowlMatchedTask/predicted_chunks/episode_009/chunk_001/conditioning.png,564449,42e1c2d8565b415a609c76def1f3cd13a45f3db03d8bd4389068f8c6171bed95
/home/ali/projects/RoboLab/output/v1_cosmos_canonical_original_hot_gpu0/RubiksCubeRightOfBowlMatchedTask/predicted_chunks/episode_009/chunk_001/future.mp4,441538,30767c0613f473f8728469ada01090a34b01c64eeb6cc11c16f26705f71a4a19
/home/ali/projects/RoboLab/output/v1_cosmos_canonical_original_hot_gpu0/RubiksCubeRightOfBowlMatchedTask/predicted_chunks/episode_009/chunk_001/metadata.json,867,30461b53248d364788fad919fae732e42dc11f25c618491cc504a848aa6cf4d5
/home/ali/projects/RoboLab/output/v1_cosmos_canonical_original_hot_gpu0/RubiksCubeRightOfBowlMatchedTask/predicted_chunks/episode_009/chunk_002/action.npy,1152,e0c65278349f29a41dd93110e128b93fa6936feb1a34bfaeb7c80c0257e34c88
/home/ali/projects/RoboLab/output/v1_cosmos_canonical_original_hot_gpu0/RubiksCubeRightOfBowlMatchedTask/predicted_chunks/episode_009/chunk_002/conditioning.png,546272,42517c7c18efded0b9346cd28e0f986099aadd305627487cc3e24dd0a2ea3a20
/home/ali/projects/RoboLab/output/v1_cosmos_canonical_original_hot_gpu0/RubiksCubeRightOfBowlMatchedTask/predicted_chunks/episode_009/chunk_002/future.mp4,466226,ca4c2f7167d1f94d778d571a7bed8ca750b7b84224e1d84fe406964bbf6ded4a
/home/ali/projects/RoboLab/output/v1_cosmos_canonical_original_hot_gpu0/RubiksCubeRightOfBowlMatchedTask/predicted_chunks/episode_009/chunk_002/metadata.json,868,05933f9f410cca7b999ab9272e0d6b15a039cbe6e9fee03e266a63224a1c238a
/home/ali/projects/RoboLab/output/v1_cosmos_canonical_original_hot_gpu0/RubiksCubeRightOfBowlMatchedTask/predicted_chunks/episode_009/chunk_003/action.npy,1152,6b53619d0f935d42b0eb555437279747bd5f2a0fc764e635a86b910e915115d1
/home/ali/projects/RoboLab/output/v1_cosmos_canonical_original_hot_gpu0/RubiksCubeRightOfBowlMatchedTask/predicted_chunks/episode_009/chunk_003/conditioning.png,544525,f36162d7bacdefdf37cdaa54247848bc0c9dd224c0a1fdb8f2a68c6c4d83bc09
/home/ali/projects/RoboLab/output/v1_cosmos_canonical_original_hot_gpu0/RubiksCubeRightOfBowlMatchedTask/predicted_chunks/episode_009/chunk_003/future.mp4,479883,6863ee58a3e7cc37d56dde7d405378dd35a27df979c786d02111ef55738d8604
/home/ali/projects/RoboLab/output/v1_cosmos_canonical_original_hot_gpu0/RubiksCubeRightOfBowlMatchedTask/predicted_chunks/episode_009/chunk_003/metadata.json,852,bf13175a228178c5c109a1bb284227ea5df8a8dd2647f5e3721c2fe31bc059f4
/home/ali/projects/RoboLab/output/v1_cosmos_canonical_original_hot_gpu0/RubiksCubeRightOfBowlMatchedTask/predicted_chunks/episode_009/chunk_004/action.npy,1152,f9adda343e0d0210a4c35b2bc17911c988483e6b8c997052c36eab74b73eb84d
/home/ali/projects/RoboLab/output/v1_cosmos_canonical_original_hot_gpu0/RubiksCubeRightOfBowlMatchedTask/predicted_chunks/episode_009/chunk_004/conditioning.png,553771,bcc64b8cb45fc246149575cd9e10d55d3a9d8fac8689a6d39c6c92bf56869e7b
/home/ali/projects/RoboLab/output/v1_cosmos_canonical_original_hot_gpu0/RubiksCubeRightOfBowlMatchedTask/predicted_chunks/episode_009/chunk_004/future.mp4,389100,29c1cd37505935258f4f4e1204e4adbae42695025e5b22ee20ffd04193bded82
/home/ali/projects/RoboLab/output/v1_cosmos_canonical_original_hot_gpu0/RubiksCubeRightOfBowlMatchedTask/predicted_chunks/episode_009/chunk_004/metadata.json,853,185562975f4e1e8d8e75d3014a0308c159575f33a18a4f2b7654ceacd3aa7256
/home/ali/projects/RoboLab/output/v1_cosmos_canonical_original_hot_gpu0/RubiksCubeRightOfBowlMatchedTask/predicted_chunks/episode_009/chunk_005/action.npy,1152,8616602965a1932ea714b15afacf720e4425851dc0f027d568157734f4b49dd9
/home/ali/projects/RoboLab/output/v1_cosmos_canonical_original_hot_gpu0/RubiksCubeRightOfBowlMatchedTask/predicted_chunks/episode_009/chunk_005/conditioning.png,539551,46c50472bda112b899f0002449068bcf465b67ada394029c07ae2a7c3bc5cf5c
/home/ali/projects/RoboLab/output/v1_cosmos_canonical_original_hot_gpu0/RubiksCubeRightOfBowlMatchedTask/predicted_chunks/episode_009/chunk_005/future.mp4,560402,ffe3adf59ce165c673fc50c6cdbf66f5b61bf8c7499f37f4e19a42b3e634a47d
/home/ali/projects/RoboLab/output/v1_cosmos_canonical_original_hot_gpu0/RubiksCubeRightOfBowlMatchedTask/predicted_chunks/episode_009/chunk_005/metadata.json,869,7c9106826f4cff55d209cf0bc22f54b02f3b93b3b1967601e7f8c30b30d79d86
/home/ali/projects/RoboLab/output/v1_cosmos_canonical_original_hot_gpu0/RubiksCubeRightOfBowlMatchedTask/predicted_chunks/episode_009/chunk_006/action.npy,1152,9d99a66f78237bed1e368cf2f841ade6f3704aca7bb06666fd3368f95c69ecac
/home/ali/projects/RoboLab/output/v1_cosmos_canonical_original_hot_gpu0/RubiksCubeRightOfBowlMatchedTask/predicted_chunks/episode_009/chunk_006/conditioning.png,513616,6274cd62bf2288caf18755189f504e4654854feba2f2dc1e479bc2127092b8b6
/home/ali/projects/RoboLab/output/v1_cosmos_canonical_original_hot_gpu0/RubiksCubeRightOfBowlMatchedTask/predicted_chunks/episode_009/chunk_006/future.mp4,478170,be56609fb8648758d9f81e952a121f372a5a69acefb4bee3554e0b55e1644ead
/home/ali/projects/RoboLab/output/v1_cosmos_canonical_original_hot_gpu0/RubiksCubeRightOfBowlMatchedTask/predicted_chunks/episode_009/chunk_006/metadata.json,868,4fd8b66e59074956b9ee05895f7553a26d3dbc79cac39d4d694652b0a2d12072
/home/ali/projects/RoboLab/output/v1_cosmos_canonical_original_hot_gpu0/RubiksCubeRightOfBowlMatchedTask/predicted_chunks/episode_009/chunk_007/action.npy,1152,3fe843d2746370486676b1687c164c6bc9b32ece38ff447b98cea4dac65ddfd6
/home/ali/projects/RoboLab/output/v1_cosmos_canonical_original_hot_gpu0/RubiksCubeRightOfBowlMatchedTask/predicted_chunks/episode_009/chunk_007/conditioning.png,477090,a8230d6a673ab0a8e21eeaa073a523672600cb9b6a2b13653d26c55edd778bc5
/home/ali/projects/RoboLab/output/v1_cosmos_canonical_original_hot_gpu0/RubiksCubeRightOfBowlMatchedTask/predicted_chunks/episode_009/chunk_007/future.mp4,475989,faee9f2141a090cb6fdc112b08204cea7184de51a274e8ecfdf42864bcf12927
/home/ali/projects/RoboLab/output/v1_cosmos_canonical_original_hot_gpu0/RubiksCubeRightOfBowlMatchedTask/predicted_chunks/episode_009/chunk_007/metadata.json,867,bb2f2755222e7ca24d5d970c6f329c72142668b3c20895939fc5a97ee0527e5f
/home/ali/projects/RoboLab/output/v1_cosmos_canonical_original_hot_gpu0/RubiksCubeRightOfBowlMatchedTask/predicted_chunks/manifest.jsonl,52310,1370985e455b291a53b88636ab46b91baa7124844110b2d0c50fa7cc7c21d75f
/home/ali/projects/RoboLab/output/v1_cosmos_canonical_original_hot_gpu0/RubiksCubeRightOfBowlMatchedTask/run_0.hdf5,234662,8af87f5650fc9aa47a99f0bca2d62bc19f6279572e9835a63a27bc14b008bd53
/home/ali/projects/RoboLab/output/v1_cosmos_canonical_original_hot_gpu0/RubiksCubeRightOfBowlMatchedTask/run_1.hdf5,232246,1976932eec1bb9650c4a38809db14285b344a5837e713fc16db3a7695eefecd2
/home/ali/projects/RoboLab/output/v1_cosmos_canonical_original_hot_gpu0/RubiksCubeRightOfBowlMatchedTask/run_2.hdf5,268812,e34623fe8c89247eafc0e41e96b0cacf63124beea7540f13e264de38c9e4ace9
/home/ali/projects/RoboLab/output/v1_cosmos_canonical_original_hot_gpu0/RubiksCubeRightOfBowlMatchedTask/run_3.hdf5,319211,e69faa03ff31275a05cd3f2d83455b2377607364a721ef1938149de8a9314cae
/home/ali/projects/RoboLab/output/v1_cosmos_canonical_original_hot_gpu0/RubiksCubeRightOfBowlMatchedTask/run_4.hdf5,215126,3965d73801ac689ee2cf1dd1634c5d00537e32152dd6f24a4b7b808fa267809c
/home/ali/projects/RoboLab/output/v1_cosmos_canonical_original_hot_gpu0/RubiksCubeRightOfBowlMatchedTask/run_5.hdf5,341658,dcd8d7e98a2275661774f495584be58ba737b3339dd200030398134f331b81f5
/home/ali/projects/RoboLab/output/v1_cosmos_canonical_original_hot_gpu0/RubiksCubeRightOfBowlMatchedTask/run_6.hdf5,235409,9e430b75e4694d331805466be8b6db2158af57f9e86d6b2385fabbfebe2fbe94
/home/ali/projects/RoboLab/output/v1_cosmos_canonical_original_hot_gpu0/RubiksCubeRightOfBowlMatchedTask/run_7.hdf5,215229,151ec56ff8b6fd951329e20d8398c1537671ab992244f7568372dd361bc7f682
/home/ali/projects/RoboLab/output/v1_cosmos_canonical_original_hot_gpu0/RubiksCubeRightOfBowlMatchedTask/run_8.hdf5,248205,2fcf0f2e9d4bae87dab3c13379253b7a8b453362d76836aedd9459f7d7079440
/home/ali/projects/RoboLab/output/v1_cosmos_canonical_original_hot_gpu0/RubiksCubeRightOfBowlMatchedTask/run_9.hdf5,265474,942b8814ab6cb9eb4d2d923e6ba02c82a6d149716dff24828e5c80288fd5e12d
/home/ali/projects/RoboLab/output/v1_cosmos_canonical_original_hot_gpu0/episode_results.jsonl,24039,25034e015c8f966c06036e7072a6292b081c1bd68bb35a80ff84c4af37e39f06
/home/ali/projects/RoboLab/output/v1_cosmos_h5_oracle_scope_change_excluded/RubiksCubeLeftOfBowlMatchedTask/env_cfg.json,43180,16b9604aab21a0c4482c5e40d149ce3b800aff7a23f1b701174261b95b46c84e
/home/ali/projects/RoboLab/output/v1_cosmos_h5_oracle_scope_change_excluded/RubiksCubeLeftOfBowlMatchedTask/log_0_env0.json,743,60d8e8243fe515400bc9117bd394dee6bfef5569fbc18d7926cf6b0aee5ad81b
/home/ali/projects/RoboLab/output/v1_cosmos_h5_oracle_scope_change_excluded/RubiksCubeLeftOfBowlMatchedTask/log_1_env0.json,743,b3ee96ac331663a066eaababae21300456a4acfaaa1b1cf07df7655735e670d9
/home/ali/projects/RoboLab/output/v1_cosmos_h5_oracle_scope_change_excluded/RubiksCubeLeftOfBowlMatchedTask/log_2_env0.json,868,99dcde3410029e37672949cdbd1621cabb7868034382bd61427d30c7ef631a5d
/home/ali/projects/RoboLab/output/v1_cosmos_h5_oracle_scope_change_excluded/RubiksCubeLeftOfBowlMatchedTask/log_3_env0.json,741,65513a963985535c5fc47272056057a2e69ebdd7087bf05227f7e57503b60dc2
/home/ali/projects/RoboLab/output/v1_cosmos_h5_oracle_scope_change_excluded/RubiksCubeLeftOfBowlMatchedTask/log_4_env0.json,868,b01ac99efaf6ca8f312b2b5ffd30e82e5c90c0e6c2de024bdf3283c8dc85da4d
/home/ali/projects/RoboLab/output/v1_cosmos_h5_oracle_scope_change_excluded/RubiksCubeLeftOfBowlMatchedTask/run_0.hdf5,342733,377cd91150f84b724eecf358477289dba384d77b38f006c04da72be5de4708b3
/home/ali/projects/RoboLab/output/v1_cosmos_h5_oracle_scope_change_excluded/RubiksCubeLeftOfBowlMatchedTask/run_1.hdf5,343297,4841324a1b493d6a3dd85dc4e4c8999d38d21cc518e7a15a471cdd04779247ad
/home/ali/projects/RoboLab/output/v1_cosmos_h5_oracle_scope_change_excluded/RubiksCubeLeftOfBowlMatchedTask/run_2.hdf5,341815,0801ed65e6c3c16419fbfd667f3c26c37184198d7723cb8b5b770c962f6f75bc
/home/ali/projects/RoboLab/output/v1_cosmos_h5_oracle_scope_change_excluded/RubiksCubeLeftOfBowlMatchedTask/run_3.hdf5,341504,3cd2c5dea156d4fa2f6b902e644086c63fe03edf1ac428aadbc4ba33dad00ae7
/home/ali/projects/RoboLab/output/v1_cosmos_h5_oracle_scope_change_excluded/RubiksCubeLeftOfBowlMatchedTask/run_4.hdf5,342938,a74b0af774d96be3cc897fa305ef47e1da289c0b04653cd5109167b57780af53
/home/ali/projects/RoboLab/output/v1_cosmos_h5_oracle_scope_change_excluded/RubiksCubeRightOfBowlMatchedTask/env_cfg.json,43189,3f965f5d75428438cde34e91a21288afb55ea94b4d83a73c1edbfaf002710b98
/home/ali/projects/RoboLab/output/v1_cosmos_h5_oracle_scope_change_excluded/RubiksCubeRightOfBowlMatchedTask/log_0_env0.json,742,25cdd8e7c31ab96c5765cb0aede662ed85c0b8ec1898301842bb0c1ea0d25365
/home/ali/projects/RoboLab/output/v1_cosmos_h5_oracle_scope_change_excluded/RubiksCubeRightOfBowlMatchedTask/log_1_env0.json,1199,07118a927cdcb74e7fb1120e104f50785d4e5ea38edeff17e04ef21b8c17fc2b
/home/ali/projects/RoboLab/output/v1_cosmos_h5_oracle_scope_change_excluded/RubiksCubeRightOfBowlMatchedTask/log_2_env0.json,744,80df7bc7d654956d1f5a6b4ee3dcfca30fe24b7ab5020cffc557caad5e7f24da
/home/ali/projects/RoboLab/output/v1_cosmos_h5_oracle_scope_change_excluded/RubiksCubeRightOfBowlMatchedTask/run_0.hdf5,339582,01f73c2959f7ec7fa28f0f93aba9ef8d7ddaf278eb51bd0ded3de16ef33ddef7
/home/ali/projects/RoboLab/output/v1_cosmos_h5_oracle_scope_change_excluded/RubiksCubeRightOfBowlMatchedTask/run_1.hdf5,339107,3e9953b91afc15cbdaa45c18d9ca66b4baba8cea438dfcf9b86db563683ba153
/home/ali/projects/RoboLab/output/v1_cosmos_h5_oracle_scope_change_excluded/RubiksCubeRightOfBowlMatchedTask/run_2.hdf5,341756,d9933c1f07306184baafb5b420b1549f84abd715f7fedbd3da89cf128494ee61
/home/ali/projects/RoboLab/output/v1_cosmos_h5_oracle_scope_change_excluded/RubiksCubeRightOfBowlMatchedTask/run_3.hdf5,96,5d326e08d1d18c88a8c5cc1d0029d10e32152ec9722665d7d0333e3df4ef2de3
/home/ali/projects/RoboLab/output/v1_cosmos_h5_oracle_scope_change_excluded/episode_results.jsonl,105731,6201c79c7b07a2c0dd93e8793529d933d94b226a1c8152e392bf91dbb5aa85f4
/home/ali/projects/RoboLab/output/v1_cosmos_h5_static/RubiksCubeLeftOfBowlMatchedTask/env_cfg.json,43180,b83e830483f145b4e27f3832ca3d67f60881f061c40cf5fd2d121dd7de698b7b
/home/ali/projects/RoboLab/output/v1_cosmos_h5_static/RubiksCubeLeftOfBowlMatchedTask/log_0_env0.json,997,f9df870fd4d33ce5def4a9035e254e2eff1db2c847106f381865841f5c1d5745
/home/ali/projects/RoboLab/output/v1_cosmos_h5_static/RubiksCubeLeftOfBowlMatchedTask/log_1_env0.json,868,d7d30acbf77c1f46f431e5da14a67b1a776e7976d41ee9775b39fb59cdd1f15c
/home/ali/projects/RoboLab/output/v1_cosmos_h5_static/RubiksCubeLeftOfBowlMatchedTask/log_2_env0.json,868,632ce37fef25e910915bc3c64be3aa49d37d9e1adee3d5891cda4f96891a87ae
/home/ali/projects/RoboLab/output/v1_cosmos_h5_static/RubiksCubeLeftOfBowlMatchedTask/log_3_env0.json,743,91c4e839eb1c2c47eef2015f76e99539969b086060fc3ed00672334e29afd4b5
/home/ali/projects/RoboLab/output/v1_cosmos_h5_static/RubiksCubeLeftOfBowlMatchedTask/log_4_env0.json,741,b5434d755f51996b0d9e5e802e12ded65e5c46839473ddf5548801660c67c0f2
/home/ali/projects/RoboLab/output/v1_cosmos_h5_static/RubiksCubeLeftOfBowlMatchedTask/run_0.hdf5,338746,2b254d16d122860ddf6d8dd0f03f062b6ec680da69ddbaf67b737ef4481be24c
/home/ali/projects/RoboLab/output/v1_cosmos_h5_static/RubiksCubeLeftOfBowlMatchedTask/run_1.hdf5,346700,401777d006723ba079177e9edc355296baa5dbcc6271809d55d0534d229304db
/home/ali/projects/RoboLab/output/v1_cosmos_h5_static/RubiksCubeLeftOfBowlMatchedTask/run_2.hdf5,342815,4c7da8db426a6a849b72e71e628e2a48f471f699fa0fa4bd9b55d28bc425edc3
/home/ali/projects/RoboLab/output/v1_cosmos_h5_static/RubiksCubeLeftOfBowlMatchedTask/run_3.hdf5,336500,ceff1358f8fd0048d6e8c81f31e72bdd5ba31acf8000ba0c407f68af8e63f758
/home/ali/projects/RoboLab/output/v1_cosmos_h5_static/RubiksCubeLeftOfBowlMatchedTask/run_4.hdf5,342757,1b7317afbad7b2bcb083ddfd2859842abf51542ea82be8c453bac12661ff47bc
/home/ali/projects/RoboLab/output/v1_cosmos_h5_static/RubiksCubeRightOfBowlMatchedTask/env_cfg.json,43189,963e35b0661001980c7e6f20d498be3f70cbada1fc99376a6c236b9042989bae
/home/ali/projects/RoboLab/output/v1_cosmos_h5_static/RubiksCubeRightOfBowlMatchedTask/log_0_env0.json,1744,76d295891286b1e1d52ae87b8ffd3730c48ff93f62679ca264b4d563bca84f7b
/home/ali/projects/RoboLab/output/v1_cosmos_h5_static/RubiksCubeRightOfBowlMatchedTask/log_1_env0.json,744,5cb5ed7e622410cded858718f633e07d3d3b18db694e116b801658ffbc6adfa9
/home/ali/projects/RoboLab/output/v1_cosmos_h5_static/RubiksCubeRightOfBowlMatchedTask/log_2_env0.json,1776,fdfe4dc0372b0efdf0def3b6d4aaaaa652ca4d877b32a5d84c681e19c6797dda
/home/ali/projects/RoboLab/output/v1_cosmos_h5_static/RubiksCubeRightOfBowlMatchedTask/log_3_env0.json,744,dc7f03983876c33d28a08f2be943f8b8b6149a6dab14e107477962f42fc1f552
/home/ali/projects/RoboLab/output/v1_cosmos_h5_static/RubiksCubeRightOfBowlMatchedTask/log_4_env0.json,742,5f76c2e2f7995768f93fa6b330b14988aabbefff868469af09a1e70d0b554f29
/home/ali/projects/RoboLab/output/v1_cosmos_h5_static/RubiksCubeRightOfBowlMatchedTask/run_0.hdf5,304129,30735030d0f51b331650948f6743121b99c6d28d50bcfb0d86cda2711ea37070
/home/ali/projects/RoboLab/output/v1_cosmos_h5_static/RubiksCubeRightOfBowlMatchedTask/run_1.hdf5,337927,87cdc8cab16564988fe5c1be868c8b519ed2886098e73cf430837da6e01d0d2c
/home/ali/projects/RoboLab/output/v1_cosmos_h5_static/RubiksCubeRightOfBowlMatchedTask/run_2.hdf5,293045,c123b8d56da35ef0f57043ae96e84be6f69bbeae9b74d60f6e6610cc4c9ea183
/home/ali/projects/RoboLab/output/v1_cosmos_h5_static/RubiksCubeRightOfBowlMatchedTask/run_3.hdf5,333806,4cf71572b5de49888871854ab281d8f5a4de91d6b671372dd3a0d89f85bcbef6
/home/ali/projects/RoboLab/output/v1_cosmos_h5_static/RubiksCubeRightOfBowlMatchedTask/run_4.hdf5,339081,5884612a7b144b59505782a429c3336ff8da66749c3108d40a271fadbc38041b
/home/ali/projects/RoboLab/output/v1_cosmos_h5_static/episode_results.jsonl,11716,a84fda11591b6f854ec77ed14946412915f24ca1fe020ca843011f37de22099b
/home/ali/projects/RoboLab/output/v1_cosmos_vague_interrupted_hot_gpu0/RubiksCubeLeftOfBowlMatchedTask/env_cfg.json,43162,934cb3bb1757ae84c09046c8fc1603735275a89953c49d078df3a1dca7a7f510
/home/ali/projects/RoboLab/output/v1_cosmos_vague_interrupted_hot_gpu0/RubiksCubeLeftOfBowlMatchedTask/log_0_env0.json,2482,8f5aab6ac5cd5001336e442ccd1a8819f12d045576e25b14f26da8ea9458afbd
/home/ali/projects/RoboLab/output/v1_cosmos_vague_interrupted_hot_gpu0/RubiksCubeLeftOfBowlMatchedTask/log_1_env0.json,2708,8ea4de824ae67e501734b3bc9c007993c374795fbbfc502bf9b8f2ac32796a5e
/home/ali/projects/RoboLab/output/v1_cosmos_vague_interrupted_hot_gpu0/RubiksCubeLeftOfBowlMatchedTask/log_2_env0.json,1926,3c8ca6e14716303c63536115d64b91f1a1cc00a934e68ccd3aa484380a93dc44
/home/ali/projects/RoboLab/output/v1_cosmos_vague_interrupted_hot_gpu0/RubiksCubeLeftOfBowlMatchedTask/log_3_env0.json,4616,1e0a0c7f2a7e6b0a887ca06ee2d044cf8679f3297b5698ca52bfffb258f8f176
/home/ali/projects/RoboLab/output/v1_cosmos_vague_interrupted_hot_gpu0/RubiksCubeLeftOfBowlMatchedTask/predicted_chunks/episode_000/chunk_000/action.npy,1152,5885a87350969dca7de206f49e9fb6f89ccd99a124b98c35a377d89ce47a9b07
/home/ali/projects/RoboLab/output/v1_cosmos_vague_interrupted_hot_gpu0/RubiksCubeLeftOfBowlMatchedTask/predicted_chunks/episode_000/chunk_000/conditioning.png,573377,20e5990243ddbcb534691e1476e7f31387da36d2e7cf4ec801280eea7cfec779
/home/ali/projects/RoboLab/output/v1_cosmos_vague_interrupted_hot_gpu0/RubiksCubeLeftOfBowlMatchedTask/predicted_chunks/episode_000/chunk_000/future.mp4,513094,e99601f87ea7e7ba6d206c8c2e94687fc932bb4e09255a4ed21cc5058163b667
/home/ali/projects/RoboLab/output/v1_cosmos_vague_interrupted_hot_gpu0/RubiksCubeLeftOfBowlMatchedTask/predicted_chunks/episode_000/chunk_000/metadata.json,766,816256b416e91331cb8e71155dddf8170d01d21169efcc6afe6418ff8bc2c38f
/home/ali/projects/RoboLab/output/v1_cosmos_vague_interrupted_hot_gpu0/RubiksCubeLeftOfBowlMatchedTask/predicted_chunks/episode_000/chunk_001/action.npy,1152,2cea51d74be776455f6d2f7278b510b52243ef5a91d9dadad1a2467c7ce30ec3
/home/ali/projects/RoboLab/output/v1_cosmos_vague_interrupted_hot_gpu0/RubiksCubeLeftOfBowlMatchedTask/predicted_chunks/episode_000/chunk_001/conditioning.png,550330,3837af03f6afe24d004a568798ebbc547809dbe50d3198cba5319c586828c54d
/home/ali/projects/RoboLab/output/v1_cosmos_vague_interrupted_hot_gpu0/RubiksCubeLeftOfBowlMatchedTask/predicted_chunks/episode_000/chunk_001/future.mp4,467255,49863bf493062e136291c13c2d2b771d2bf35119d7935532ac4742fb2293a5af
/home/ali/projects/RoboLab/output/v1_cosmos_vague_interrupted_hot_gpu0/RubiksCubeLeftOfBowlMatchedTask/predicted_chunks/episode_000/chunk_001/metadata.json,849,2240aab69de59e5810769467949e84318a04fe8408429844fe291e7413558592
/home/ali/projects/RoboLab/output/v1_cosmos_vague_interrupted_hot_gpu0/RubiksCubeLeftOfBowlMatchedTask/predicted_chunks/episode_000/chunk_002/action.npy,1152,dca24aa48a218f200994c0c6cf91cb3bef7b17a66c374106529980617b0f893e
/home/ali/projects/RoboLab/output/v1_cosmos_vague_interrupted_hot_gpu0/RubiksCubeLeftOfBowlMatchedTask/predicted_chunks/episode_000/chunk_002/conditioning.png,554715,3c6941f9df6917223ec84aaed38bad7c1ef8ccd35932545290321224802c0708
/home/ali/projects/RoboLab/output/v1_cosmos_vague_interrupted_hot_gpu0/RubiksCubeLeftOfBowlMatchedTask/predicted_chunks/episode_000/chunk_002/future.mp4,585512,890e67f127d32d7de04e298f948e1987fb3fe2b59b2d58493f7da5ce6c11cfd0
/home/ali/projects/RoboLab/output/v1_cosmos_vague_interrupted_hot_gpu0/RubiksCubeLeftOfBowlMatchedTask/predicted_chunks/episode_000/chunk_002/metadata.json,834,f42191de0169f2c38bb1befe74ce59b0f9273174094b6269da0f5ab41c6c4559
/home/ali/projects/RoboLab/output/v1_cosmos_vague_interrupted_hot_gpu0/RubiksCubeLeftOfBowlMatchedTask/predicted_chunks/episode_000/chunk_003/action.npy,1152,f6448494388512be960a26d8d3945e6306ba760893391174f1343e40b4364b35
/home/ali/projects/RoboLab/output/v1_cosmos_vague_interrupted_hot_gpu0/RubiksCubeLeftOfBowlMatchedTask/predicted_chunks/episode_000/chunk_003/conditioning.png,571684,1ad93363af0f31ec2cc0cfba139c46ff16f9b5477ee40a66f9cfd4f75cc74ab8
/home/ali/projects/RoboLab/output/v1_cosmos_vague_interrupted_hot_gpu0/RubiksCubeLeftOfBowlMatchedTask/predicted_chunks/episode_000/chunk_003/future.mp4,673626,65a274fe023755ddc8ec5d1ee09df5181a214ad8037b2b76b89c54885665bf07
/home/ali/projects/RoboLab/output/v1_cosmos_vague_interrupted_hot_gpu0/RubiksCubeLeftOfBowlMatchedTask/predicted_chunks/episode_000/chunk_003/metadata.json,848,164bbf22112a181fccce279634fe49ef570a8360f096209a1f61c387e7b8dbe2
/home/ali/projects/RoboLab/output/v1_cosmos_vague_interrupted_hot_gpu0/RubiksCubeLeftOfBowlMatchedTask/predicted_chunks/episode_000/chunk_004/action.npy,1152,68901b11f967c53a7ff5b8df64a7f6d0120d1ecb372bd5bed7e34eb21df9684d
/home/ali/projects/RoboLab/output/v1_cosmos_vague_interrupted_hot_gpu0/RubiksCubeLeftOfBowlMatchedTask/predicted_chunks/episode_000/chunk_004/conditioning.png,561724,3383e442f5f934180a32967cbf7628ec52cda779474cd0c07547993d4433a194
/home/ali/projects/RoboLab/output/v1_cosmos_vague_interrupted_hot_gpu0/RubiksCubeLeftOfBowlMatchedTask/predicted_chunks/episode_000/chunk_004/future.mp4,450742,410d5f7dd76903ac642085dfe06dc98242a9581b8d8275df75763d59cd54eab2
/home/ali/projects/RoboLab/output/v1_cosmos_vague_interrupted_hot_gpu0/RubiksCubeLeftOfBowlMatchedTask/predicted_chunks/episode_000/chunk_004/metadata.json,852,0adac83a27211ebe3728afea452c2458a81c037d6ba582d74e2b14158b553cd3
/home/ali/projects/RoboLab/output/v1_cosmos_vague_interrupted_hot_gpu0/RubiksCubeLeftOfBowlMatchedTask/predicted_chunks/episode_000/chunk_005/action.npy,1152,74cb172a6b899afadd1a862024070a7067fdba96415426ac01208cf8f5620426
/home/ali/projects/RoboLab/output/v1_cosmos_vague_interrupted_hot_gpu0/RubiksCubeLeftOfBowlMatchedTask/predicted_chunks/episode_000/chunk_005/conditioning.png,545489,7f684492843c08ffeb132483e724a383a4effa452f5150990e5e3bce34335185
/home/ali/projects/RoboLab/output/v1_cosmos_vague_interrupted_hot_gpu0/RubiksCubeLeftOfBowlMatchedTask/predicted_chunks/episode_000/chunk_005/future.mp4,441121,cbd38c0e38a0ec629e0196fccdb4b0c01c4c6e7cfdbe190d06a87bbc080557b6
/home/ali/projects/RoboLab/output/v1_cosmos_vague_interrupted_hot_gpu0/RubiksCubeLeftOfBowlMatchedTask/predicted_chunks/episode_000/chunk_005/metadata.json,848,a58e40e74adbaee6fe622f3f48fba9bcda341d97f2b087c15cb8ed9e607adf55
/home/ali/projects/RoboLab/output/v1_cosmos_vague_interrupted_hot_gpu0/RubiksCubeLeftOfBowlMatchedTask/predicted_chunks/episode_000/chunk_006/action.npy,1152,51085b4473ee27992cc91b13cf6cca0a77fc2e869b0833d01f5232295f85961e
/home/ali/projects/RoboLab/output/v1_cosmos_vague_interrupted_hot_gpu0/RubiksCubeLeftOfBowlMatchedTask/predicted_chunks/episode_000/chunk_006/conditioning.png,570843,b72b90cccd100601b581f33afc638f541dcb2eb2785080a4edcaecee8c159a90
/home/ali/projects/RoboLab/output/v1_cosmos_vague_interrupted_hot_gpu0/RubiksCubeLeftOfBowlMatchedTask/predicted_chunks/episode_000/chunk_006/future.mp4,389566,fde668a3ae8d2fd911029ff98d495e202350fe1ee0cd64dd594fa2b96e0fa294
/home/ali/projects/RoboLab/output/v1_cosmos_vague_interrupted_hot_gpu0/RubiksCubeLeftOfBowlMatchedTask/predicted_chunks/episode_000/chunk_006/metadata.json,847,4820006fd22bba134ad2c79364bda6a518dc3929bed4ba552dcbade92e9501da
/home/ali/projects/RoboLab/output/v1_cosmos_vague_interrupted_hot_gpu0/RubiksCubeLeftOfBowlMatchedTask/predicted_chunks/episode_000/chunk_007/action.npy,1152,46750c1fb1faf02b1ab69e4877d51eece1d616cb6767fbbafb98baa705f924a4
/home/ali/projects/RoboLab/output/v1_cosmos_vague_interrupted_hot_gpu0/RubiksCubeLeftOfBowlMatchedTask/predicted_chunks/episode_000/chunk_007/conditioning.png,545574,bb5c73a0662a877083fea513555585f14ac98d1e929218b8cdc355c27d116480
/home/ali/projects/RoboLab/output/v1_cosmos_vague_interrupted_hot_gpu0/RubiksCubeLeftOfBowlMatchedTask/predicted_chunks/episode_000/chunk_007/future.mp4,350594,8e3a3bd86caf95e6fd4f1616f188219cd91c302d6f790dd0b9728b469d521ab3
/home/ali/projects/RoboLab/output/v1_cosmos_vague_interrupted_hot_gpu0/RubiksCubeLeftOfBowlMatchedTask/predicted_chunks/episode_000/chunk_007/metadata.json,848,bb2a2f3bab0547682636d7466c30e62002d2047d4126385fa8c34c8097c7266b
/home/ali/projects/RoboLab/output/v1_cosmos_vague_interrupted_hot_gpu0/RubiksCubeLeftOfBowlMatchedTask/predicted_chunks/episode_000/chunk_008/action.npy,1152,8031a87f9c54e726fc267329dfcdbaa7975f6220af56ce0487451b6d7dfa13b5
/home/ali/projects/RoboLab/output/v1_cosmos_vague_interrupted_hot_gpu0/RubiksCubeLeftOfBowlMatchedTask/predicted_chunks/episode_000/chunk_008/conditioning.png,540678,2f30615bc6207d46ef38d2d6d2cbc890622442b57c089c79a2d70109c91ec7ff
/home/ali/projects/RoboLab/output/v1_cosmos_vague_interrupted_hot_gpu0/RubiksCubeLeftOfBowlMatchedTask/predicted_chunks/episode_000/chunk_008/future.mp4,396013,7136f5e6c0485da47fc7e70be178f1ad32285ac0b8eda2faed967d16f592ebf5
/home/ali/projects/RoboLab/output/v1_cosmos_vague_interrupted_hot_gpu0/RubiksCubeLeftOfBowlMatchedTask/predicted_chunks/episode_000/chunk_008/metadata.json,855,eb1ff9bf8cd26aac1bcba582f7d9410482dcab5a7635df352715ebccdd873ad6
/home/ali/projects/RoboLab/output/v1_cosmos_vague_interrupted_hot_gpu0/RubiksCubeLeftOfBowlMatchedTask/predicted_chunks/episode_000/chunk_009/action.npy,1152,9d73e055118c73beaeb48fc0ee5c7a22e2a5ab9420790684ed4f3aa0731e3d19
/home/ali/projects/RoboLab/output/v1_cosmos_vague_interrupted_hot_gpu0/RubiksCubeLeftOfBowlMatchedTask/predicted_chunks/episode_000/chunk_009/conditioning.png,530512,541cc8d59e9bd9ae1f538b649c7a9f59dad1456c87a7acca0f650dd3e58586dd
/home/ali/projects/RoboLab/output/v1_cosmos_vague_interrupted_hot_gpu0/RubiksCubeLeftOfBowlMatchedTask/predicted_chunks/episode_000/chunk_009/future.mp4,363617,494fca02bdbf46acb1ef0a6f564a506e7a96c0699b3233a151a83df8942839d7
/home/ali/projects/RoboLab/output/v1_cosmos_vague_interrupted_hot_gpu0/RubiksCubeLeftOfBowlMatchedTask/predicted_chunks/episode_000/chunk_009/metadata.json,855,beda27ac9a48f9f75d3be5a5d856627c9599b199c3a1b1d047aa4ffbe3f26400
/home/ali/projects/RoboLab/output/v1_cosmos_vague_interrupted_hot_gpu0/RubiksCubeLeftOfBowlMatchedTask/predicted_chunks/episode_000/chunk_010/action.npy,1152,6674164668d68af074e5a2877b8d7daa2d2d7c00a69bd6c4fbaf5d10a2e858d5
/home/ali/projects/RoboLab/output/v1_cosmos_vague_interrupted_hot_gpu0/RubiksCubeLeftOfBowlMatchedTask/predicted_chunks/episode_000/chunk_010/conditioning.png,545180,813fc8538d3901618526d7343e351878a74d539a3bc89d21d611aba52f179364
/home/ali/projects/RoboLab/output/v1_cosmos_vague_interrupted_hot_gpu0/RubiksCubeLeftOfBowlMatchedTask/predicted_chunks/episode_000/chunk_010/future.mp4,371324,03bc7477e9dfe6db023aa5fbede8d90ab1d701c249daebd53cd581981211dba2
/home/ali/projects/RoboLab/output/v1_cosmos_vague_interrupted_hot_gpu0/RubiksCubeLeftOfBowlMatchedTask/predicted_chunks/episode_000/chunk_010/metadata.json,835,d4f02b224865798ea038b95d1bb9d1b8e7d7c667214129b67c2a5ceb42a0c2f4
/home/ali/projects/RoboLab/output/v1_cosmos_vague_interrupted_hot_gpu0/RubiksCubeLeftOfBowlMatchedTask/predicted_chunks/episode_000/chunk_011/action.npy,1152,5e558ecef439a09fe607c1fb7cd4df1f4999e3a154687d93e1456d031f358de2
/home/ali/projects/RoboLab/output/v1_cosmos_vague_interrupted_hot_gpu0/RubiksCubeLeftOfBowlMatchedTask/predicted_chunks/episode_000/chunk_011/conditioning.png,549999,b1e54ff8bec803f0d998ce7e9ad2c743e261c9d7151b66ecf419424c36091b8a
/home/ali/projects/RoboLab/output/v1_cosmos_vague_interrupted_hot_gpu0/RubiksCubeLeftOfBowlMatchedTask/predicted_chunks/episode_000/chunk_011/future.mp4,313076,804af17412f924172cb980217142753c2f7eed8a11927a550cb19b4fcb46eb10
/home/ali/projects/RoboLab/output/v1_cosmos_vague_interrupted_hot_gpu0/RubiksCubeLeftOfBowlMatchedTask/predicted_chunks/episode_000/chunk_011/metadata.json,853,46aa0a768cbe03ab7282d8d692f6dd3b347e037eba78b947cd506d3196b423ff
/home/ali/projects/RoboLab/output/v1_cosmos_vague_interrupted_hot_gpu0/RubiksCubeLeftOfBowlMatchedTask/predicted_chunks/episode_000/chunk_012/action.npy,1152,a39318d3a27b91e4e76e2d0674203cf21798f9795098c16205cdd2a7ca44a785
/home/ali/projects/RoboLab/output/v1_cosmos_vague_interrupted_hot_gpu0/RubiksCubeLeftOfBowlMatchedTask/predicted_chunks/episode_000/chunk_012/conditioning.png,552552,217e80c544362242fd96fd496495838456e54c87ca471c1289d7ee42e8081c1a
/home/ali/projects/RoboLab/output/v1_cosmos_vague_interrupted_hot_gpu0/RubiksCubeLeftOfBowlMatchedTask/predicted_chunks/episode_000/chunk_012/future.mp4,413795,6e8434ef56653fc56a45830d1dcb406e4b72832b5cdb7ee5a2df2074648b44ab
/home/ali/projects/RoboLab/output/v1_cosmos_vague_interrupted_hot_gpu0/RubiksCubeLeftOfBowlMatchedTask/predicted_chunks/episode_000/chunk_012/metadata.json,852,e0e71b3f8d90e29ce28ab10924bf1c8e3b89911cadaf1c49f3aac20f95d1c530
/home/ali/projects/RoboLab/output/v1_cosmos_vague_interrupted_hot_gpu0/RubiksCubeLeftOfBowlMatchedTask/predicted_chunks/episode_000/chunk_013/action.npy,1152,53cbf4df8705ff8d565339fea920ba6b1ecc9706bd2353cfa88fab425d9b0afc
/home/ali/projects/RoboLab/output/v1_cosmos_vague_interrupted_hot_gpu0/RubiksCubeLeftOfBowlMatchedTask/predicted_chunks/episode_000/chunk_013/conditioning.png,577414,8f630eb26398414c351fee390d3cb33842d506b0b203a8c70455d7898cfaa204
/home/ali/projects/RoboLab/output/v1_cosmos_vague_interrupted_hot_gpu0/RubiksCubeLeftOfBowlMatchedTask/predicted_chunks/episode_000/chunk_013/future.mp4,600259,996bd64e4112fb6c20960b468c7d3bf7a827ddee930a7b4098fedb250a3249a7
/home/ali/projects/RoboLab/output/v1_cosmos_vague_interrupted_hot_gpu0/RubiksCubeLeftOfBowlMatchedTask/predicted_chunks/episode_000/chunk_013/metadata.json,851,6ff40b3236297186b8f74f57acaa3895735f89b92ec53300e7f209c9015a4327
/home/ali/projects/RoboLab/output/v1_cosmos_vague_interrupted_hot_gpu0/RubiksCubeLeftOfBowlMatchedTask/predicted_chunks/episode_000/chunk_014/action.npy,1152,7610106989815ca01b143af5d2fae47858bd11498bcc9d0257941318fd73caab
/home/ali/projects/RoboLab/output/v1_cosmos_vague_interrupted_hot_gpu0/RubiksCubeLeftOfBowlMatchedTask/predicted_chunks/episode_000/chunk_014/conditioning.png,588032,4d2a7390bff02bf04b74b6b2db83cd411a390c6391ea4d3e989863e369f7f21d
/home/ali/projects/RoboLab/output/v1_cosmos_vague_interrupted_hot_gpu0/RubiksCubeLeftOfBowlMatchedTask/predicted_chunks/episode_000/chunk_014/future.mp4,557543,bf048ea92e10977df27ca382aeb53e45ddbac00680503f350d001d2b578bd61f
/home/ali/projects/RoboLab/output/v1_cosmos_vague_interrupted_hot_gpu0/RubiksCubeLeftOfBowlMatchedTask/predicted_chunks/episode_000/chunk_014/metadata.json,852,c6fbaac943e63e5ea21b7fc09ab60ccb994ed91ddc0c1951be8a7d1c208caffd
/home/ali/projects/RoboLab/output/v1_cosmos_vague_interrupted_hot_gpu0/RubiksCubeLeftOfBowlMatchedTask/predicted_chunks/episode_001/chunk_000/action.npy,1152,cc19e1806132c33706a5a7850e220e9a5adc31a57be7ce282a13c2d27c2bafc0
/home/ali/projects/RoboLab/output/v1_cosmos_vague_interrupted_hot_gpu0/RubiksCubeLeftOfBowlMatchedTask/predicted_chunks/episode_001/chunk_000/conditioning.png,581355,d04dff86170bb2eb51cb32f71650d607a819e480dbe765cd93d90ce74e42f8ea
/home/ali/projects/RoboLab/output/v1_cosmos_vague_interrupted_hot_gpu0/RubiksCubeLeftOfBowlMatchedTask/predicted_chunks/episode_001/chunk_000/future.mp4,501537,d5a3de0d0e864ad1c19f4d621d631850cea489487e9e1a501029ba51a9b41399
/home/ali/projects/RoboLab/output/v1_cosmos_vague_interrupted_hot_gpu0/RubiksCubeLeftOfBowlMatchedTask/predicted_chunks/episode_001/chunk_000/metadata.json,766,2f3c851e762ef78dbfe93ab7bad25d4d28d6722807857587c98751ba56b09b05
/home/ali/projects/RoboLab/output/v1_cosmos_vague_interrupted_hot_gpu0/RubiksCubeLeftOfBowlMatchedTask/predicted_chunks/episode_001/chunk_001/action.npy,1152,6509c3c4023ba894ffcc673bdfdfa375ece6c3db1ff3e6911bd7ddd383cbf3e2
/home/ali/projects/RoboLab/output/v1_cosmos_vague_interrupted_hot_gpu0/RubiksCubeLeftOfBowlMatchedTask/predicted_chunks/episode_001/chunk_001/conditioning.png,551638,01673df177a3162f09de2e377e556df6a7697901ab71f6f8c649c24b18f57a8c
/home/ali/projects/RoboLab/output/v1_cosmos_vague_interrupted_hot_gpu0/RubiksCubeLeftOfBowlMatchedTask/predicted_chunks/episode_001/chunk_001/future.mp4,414026,415d3b6e43a16a0592904415491a824c22d01a0c4997ac4b5def9b74f127a4d8
/home/ali/projects/RoboLab/output/v1_cosmos_vague_interrupted_hot_gpu0/RubiksCubeLeftOfBowlMatchedTask/predicted_chunks/episode_001/chunk_001/metadata.json,850,72cee736a10adefc4828acaaff12704f7e989929ac1ec33fae9d016a46735d7b
/home/ali/projects/RoboLab/output/v1_cosmos_vague_interrupted_hot_gpu0/RubiksCubeLeftOfBowlMatchedTask/predicted_chunks/episode_001/chunk_002/action.npy,1152,12f38d629195ae775c9abf14668ef21c2281bd5d644a8d817ecf4e97bf29d94c
/home/ali/projects/RoboLab/output/v1_cosmos_vague_interrupted_hot_gpu0/RubiksCubeLeftOfBowlMatchedTask/predicted_chunks/episode_001/chunk_002/conditioning.png,545565,98c127bb6b5e497b14ce2cc44312731906f74753d1604846b9e32ef66b5c54e9
/home/ali/projects/RoboLab/output/v1_cosmos_vague_interrupted_hot_gpu0/RubiksCubeLeftOfBowlMatchedTask/predicted_chunks/episode_001/chunk_002/future.mp4,376949,dff78ce4b7dd63c623a7ab74066c0979b01199b8c85736761d4ad6f5c9b13490
/home/ali/projects/RoboLab/output/v1_cosmos_vague_interrupted_hot_gpu0/RubiksCubeLeftOfBowlMatchedTask/predicted_chunks/episode_001/chunk_002/metadata.json,833,3bafc97320c657688e4f09b1ec35e8ec586aabf93845e223282a1d267bfcf618
/home/ali/projects/RoboLab/output/v1_cosmos_vague_interrupted_hot_gpu0/RubiksCubeLeftOfBowlMatchedTask/predicted_chunks/episode_001/chunk_003/action.npy,1152,ca40863833a491f70b21308593bd9b37c8dcbbd8fd5f225f39051baa95f1a20c
/home/ali/projects/RoboLab/output/v1_cosmos_vague_interrupted_hot_gpu0/RubiksCubeLeftOfBowlMatchedTask/predicted_chunks/episode_001/chunk_003/conditioning.png,522010,fd87ff5fb9c3e5e6c0467fdeb067ceabf439a0d8df15bd6aef1a0934f3f82d09
/home/ali/projects/RoboLab/output/v1_cosmos_vague_interrupted_hot_gpu0/RubiksCubeLeftOfBowlMatchedTask/predicted_chunks/episode_001/chunk_003/future.mp4,443844,b821160d61b7e5d834a992026ee837c0a1d617b2c586c8f7fd0c05cb10affa59
/home/ali/projects/RoboLab/output/v1_cosmos_vague_interrupted_hot_gpu0/RubiksCubeLeftOfBowlMatchedTask/predicted_chunks/episode_001/chunk_003/metadata.json,847,a32524c35b15a2a98d7d1aa84cbed7c76a2e6d377123e5d20f8c8b0ee4d9c766
/home/ali/projects/RoboLab/output/v1_cosmos_vague_interrupted_hot_gpu0/RubiksCubeLeftOfBowlMatchedTask/predicted_chunks/episode_001/chunk_004/action.npy,1152,f6ee0d900eb2b788973c4a01024412ffd7007f6e72e9e1569792ed55e61a3f04
/home/ali/projects/RoboLab/output/v1_cosmos_vague_interrupted_hot_gpu0/RubiksCubeLeftOfBowlMatchedTask/predicted_chunks/episode_001/chunk_004/conditioning.png,545760,d38a82b2cdfbb555f47e332c1367827e43e2364738e5a8414b4ca135502a02c3
/home/ali/projects/RoboLab/output/v1_cosmos_vague_interrupted_hot_gpu0/RubiksCubeLeftOfBowlMatchedTask/predicted_chunks/episode_001/chunk_004/future.mp4,466087,51d1bb4b8f1590b42c9b1fddd609fd1373b02eb39d32356210b895652abff0c1
/home/ali/projects/RoboLab/output/v1_cosmos_vague_interrupted_hot_gpu0/RubiksCubeLeftOfBowlMatchedTask/predicted_chunks/episode_001/chunk_004/metadata.json,853,daa1b4e395693d906f2f4106108546aa097c13243cc5bcdc35acde687eca88ea
/home/ali/projects/RoboLab/output/v1_cosmos_vague_interrupted_hot_gpu0/RubiksCubeLeftOfBowlMatchedTask/predicted_chunks/episode_001/chunk_005/action.npy,1152,758282d5f46ecf5e90d2ab6a05d289c566f51684d75a319f9c1919cbb64996f6
/home/ali/projects/RoboLab/output/v1_cosmos_vague_interrupted_hot_gpu0/RubiksCubeLeftOfBowlMatchedTask/predicted_chunks/episode_001/chunk_005/conditioning.png,535563,9deac1cb5572389daada85cda150e8650a6ded489b255f7298bc877945f13338
/home/ali/projects/RoboLab/output/v1_cosmos_vague_interrupted_hot_gpu0/RubiksCubeLeftOfBowlMatchedTask/predicted_chunks/episode_001/chunk_005/future.mp4,415842,2ed0bda65731d31ab166f169d93d98ec0777140e7131b97a9d0c89b3a5c3ffdc
/home/ali/projects/RoboLab/output/v1_cosmos_vague_interrupted_hot_gpu0/RubiksCubeLeftOfBowlMatchedTask/predicted_chunks/episode_001/chunk_005/metadata.json,849,14795a9009b36f5e516a785c920a46d260710af227d87fc48fb57bbd83498a66
/home/ali/projects/RoboLab/output/v1_cosmos_vague_interrupted_hot_gpu0/RubiksCubeLeftOfBowlMatchedTask/predicted_chunks/episode_001/chunk_006/action.npy,1152,d13420ebaac3caddce855806028ed05270c7eb6263e582ba42096f7d75bcb1d8
/home/ali/projects/RoboLab/output/v1_cosmos_vague_interrupted_hot_gpu0/RubiksCubeLeftOfBowlMatchedTask/predicted_chunks/episode_001/chunk_006/conditioning.png,524961,9f00f74b3f93c5cf8c36f47d8bb249c3157110b8715ff960220a2f0f071f1cfc
/home/ali/projects/RoboLab/output/v1_cosmos_vague_interrupted_hot_gpu0/RubiksCubeLeftOfBowlMatchedTask/predicted_chunks/episode_001/chunk_006/future.mp4,381135,f748c9b5d056421752198048585c8b12f168cdbb0acb1ced4d1607cf5e238898
/home/ali/projects/RoboLab/output/v1_cosmos_vague_interrupted_hot_gpu0/RubiksCubeLeftOfBowlMatchedTask/predicted_chunks/episode_001/chunk_006/metadata.json,834,7c6e474856bdb46f684c03202438cd55af306548a178598405e3a27ca95dbe2f
/home/ali/projects/RoboLab/output/v1_cosmos_vague_interrupted_hot_gpu0/RubiksCubeLeftOfBowlMatchedTask/predicted_chunks/episode_001/chunk_007/action.npy,1152,329e8ca5f1a138076377776d1fda0eeeadf25a6473fb5846131ad97fca46ea5e
/home/ali/projects/RoboLab/output/v1_cosmos_vague_interrupted_hot_gpu0/RubiksCubeLeftOfBowlMatchedTask/predicted_chunks/episode_001/chunk_007/conditioning.png,530889,ee3cf71c90e3be9de8d9897557d0ec961bdc5f57f9f437d38ad8e4ade71cd8a1
/home/ali/projects/RoboLab/output/v1_cosmos_vague_interrupted_hot_gpu0/RubiksCubeLeftOfBowlMatchedTask/predicted_chunks/episode_001/chunk_007/future.mp4,406191,058f3e1b0dbf2dff1addc8ecf23d6b9a0fb5057f347b581ecf48a12dad4ae4af
/home/ali/projects/RoboLab/output/v1_cosmos_vague_interrupted_hot_gpu0/RubiksCubeLeftOfBowlMatchedTask/predicted_chunks/episode_001/chunk_007/metadata.json,831,1432b06001dfa85dc0fd77276a01eec65379d22cd3dee90cf8b2f5ca8397c55a
/home/ali/projects/RoboLab/output/v1_cosmos_vague_interrupted_hot_gpu0/RubiksCubeLeftOfBowlMatchedTask/predicted_chunks/episode_001/chunk_008/action.npy,1152,fb27f9529f2198314de686f91a722b06f7d749bf3f812b680f401ecad900b877
/home/ali/projects/RoboLab/output/v1_cosmos_vague_interrupted_hot_gpu0/RubiksCubeLeftOfBowlMatchedTask/predicted_chunks/episode_001/chunk_008/conditioning.png,525731,461ee6af55b093d149bdc2d852d7c5e8930ffa44e68113652e9f7aeb8d18b5e4
/home/ali/projects/RoboLab/output/v1_cosmos_vague_interrupted_hot_gpu0/RubiksCubeLeftOfBowlMatchedTask/predicted_chunks/episode_001/chunk_008/future.mp4,355242,17cc81c74d3acdbb55681113ae0d19700fac80bb11fd810ed313354edf787946
/home/ali/projects/RoboLab/output/v1_cosmos_vague_interrupted_hot_gpu0/RubiksCubeLeftOfBowlMatchedTask/predicted_chunks/episode_001/chunk_008/metadata.json,832,9a3cecfdac5cb4867f74b7e20741c1a3906c4ec705e08a1ba17f019026a152d6
/home/ali/projects/RoboLab/output/v1_cosmos_vague_interrupted_hot_gpu0/RubiksCubeLeftOfBowlMatchedTask/predicted_chunks/episode_001/chunk_009/action.npy,1152,74c9f84f1ed226e96f04f8417436c26b0ca768b20a93773c11bbf86ff18bd9cd
/home/ali/projects/RoboLab/output/v1_cosmos_vague_interrupted_hot_gpu0/RubiksCubeLeftOfBowlMatchedTask/predicted_chunks/episode_001/chunk_009/conditioning.png,533920,8f3df8221f6fc565900879dd73340b7943ac532761d44661d76740263ac87466
/home/ali/projects/RoboLab/output/v1_cosmos_vague_interrupted_hot_gpu0/RubiksCubeLeftOfBowlMatchedTask/predicted_chunks/episode_001/chunk_009/future.mp4,497678,4e8b7bf9d90e812172129ac26cbc0a2ef8f43cbe4572dd698e9d20715a55dcc1
/home/ali/projects/RoboLab/output/v1_cosmos_vague_interrupted_hot_gpu0/RubiksCubeLeftOfBowlMatchedTask/predicted_chunks/episode_001/chunk_009/metadata.json,852,ad681c10359349a1e31b04ff0256e0f01d92fab4ec1b8dacc3bb7ee6b01a4fb0
/home/ali/projects/RoboLab/output/v1_cosmos_vague_interrupted_hot_gpu0/RubiksCubeLeftOfBowlMatchedTask/predicted_chunks/episode_001/chunk_010/action.npy,1152,1b771a2034f9df4ee96e44bf1ce3fe01e40db5a56b1301db24d15b052c1bd358
/home/ali/projects/RoboLab/output/v1_cosmos_vague_interrupted_hot_gpu0/RubiksCubeLeftOfBowlMatchedTask/predicted_chunks/episode_001/chunk_010/conditioning.png,559232,58d6c4998ded2116221b89fd9ffc9c98ec12a880b415fbb792a6d5c69cbfa452
/home/ali/projects/RoboLab/output/v1_cosmos_vague_interrupted_hot_gpu0/RubiksCubeLeftOfBowlMatchedTask/predicted_chunks/episode_001/chunk_010/future.mp4,505365,3d76b3581fa65bff302c1cc627e9cd96c84801554ac70662d5903b64e8ac9294
/home/ali/projects/RoboLab/output/v1_cosmos_vague_interrupted_hot_gpu0/RubiksCubeLeftOfBowlMatchedTask/predicted_chunks/episode_001/chunk_010/metadata.json,834,94d0aba51bcfa647f9723874b04a6b21790f1574ee330d04649e236814703df8
/home/ali/projects/RoboLab/output/v1_cosmos_vague_interrupted_hot_gpu0/RubiksCubeLeftOfBowlMatchedTask/predicted_chunks/episode_001/chunk_011/action.npy,1152,ed08ffd7844acd29826d381c22227a5af5368254b0eb04436d7af507fce79bb0
/home/ali/projects/RoboLab/output/v1_cosmos_vague_interrupted_hot_gpu0/RubiksCubeLeftOfBowlMatchedTask/predicted_chunks/episode_001/chunk_011/conditioning.png,557739,c208a718a744c18e5ebba7d67b5819da8ad48d0d184bf8344f9453358a596219
/home/ali/projects/RoboLab/output/v1_cosmos_vague_interrupted_hot_gpu0/RubiksCubeLeftOfBowlMatchedTask/predicted_chunks/episode_001/chunk_011/future.mp4,355411,c8dd79a935e07a807139989d0da433dac82fa011e36673532875f3042657fa48
/home/ali/projects/RoboLab/output/v1_cosmos_vague_interrupted_hot_gpu0/RubiksCubeLeftOfBowlMatchedTask/predicted_chunks/episode_001/chunk_011/metadata.json,851,f4a610d59f2e7eccbd8228b01a56d3c5a5926bd0c36c6f14601659679506e374
/home/ali/projects/RoboLab/output/v1_cosmos_vague_interrupted_hot_gpu0/RubiksCubeLeftOfBowlMatchedTask/predicted_chunks/episode_001/chunk_012/action.npy,1152,f0e3f9dd433ed20f89f102ece27b07273e89a064a3f5098809a57e450b28279a
/home/ali/projects/RoboLab/output/v1_cosmos_vague_interrupted_hot_gpu0/RubiksCubeLeftOfBowlMatchedTask/predicted_chunks/episode_001/chunk_012/conditioning.png,547941,d219649596959aa672f386aa9c243bc74d4828a4d4ddf9cee9a1239d0af5300f
/home/ali/projects/RoboLab/output/v1_cosmos_vague_interrupted_hot_gpu0/RubiksCubeLeftOfBowlMatchedTask/predicted_chunks/episode_001/chunk_012/future.mp4,570134,378701fdcd5749b9a2a5088dd5b8186ba74c993c259b677960fd5bad9603e8fb
/home/ali/projects/RoboLab/output/v1_cosmos_vague_interrupted_hot_gpu0/RubiksCubeLeftOfBowlMatchedTask/predicted_chunks/episode_001/chunk_012/metadata.json,854,c688a97f3a993ef05dc758cedb5277de6dc1f6674e90ef47b9f0ed00444d9d30
/home/ali/projects/RoboLab/output/v1_cosmos_vague_interrupted_hot_gpu0/RubiksCubeLeftOfBowlMatchedTask/predicted_chunks/episode_001/chunk_013/action.npy,1152,4f0a0bd135b83c930db2e3d409e770222c056fbcf9d79c5ec61e7631973472e2
/home/ali/projects/RoboLab/output/v1_cosmos_vague_interrupted_hot_gpu0/RubiksCubeLeftOfBowlMatchedTask/predicted_chunks/episode_001/chunk_013/conditioning.png,566215,eec608294556383a470435bea0e02ad9be8961284f3c478080733cfdc4a48699
/home/ali/projects/RoboLab/output/v1_cosmos_vague_interrupted_hot_gpu0/RubiksCubeLeftOfBowlMatchedTask/predicted_chunks/episode_001/chunk_013/future.mp4,422314,ef31c7c935f0b0d0d6ceb1b4c7fd3f8085966c1ed7bf158977d93872424da43f
/home/ali/projects/RoboLab/output/v1_cosmos_vague_interrupted_hot_gpu0/RubiksCubeLeftOfBowlMatchedTask/predicted_chunks/episode_001/chunk_013/metadata.json,853,bafb11b3c8dc38f6eee868ef3503083755ad445effd57ac32bd5df9c25b73f3d
/home/ali/projects/RoboLab/output/v1_cosmos_vague_interrupted_hot_gpu0/RubiksCubeLeftOfBowlMatchedTask/predicted_chunks/episode_001/chunk_014/action.npy,1152,737e20cbcf6cf9f40ffdfb80b0505516e68d47ebcbb7ea54e3af87baccd09706
/home/ali/projects/RoboLab/output/v1_cosmos_vague_interrupted_hot_gpu0/RubiksCubeLeftOfBowlMatchedTask/predicted_chunks/episode_001/chunk_014/conditioning.png,560742,8b7900f075a9dc4108da1a763e66d9ad8edd793e40bfbf84c5f4cbdfa11996e6
/home/ali/projects/RoboLab/output/v1_cosmos_vague_interrupted_hot_gpu0/RubiksCubeLeftOfBowlMatchedTask/predicted_chunks/episode_001/chunk_014/future.mp4,403730,38b3f46b9edd94f05d80feda121ce5c582ac4eff9aa891ebf656466e9b42c996
/home/ali/projects/RoboLab/output/v1_cosmos_vague_interrupted_hot_gpu0/RubiksCubeLeftOfBowlMatchedTask/predicted_chunks/episode_001/chunk_014/metadata.json,836,5cd0592f269d478145a7794d46c4a09e33961036432465106c31a3769ecf23ea
/home/ali/projects/RoboLab/output/v1_cosmos_vague_interrupted_hot_gpu0/RubiksCubeLeftOfBowlMatchedTask/predicted_chunks/episode_002/chunk_000/action.npy,1152,1986a19cdb9a5fa370380260fa37171446c9f0cd9d685e857cf3e66261bc95fe
/home/ali/projects/RoboLab/output/v1_cosmos_vague_interrupted_hot_gpu0/RubiksCubeLeftOfBowlMatchedTask/predicted_chunks/episode_002/chunk_000/conditioning.png,574835,166065b13e827d51008b88d45c31318787c22f22733a030e209dad43cfe42851
/home/ali/projects/RoboLab/output/v1_cosmos_vague_interrupted_hot_gpu0/RubiksCubeLeftOfBowlMatchedTask/predicted_chunks/episode_002/chunk_000/future.mp4,519109,aa1195b41d6fa98886b95efdeb03fa570f2c1a8c027fa15b581ce526a9ff8f3c
/home/ali/projects/RoboLab/output/v1_cosmos_vague_interrupted_hot_gpu0/RubiksCubeLeftOfBowlMatchedTask/predicted_chunks/episode_002/chunk_000/metadata.json,766,58a1bc2c842df9d1f00b49ff53c526e53dd27880dc85ce78cdf4b4b73a13f725
/home/ali/projects/RoboLab/output/v1_cosmos_vague_interrupted_hot_gpu0/RubiksCubeLeftOfBowlMatchedTask/predicted_chunks/episode_002/chunk_001/action.npy,1152,5eeb2840efc3682103d77023d772d55cb7f5b4d10189866c74f42c94367eb98a
/home/ali/projects/RoboLab/output/v1_cosmos_vague_interrupted_hot_gpu0/RubiksCubeLeftOfBowlMatchedTask/predicted_chunks/episode_002/chunk_001/conditioning.png,557376,e85d77887240a037c5a4bbee36f9e14390628bfd00d1773c306de23a708269e9
/home/ali/projects/RoboLab/output/v1_cosmos_vague_interrupted_hot_gpu0/RubiksCubeLeftOfBowlMatchedTask/predicted_chunks/episode_002/chunk_001/future.mp4,422865,49eb5f18d13811e27077455b9a1bd612349abaff42d8bbcd8d9c1abdaaf46d63
/home/ali/projects/RoboLab/output/v1_cosmos_vague_interrupted_hot_gpu0/RubiksCubeLeftOfBowlMatchedTask/predicted_chunks/episode_002/chunk_001/metadata.json,848,4a2b6c0d7c006129ffcb50aa8b5a1e99d06e19f49c7f9b523594be840a96406c
/home/ali/projects/RoboLab/output/v1_cosmos_vague_interrupted_hot_gpu0/RubiksCubeLeftOfBowlMatchedTask/predicted_chunks/episode_002/chunk_002/action.npy,1152,88387bd87dee4b2a571044e144caf6300dafd31c96d67ab7eea8b5eb73079237
/home/ali/projects/RoboLab/output/v1_cosmos_vague_interrupted_hot_gpu0/RubiksCubeLeftOfBowlMatchedTask/predicted_chunks/episode_002/chunk_002/conditioning.png,543844,0c999313bd8c5d712dbacc1ef59fff16704382fecfb93d4130d211e383c7b9b7
/home/ali/projects/RoboLab/output/v1_cosmos_vague_interrupted_hot_gpu0/RubiksCubeLeftOfBowlMatchedTask/predicted_chunks/episode_002/chunk_002/future.mp4,495205,ed568664e67c5cf6f80e6875e60deed0c5607fc2cbd0c6393f7802bfdfdcd7c9
/home/ali/projects/RoboLab/output/v1_cosmos_vague_interrupted_hot_gpu0/RubiksCubeLeftOfBowlMatchedTask/predicted_chunks/episode_002/chunk_002/metadata.json,847,4dfcc2ef949863703e63178538ea590df1afb99f58d943dba70a380f9ddc121f
/home/ali/projects/RoboLab/output/v1_cosmos_vague_interrupted_hot_gpu0/RubiksCubeLeftOfBowlMatchedTask/predicted_chunks/episode_002/chunk_003/action.npy,1152,eee3e2abf5297e10c9078dc2ad00bf644e76c775f3a0412c76e9a48686670055
/home/ali/projects/RoboLab/output/v1_cosmos_vague_interrupted_hot_gpu0/RubiksCubeLeftOfBowlMatchedTask/predicted_chunks/episode_002/chunk_003/conditioning.png,561558,a79022dd711f3201978c3a5a0ee73b928d564d789820cd892ad52da24592e2cb
/home/ali/projects/RoboLab/output/v1_cosmos_vague_interrupted_hot_gpu0/RubiksCubeLeftOfBowlMatchedTask/predicted_chunks/episode_002/chunk_003/future.mp4,450813,f0b21176c0b5f9ac9248326e269fa3700bd95a288e0c4ad9c8196e2b32a2f750
/home/ali/projects/RoboLab/output/v1_cosmos_vague_interrupted_hot_gpu0/RubiksCubeLeftOfBowlMatchedTask/predicted_chunks/episode_002/chunk_003/metadata.json,846,f0768f7c4e340e705c0c07bd7e6a89f74fc4fadf6d373374a877769fc6a57bc9
/home/ali/projects/RoboLab/output/v1_cosmos_vague_interrupted_hot_gpu0/RubiksCubeLeftOfBowlMatchedTask/predicted_chunks/episode_003/chunk_000/action.npy,1152,cdd90fdb069b72017a11cab6bb2113ace2985d6362de52b8ab395215bf286531
/home/ali/projects/RoboLab/output/v1_cosmos_vague_interrupted_hot_gpu0/RubiksCubeLeftOfBowlMatchedTask/predicted_chunks/episode_003/chunk_000/conditioning.png,577180,dfb510f409ec538cc93896baeddb802b4cea7e960e951eadf43b9e8568e9eb8e
/home/ali/projects/RoboLab/output/v1_cosmos_vague_interrupted_hot_gpu0/RubiksCubeLeftOfBowlMatchedTask/predicted_chunks/episode_003/chunk_000/future.mp4,508116,b52ad6ce96697d54b58ea3f8b97acdbe3bee2a187c9c7f8860aa342972b61b49
/home/ali/projects/RoboLab/output/v1_cosmos_vague_interrupted_hot_gpu0/RubiksCubeLeftOfBowlMatchedTask/predicted_chunks/episode_003/chunk_000/metadata.json,766,22a32ff11bf50c7856b6ee36f1300341a2a6223aad3418196a3db8630e323356
/home/ali/projects/RoboLab/output/v1_cosmos_vague_interrupted_hot_gpu0/RubiksCubeLeftOfBowlMatchedTask/predicted_chunks/episode_003/chunk_001/action.npy,1152,f4d0010a731f59c7f1c961c4611c1e2e5eba5f5c9bfda9c92b1c3941b5aedf5b
/home/ali/projects/RoboLab/output/v1_cosmos_vague_interrupted_hot_gpu0/RubiksCubeLeftOfBowlMatchedTask/predicted_chunks/episode_003/chunk_001/conditioning.png,559613,eace4a863c75bf74a3f28e9d174b28a943ccc4073971dadb9f5f55adf7048dfd
/home/ali/projects/RoboLab/output/v1_cosmos_vague_interrupted_hot_gpu0/RubiksCubeLeftOfBowlMatchedTask/predicted_chunks/episode_003/chunk_001/future.mp4,430597,096c2baff03b612189a12a1f14b22b4d6a0d85a2151b7ef043cea235bf45775a
/home/ali/projects/RoboLab/output/v1_cosmos_vague_interrupted_hot_gpu0/RubiksCubeLeftOfBowlMatchedTask/predicted_chunks/episode_003/chunk_001/metadata.json,850,9dfb02ceed08f5e0c37ae368cc055b6af009bf6a25512d453fd1755e3cfe9772
/home/ali/projects/RoboLab/output/v1_cosmos_vague_interrupted_hot_gpu0/RubiksCubeLeftOfBowlMatchedTask/predicted_chunks/episode_003/chunk_002/action.npy,1152,0f32a4062414e4ce764118b5692d1cbf8afaaeec5116cee096dd173a43f2c5a5
/home/ali/projects/RoboLab/output/v1_cosmos_vague_interrupted_hot_gpu0/RubiksCubeLeftOfBowlMatchedTask/predicted_chunks/episode_003/chunk_002/conditioning.png,535816,7cba3b333b4860f4ea46fcb165218576cb0ff3a320f44a8ac456c5254d2bb1cd
/home/ali/projects/RoboLab/output/v1_cosmos_vague_interrupted_hot_gpu0/RubiksCubeLeftOfBowlMatchedTask/predicted_chunks/episode_003/chunk_002/future.mp4,463883,f1a7cedf974097b972059ea5220c3546fe1666fd6bc62e8b6bcb8d659231f208
/home/ali/projects/RoboLab/output/v1_cosmos_vague_interrupted_hot_gpu0/RubiksCubeLeftOfBowlMatchedTask/predicted_chunks/episode_003/chunk_002/metadata.json,833,76434e2f738c7a4409a581557421ec100ec0a7abd331e28d6a37cfa26aae5a07
/home/ali/projects/RoboLab/output/v1_cosmos_vague_interrupted_hot_gpu0/RubiksCubeLeftOfBowlMatchedTask/predicted_chunks/episode_003/chunk_003/action.npy,1152,2716dae479234917a523797b9738300c180b61b848da75b774c3dbbe1c066448
/home/ali/projects/RoboLab/output/v1_cosmos_vague_interrupted_hot_gpu0/RubiksCubeLeftOfBowlMatchedTask/predicted_chunks/episode_003/chunk_003/conditioning.png,563027,123d66bbc8cbe967a5960f22c4416cc2a7b0269f2d071b82836a76da641a1ef1
/home/ali/projects/RoboLab/output/v1_cosmos_vague_interrupted_hot_gpu0/RubiksCubeLeftOfBowlMatchedTask/predicted_chunks/episode_003/chunk_003/future.mp4,572557,f3f680dfc718e5f38d42b164c16a5b5d5b52c2dcd72ff0898b90fe4056a81d3f
/home/ali/projects/RoboLab/output/v1_cosmos_vague_interrupted_hot_gpu0/RubiksCubeLeftOfBowlMatchedTask/predicted_chunks/episode_003/chunk_003/metadata.json,849,7d357f6840e59312be61c3c65cb27182351e6f6ec7b22f1e39d623b94bd1dfa6
/home/ali/projects/RoboLab/output/v1_cosmos_vague_interrupted_hot_gpu0/RubiksCubeLeftOfBowlMatchedTask/predicted_chunks/episode_003/chunk_004/action.npy,1152,40bc5e04a6dabac320e84a0c532fc5c9e262b87b70896d698dd395a9a8bb3e51
/home/ali/projects/RoboLab/output/v1_cosmos_vague_interrupted_hot_gpu0/RubiksCubeLeftOfBowlMatchedTask/predicted_chunks/episode_003/chunk_004/conditioning.png,561198,156ca63515e4df6e6e3029e6cf442e9cca09645f83f4aaa678e1d36ad18e4e38
/home/ali/projects/RoboLab/output/v1_cosmos_vague_interrupted_hot_gpu0/RubiksCubeLeftOfBowlMatchedTask/predicted_chunks/episode_003/chunk_004/future.mp4,474811,3239360aba3e977431f59b6e32eaf0a8cc62c3a73a5b50a211f91be90ec9b169
/home/ali/projects/RoboLab/output/v1_cosmos_vague_interrupted_hot_gpu0/RubiksCubeLeftOfBowlMatchedTask/predicted_chunks/episode_003/chunk_004/metadata.json,851,cc417a7195a5d3ee08c7140246b49b21be62324ed632a9b6e86377e6d3b6e5b2
/home/ali/projects/RoboLab/output/v1_cosmos_vague_interrupted_hot_gpu0/RubiksCubeLeftOfBowlMatchedTask/predicted_chunks/episode_003/chunk_005/action.npy,1152,2b6379ed245b20828dea0e58be3e19abbead65b19329b536d241ba30b5b7ef69
/home/ali/projects/RoboLab/output/v1_cosmos_vague_interrupted_hot_gpu0/RubiksCubeLeftOfBowlMatchedTask/predicted_chunks/episode_003/chunk_005/conditioning.png,542256,cb2eedf3c850e97727c77168b05b11ff808d4f37ae9d7bf9a30a727de970f869
/home/ali/projects/RoboLab/output/v1_cosmos_vague_interrupted_hot_gpu0/RubiksCubeLeftOfBowlMatchedTask/predicted_chunks/episode_003/chunk_005/future.mp4,378751,1ab543d9e96163175694b7c975af4f1887760f73ed75b40c6d4b3d5fdd0df82d
/home/ali/projects/RoboLab/output/v1_cosmos_vague_interrupted_hot_gpu0/RubiksCubeLeftOfBowlMatchedTask/predicted_chunks/episode_003/chunk_005/metadata.json,831,2f0b4a8894142b06ee83ea6b03c0a4c07be5f93a83440e59e11e031a6c1074e0
/home/ali/projects/RoboLab/output/v1_cosmos_vague_interrupted_hot_gpu0/RubiksCubeLeftOfBowlMatchedTask/predicted_chunks/episode_003/chunk_006/action.npy,1152,69cf15fc84c36326391505bac26c618576b78f8f80972ba610f48bbb0b517301
/home/ali/projects/RoboLab/output/v1_cosmos_vague_interrupted_hot_gpu0/RubiksCubeLeftOfBowlMatchedTask/predicted_chunks/episode_003/chunk_006/conditioning.png,530622,dbdcff8e4b28eb60517c5fe914633bbb702c7b0bf2c544489e7023a87ff34dbf
/home/ali/projects/RoboLab/output/v1_cosmos_vague_interrupted_hot_gpu0/RubiksCubeLeftOfBowlMatchedTask/predicted_chunks/episode_003/chunk_006/future.mp4,490276,0f561e4c6e5e1d5c0af4bb0dfd2cda96ded92c058e767ae8529b1c5497752556
/home/ali/projects/RoboLab/output/v1_cosmos_vague_interrupted_hot_gpu0/RubiksCubeLeftOfBowlMatchedTask/predicted_chunks/episode_003/chunk_006/metadata.json,846,478f704506d01ab7e176cbf5f91911d1dd087aca1e391388a5729eb5ca9c5a72
/home/ali/projects/RoboLab/output/v1_cosmos_vague_interrupted_hot_gpu0/RubiksCubeLeftOfBowlMatchedTask/predicted_chunks/episode_003/chunk_007/action.npy,1152,9f8d97d5fb0ba3c2890dcc3f1fdac7468911e0e9c9656d0082e262054c7847d8
/home/ali/projects/RoboLab/output/v1_cosmos_vague_interrupted_hot_gpu0/RubiksCubeLeftOfBowlMatchedTask/predicted_chunks/episode_003/chunk_007/conditioning.png,554060,2a23778f01f90469e1433c99e25c473a277c4873609c863e08f3271c2af10077
/home/ali/projects/RoboLab/output/v1_cosmos_vague_interrupted_hot_gpu0/RubiksCubeLeftOfBowlMatchedTask/predicted_chunks/episode_003/chunk_007/future.mp4,403085,ef71d6d1eac854c0422a2d66ca13ebe65f5ddb021aaa5a60935b7eb3c074efec
/home/ali/projects/RoboLab/output/v1_cosmos_vague_interrupted_hot_gpu0/RubiksCubeLeftOfBowlMatchedTask/predicted_chunks/episode_003/chunk_007/metadata.json,845,03216eb609adc1bba1bf17013979a66db1245f52930089d1591aa76a02a15496
/home/ali/projects/RoboLab/output/v1_cosmos_vague_interrupted_hot_gpu0/RubiksCubeLeftOfBowlMatchedTask/predicted_chunks/episode_003/chunk_008/action.npy,1152,1fa82f68f56286a2ded7064fd60cde4d0f4edcd171464b809bbc7a18a6ee1fe8
/home/ali/projects/RoboLab/output/v1_cosmos_vague_interrupted_hot_gpu0/RubiksCubeLeftOfBowlMatchedTask/predicted_chunks/episode_003/chunk_008/conditioning.png,495841,b12d261571dc653b794aab0fddb85177be854b24862425f5ca6acb9b71763aa0
/home/ali/projects/RoboLab/output/v1_cosmos_vague_interrupted_hot_gpu0/RubiksCubeLeftOfBowlMatchedTask/predicted_chunks/episode_003/chunk_008/future.mp4,392350,7317fd7d7f904b94c6b05a83a6d78965bb096973cb9943065ff61ff059203079
/home/ali/projects/RoboLab/output/v1_cosmos_vague_interrupted_hot_gpu0/RubiksCubeLeftOfBowlMatchedTask/predicted_chunks/episode_003/chunk_008/metadata.json,833,3a8440dd30c2e239ba598dd5fb3d60256d475b9b448a3ffe416e63a13a338afe
/home/ali/projects/RoboLab/output/v1_cosmos_vague_interrupted_hot_gpu0/RubiksCubeLeftOfBowlMatchedTask/predicted_chunks/episode_003/chunk_009/action.npy,1152,fdecabe9b60e4cf68c6c300ece2bb34213c5d18cb8e49f07ef37fe21bb9915d7
/home/ali/projects/RoboLab/output/v1_cosmos_vague_interrupted_hot_gpu0/RubiksCubeLeftOfBowlMatchedTask/predicted_chunks/episode_003/chunk_009/conditioning.png,555759,8eea4cc98c4c10041e62e2f98f11907acc83e8b37784634f5144f3ba6a67475a
/home/ali/projects/RoboLab/output/v1_cosmos_vague_interrupted_hot_gpu0/RubiksCubeLeftOfBowlMatchedTask/predicted_chunks/episode_003/chunk_009/future.mp4,486117,26911313cc1188c4fa5a5ba220250f42d4f3df3fb0697a7c6a9ebe9b3fd0891b
/home/ali/projects/RoboLab/output/v1_cosmos_vague_interrupted_hot_gpu0/RubiksCubeLeftOfBowlMatchedTask/predicted_chunks/episode_003/chunk_009/metadata.json,848,f01c6cf39ab41c3559d7ff043e4b10aeb18b350baa3f68a4b4de6a7823354db9
/home/ali/projects/RoboLab/output/v1_cosmos_vague_interrupted_hot_gpu0/RubiksCubeLeftOfBowlMatchedTask/predicted_chunks/episode_004/chunk_000/action.npy,1152,b0f43baf4bda78468818b1c538e46eb921b46c021f89cb4d4ddce21e02b878c5
/home/ali/projects/RoboLab/output/v1_cosmos_vague_interrupted_hot_gpu0/RubiksCubeLeftOfBowlMatchedTask/predicted_chunks/episode_004/chunk_000/conditioning.png,579558,b0927d218067512e06af10d6a272727549eb61f7a2ec0088f419e5dcb73005be
/home/ali/projects/RoboLab/output/v1_cosmos_vague_interrupted_hot_gpu0/RubiksCubeLeftOfBowlMatchedTask/predicted_chunks/episode_004/chunk_000/future.mp4,489775,0943942ce8d96e106da1aeb3030e5125ab3722db37e7d9a6759eb2db1a731a1e
/home/ali/projects/RoboLab/output/v1_cosmos_vague_interrupted_hot_gpu0/RubiksCubeLeftOfBowlMatchedTask/predicted_chunks/episode_004/chunk_000/metadata.json,766,08dedde141ce36454a21431f2f55a42a686d020aed997e587da66567a6597d5e
/home/ali/projects/RoboLab/output/v1_cosmos_vague_interrupted_hot_gpu0/RubiksCubeLeftOfBowlMatchedTask/predicted_chunks/episode_004/chunk_001/action.npy,1152,e3dcc61336b62c07776a6b6133e003540d8789e6c20eb947987f0477458ac8ba
/home/ali/projects/RoboLab/output/v1_cosmos_vague_interrupted_hot_gpu0/RubiksCubeLeftOfBowlMatchedTask/predicted_chunks/episode_004/chunk_001/conditioning.png,561004,022ba7e6b0b9917a27b8737ba7b11369148fdce8d3ca30ffc8e12cb25b7588ba
/home/ali/projects/RoboLab/output/v1_cosmos_vague_interrupted_hot_gpu0/RubiksCubeLeftOfBowlMatchedTask/predicted_chunks/episode_004/chunk_001/future.mp4,495462,7e25c2554f893f115d629839df24a3b1fb63877965c9a127ee986cd6aeffb757
/home/ali/projects/RoboLab/output/v1_cosmos_vague_interrupted_hot_gpu0/RubiksCubeLeftOfBowlMatchedTask/predicted_chunks/episode_004/chunk_001/metadata.json,850,a315a047178f8cbdb476f2ba65cb8a915c59292a1e7282aafc6848eea8da18b4
/home/ali/projects/RoboLab/output/v1_cosmos_vague_interrupted_hot_gpu0/RubiksCubeLeftOfBowlMatchedTask/predicted_chunks/episode_004/chunk_002/action.npy,1152,194f08594518470b58282bf2b3cf4915b7c6c0b37c7ff411cdd594113906e021
/home/ali/projects/RoboLab/output/v1_cosmos_vague_interrupted_hot_gpu0/RubiksCubeLeftOfBowlMatchedTask/predicted_chunks/episode_004/chunk_002/conditioning.png,560322,1775c88b83c2025b755fa221383d1a64003f73d242fe488fd62a60058aa380a9
/home/ali/projects/RoboLab/output/v1_cosmos_vague_interrupted_hot_gpu0/RubiksCubeLeftOfBowlMatchedTask/predicted_chunks/episode_004/chunk_002/future.mp4,376761,4fbd7d0625f37c774db21104086aaa68f0a4cfb3fcae78ccad55799a0855eea8
/home/ali/projects/RoboLab/output/v1_cosmos_vague_interrupted_hot_gpu0/RubiksCubeLeftOfBowlMatchedTask/predicted_chunks/episode_004/chunk_002/metadata.json,847,385e4f5b3e8062f81fdb4746568cf326a1950a967123f9e07d17ed5023777689
/home/ali/projects/RoboLab/output/v1_cosmos_vague_interrupted_hot_gpu0/RubiksCubeLeftOfBowlMatchedTask/predicted_chunks/episode_004/chunk_003/action.npy,1152,ea55d1f1f4c6e53994b8db486d81456f212b3e01e59afaafc47723c7169e3646
/home/ali/projects/RoboLab/output/v1_cosmos_vague_interrupted_hot_gpu0/RubiksCubeLeftOfBowlMatchedTask/predicted_chunks/episode_004/chunk_003/conditioning.png,554241,f1a82654e854580ab48421586f2d0f3d73b60bd57653ce47e97c7ece55656289
/home/ali/projects/RoboLab/output/v1_cosmos_vague_interrupted_hot_gpu0/RubiksCubeLeftOfBowlMatchedTask/predicted_chunks/episode_004/chunk_003/future.mp4,463871,1a3a01be8116989bcebd537b2a3f8c07ff08952ccfabc813d747727a6a35b7cf
/home/ali/projects/RoboLab/output/v1_cosmos_vague_interrupted_hot_gpu0/RubiksCubeLeftOfBowlMatchedTask/predicted_chunks/episode_004/chunk_003/metadata.json,845,c37f92c9af5a697a3fada83e6c7994644ec470627b1af22694f93da0aa143602
/home/ali/projects/RoboLab/output/v1_cosmos_vague_interrupted_hot_gpu0/RubiksCubeLeftOfBowlMatchedTask/predicted_chunks/episode_004/chunk_004/action.npy,1152,65e72332a8897e89537478465142860b3b2a53e3e18c33a3ed6a6e07ba1eb276
/home/ali/projects/RoboLab/output/v1_cosmos_vague_interrupted_hot_gpu0/RubiksCubeLeftOfBowlMatchedTask/predicted_chunks/episode_004/chunk_004/conditioning.png,597973,6d6d69d550d5bb8d1baa688eb112ef6ee566ce03d0c75d3e3db26c2f378ca8e0
/home/ali/projects/RoboLab/output/v1_cosmos_vague_interrupted_hot_gpu0/RubiksCubeLeftOfBowlMatchedTask/predicted_chunks/episode_004/chunk_004/future.mp4,580583,f815b1a7feda254cd71d2b1eaa5f077d38693ec4dbd72f920b7a647fa5fc4ecf
/home/ali/projects/RoboLab/output/v1_cosmos_vague_interrupted_hot_gpu0/RubiksCubeLeftOfBowlMatchedTask/predicted_chunks/episode_004/chunk_004/metadata.json,837,2be096e7483a6006d69dd2f7e6cec893a12cb8e18c4ec6d9bf70e2580637647a
/home/ali/projects/RoboLab/output/v1_cosmos_vague_interrupted_hot_gpu0/RubiksCubeLeftOfBowlMatchedTask/predicted_chunks/episode_004/chunk_005/action.npy,1152,240021d3a92a67116f51e158b2e402ffae9581a075361efa4954787c4ac45a6e
/home/ali/projects/RoboLab/output/v1_cosmos_vague_interrupted_hot_gpu0/RubiksCubeLeftOfBowlMatchedTask/predicted_chunks/episode_004/chunk_005/conditioning.png,549257,36f99aabeefdd1af0cb19b65e725d651771f01e018ac9784ff41dba63dfaefe4
/home/ali/projects/RoboLab/output/v1_cosmos_vague_interrupted_hot_gpu0/RubiksCubeLeftOfBowlMatchedTask/predicted_chunks/episode_004/chunk_005/future.mp4,410157,1f63170d6bea166a319fd92d5c6ad3782e662d33ea8cbe5317242e512448fcad
/home/ali/projects/RoboLab/output/v1_cosmos_vague_interrupted_hot_gpu0/RubiksCubeLeftOfBowlMatchedTask/predicted_chunks/episode_004/chunk_005/metadata.json,848,48dc192eb4c12df02d32d2a515132d84aae287935ff56c0ed755eb27c093141e
/home/ali/projects/RoboLab/output/v1_cosmos_vague_interrupted_hot_gpu0/RubiksCubeLeftOfBowlMatchedTask/predicted_chunks/episode_004/chunk_006/action.npy,1152,5a7dc27e648dc9d826bbadbf09e0e68500988990898f18c7270f10bb5f41c4a3
/home/ali/projects/RoboLab/output/v1_cosmos_vague_interrupted_hot_gpu0/RubiksCubeLeftOfBowlMatchedTask/predicted_chunks/episode_004/chunk_006/conditioning.png,526434,ff8b38320d100a8c721b4681dff912fc5fdc7134413b37538034b8681c6f365a
/home/ali/projects/RoboLab/output/v1_cosmos_vague_interrupted_hot_gpu0/RubiksCubeLeftOfBowlMatchedTask/predicted_chunks/episode_004/chunk_006/future.mp4,385067,1a42382c7834a297ceecdd1cee0d79b6b8002932722bb04161960f3e3f78b2aa
/home/ali/projects/RoboLab/output/v1_cosmos_vague_interrupted_hot_gpu0/RubiksCubeLeftOfBowlMatchedTask/predicted_chunks/episode_004/chunk_006/metadata.json,833,d936d2ab30d49a4bafcbb523cf584e786d8c020dd1cc16b0179fb3e5b8b4a979
/home/ali/projects/RoboLab/output/v1_cosmos_vague_interrupted_hot_gpu0/RubiksCubeLeftOfBowlMatchedTask/predicted_chunks/episode_004/chunk_007/action.npy,1152,6b9d33de47f8b84831cf87b8a43ca6a5d838ffde8102d21d225c2490387ad7ce
/home/ali/projects/RoboLab/output/v1_cosmos_vague_interrupted_hot_gpu0/RubiksCubeLeftOfBowlMatchedTask/predicted_chunks/episode_004/chunk_007/conditioning.png,533763,13e50a9022249573302855b8d78498e7b17a164b6678f4d0d26c38c4c8ecc239
/home/ali/projects/RoboLab/output/v1_cosmos_vague_interrupted_hot_gpu0/RubiksCubeLeftOfBowlMatchedTask/predicted_chunks/episode_004/chunk_007/future.mp4,337046,db251b829120d16bef1acab840bbed9a24eb49376d1beb50e7e2227b83f7c9e8
/home/ali/projects/RoboLab/output/v1_cosmos_vague_interrupted_hot_gpu0/RubiksCubeLeftOfBowlMatchedTask/predicted_chunks/episode_004/chunk_007/metadata.json,848,ff53b40d90e0bcb07063dd5e8a8e15a0ae962913461d4aed33eb73582ea06999
/home/ali/projects/RoboLab/output/v1_cosmos_vague_interrupted_hot_gpu0/RubiksCubeLeftOfBowlMatchedTask/predicted_chunks/episode_004/chunk_008/action.npy,1152,dabf9e619d9a966efea71946f56d175b5474ab9a054083daa68277f7b8f9136c
/home/ali/projects/RoboLab/output/v1_cosmos_vague_interrupted_hot_gpu0/RubiksCubeLeftOfBowlMatchedTask/predicted_chunks/episode_004/chunk_008/conditioning.png,547871,15b7352f9c66fda489ed1d98ba17d16fec5add6cffc98d039353441a856a825e
/home/ali/projects/RoboLab/output/v1_cosmos_vague_interrupted_hot_gpu0/RubiksCubeLeftOfBowlMatchedTask/predicted_chunks/episode_004/chunk_008/future.mp4,372768,8096811265bd19753c16b98964a4485cf2806d5368b0c6967958eb4b7b786ef1
/home/ali/projects/RoboLab/output/v1_cosmos_vague_interrupted_hot_gpu0/RubiksCubeLeftOfBowlMatchedTask/predicted_chunks/episode_004/chunk_008/metadata.json,834,df18ea0b7b59117dc73bc31dbc324557e7a3dc7fb4dfd24644ed3e081ce201ba
/home/ali/projects/RoboLab/output/v1_cosmos_vague_interrupted_hot_gpu0/RubiksCubeLeftOfBowlMatchedTask/predicted_chunks/episode_004/chunk_009/action.npy,1152,a2af4866457187c51187608434fee92ec57054c62d6eab38a9a711efe5faf003
/home/ali/projects/RoboLab/output/v1_cosmos_vague_interrupted_hot_gpu0/RubiksCubeLeftOfBowlMatchedTask/predicted_chunks/episode_004/chunk_009/conditioning.png,529002,d59a8dbb5b3851618c0f92c84a67b0204f02f5d1a7799e9d97f5ce3f8b587ddc
/home/ali/projects/RoboLab/output/v1_cosmos_vague_interrupted_hot_gpu0/RubiksCubeLeftOfBowlMatchedTask/predicted_chunks/episode_004/chunk_009/future.mp4,369848,c343bf5be5c56c7d21ab36853cf8739669e52939cebf0ed458902ab84b4730d1
/home/ali/projects/RoboLab/output/v1_cosmos_vague_interrupted_hot_gpu0/RubiksCubeLeftOfBowlMatchedTask/predicted_chunks/episode_004/chunk_009/metadata.json,834,86fee74e399733e266477887046a96613ebad422ee4cff006c79bbce61bf93bc
/home/ali/projects/RoboLab/output/v1_cosmos_vague_interrupted_hot_gpu0/RubiksCubeLeftOfBowlMatchedTask/predicted_chunks/episode_004/chunk_010/action.npy,1152,9951413673ef996c1f4a39fdfc0951c568c117ff9d7637c8e9e8885174d2bb71
/home/ali/projects/RoboLab/output/v1_cosmos_vague_interrupted_hot_gpu0/RubiksCubeLeftOfBowlMatchedTask/predicted_chunks/episode_004/chunk_010/conditioning.png,561871,7f11150a4127175555cf587cbac18e6d4fd654ee3077b4de183359a9339856f6
/home/ali/projects/RoboLab/output/v1_cosmos_vague_interrupted_hot_gpu0/RubiksCubeLeftOfBowlMatchedTask/predicted_chunks/episode_004/chunk_010/future.mp4,361533,1e9028a49773924f3df630a59bdb50d011306c7e1acc543ae1231c482f425b66
/home/ali/projects/RoboLab/output/v1_cosmos_vague_interrupted_hot_gpu0/RubiksCubeLeftOfBowlMatchedTask/predicted_chunks/episode_004/chunk_010/metadata.json,849,2e4988c52578a0915b3a214c29d4cc1a70a6c104dd09e50afa4706b672363df0
/home/ali/projects/RoboLab/output/v1_cosmos_vague_interrupted_hot_gpu0/RubiksCubeLeftOfBowlMatchedTask/predicted_chunks/episode_004/chunk_011/action.npy,1152,2a1928527c7fb7faa5092d99b83a6d621192ac0a4e3e770fde4f87a88872ecdd
/home/ali/projects/RoboLab/output/v1_cosmos_vague_interrupted_hot_gpu0/RubiksCubeLeftOfBowlMatchedTask/predicted_chunks/episode_004/chunk_011/conditioning.png,541824,fe5690fc07bd8a6f189fcac71072644ed4799ddc548842b6f273478e3521cd71
/home/ali/projects/RoboLab/output/v1_cosmos_vague_interrupted_hot_gpu0/RubiksCubeLeftOfBowlMatchedTask/predicted_chunks/episode_004/chunk_011/future.mp4,365563,b5c3ed05a4f7a539ddc9a9802b7c59f38fabba2222ce2db2ae12041b870f4d08
/home/ali/projects/RoboLab/output/v1_cosmos_vague_interrupted_hot_gpu0/RubiksCubeLeftOfBowlMatchedTask/predicted_chunks/episode_004/chunk_011/metadata.json,850,5e930037743a2ed8362506e502d7e1c912bcc4e016e613ec1b14c914347fbab9
/home/ali/projects/RoboLab/output/v1_cosmos_vague_interrupted_hot_gpu0/RubiksCubeLeftOfBowlMatchedTask/predicted_chunks/episode_004/chunk_012/action.npy,1152,8de6ab30e2956b7519270467a7c5eeb5cd7bb72d6bd1765a28905a61fff6e3df
/home/ali/projects/RoboLab/output/v1_cosmos_vague_interrupted_hot_gpu0/RubiksCubeLeftOfBowlMatchedTask/predicted_chunks/episode_004/chunk_012/conditioning.png,530793,c17fb6f580fc55c47c7605aac49229c8c12ca20e07f4ae90a449de0dd8b33799
/home/ali/projects/RoboLab/output/v1_cosmos_vague_interrupted_hot_gpu0/RubiksCubeLeftOfBowlMatchedTask/predicted_chunks/episode_004/chunk_012/future.mp4,488516,e44656369d7fe4d8e59d9581d95badf0b5f31cd2286cdfb87da1af3f1ddc9754
/home/ali/projects/RoboLab/output/v1_cosmos_vague_interrupted_hot_gpu0/RubiksCubeLeftOfBowlMatchedTask/predicted_chunks/episode_004/chunk_012/metadata.json,850,bf2f5721d09fb1d31ef8df6afdb818294666f778801f174a685a3ab5acf92cb5
/home/ali/projects/RoboLab/output/v1_cosmos_vague_interrupted_hot_gpu0/RubiksCubeLeftOfBowlMatchedTask/predicted_chunks/episode_004/chunk_013/action.npy,1152,89bc5d8e0a90d90a78cfeef9d87e7d75c0f0f0db4185493b692ab400a20aa4cb
/home/ali/projects/RoboLab/output/v1_cosmos_vague_interrupted_hot_gpu0/RubiksCubeLeftOfBowlMatchedTask/predicted_chunks/episode_004/chunk_013/conditioning.png,537792,179d83575f6c4c2fa136b208f96a1443d4b14a025366bdb759a461a0ac982a3b
/home/ali/projects/RoboLab/output/v1_cosmos_vague_interrupted_hot_gpu0/RubiksCubeLeftOfBowlMatchedTask/predicted_chunks/episode_004/chunk_013/future.mp4,415269,b3ddd44ab76ade9d228674b26f765e7dcaff876fa50d938bc4c01ce656819f00
/home/ali/projects/RoboLab/output/v1_cosmos_vague_interrupted_hot_gpu0/RubiksCubeLeftOfBowlMatchedTask/predicted_chunks/episode_004/chunk_013/metadata.json,834,f7aacab1af326bfc1cba7cbfc3c2e4cb939edcb72a701d03bd5fa8b28b99d23e
/home/ali/projects/RoboLab/output/v1_cosmos_vague_interrupted_hot_gpu0/RubiksCubeLeftOfBowlMatchedTask/predicted_chunks/manifest.jsonl,41760,93f5b76fdeb8b503b906b565a5483213293efe6335ded782cb440f8918369b1a
/home/ali/projects/RoboLab/output/v1_cosmos_vague_interrupted_hot_gpu0/RubiksCubeLeftOfBowlMatchedTask/run_0.hdf5,342804,417de4b51f81c7f8e9a64958517474cf3c1d38ff71a8a6a92a9a61e73c8a45b6
/home/ali/projects/RoboLab/output/v1_cosmos_vague_interrupted_hot_gpu0/RubiksCubeLeftOfBowlMatchedTask/run_1.hdf5,344083,c7ae5140c7293ed3b34f37204acbcc91cd6415a51f372b42f6c84c39922b67b3
/home/ali/projects/RoboLab/output/v1_cosmos_vague_interrupted_hot_gpu0/RubiksCubeLeftOfBowlMatchedTask/run_2.hdf5,220580,9d8932204e6f8c1a0ddb9369c438d5dc4d2c0f0836dbd1c2b01ebc75257825ed
/home/ali/projects/RoboLab/output/v1_cosmos_vague_interrupted_hot_gpu0/RubiksCubeLeftOfBowlMatchedTask/run_3.hdf5,285697,812652533ae4de744d672370917fd5cd6234e1c6717bead8f32b3b895415bf8a
/home/ali/projects/RoboLab/output/v1_cosmos_vague_interrupted_hot_gpu0/RubiksCubeLeftOfBowlMatchedTask/run_4.hdf5,96,5d326e08d1d18c88a8c5cc1d0029d10e32152ec9722665d7d0333e3df4ef2de3
/home/ali/projects/RoboLab/output/v1_cosmos_vague_interrupted_hot_gpu0/episode_results.jsonl,5143,7fa43d88b7450fcb50164535438020570d249bd046897cfe6c63ff841ee20ccb
/home/ali/projects/RoboLab/output/v1_cosmos_vague_pre_thermal_guard/RubiksCubeLeftOfBowlMatchedTask/env_cfg.json,43162,cc1ce248dd1f196ca3e0680d9630f4a7f086d69795e6e47ae1d1d9af6c0ba98d
/home/ali/projects/RoboLab/output/v1_cosmos_vague_pre_thermal_guard/RubiksCubeLeftOfBowlMatchedTask/log_0_env0.json,1920,4409f5b74333eab4ab977db68844b279204dc0fdc7a05011a8af3a43f23d81ab
/home/ali/projects/RoboLab/output/v1_cosmos_vague_pre_thermal_guard/RubiksCubeLeftOfBowlMatchedTask/log_1_env0.json,3381,915aa31876886428aa237d67b558755fd40bf5f10ffdad949fd5d23ab0a5516c
/home/ali/projects/RoboLab/output/v1_cosmos_vague_pre_thermal_guard/RubiksCubeLeftOfBowlMatchedTask/log_2_env0.json,5215,522750c218c481b8df1297bfad7d1df847a1f58b5c5d7788e814dc2898810e36
/home/ali/projects/RoboLab/output/v1_cosmos_vague_pre_thermal_guard/RubiksCubeLeftOfBowlMatchedTask/log_3_env0.json,4597,f802750a62dfd2ac97eb3abe7d2e6a272a5c5c7fc321655918d9abe1ed04ce44
/home/ali/projects/RoboLab/output/v1_cosmos_vague_pre_thermal_guard/RubiksCubeLeftOfBowlMatchedTask/log_4_env0.json,1710,59746d6b0686a7a61ad18ef58375eaf3fecd4252333ebff8ec814efba5411950
/home/ali/projects/RoboLab/output/v1_cosmos_vague_pre_thermal_guard/RubiksCubeLeftOfBowlMatchedTask/log_5_env0.json,3632,99123d8242d18b5a172f36b1f7c0642c61cb478b612c9c0c9f4a1f0b0c64a29d
/home/ali/projects/RoboLab/output/v1_cosmos_vague_pre_thermal_guard/RubiksCubeLeftOfBowlMatchedTask/log_6_env0.json,2897,fa50b7603aaf1c06d27a741d67a23a1eb73de9260c8b4b57171cf1313f19ccf3
/home/ali/projects/RoboLab/output/v1_cosmos_vague_pre_thermal_guard/RubiksCubeLeftOfBowlMatchedTask/log_7_env0.json,2646,6eaad65d62ef8aa5206bc907a15f128871bc8ed553dad1308f725ebaeaba2939
/home/ali/projects/RoboLab/output/v1_cosmos_vague_pre_thermal_guard/RubiksCubeLeftOfBowlMatchedTask/log_8_env0.json,3248,b98b56b7cf7844197d012b634682a2c308560dc5f308cd27566b1ca03b85953d
/home/ali/projects/RoboLab/output/v1_cosmos_vague_pre_thermal_guard/RubiksCubeLeftOfBowlMatchedTask/log_9_env0.json,4832,6afbf067f0a7ed53716307a10d502948769812dc54da784f770b61eb7d2647f1
/home/ali/projects/RoboLab/output/v1_cosmos_vague_pre_thermal_guard/RubiksCubeLeftOfBowlMatchedTask/predicted_chunks/episode_000/chunk_000/action.npy,1152,8260ab70e3ef71f92f4a2a4c1a66e5b20be7335d65f552304d65f98d6a1593b4
/home/ali/projects/RoboLab/output/v1_cosmos_vague_pre_thermal_guard/RubiksCubeLeftOfBowlMatchedTask/predicted_chunks/episode_000/chunk_000/conditioning.png,573300,71fc7b2adf63d2f8b092ea797060922fe0e0835a44a5c1275e702e5c92ae5b09
/home/ali/projects/RoboLab/output/v1_cosmos_vague_pre_thermal_guard/RubiksCubeLeftOfBowlMatchedTask/predicted_chunks/episode_000/chunk_000/future.mp4,509620,21f67589146fc51ef138a7dc716c7e38a40eedbea55d2471ede1d73f2fe6cdfd
/home/ali/projects/RoboLab/output/v1_cosmos_vague_pre_thermal_guard/RubiksCubeLeftOfBowlMatchedTask/predicted_chunks/episode_000/chunk_000/metadata.json,766,f14e943a67eb31328268ba0bb92b33edbf35b4d670cb8f4d4f26a3c7f452da60
/home/ali/projects/RoboLab/output/v1_cosmos_vague_pre_thermal_guard/RubiksCubeLeftOfBowlMatchedTask/predicted_chunks/episode_000/chunk_001/action.npy,1152,a6b3f91c40a1bf3cc36bc8549ba2396649405bd476fa32cabef4d37c428bc0f9
/home/ali/projects/RoboLab/output/v1_cosmos_vague_pre_thermal_guard/RubiksCubeLeftOfBowlMatchedTask/predicted_chunks/episode_000/chunk_001/conditioning.png,552996,3c44f6107c8869d36544836c3b7f212812b60510b639bfa875a5ef17aa129063
/home/ali/projects/RoboLab/output/v1_cosmos_vague_pre_thermal_guard/RubiksCubeLeftOfBowlMatchedTask/predicted_chunks/episode_000/chunk_001/future.mp4,475208,9971232358f03ea02bdd713789cfe4f460d41c8cddd50584c876c31d5830932f
/home/ali/projects/RoboLab/output/v1_cosmos_vague_pre_thermal_guard/RubiksCubeLeftOfBowlMatchedTask/predicted_chunks/episode_000/chunk_001/metadata.json,850,d45ef2d349d7af6fed1eba7a76afd11e7424507a1ed199d741570bd2ba91fe77
/home/ali/projects/RoboLab/output/v1_cosmos_vague_pre_thermal_guard/RubiksCubeLeftOfBowlMatchedTask/predicted_chunks/episode_000/chunk_002/action.npy,1152,319a13ec3b2f652c01b9577b83f4428f4f63f80ac1f9039bc37902812ccc94dc
/home/ali/projects/RoboLab/output/v1_cosmos_vague_pre_thermal_guard/RubiksCubeLeftOfBowlMatchedTask/predicted_chunks/episode_000/chunk_002/conditioning.png,552921,c70e981183314f1d04dae51b358baa36226811e172f6fa344c9b399b33139da2
/home/ali/projects/RoboLab/output/v1_cosmos_vague_pre_thermal_guard/RubiksCubeLeftOfBowlMatchedTask/predicted_chunks/episode_000/chunk_002/future.mp4,522902,ff6ede08ca61f98efb209f16ce4356bb454c7c14a1324854b3a23b7c513bf29e
/home/ali/projects/RoboLab/output/v1_cosmos_vague_pre_thermal_guard/RubiksCubeLeftOfBowlMatchedTask/predicted_chunks/episode_000/chunk_002/metadata.json,832,81b859a2cd0a87efebde24e5e30d9536877d5724d6717351aeff6aa08b0793e1
/home/ali/projects/RoboLab/output/v1_cosmos_vague_pre_thermal_guard/RubiksCubeLeftOfBowlMatchedTask/predicted_chunks/episode_000/chunk_003/action.npy,1152,152a9280e22b798de6713bf6d799a033f8363616c7552bccd4af772b68a1618a
/home/ali/projects/RoboLab/output/v1_cosmos_vague_pre_thermal_guard/RubiksCubeLeftOfBowlMatchedTask/predicted_chunks/episode_000/chunk_003/conditioning.png,557899,b411311b5fe9277acd17c9c7c2b4c9b74f4afb42ed447e5b3f9ba5660ed50350
/home/ali/projects/RoboLab/output/v1_cosmos_vague_pre_thermal_guard/RubiksCubeLeftOfBowlMatchedTask/predicted_chunks/episode_000/chunk_003/future.mp4,596356,c28cc2e4b5b5a982ce93db4a71adaf4bc3f392325e9d0eb92ebd0ef7e3921bb8
/home/ali/projects/RoboLab/output/v1_cosmos_vague_pre_thermal_guard/RubiksCubeLeftOfBowlMatchedTask/predicted_chunks/episode_000/chunk_003/metadata.json,849,c81ec0d4b653f88daabdf7bcbc20bfafcfedc690be86edf4242e8cb92c0e5cb7
/home/ali/projects/RoboLab/output/v1_cosmos_vague_pre_thermal_guard/RubiksCubeLeftOfBowlMatchedTask/predicted_chunks/episode_000/chunk_004/action.npy,1152,90b84ffffe75a84ea2857ddb072e5faed7d20cbb32a291e737059906529b6a9d
/home/ali/projects/RoboLab/output/v1_cosmos_vague_pre_thermal_guard/RubiksCubeLeftOfBowlMatchedTask/predicted_chunks/episode_000/chunk_004/conditioning.png,557049,c7f76b5d6f2af4b5502158d08297441df21dee63fe60578de282e36e9e6a7006
/home/ali/projects/RoboLab/output/v1_cosmos_vague_pre_thermal_guard/RubiksCubeLeftOfBowlMatchedTask/predicted_chunks/episode_000/chunk_004/future.mp4,434085,a5a8bc896ded4ade9be31d71c42428458f7e3f18d477bf7a71a4e812966046f6
/home/ali/projects/RoboLab/output/v1_cosmos_vague_pre_thermal_guard/RubiksCubeLeftOfBowlMatchedTask/predicted_chunks/episode_000/chunk_004/metadata.json,852,8d233bea7eafd0429f21f3123d4ab31b2e8b5312d489a932fa25d69056e4d306
/home/ali/projects/RoboLab/output/v1_cosmos_vague_pre_thermal_guard/RubiksCubeLeftOfBowlMatchedTask/predicted_chunks/episode_000/chunk_005/action.npy,1152,658b8c79056629bfe6c19576f2d71bdd2b3d1d6d2fe77acadc88ee53fe867fba
/home/ali/projects/RoboLab/output/v1_cosmos_vague_pre_thermal_guard/RubiksCubeLeftOfBowlMatchedTask/predicted_chunks/episode_000/chunk_005/conditioning.png,556121,067dfea3d43ca0f873a8674d629c3733abd46ad244fc1bbedb11102c3b46441a
/home/ali/projects/RoboLab/output/v1_cosmos_vague_pre_thermal_guard/RubiksCubeLeftOfBowlMatchedTask/predicted_chunks/episode_000/chunk_005/future.mp4,371463,0029f1dabe66901a2a0eb116c6c55189e9dd25edcbab5260e4f01c5c615b864c
/home/ali/projects/RoboLab/output/v1_cosmos_vague_pre_thermal_guard/RubiksCubeLeftOfBowlMatchedTask/predicted_chunks/episode_000/chunk_005/metadata.json,827,840e369f60db0f91c174579051854e4ff9c9111f06b2c3c0ec73845fe85308d4
/home/ali/projects/RoboLab/output/v1_cosmos_vague_pre_thermal_guard/RubiksCubeLeftOfBowlMatchedTask/predicted_chunks/episode_000/chunk_006/action.npy,1152,d31ddaa66233557b5e4fa14089d2b7c5a29e4819dc0bad9a07096c0b21f0b43b
/home/ali/projects/RoboLab/output/v1_cosmos_vague_pre_thermal_guard/RubiksCubeLeftOfBowlMatchedTask/predicted_chunks/episode_000/chunk_006/conditioning.png,546094,d1e5f89be0e87c2068c4008a556e1ff7bc519bea783fc96b8af1fca22ba5be99
/home/ali/projects/RoboLab/output/v1_cosmos_vague_pre_thermal_guard/RubiksCubeLeftOfBowlMatchedTask/predicted_chunks/episode_000/chunk_006/future.mp4,445813,1f587811554436902bc376d93421140dcf44fdc76aced0c2bd53ad5c9f0f8b66
/home/ali/projects/RoboLab/output/v1_cosmos_vague_pre_thermal_guard/RubiksCubeLeftOfBowlMatchedTask/predicted_chunks/episode_000/chunk_006/metadata.json,841,9e864d9a2a4bdb952d994aee109c9c5751dc60017b576ae8dfcbd46da211ab62
/home/ali/projects/RoboLab/output/v1_cosmos_vague_pre_thermal_guard/RubiksCubeLeftOfBowlMatchedTask/predicted_chunks/episode_000/chunk_007/action.npy,1152,8d43c8e9064afb6edffb704e8597c1b3a0fcc4a47fa30de2095268a2b295057e
/home/ali/projects/RoboLab/output/v1_cosmos_vague_pre_thermal_guard/RubiksCubeLeftOfBowlMatchedTask/predicted_chunks/episode_000/chunk_007/conditioning.png,531847,88894b04ee823f2c556706557929701b786dc700e10a3994863a6b53e9a482cb
/home/ali/projects/RoboLab/output/v1_cosmos_vague_pre_thermal_guard/RubiksCubeLeftOfBowlMatchedTask/predicted_chunks/episode_000/chunk_007/future.mp4,414533,811ea492dcfb7560745ec807d5b49fd3d638998c966c4ccea482f657ea812e18
/home/ali/projects/RoboLab/output/v1_cosmos_vague_pre_thermal_guard/RubiksCubeLeftOfBowlMatchedTask/predicted_chunks/episode_000/chunk_007/metadata.json,852,e29a002eda70ef34eee437b1d3f77f87d248468bd71b2b66b9ea158aa0a654dc
/home/ali/projects/RoboLab/output/v1_cosmos_vague_pre_thermal_guard/RubiksCubeLeftOfBowlMatchedTask/predicted_chunks/episode_000/chunk_008/action.npy,1152,96a49ed3cdc62bf2891592204bd2a870614e3f342c48772998f55d496b9a6f67
/home/ali/projects/RoboLab/output/v1_cosmos_vague_pre_thermal_guard/RubiksCubeLeftOfBowlMatchedTask/predicted_chunks/episode_000/chunk_008/conditioning.png,519328,c245721a33c2935f7307296daefd6478721da7c9a76c87951c02bc33bebc46be
/home/ali/projects/RoboLab/output/v1_cosmos_vague_pre_thermal_guard/RubiksCubeLeftOfBowlMatchedTask/predicted_chunks/episode_000/chunk_008/future.mp4,357468,862d3896b4c11bdce2410ab68a6919bacda7bd336188c69fec00143668536e90
/home/ali/projects/RoboLab/output/v1_cosmos_vague_pre_thermal_guard/RubiksCubeLeftOfBowlMatchedTask/predicted_chunks/episode_000/chunk_008/metadata.json,834,149629e19ec2eecae5fafc501758ac755837906291d77dc18e2d0b8d3a087192
/home/ali/projects/RoboLab/output/v1_cosmos_vague_pre_thermal_guard/RubiksCubeLeftOfBowlMatchedTask/predicted_chunks/episode_000/chunk_009/action.npy,1152,d571c7e51e2e94eeb050b846ed54263e1d1dce66e31075c3eaabc989f2f81998
/home/ali/projects/RoboLab/output/v1_cosmos_vague_pre_thermal_guard/RubiksCubeLeftOfBowlMatchedTask/predicted_chunks/episode_000/chunk_009/conditioning.png,509602,6225370b562b5a3f495c21d02ca7b01d7e6f46154ad593b95a78535484a6b651
/home/ali/projects/RoboLab/output/v1_cosmos_vague_pre_thermal_guard/RubiksCubeLeftOfBowlMatchedTask/predicted_chunks/episode_000/chunk_009/future.mp4,437672,fb1f4c5ee0776b05a536436395802bfa05acd7ffcae48b987ca8e65b3f0e0d38
/home/ali/projects/RoboLab/output/v1_cosmos_vague_pre_thermal_guard/RubiksCubeLeftOfBowlMatchedTask/predicted_chunks/episode_000/chunk_009/metadata.json,852,6cd5ac8ef661cd6fcedb921f311c007144e982396ccab27d61f625d4991e69ad
/home/ali/projects/RoboLab/output/v1_cosmos_vague_pre_thermal_guard/RubiksCubeLeftOfBowlMatchedTask/predicted_chunks/episode_000/chunk_010/action.npy,1152,52a0888a8e7fcbd315c306cf7cf64e403fc93d9a705bc866265e0f0ab38827ec
/home/ali/projects/RoboLab/output/v1_cosmos_vague_pre_thermal_guard/RubiksCubeLeftOfBowlMatchedTask/predicted_chunks/episode_000/chunk_010/conditioning.png,541545,8ec5c929ec362a69514d0c25060f4783d4cbb570c2d94b8dbfdb2be46fb3f153
/home/ali/projects/RoboLab/output/v1_cosmos_vague_pre_thermal_guard/RubiksCubeLeftOfBowlMatchedTask/predicted_chunks/episode_000/chunk_010/future.mp4,358665,edfd5f095822aaebd22151cced6b9573f00b1a872d2790b73adcd36f41c500d1
/home/ali/projects/RoboLab/output/v1_cosmos_vague_pre_thermal_guard/RubiksCubeLeftOfBowlMatchedTask/predicted_chunks/episode_000/chunk_010/metadata.json,853,cb911ee6504029abb8dfacd7b796f8908c32fbe2965ea28ad81dada0a252cfd5
/home/ali/projects/RoboLab/output/v1_cosmos_vague_pre_thermal_guard/RubiksCubeLeftOfBowlMatchedTask/predicted_chunks/episode_000/chunk_011/action.npy,1152,348052bf101c51499f18910307655ec624f177dbd898f6921cdda70df677dbf6
/home/ali/projects/RoboLab/output/v1_cosmos_vague_pre_thermal_guard/RubiksCubeLeftOfBowlMatchedTask/predicted_chunks/episode_000/chunk_011/conditioning.png,557836,a4ca088a53c0b60ceeac605e47488b8a322088f87f9defdb8deb2ec356451871
/home/ali/projects/RoboLab/output/v1_cosmos_vague_pre_thermal_guard/RubiksCubeLeftOfBowlMatchedTask/predicted_chunks/episode_000/chunk_011/future.mp4,386483,33f8f6902ecec4526d3822f41c23260597b1d5992bbc5bedd3500ebdaabfb5e3
/home/ali/projects/RoboLab/output/v1_cosmos_vague_pre_thermal_guard/RubiksCubeLeftOfBowlMatchedTask/predicted_chunks/episode_000/chunk_011/metadata.json,837,0b3bb9811809cbb9c2b34f8be0a2d7799af965a68023847674f709b77665a225
/home/ali/projects/RoboLab/output/v1_cosmos_vague_pre_thermal_guard/RubiksCubeLeftOfBowlMatchedTask/predicted_chunks/episode_000/chunk_012/action.npy,1152,480c25f578d90f79b7b683c59e646fe03752228a27331aec2cbd384f21f899b6
/home/ali/projects/RoboLab/output/v1_cosmos_vague_pre_thermal_guard/RubiksCubeLeftOfBowlMatchedTask/predicted_chunks/episode_000/chunk_012/conditioning.png,561144,63f44b8a52d41c22d0b60818274cd7fcf3e623ec121492a48e6791b0a7f08fd0
/home/ali/projects/RoboLab/output/v1_cosmos_vague_pre_thermal_guard/RubiksCubeLeftOfBowlMatchedTask/predicted_chunks/episode_000/chunk_012/future.mp4,506689,81cd462140b88aeaa309244b5cb73c3a52f59da8f2a7a9cb57f7739ad0f9e917
/home/ali/projects/RoboLab/output/v1_cosmos_vague_pre_thermal_guard/RubiksCubeLeftOfBowlMatchedTask/predicted_chunks/episode_000/chunk_012/metadata.json,855,cd0fd16d215be633a45a27a900e0f872128f8bdd834855c6fa5854ae261c08b5
/home/ali/projects/RoboLab/output/v1_cosmos_vague_pre_thermal_guard/RubiksCubeLeftOfBowlMatchedTask/predicted_chunks/episode_000/chunk_013/action.npy,1152,acaf5e601310261950052c1db70ef93d76ad439810557a53d9950258982ac5a4
/home/ali/projects/RoboLab/output/v1_cosmos_vague_pre_thermal_guard/RubiksCubeLeftOfBowlMatchedTask/predicted_chunks/episode_000/chunk_013/conditioning.png,561772,68207e26ae91c8d550cb5ecb09e0b607ac81528990e35c8cecd8822faba52ae4
/home/ali/projects/RoboLab/output/v1_cosmos_vague_pre_thermal_guard/RubiksCubeLeftOfBowlMatchedTask/predicted_chunks/episode_000/chunk_013/future.mp4,583313,61505b497e8de393c64c25d6cfe719b274ca618b64bb63036fb0ccdcc045a5fb
/home/ali/projects/RoboLab/output/v1_cosmos_vague_pre_thermal_guard/RubiksCubeLeftOfBowlMatchedTask/predicted_chunks/episode_000/chunk_013/metadata.json,852,e3363451b14938bb42f28ab4df66b44fd3b014345a8350a9544a81545dd1dc24
/home/ali/projects/RoboLab/output/v1_cosmos_vague_pre_thermal_guard/RubiksCubeLeftOfBowlMatchedTask/predicted_chunks/episode_000/chunk_014/action.npy,1152,aa41feab8c2f486b1ea1aeb0d554ec008b2f7c0dda4c3c35fc3ec512b51bbce4
/home/ali/projects/RoboLab/output/v1_cosmos_vague_pre_thermal_guard/RubiksCubeLeftOfBowlMatchedTask/predicted_chunks/episode_000/chunk_014/conditioning.png,556378,4c7588c9713c519b17229d46c3952a4419b6b51066715468ebfeb9554a904cba
/home/ali/projects/RoboLab/output/v1_cosmos_vague_pre_thermal_guard/RubiksCubeLeftOfBowlMatchedTask/predicted_chunks/episode_000/chunk_014/future.mp4,364347,686d6c705e2d4e3e41c37627dbbdaa572252e5ef20965642c04412213f6f110f
/home/ali/projects/RoboLab/output/v1_cosmos_vague_pre_thermal_guard/RubiksCubeLeftOfBowlMatchedTask/predicted_chunks/episode_000/chunk_014/metadata.json,856,45d180752b6b1f5677a94e0b793f094292140b27fb5deea381c3da7b272660e2
/home/ali/projects/RoboLab/output/v1_cosmos_vague_pre_thermal_guard/RubiksCubeLeftOfBowlMatchedTask/predicted_chunks/episode_001/chunk_000/action.npy,1152,c8d6cf02454838099711269d6dead984af4a8ceb35d4b22f51a2b408520b79c3
/home/ali/projects/RoboLab/output/v1_cosmos_vague_pre_thermal_guard/RubiksCubeLeftOfBowlMatchedTask/predicted_chunks/episode_001/chunk_000/conditioning.png,572608,b49ef930da1787e5bfb6d7f3d1a68f3ebacd4bf4ac3f21cedd1d47722e78054f
/home/ali/projects/RoboLab/output/v1_cosmos_vague_pre_thermal_guard/RubiksCubeLeftOfBowlMatchedTask/predicted_chunks/episode_001/chunk_000/future.mp4,499112,cbaa919af6ac88bc2be2061f167bebb65779304964a993507d50ecd4205579bb
/home/ali/projects/RoboLab/output/v1_cosmos_vague_pre_thermal_guard/RubiksCubeLeftOfBowlMatchedTask/predicted_chunks/episode_001/chunk_000/metadata.json,766,e06cc44c52ad254c457134e9baf90ebd9e7ea6c60d6634dfa0737314e5392b14
/home/ali/projects/RoboLab/output/v1_cosmos_vague_pre_thermal_guard/RubiksCubeLeftOfBowlMatchedTask/predicted_chunks/episode_001/chunk_001/action.npy,1152,8eddaf8489cbb4b6e45a5cda35544a16ea840a47c547ec8cd0c5a19a2503defa
/home/ali/projects/RoboLab/output/v1_cosmos_vague_pre_thermal_guard/RubiksCubeLeftOfBowlMatchedTask/predicted_chunks/episode_001/chunk_001/conditioning.png,560295,b24b62e54e6f21180f95c51bafa18f21c20c5d59685e98080d77c5015f882ce4
/home/ali/projects/RoboLab/output/v1_cosmos_vague_pre_thermal_guard/RubiksCubeLeftOfBowlMatchedTask/predicted_chunks/episode_001/chunk_001/future.mp4,424269,57d38a17880c86ff40f3dc22888facf9d479e2bfbfbae7ed1d9deb2aacd6616a
/home/ali/projects/RoboLab/output/v1_cosmos_vague_pre_thermal_guard/RubiksCubeLeftOfBowlMatchedTask/predicted_chunks/episode_001/chunk_001/metadata.json,852,280cad99eff4ae353ae101d41c54af1cd14c2c60a205fffb9bc9fdeda377dabb
/home/ali/projects/RoboLab/output/v1_cosmos_vague_pre_thermal_guard/RubiksCubeLeftOfBowlMatchedTask/predicted_chunks/episode_001/chunk_002/action.npy,1152,8801a5c95804268b04ad55befae5d74af35262b4102e41501fae9250728c5f51
/home/ali/projects/RoboLab/output/v1_cosmos_vague_pre_thermal_guard/RubiksCubeLeftOfBowlMatchedTask/predicted_chunks/episode_001/chunk_002/conditioning.png,530178,dd66b7842e2986b965d467ef27dd77bbbca25ec5ddfc6118d68640e6c270305d
/home/ali/projects/RoboLab/output/v1_cosmos_vague_pre_thermal_guard/RubiksCubeLeftOfBowlMatchedTask/predicted_chunks/episode_001/chunk_002/future.mp4,387636,07420565f97e9a25195ff53fc5d988bc4f905fc233ac9cbc04bf830e999386e3
/home/ali/projects/RoboLab/output/v1_cosmos_vague_pre_thermal_guard/RubiksCubeLeftOfBowlMatchedTask/predicted_chunks/episode_001/chunk_002/metadata.json,834,a175a3444b7bdeae4d36c061cabef45bfa2baabc47d392f502fe3bb2edcbf48c
/home/ali/projects/RoboLab/output/v1_cosmos_vague_pre_thermal_guard/RubiksCubeLeftOfBowlMatchedTask/predicted_chunks/episode_001/chunk_003/action.npy,1152,5da1ecc740655df37892e7382134f2f69b6eec30bb4e5736d526b16a7550f147
/home/ali/projects/RoboLab/output/v1_cosmos_vague_pre_thermal_guard/RubiksCubeLeftOfBowlMatchedTask/predicted_chunks/episode_001/chunk_003/conditioning.png,516913,c973d0efc340efed725a3259fb54e74f6a1054037b64c3930a7d44df9ed85326
/home/ali/projects/RoboLab/output/v1_cosmos_vague_pre_thermal_guard/RubiksCubeLeftOfBowlMatchedTask/predicted_chunks/episode_001/chunk_003/future.mp4,489096,7b1f98d330341e34c777bd289ecfbadcad40f54ffc2168f425657a6b227fc5e3
/home/ali/projects/RoboLab/output/v1_cosmos_vague_pre_thermal_guard/RubiksCubeLeftOfBowlMatchedTask/predicted_chunks/episode_001/chunk_003/metadata.json,846,8518265bc50af6bf774e7c5d085de95c192ec8e2a04d09f8275cdac0a35fdfe7
/home/ali/projects/RoboLab/output/v1_cosmos_vague_pre_thermal_guard/RubiksCubeLeftOfBowlMatchedTask/predicted_chunks/episode_001/chunk_004/action.npy,1152,693e83f4a9908e6a3b611cc7105c9d6fb573aea7de05e7829bfe3c748af74a42
/home/ali/projects/RoboLab/output/v1_cosmos_vague_pre_thermal_guard/RubiksCubeLeftOfBowlMatchedTask/predicted_chunks/episode_001/chunk_004/conditioning.png,546232,e719cdb7d19dd6c0b78d09b99516fcb551de2f1bc34b492a6a30c395169c4237
/home/ali/projects/RoboLab/output/v1_cosmos_vague_pre_thermal_guard/RubiksCubeLeftOfBowlMatchedTask/predicted_chunks/episode_001/chunk_004/future.mp4,558901,6cad40d24c84efc630f8a5ea5a600ec2d4ff1efdaaf80936b03c3695c6cf5163
/home/ali/projects/RoboLab/output/v1_cosmos_vague_pre_thermal_guard/RubiksCubeLeftOfBowlMatchedTask/predicted_chunks/episode_001/chunk_004/metadata.json,851,1d237b8202cf39049e8f1aaf3c52d84d7611c51f49153bc554136f503497766e
/home/ali/projects/RoboLab/output/v1_cosmos_vague_pre_thermal_guard/RubiksCubeLeftOfBowlMatchedTask/predicted_chunks/episode_001/chunk_005/action.npy,1152,f166579c848f280b8fe3459f61407e07221daf0262a7e81fb134ecda64ff93ae
/home/ali/projects/RoboLab/output/v1_cosmos_vague_pre_thermal_guard/RubiksCubeLeftOfBowlMatchedTask/predicted_chunks/episode_001/chunk_005/conditioning.png,510684,4f0562dd8a0141900cfc9a44badae61b65dc383763da631e1496e4fedea526b3
/home/ali/projects/RoboLab/output/v1_cosmos_vague_pre_thermal_guard/RubiksCubeLeftOfBowlMatchedTask/predicted_chunks/episode_001/chunk_005/future.mp4,452899,f24abd5a18daa58734c9050cfe172196e20b9e685cb28226e8560ff536ac8875
/home/ali/projects/RoboLab/output/v1_cosmos_vague_pre_thermal_guard/RubiksCubeLeftOfBowlMatchedTask/predicted_chunks/episode_001/chunk_005/metadata.json,848,29ef09116071e2d6327c3ee236c20f8c73236ef11b6da05728f17a632e4fc9d3
/home/ali/projects/RoboLab/output/v1_cosmos_vague_pre_thermal_guard/RubiksCubeLeftOfBowlMatchedTask/predicted_chunks/episode_001/chunk_006/action.npy,1152,4c5b2778c20e8e044bbc40ffcde8dcd4f5b6344d9950033d2a59fd860670b816
/home/ali/projects/RoboLab/output/v1_cosmos_vague_pre_thermal_guard/RubiksCubeLeftOfBowlMatchedTask/predicted_chunks/episode_001/chunk_006/conditioning.png,484068,3c5f3e3a569ecc97df3e5652600f8146de23cb49471a13693245eaadfd6c04ad
/home/ali/projects/RoboLab/output/v1_cosmos_vague_pre_thermal_guard/RubiksCubeLeftOfBowlMatchedTask/predicted_chunks/episode_001/chunk_006/future.mp4,572522,f7c151ad3477a3385bf1b7468b60d90549a2b58cccdd89a9b79fc367a2c05be5
/home/ali/projects/RoboLab/output/v1_cosmos_vague_pre_thermal_guard/RubiksCubeLeftOfBowlMatchedTask/predicted_chunks/episode_001/chunk_006/metadata.json,843,c84c6c2e7536d37565226f1a2b123951bbdd7e42509d7d59c5d2e6ad628a2b6f
/home/ali/projects/RoboLab/output/v1_cosmos_vague_pre_thermal_guard/RubiksCubeLeftOfBowlMatchedTask/predicted_chunks/episode_001/chunk_007/action.npy,1152,b6cab57de8109473cafc9f4907130deb69c01379278a942ce7fc125a58beb4dd
/home/ali/projects/RoboLab/output/v1_cosmos_vague_pre_thermal_guard/RubiksCubeLeftOfBowlMatchedTask/predicted_chunks/episode_001/chunk_007/conditioning.png,525670,b45e44ea6953accfcc514b7831f7d44df2dee36c81d46dcc25c5e735398e336a
/home/ali/projects/RoboLab/output/v1_cosmos_vague_pre_thermal_guard/RubiksCubeLeftOfBowlMatchedTask/predicted_chunks/episode_001/chunk_007/future.mp4,497359,79be1c4bfd95ff7427dd123f73ed3344d62cf5ee2bdf886d29fc2967385d9ad8
/home/ali/projects/RoboLab/output/v1_cosmos_vague_pre_thermal_guard/RubiksCubeLeftOfBowlMatchedTask/predicted_chunks/episode_001/chunk_007/metadata.json,847,66c1cce6c68d7749f8bfd1bc900a432b93e99ab1af826368f4f08772adfeef85
/home/ali/projects/RoboLab/output/v1_cosmos_vague_pre_thermal_guard/RubiksCubeLeftOfBowlMatchedTask/predicted_chunks/episode_001/chunk_008/action.npy,1152,acdfee6f394d0dada31968b2fa1284ec3037376e10d7b0fac5b74981c2953b69
/home/ali/projects/RoboLab/output/v1_cosmos_vague_pre_thermal_guard/RubiksCubeLeftOfBowlMatchedTask/predicted_chunks/episode_001/chunk_008/conditioning.png,545507,e5defa2328fa5bd738476f940710dadd71a301b98ddf10ea5bf189798cd0058f
/home/ali/projects/RoboLab/output/v1_cosmos_vague_pre_thermal_guard/RubiksCubeLeftOfBowlMatchedTask/predicted_chunks/episode_001/chunk_008/future.mp4,459634,01724fd05b456252d3fe4573c57f5568a9bfb3791d697c3a410ad1694c8ffc4d
/home/ali/projects/RoboLab/output/v1_cosmos_vague_pre_thermal_guard/RubiksCubeLeftOfBowlMatchedTask/predicted_chunks/episode_001/chunk_008/metadata.json,834,d6562f0f3cd3799cad82b69126f4c53521a0b07b0da0f2efae80c36ec88efc05
/home/ali/projects/RoboLab/output/v1_cosmos_vague_pre_thermal_guard/RubiksCubeLeftOfBowlMatchedTask/predicted_chunks/episode_001/chunk_009/action.npy,1152,be5557038787a6f6088d7679afd63f49a0ac7e1d52b6b7dca2e5a7f58f197bdf
/home/ali/projects/RoboLab/output/v1_cosmos_vague_pre_thermal_guard/RubiksCubeLeftOfBowlMatchedTask/predicted_chunks/episode_001/chunk_009/conditioning.png,581968,6ba880204635f2b10f7d78094e2ce88f2311c3879b80f9993f5aae8be51f5348
/home/ali/projects/RoboLab/output/v1_cosmos_vague_pre_thermal_guard/RubiksCubeLeftOfBowlMatchedTask/predicted_chunks/episode_001/chunk_009/future.mp4,590770,b01fb55af8c193139547dabfa8fd009e2e913d5de269cefd2a87c530ad061676
/home/ali/projects/RoboLab/output/v1_cosmos_vague_pre_thermal_guard/RubiksCubeLeftOfBowlMatchedTask/predicted_chunks/episode_001/chunk_009/metadata.json,834,64bd98554051858ffefbd89100d17e8059a948081e6dae6099b5b61346eb2ed4
/home/ali/projects/RoboLab/output/v1_cosmos_vague_pre_thermal_guard/RubiksCubeLeftOfBowlMatchedTask/predicted_chunks/episode_001/chunk_010/action.npy,1152,80236faf2a9695e56514f8a3a6bc12c66cf3a19ad83e5ab4af8603fcb84d2826
/home/ali/projects/RoboLab/output/v1_cosmos_vague_pre_thermal_guard/RubiksCubeLeftOfBowlMatchedTask/predicted_chunks/episode_001/chunk_010/conditioning.png,542034,0e46500e21452b82acbdafeb375cdd2c7c1bea21e1e56888b224e80fe07e8e97
/home/ali/projects/RoboLab/output/v1_cosmos_vague_pre_thermal_guard/RubiksCubeLeftOfBowlMatchedTask/predicted_chunks/episode_001/chunk_010/future.mp4,533536,85a5ea61c3930b62adf62eea8eed913b1a2600d474135fc465a49d14119233b2
/home/ali/projects/RoboLab/output/v1_cosmos_vague_pre_thermal_guard/RubiksCubeLeftOfBowlMatchedTask/predicted_chunks/episode_001/chunk_010/metadata.json,854,ce88baf5592d10cc3afeccde6b7aa109e8a0610d06680e26e77060e3807c7ef7
/home/ali/projects/RoboLab/output/v1_cosmos_vague_pre_thermal_guard/RubiksCubeLeftOfBowlMatchedTask/predicted_chunks/episode_001/chunk_011/action.npy,1152,9beec816532cd5fb2db9d24816d744cf170ef33c72b516f1b5ca7beb48eb3ce8
/home/ali/projects/RoboLab/output/v1_cosmos_vague_pre_thermal_guard/RubiksCubeLeftOfBowlMatchedTask/predicted_chunks/episode_001/chunk_011/conditioning.png,485251,04ac65f7a46f6290077b7f33932e864626050b320b87402121753b72f92ec773
/home/ali/projects/RoboLab/output/v1_cosmos_vague_pre_thermal_guard/RubiksCubeLeftOfBowlMatchedTask/predicted_chunks/episode_001/chunk_011/future.mp4,409771,66539e9d5d9d584b56dfbb352130a9a2dd18f9b362ca9ac2b5233f103fe3690e
/home/ali/projects/RoboLab/output/v1_cosmos_vague_pre_thermal_guard/RubiksCubeLeftOfBowlMatchedTask/predicted_chunks/episode_001/chunk_011/metadata.json,832,f116f3cecf660ff3236257ce11cf0c694a2c3e1a07d191374a0cec3365496b9a
/home/ali/projects/RoboLab/output/v1_cosmos_vague_pre_thermal_guard/RubiksCubeLeftOfBowlMatchedTask/predicted_chunks/episode_001/chunk_012/action.npy,1152,e3330d170b5ce5271012df2fdc0ded2e837a41d8bb890363fb85fecb16ddb9a0
/home/ali/projects/RoboLab/output/v1_cosmos_vague_pre_thermal_guard/RubiksCubeLeftOfBowlMatchedTask/predicted_chunks/episode_001/chunk_012/conditioning.png,494029,cbdcf2ef07b9351ede39913e822bd1604ebdc0b4bf9a84c76b0b3e0f8acbf9ac
/home/ali/projects/RoboLab/output/v1_cosmos_vague_pre_thermal_guard/RubiksCubeLeftOfBowlMatchedTask/predicted_chunks/episode_001/chunk_012/future.mp4,354304,e9f599ca4c7d91bd20b25cfb279f9cfc89d419835e7185d1a1b092f74bd41f2a
/home/ali/projects/RoboLab/output/v1_cosmos_vague_pre_thermal_guard/RubiksCubeLeftOfBowlMatchedTask/predicted_chunks/episode_001/chunk_012/metadata.json,847,6fe3615385a1ce94c01c47cfdc5b201647cabd3c69f635e309476d4cfad36e5f
/home/ali/projects/RoboLab/output/v1_cosmos_vague_pre_thermal_guard/RubiksCubeLeftOfBowlMatchedTask/predicted_chunks/episode_001/chunk_013/action.npy,1152,b329da7aa098b2a81792ea6061784dded974281412cc9a7f6ade17cf09c3a711
/home/ali/projects/RoboLab/output/v1_cosmos_vague_pre_thermal_guard/RubiksCubeLeftOfBowlMatchedTask/predicted_chunks/episode_001/chunk_013/conditioning.png,486355,98be16fbdab95acffb68d64044eef2b7b13e7c7a10617194a84c48bb2d45048c
/home/ali/projects/RoboLab/output/v1_cosmos_vague_pre_thermal_guard/RubiksCubeLeftOfBowlMatchedTask/predicted_chunks/episode_001/chunk_013/future.mp4,360341,84965bfda147f20dc8a6c1f02d83255362efa60c990f58790d1fe8eed43e3349
/home/ali/projects/RoboLab/output/v1_cosmos_vague_pre_thermal_guard/RubiksCubeLeftOfBowlMatchedTask/predicted_chunks/episode_001/chunk_013/metadata.json,851,3047cb1f9203a9c037d3eebec1d19903c278174376bb561dd80756bfe63b941f
/home/ali/projects/RoboLab/output/v1_cosmos_vague_pre_thermal_guard/RubiksCubeLeftOfBowlMatchedTask/predicted_chunks/episode_001/chunk_014/action.npy,1152,b1f3b9d2a014e33f376a449fb6912ad5c86bd934fcab5312f19642e90c1f795a
/home/ali/projects/RoboLab/output/v1_cosmos_vague_pre_thermal_guard/RubiksCubeLeftOfBowlMatchedTask/predicted_chunks/episode_001/chunk_014/conditioning.png,497234,805b3114091a8c996b02cd194ddebf50a54260d68399157b78e172ce47ac7ae9
/home/ali/projects/RoboLab/output/v1_cosmos_vague_pre_thermal_guard/RubiksCubeLeftOfBowlMatchedTask/predicted_chunks/episode_001/chunk_014/future.mp4,315305,9dc740a6aa4757aafe5f52d5f9c51829faeb9ee09c48e72e94743e7d3dfcede2
/home/ali/projects/RoboLab/output/v1_cosmos_vague_pre_thermal_guard/RubiksCubeLeftOfBowlMatchedTask/predicted_chunks/episode_001/chunk_014/metadata.json,848,225ef783ecf53ea0098d9bb247757aa545add05029d7ec4faa569d1dc7fd26b5
/home/ali/projects/RoboLab/output/v1_cosmos_vague_pre_thermal_guard/RubiksCubeLeftOfBowlMatchedTask/predicted_chunks/episode_002/chunk_000/action.npy,1152,29a82040f22b710cb39dbaf0da4f5eae47a99bbae8697ec3d4ba68058ac1e7ad
/home/ali/projects/RoboLab/output/v1_cosmos_vague_pre_thermal_guard/RubiksCubeLeftOfBowlMatchedTask/predicted_chunks/episode_002/chunk_000/conditioning.png,575489,abd934bd6b6b7eb1b2f1477391b6fbbe27b63d0a12efad547421b89eef649a8b
/home/ali/projects/RoboLab/output/v1_cosmos_vague_pre_thermal_guard/RubiksCubeLeftOfBowlMatchedTask/predicted_chunks/episode_002/chunk_000/future.mp4,519746,7549e085e68beb88fb793f8280aa7e43643b3c6af890fb4cf732aec1fef621f5
/home/ali/projects/RoboLab/output/v1_cosmos_vague_pre_thermal_guard/RubiksCubeLeftOfBowlMatchedTask/predicted_chunks/episode_002/chunk_000/metadata.json,766,f453ad7cd0f2afcb46cde2cb38ec94f9545e9e436f41749436d66007e87ae941
/home/ali/projects/RoboLab/output/v1_cosmos_vague_pre_thermal_guard/RubiksCubeLeftOfBowlMatchedTask/predicted_chunks/episode_002/chunk_001/action.npy,1152,0f3f2e8ecd14b70d888424b5349ccc9222797d918b445e0029e94f88d25e32d1
/home/ali/projects/RoboLab/output/v1_cosmos_vague_pre_thermal_guard/RubiksCubeLeftOfBowlMatchedTask/predicted_chunks/episode_002/chunk_001/conditioning.png,561805,3421d78e276fa94dd59447e8492abeb8b5b183c0e6744cef5340a4fee127ec79
/home/ali/projects/RoboLab/output/v1_cosmos_vague_pre_thermal_guard/RubiksCubeLeftOfBowlMatchedTask/predicted_chunks/episode_002/chunk_001/future.mp4,428691,4ebfef2ca6ce2e7f6cb8384c522d135131cbd9fa1ed5aee302ee9890fb072b0b
/home/ali/projects/RoboLab/output/v1_cosmos_vague_pre_thermal_guard/RubiksCubeLeftOfBowlMatchedTask/predicted_chunks/episode_002/chunk_001/metadata.json,849,6838d26e1968579749b6acf9a876c365a12f09ca3ff6fcba666a7b6e2a74a21c
/home/ali/projects/RoboLab/output/v1_cosmos_vague_pre_thermal_guard/RubiksCubeLeftOfBowlMatchedTask/predicted_chunks/episode_002/chunk_002/action.npy,1152,bb7377ed677a271d67d6d304bcec3aa6a66a063a7493a33565a9eb9352d8f202
/home/ali/projects/RoboLab/output/v1_cosmos_vague_pre_thermal_guard/RubiksCubeLeftOfBowlMatchedTask/predicted_chunks/episode_002/chunk_002/conditioning.png,550399,9c6eb1817cde29163f1aff10471b769f902e3015e0920a30df330f3cc1076698
/home/ali/projects/RoboLab/output/v1_cosmos_vague_pre_thermal_guard/RubiksCubeLeftOfBowlMatchedTask/predicted_chunks/episode_002/chunk_002/future.mp4,467814,9787cd6450ce276f2981ea7903edf030e5716f893a027875246f8408a9e91656
/home/ali/projects/RoboLab/output/v1_cosmos_vague_pre_thermal_guard/RubiksCubeLeftOfBowlMatchedTask/predicted_chunks/episode_002/chunk_002/metadata.json,847,55da63185a447c07ceb1b344cfabcbe99da6b4dac1f6420ee9dedc76b72bf7c6
/home/ali/projects/RoboLab/output/v1_cosmos_vague_pre_thermal_guard/RubiksCubeLeftOfBowlMatchedTask/predicted_chunks/episode_002/chunk_003/action.npy,1152,aa90a485e3383f2d72b7c5480e8eebf9ac8edd6c1ee96fb34cff91a06ef9f35d
/home/ali/projects/RoboLab/output/v1_cosmos_vague_pre_thermal_guard/RubiksCubeLeftOfBowlMatchedTask/predicted_chunks/episode_002/chunk_003/conditioning.png,551991,aa071c86ce0b48b479212349370c1624bbd498344534c5d61ab9e221009291a6
/home/ali/projects/RoboLab/output/v1_cosmos_vague_pre_thermal_guard/RubiksCubeLeftOfBowlMatchedTask/predicted_chunks/episode_002/chunk_003/future.mp4,413134,5caab6f4043102b33482c7bff70620fe7978f45ceb305f62a9016466b3c96b3a
/home/ali/projects/RoboLab/output/v1_cosmos_vague_pre_thermal_guard/RubiksCubeLeftOfBowlMatchedTask/predicted_chunks/episode_002/chunk_003/metadata.json,833,c818827cc062337fda433c54218c52822a404c1b4780c1c3c70c806d1a6aef1e
/home/ali/projects/RoboLab/output/v1_cosmos_vague_pre_thermal_guard/RubiksCubeLeftOfBowlMatchedTask/predicted_chunks/episode_002/chunk_004/action.npy,1152,7f41d6a47587b6f14bbca4b0ba52348c56e95805fbda8255c4630fd075e95231
/home/ali/projects/RoboLab/output/v1_cosmos_vague_pre_thermal_guard/RubiksCubeLeftOfBowlMatchedTask/predicted_chunks/episode_002/chunk_004/conditioning.png,559723,667b598b402ba6be216b743eac2324a7fac3f07275e4884964c7bd417a85dfaa
/home/ali/projects/RoboLab/output/v1_cosmos_vague_pre_thermal_guard/RubiksCubeLeftOfBowlMatchedTask/predicted_chunks/episode_002/chunk_004/future.mp4,397767,0248d8e25d48009ef1e82df0b0aaf88190b59d0ae5a61c6d56eb2aac4c070dd3
/home/ali/projects/RoboLab/output/v1_cosmos_vague_pre_thermal_guard/RubiksCubeLeftOfBowlMatchedTask/predicted_chunks/episode_002/chunk_004/metadata.json,855,388d945e95cda105b46b6def56327859ccdc043c4a2cdb5019b9f3cc92a25030
/home/ali/projects/RoboLab/output/v1_cosmos_vague_pre_thermal_guard/RubiksCubeLeftOfBowlMatchedTask/predicted_chunks/episode_002/chunk_005/action.npy,1152,bcb8294d6d6ad2121d5e65bc42308d6b98afb13f2417176942a4777f0e0c979c
/home/ali/projects/RoboLab/output/v1_cosmos_vague_pre_thermal_guard/RubiksCubeLeftOfBowlMatchedTask/predicted_chunks/episode_002/chunk_005/conditioning.png,558674,52e1b18daa9ddecb476d348f211e942bdbc609941000bcacfdae4942653df73a
/home/ali/projects/RoboLab/output/v1_cosmos_vague_pre_thermal_guard/RubiksCubeLeftOfBowlMatchedTask/predicted_chunks/episode_002/chunk_005/future.mp4,422402,63ee6b6c334f1e4bc1f6154d31ca1c13bfc051d62353d0496bdc658b0b30996f
/home/ali/projects/RoboLab/output/v1_cosmos_vague_pre_thermal_guard/RubiksCubeLeftOfBowlMatchedTask/predicted_chunks/episode_002/chunk_005/metadata.json,850,adc8b213f91c6bf44ec76680f28c6f1afdd8490ea56fd2ad1129ad8558288596
/home/ali/projects/RoboLab/output/v1_cosmos_vague_pre_thermal_guard/RubiksCubeLeftOfBowlMatchedTask/predicted_chunks/episode_002/chunk_006/action.npy,1152,216b5d5508ab19086bb16528f00df5c847144852b36d8cf47bb82abcbabdf77b
/home/ali/projects/RoboLab/output/v1_cosmos_vague_pre_thermal_guard/RubiksCubeLeftOfBowlMatchedTask/predicted_chunks/episode_002/chunk_006/conditioning.png,539828,63f0836bb60326d1cd33fb677943f409d528f2d505b96224ed3a049358b87df1
/home/ali/projects/RoboLab/output/v1_cosmos_vague_pre_thermal_guard/RubiksCubeLeftOfBowlMatchedTask/predicted_chunks/episode_002/chunk_006/future.mp4,391742,7ab5184f56d713512d770fb9e783b9d15a002765acc2c640de3a54590c9274f7
/home/ali/projects/RoboLab/output/v1_cosmos_vague_pre_thermal_guard/RubiksCubeLeftOfBowlMatchedTask/predicted_chunks/episode_002/chunk_006/metadata.json,834,3fe0d892449380d39867fce744d09ad9a387178bc1dc5d9158a8ae5d7405b413
/home/ali/projects/RoboLab/output/v1_cosmos_vague_pre_thermal_guard/RubiksCubeLeftOfBowlMatchedTask/predicted_chunks/episode_002/chunk_007/action.npy,1152,b849787e6c6960dc8a14a2882f780ae689f6e6921c76ce03481ae3932e28888a
/home/ali/projects/RoboLab/output/v1_cosmos_vague_pre_thermal_guard/RubiksCubeLeftOfBowlMatchedTask/predicted_chunks/episode_002/chunk_007/conditioning.png,550660,f14bc4ef4232a86e666f5886b0b066c8cdf5cf67b5605b90aaa8c99f06ecf8a7
/home/ali/projects/RoboLab/output/v1_cosmos_vague_pre_thermal_guard/RubiksCubeLeftOfBowlMatchedTask/predicted_chunks/episode_002/chunk_007/future.mp4,359946,5ebbf3f820136585eaa3869a325194515bdc2620dac00bff64dc0f92095c426e
/home/ali/projects/RoboLab/output/v1_cosmos_vague_pre_thermal_guard/RubiksCubeLeftOfBowlMatchedTask/predicted_chunks/episode_002/chunk_007/metadata.json,850,f45404a137dfd2208885ec58c6e824528454aed68f5bd59365ed9ddec1e66517
/home/ali/projects/RoboLab/output/v1_cosmos_vague_pre_thermal_guard/RubiksCubeLeftOfBowlMatchedTask/predicted_chunks/episode_002/chunk_008/action.npy,1152,5ffa56e69b90c94ed1301e070a622663ddc70573028fc0a9ec260a2ba400d712
/home/ali/projects/RoboLab/output/v1_cosmos_vague_pre_thermal_guard/RubiksCubeLeftOfBowlMatchedTask/predicted_chunks/episode_002/chunk_008/conditioning.png,559586,19a7ff7c0200f966fc0bcbc48fc3b3066fb53121960a59fec09ace1b7b4eac4f
/home/ali/projects/RoboLab/output/v1_cosmos_vague_pre_thermal_guard/RubiksCubeLeftOfBowlMatchedTask/predicted_chunks/episode_002/chunk_008/future.mp4,452442,2ba34ce56e82265598f068ab063b982495f6325c33f069e3becd53a1d2fbd917
/home/ali/projects/RoboLab/output/v1_cosmos_vague_pre_thermal_guard/RubiksCubeLeftOfBowlMatchedTask/predicted_chunks/episode_002/chunk_008/metadata.json,851,1bad675d70b0c4203adbc1863da5ef49f5b27fc27eaa01ede6ec1e66e1b9d8d2
/home/ali/projects/RoboLab/output/v1_cosmos_vague_pre_thermal_guard/RubiksCubeLeftOfBowlMatchedTask/predicted_chunks/episode_002/chunk_009/action.npy,1152,fe3c707b037f9b217d4edc92efc1289ac15417b96e40a7597457ca370cadfc6d
/home/ali/projects/RoboLab/output/v1_cosmos_vague_pre_thermal_guard/RubiksCubeLeftOfBowlMatchedTask/predicted_chunks/episode_002/chunk_009/conditioning.png,575561,65da8c856e720918cd7f1130bdad0c47952fc7052c0ec1ad98ed03d2f3b4e25f
/home/ali/projects/RoboLab/output/v1_cosmos_vague_pre_thermal_guard/RubiksCubeLeftOfBowlMatchedTask/predicted_chunks/episode_002/chunk_009/future.mp4,578281,71200a167ab997256bf32168316f233bd37e4ddab894e19bb8caa453b13c527c
/home/ali/projects/RoboLab/output/v1_cosmos_vague_pre_thermal_guard/RubiksCubeLeftOfBowlMatchedTask/predicted_chunks/episode_002/chunk_009/metadata.json,850,2b25619c71ca437cfea4a8c71fd45c87568600839573a3cf339b90740c3f4457
/home/ali/projects/RoboLab/output/v1_cosmos_vague_pre_thermal_guard/RubiksCubeLeftOfBowlMatchedTask/predicted_chunks/episode_002/chunk_010/action.npy,1152,ada21433ee283e8d1c760a4f8b7b8d94d406f4f9f3cbf74ef4e53cf4f9add4c6
/home/ali/projects/RoboLab/output/v1_cosmos_vague_pre_thermal_guard/RubiksCubeLeftOfBowlMatchedTask/predicted_chunks/episode_002/chunk_010/conditioning.png,570026,34cbd20815dcf31e6775dd3997da32d167871e99f608ac53bd18bb900496159e
/home/ali/projects/RoboLab/output/v1_cosmos_vague_pre_thermal_guard/RubiksCubeLeftOfBowlMatchedTask/predicted_chunks/episode_002/chunk_010/future.mp4,401045,4849f8a788eda68622282698bda265531886b1a564d86738ee56b0fb0055dcfd
/home/ali/projects/RoboLab/output/v1_cosmos_vague_pre_thermal_guard/RubiksCubeLeftOfBowlMatchedTask/predicted_chunks/episode_002/chunk_010/metadata.json,848,64602b6f51418fc8d38ee0bea9f20b23f52cf93e878919c8df2b5acc3193ac8a
/home/ali/projects/RoboLab/output/v1_cosmos_vague_pre_thermal_guard/RubiksCubeLeftOfBowlMatchedTask/predicted_chunks/episode_002/chunk_011/action.npy,1152,cfc3c6df98eab718254ddc6783916f0bdb60d5156012aa5e6b57a8c5a2e2b7cb
/home/ali/projects/RoboLab/output/v1_cosmos_vague_pre_thermal_guard/RubiksCubeLeftOfBowlMatchedTask/predicted_chunks/episode_002/chunk_011/conditioning.png,580557,9e5df01f5dc24ec03def985714b771eef9c71964109dfef2531c7caa49fcce69
/home/ali/projects/RoboLab/output/v1_cosmos_vague_pre_thermal_guard/RubiksCubeLeftOfBowlMatchedTask/predicted_chunks/episode_002/chunk_011/future.mp4,385685,89caa6ea1af2f0e153d93b119e2f341339feee8e9f3a0de1fd7b51557a76554b
/home/ali/projects/RoboLab/output/v1_cosmos_vague_pre_thermal_guard/RubiksCubeLeftOfBowlMatchedTask/predicted_chunks/episode_002/chunk_011/metadata.json,853,0e12fa0ad8aeb3ebee44668e40a6d8538e422f1ec15663fac3595d31be7c3bcf
/home/ali/projects/RoboLab/output/v1_cosmos_vague_pre_thermal_guard/RubiksCubeLeftOfBowlMatchedTask/predicted_chunks/episode_002/chunk_012/action.npy,1152,eaa81c54d673d40f6142b71c90ffc0e893e299b71b877c5b8572606892fab9b8
/home/ali/projects/RoboLab/output/v1_cosmos_vague_pre_thermal_guard/RubiksCubeLeftOfBowlMatchedTask/predicted_chunks/episode_002/chunk_012/conditioning.png,586587,dfb96ab95b6b531947c85ee84a6801355970d2f3c10d3d7e50825ceba8255b4b
/home/ali/projects/RoboLab/output/v1_cosmos_vague_pre_thermal_guard/RubiksCubeLeftOfBowlMatchedTask/predicted_chunks/episode_002/chunk_012/future.mp4,472966,eab075ffff7f85af19ca86a90eb576688251f11a26dabf4b508c2397a3589e8c
/home/ali/projects/RoboLab/output/v1_cosmos_vague_pre_thermal_guard/RubiksCubeLeftOfBowlMatchedTask/predicted_chunks/episode_002/chunk_012/metadata.json,852,39499651fb11d9b494fd18e543f31d0266cdce062c1bad955491be5ce4d2ce29
/home/ali/projects/RoboLab/output/v1_cosmos_vague_pre_thermal_guard/RubiksCubeLeftOfBowlMatchedTask/predicted_chunks/episode_002/chunk_013/action.npy,1152,7c80201efa19a27e18b3fec521df0464a0205c100de0d69beaf3156aac42b562
/home/ali/projects/RoboLab/output/v1_cosmos_vague_pre_thermal_guard/RubiksCubeLeftOfBowlMatchedTask/predicted_chunks/episode_002/chunk_013/conditioning.png,590914,93103547e2194042d54f7122fc5894290a6f8a0d2e0e3b1475cc4df04cb34cfa
/home/ali/projects/RoboLab/output/v1_cosmos_vague_pre_thermal_guard/RubiksCubeLeftOfBowlMatchedTask/predicted_chunks/episode_002/chunk_013/future.mp4,400526,2566838b0979effe769c4479f97ed7254738efce17ff407e8846c64ad6ad485c
/home/ali/projects/RoboLab/output/v1_cosmos_vague_pre_thermal_guard/RubiksCubeLeftOfBowlMatchedTask/predicted_chunks/episode_002/chunk_013/metadata.json,836,ef1572ab3902f2912cb75a15453b68bdd4c4c3a095d6633e570b64348ff01067
/home/ali/projects/RoboLab/output/v1_cosmos_vague_pre_thermal_guard/RubiksCubeLeftOfBowlMatchedTask/predicted_chunks/episode_002/chunk_014/action.npy,1152,f759b3e5b245a15584851976a592353dbc6cf26616482b5e377c8e64bfc0ca8a
/home/ali/projects/RoboLab/output/v1_cosmos_vague_pre_thermal_guard/RubiksCubeLeftOfBowlMatchedTask/predicted_chunks/episode_002/chunk_014/conditioning.png,591326,3a30aaea785cbe6a3a72755d884b1822f13a8aa0b6e9635ee1b6bda59e4f2451
/home/ali/projects/RoboLab/output/v1_cosmos_vague_pre_thermal_guard/RubiksCubeLeftOfBowlMatchedTask/predicted_chunks/episode_002/chunk_014/future.mp4,505639,4d137cbf1225dba85e68a8d987afac9c965eb53f0ab8d3d075a9cbe74b5b130a
/home/ali/projects/RoboLab/output/v1_cosmos_vague_pre_thermal_guard/RubiksCubeLeftOfBowlMatchedTask/predicted_chunks/episode_002/chunk_014/metadata.json,834,1471b1656ff7630c542d4819d1189132dc16b724e84e2c4dcfae4676dc08fdde
/home/ali/projects/RoboLab/output/v1_cosmos_vague_pre_thermal_guard/RubiksCubeLeftOfBowlMatchedTask/predicted_chunks/episode_003/chunk_000/action.npy,1152,584f2ae01cfbff317d7e5719bd6f45c3fddd66fdbd3b48f3c8bbd359207d7e36
/home/ali/projects/RoboLab/output/v1_cosmos_vague_pre_thermal_guard/RubiksCubeLeftOfBowlMatchedTask/predicted_chunks/episode_003/chunk_000/conditioning.png,587292,5fee376f8378b6db797a8fb4166fb36188362007b73e1f787dc2141861e94fbc
/home/ali/projects/RoboLab/output/v1_cosmos_vague_pre_thermal_guard/RubiksCubeLeftOfBowlMatchedTask/predicted_chunks/episode_003/chunk_000/future.mp4,521581,1e4b866cb11aef810eec786d289e7bda157a970eb2fa0744dca4d7e3b720c6c6
/home/ali/projects/RoboLab/output/v1_cosmos_vague_pre_thermal_guard/RubiksCubeLeftOfBowlMatchedTask/predicted_chunks/episode_003/chunk_000/metadata.json,766,84b2f3823e67f79da10008be3c970b44f7a668c4fb824681a339dcd6ddd4699a
/home/ali/projects/RoboLab/output/v1_cosmos_vague_pre_thermal_guard/RubiksCubeLeftOfBowlMatchedTask/predicted_chunks/episode_003/chunk_001/action.npy,1152,d8d2e11f104b9707b4e5b5504ec7456bc0fcd40d8d4bdb5fb8eaed11b25140f5
/home/ali/projects/RoboLab/output/v1_cosmos_vague_pre_thermal_guard/RubiksCubeLeftOfBowlMatchedTask/predicted_chunks/episode_003/chunk_001/conditioning.png,560617,88e426e25a1bcc7dc7a3d499a5cdb719d15cb3c47569036f4e7f21775ed11a02
/home/ali/projects/RoboLab/output/v1_cosmos_vague_pre_thermal_guard/RubiksCubeLeftOfBowlMatchedTask/predicted_chunks/episode_003/chunk_001/future.mp4,394744,cc216a65eef0dc44fc2cd490a52ee3c721c3a26ba18c9a4bf7c96b506c614621
/home/ali/projects/RoboLab/output/v1_cosmos_vague_pre_thermal_guard/RubiksCubeLeftOfBowlMatchedTask/predicted_chunks/episode_003/chunk_001/metadata.json,852,6bc2f47d19a5077304a8dbe89d7d2fe0948a2cd7601e121f9d489ec486bd9981
/home/ali/projects/RoboLab/output/v1_cosmos_vague_pre_thermal_guard/RubiksCubeLeftOfBowlMatchedTask/predicted_chunks/episode_003/chunk_002/action.npy,1152,61c4d48b0ac315e4690a611eb190b4e9d40c7c4e416696f891a210fc6be27980
/home/ali/projects/RoboLab/output/v1_cosmos_vague_pre_thermal_guard/RubiksCubeLeftOfBowlMatchedTask/predicted_chunks/episode_003/chunk_002/conditioning.png,545699,f5b17544c9405762a94efe7df9a19543269fbc291b3ab06fc9a1f4ae0d93816b
/home/ali/projects/RoboLab/output/v1_cosmos_vague_pre_thermal_guard/RubiksCubeLeftOfBowlMatchedTask/predicted_chunks/episode_003/chunk_002/future.mp4,399992,1d7514e3311c8e7863ec82a737385698777ff17e1120d5bf8c459229817fa866
/home/ali/projects/RoboLab/output/v1_cosmos_vague_pre_thermal_guard/RubiksCubeLeftOfBowlMatchedTask/predicted_chunks/episode_003/chunk_002/metadata.json,851,2eef2a938075efa49021f3e7adca75eff0627d3d84ac1f52c1b303149dc0a8cd
/home/ali/projects/RoboLab/output/v1_cosmos_vague_pre_thermal_guard/RubiksCubeLeftOfBowlMatchedTask/predicted_chunks/episode_003/chunk_003/action.npy,1152,57107c46ac9288eda4173482677673573fce5539a7b8411c7b5630c5d29ca2ab
/home/ali/projects/RoboLab/output/v1_cosmos_vague_pre_thermal_guard/RubiksCubeLeftOfBowlMatchedTask/predicted_chunks/episode_003/chunk_003/conditioning.png,531248,b9004d59f8641e16fc160ce829dd164b9d841395d8caf5972759880b68f2e2c2
/home/ali/projects/RoboLab/output/v1_cosmos_vague_pre_thermal_guard/RubiksCubeLeftOfBowlMatchedTask/predicted_chunks/episode_003/chunk_003/future.mp4,411649,00c53b1d8160ce044cb42dd66ef61e034134ec9ea3b374737b1e002cd89aeb2e
/home/ali/projects/RoboLab/output/v1_cosmos_vague_pre_thermal_guard/RubiksCubeLeftOfBowlMatchedTask/predicted_chunks/episode_003/chunk_003/metadata.json,831,a9f88e87539ff50554349001e54376a667ecda943199edb84bd616587a555537
/home/ali/projects/RoboLab/output/v1_cosmos_vague_pre_thermal_guard/RubiksCubeLeftOfBowlMatchedTask/predicted_chunks/episode_003/chunk_004/action.npy,1152,ca1127691038bdbc94a62510dd101b41a7219bae25ab1d7352e4d84cf8149f1b
/home/ali/projects/RoboLab/output/v1_cosmos_vague_pre_thermal_guard/RubiksCubeLeftOfBowlMatchedTask/predicted_chunks/episode_003/chunk_004/conditioning.png,537194,31831544ab2d9cea62e1bc76a616a4a31b1607f42e7f3bea2d2ea8068d1a1de0
/home/ali/projects/RoboLab/output/v1_cosmos_vague_pre_thermal_guard/RubiksCubeLeftOfBowlMatchedTask/predicted_chunks/episode_003/chunk_004/future.mp4,368327,0701629a28926f2f25fa514590ed078c3c80e1597bdeff4e9bad487aa4d92f78
/home/ali/projects/RoboLab/output/v1_cosmos_vague_pre_thermal_guard/RubiksCubeLeftOfBowlMatchedTask/predicted_chunks/episode_003/chunk_004/metadata.json,852,017d7fe5b40fa89138cbbb338ab036814174d8fbc5d7a350f07f9abb729c8f41
/home/ali/projects/RoboLab/output/v1_cosmos_vague_pre_thermal_guard/RubiksCubeLeftOfBowlMatchedTask/predicted_chunks/episode_003/chunk_005/action.npy,1152,a718b129a7e6994857c6298eafc083899c3584ae2de30920aeb36da73afdfc3b
/home/ali/projects/RoboLab/output/v1_cosmos_vague_pre_thermal_guard/RubiksCubeLeftOfBowlMatchedTask/predicted_chunks/episode_003/chunk_005/conditioning.png,510434,23d499eb66e03611996704c9752a06884dac150e41a4ed108dc89f9379e639f3
/home/ali/projects/RoboLab/output/v1_cosmos_vague_pre_thermal_guard/RubiksCubeLeftOfBowlMatchedTask/predicted_chunks/episode_003/chunk_005/future.mp4,363950,a8d31eb5f7c951a8e6cc9851cae0127975fdb54903f4003a4dab58ca950d79c4
/home/ali/projects/RoboLab/output/v1_cosmos_vague_pre_thermal_guard/RubiksCubeLeftOfBowlMatchedTask/predicted_chunks/episode_003/chunk_005/metadata.json,845,2bd8ab6d52342b16d4d7602915ffa471aabffb4be349652abe86437a90d540b6
/home/ali/projects/RoboLab/output/v1_cosmos_vague_pre_thermal_guard/RubiksCubeLeftOfBowlMatchedTask/predicted_chunks/episode_003/chunk_006/action.npy,1152,3a27d88c436230d8b24ce757e02f53d25eb1f59ed64595d9c057482f3c43dd44
/home/ali/projects/RoboLab/output/v1_cosmos_vague_pre_thermal_guard/RubiksCubeLeftOfBowlMatchedTask/predicted_chunks/episode_003/chunk_006/conditioning.png,531439,3aa9a7f261bac666faac0dd5443d27159bc6f2fb0a05ab03f22a174c882ee448
/home/ali/projects/RoboLab/output/v1_cosmos_vague_pre_thermal_guard/RubiksCubeLeftOfBowlMatchedTask/predicted_chunks/episode_003/chunk_006/future.mp4,432123,ff0001de2c3028b01a892163c3efbdbdb4108412e82b54c211c87c4af3c756a2
/home/ali/projects/RoboLab/output/v1_cosmos_vague_pre_thermal_guard/RubiksCubeLeftOfBowlMatchedTask/predicted_chunks/episode_003/chunk_006/metadata.json,847,7d832b8cd0092860463b68f79a4a3a6fb7796880eede9ec0ed8c4a0ddb5ed0dd
/home/ali/projects/RoboLab/output/v1_cosmos_vague_pre_thermal_guard/RubiksCubeLeftOfBowlMatchedTask/predicted_chunks/episode_003/chunk_007/action.npy,1152,f0bd3a496dd6c220c5ee764dd2923611392954dbfbeda2c8693ac9a8e0f44116
/home/ali/projects/RoboLab/output/v1_cosmos_vague_pre_thermal_guard/RubiksCubeLeftOfBowlMatchedTask/predicted_chunks/episode_003/chunk_007/conditioning.png,551482,29adb3e870b1925e81fe5a9c52309c2b420350387e58c44eaa5c5664824c6f5f
/home/ali/projects/RoboLab/output/v1_cosmos_vague_pre_thermal_guard/RubiksCubeLeftOfBowlMatchedTask/predicted_chunks/episode_003/chunk_007/future.mp4,413961,2faf8db264c82bb9f9b02bb48bc622453eb496670e9f36d1e16913fc16ed043c
/home/ali/projects/RoboLab/output/v1_cosmos_vague_pre_thermal_guard/RubiksCubeLeftOfBowlMatchedTask/predicted_chunks/episode_003/chunk_007/metadata.json,833,b66651f3ac5dc38a58c2779f5e6e665ee2e45df82cda4caaa8635eb0e8d81d65
/home/ali/projects/RoboLab/output/v1_cosmos_vague_pre_thermal_guard/RubiksCubeLeftOfBowlMatchedTask/predicted_chunks/episode_003/chunk_008/action.npy,1152,e5a9218850b6c44d16d1b3cb94147cee7deba212abf7cf5f5247c3144891adee
/home/ali/projects/RoboLab/output/v1_cosmos_vague_pre_thermal_guard/RubiksCubeLeftOfBowlMatchedTask/predicted_chunks/episode_003/chunk_008/conditioning.png,539790,7678204da078e89ebb8563742e5625bf10f48bfc091f2a54d49f690c1f4a1d34
/home/ali/projects/RoboLab/output/v1_cosmos_vague_pre_thermal_guard/RubiksCubeLeftOfBowlMatchedTask/predicted_chunks/episode_003/chunk_008/future.mp4,435105,14b877e1fa05eeae201ee10577509f03b8f1cfccaa4376b618c0930c4c8960ff
/home/ali/projects/RoboLab/output/v1_cosmos_vague_pre_thermal_guard/RubiksCubeLeftOfBowlMatchedTask/predicted_chunks/episode_003/chunk_008/metadata.json,852,ab1853ce3f9a767f84ebe53324341d3a1dd969ea6fa32c95f473d4319fe8a970
/home/ali/projects/RoboLab/output/v1_cosmos_vague_pre_thermal_guard/RubiksCubeLeftOfBowlMatchedTask/predicted_chunks/episode_003/chunk_009/action.npy,1152,f5c8c57a66df22cf6832ebb6511caa45069ce8fa7b151b9bc0f751e918a94929
/home/ali/projects/RoboLab/output/v1_cosmos_vague_pre_thermal_guard/RubiksCubeLeftOfBowlMatchedTask/predicted_chunks/episode_003/chunk_009/conditioning.png,567657,78cf0a66f6b2722bb029936a849cb1e7e3da838c823ce83a80fde78989e39025
/home/ali/projects/RoboLab/output/v1_cosmos_vague_pre_thermal_guard/RubiksCubeLeftOfBowlMatchedTask/predicted_chunks/episode_003/chunk_009/future.mp4,556011,733da46f6424cb13911e257983374dd64dd00a2b7876faddf3ddff07e10923be
/home/ali/projects/RoboLab/output/v1_cosmos_vague_pre_thermal_guard/RubiksCubeLeftOfBowlMatchedTask/predicted_chunks/episode_003/chunk_009/metadata.json,849,dd6b0ec37d90c41950abb1fbd3fe5338f57d4cb02d6f8250cf346e491c5622b1
/home/ali/projects/RoboLab/output/v1_cosmos_vague_pre_thermal_guard/RubiksCubeLeftOfBowlMatchedTask/predicted_chunks/episode_003/chunk_010/action.npy,1152,7eabdd1b42f9ce05763ad44d109f41618d7a11b0e66f4f2c189b9635222e2f6a
/home/ali/projects/RoboLab/output/v1_cosmos_vague_pre_thermal_guard/RubiksCubeLeftOfBowlMatchedTask/predicted_chunks/episode_003/chunk_010/conditioning.png,605350,fc20a68d164969e94230266cc7faacfa23de9b3d1bb1675fa1828828b69eaed8
/home/ali/projects/RoboLab/output/v1_cosmos_vague_pre_thermal_guard/RubiksCubeLeftOfBowlMatchedTask/predicted_chunks/episode_003/chunk_010/future.mp4,593981,a8618532f87aa75be4f974cfa3ae2540cc437c96711a3d01e9e39e9be183071a
/home/ali/projects/RoboLab/output/v1_cosmos_vague_pre_thermal_guard/RubiksCubeLeftOfBowlMatchedTask/predicted_chunks/episode_003/chunk_010/metadata.json,837,bce6fda4b15564ab3405e648c36845a4717f5973a5b4bac4b16db3cd88eb298c
/home/ali/projects/RoboLab/output/v1_cosmos_vague_pre_thermal_guard/RubiksCubeLeftOfBowlMatchedTask/predicted_chunks/episode_003/chunk_011/action.npy,1152,1eb24314e19211d2ef7ee1f6001bc3c03da5e2f92afad08029bb78346c434c3a
/home/ali/projects/RoboLab/output/v1_cosmos_vague_pre_thermal_guard/RubiksCubeLeftOfBowlMatchedTask/predicted_chunks/episode_003/chunk_011/conditioning.png,554477,9e694449e9ac3802461d7cf809272b321e4821d999d22a1f13ca1cf0fc755343
/home/ali/projects/RoboLab/output/v1_cosmos_vague_pre_thermal_guard/RubiksCubeLeftOfBowlMatchedTask/predicted_chunks/episode_003/chunk_011/future.mp4,490179,9506ed535ef2b00e1e9620ebe3d7e0aaf3aa2a627c7e892adbafae4610609298
/home/ali/projects/RoboLab/output/v1_cosmos_vague_pre_thermal_guard/RubiksCubeLeftOfBowlMatchedTask/predicted_chunks/episode_003/chunk_011/metadata.json,852,c8523a7728d9af746977992cf6357f8cb2205137ae37f178e3f8c142bf2f280c
/home/ali/projects/RoboLab/output/v1_cosmos_vague_pre_thermal_guard/RubiksCubeLeftOfBowlMatchedTask/predicted_chunks/episode_003/chunk_012/action.npy,1152,d636e23b10a8ee467486f71d3a56cb1cbcf6c45fdbc2fa54553a84d33645ca83
/home/ali/projects/RoboLab/output/v1_cosmos_vague_pre_thermal_guard/RubiksCubeLeftOfBowlMatchedTask/predicted_chunks/episode_003/chunk_012/conditioning.png,554154,f601a2b44bee75357ce82765387f08376c8353ef3830e07cf8864db471ce0071
/home/ali/projects/RoboLab/output/v1_cosmos_vague_pre_thermal_guard/RubiksCubeLeftOfBowlMatchedTask/predicted_chunks/episode_003/chunk_012/future.mp4,388347,9aaec94884eaaf5e2aa74d03e57284fd74bac626e92123827937c70ed4789b87
/home/ali/projects/RoboLab/output/v1_cosmos_vague_pre_thermal_guard/RubiksCubeLeftOfBowlMatchedTask/predicted_chunks/episode_003/chunk_012/metadata.json,848,164b879709045303eceb7b9f697775ea90a985b78ca259c7755ba4eb899cc8e3
/home/ali/projects/RoboLab/output/v1_cosmos_vague_pre_thermal_guard/RubiksCubeLeftOfBowlMatchedTask/predicted_chunks/episode_003/chunk_013/action.npy,1152,df2702486d530bfee07e5ac5ed436e3785c59809a23f356b44b5123f2babc094
/home/ali/projects/RoboLab/output/v1_cosmos_vague_pre_thermal_guard/RubiksCubeLeftOfBowlMatchedTask/predicted_chunks/episode_003/chunk_013/conditioning.png,559405,33f783dcbe65378c87393a7b4d197cc5e3a5464242136e8dfafcd24343af0772
/home/ali/projects/RoboLab/output/v1_cosmos_vague_pre_thermal_guard/RubiksCubeLeftOfBowlMatchedTask/predicted_chunks/episode_003/chunk_013/future.mp4,502672,3ce990845d59a272a9068c88c83758aea91bcda1c33b2585bec6e3c2adad346e
/home/ali/projects/RoboLab/output/v1_cosmos_vague_pre_thermal_guard/RubiksCubeLeftOfBowlMatchedTask/predicted_chunks/episode_003/chunk_013/metadata.json,853,2ea9c8d73949f53ebc553ae9cfe5e976da0c355c879e63bdf4467afcf3d91412
/home/ali/projects/RoboLab/output/v1_cosmos_vague_pre_thermal_guard/RubiksCubeLeftOfBowlMatchedTask/predicted_chunks/episode_003/chunk_014/action.npy,1152,93d45bb0f1c69a6aab1654bf4956d682f29982408587faccec6c45d284a65fcd
/home/ali/projects/RoboLab/output/v1_cosmos_vague_pre_thermal_guard/RubiksCubeLeftOfBowlMatchedTask/predicted_chunks/episode_003/chunk_014/conditioning.png,581297,e8ea97ce91816d0fd42afe41272ca5b8d58e52d8e73fa80fa163591ed5942863
/home/ali/projects/RoboLab/output/v1_cosmos_vague_pre_thermal_guard/RubiksCubeLeftOfBowlMatchedTask/predicted_chunks/episode_003/chunk_014/future.mp4,473786,f0708f99d49fa5f62dbf5de9f717639ff12bf54343bf3ed3640b975735f608e8
/home/ali/projects/RoboLab/output/v1_cosmos_vague_pre_thermal_guard/RubiksCubeLeftOfBowlMatchedTask/predicted_chunks/episode_003/chunk_014/metadata.json,835,e9abdb20e5726fe553145d09540a0e5b09bb22cc3c44b87e9c8d415481b2f961
/home/ali/projects/RoboLab/output/v1_cosmos_vague_pre_thermal_guard/RubiksCubeLeftOfBowlMatchedTask/predicted_chunks/episode_004/chunk_000/action.npy,1152,299a12f273da88f4b3d90cc29731aed1f54054d909cdd54b54aa0dc734c34ff8
/home/ali/projects/RoboLab/output/v1_cosmos_vague_pre_thermal_guard/RubiksCubeLeftOfBowlMatchedTask/predicted_chunks/episode_004/chunk_000/conditioning.png,591291,7c8c312924e88bacffe47f75abdb2229cd14c36645bd6dd4fe1000acdcec10f4
/home/ali/projects/RoboLab/output/v1_cosmos_vague_pre_thermal_guard/RubiksCubeLeftOfBowlMatchedTask/predicted_chunks/episode_004/chunk_000/future.mp4,496257,d3114504bd8918863e189cae45826c84d4e1b1ca4978dfd9c03b2ce1cfe4a4a5
/home/ali/projects/RoboLab/output/v1_cosmos_vague_pre_thermal_guard/RubiksCubeLeftOfBowlMatchedTask/predicted_chunks/episode_004/chunk_000/metadata.json,766,60649833973413c6b1c8f531e0c4c0dae8e2c791781f63010bc0e08504fbe48c
/home/ali/projects/RoboLab/output/v1_cosmos_vague_pre_thermal_guard/RubiksCubeLeftOfBowlMatchedTask/predicted_chunks/episode_004/chunk_001/action.npy,1152,6ecd3f7a62646893e99365341c4d7efd1430358bcad91338e3b41d2af71be8fe
/home/ali/projects/RoboLab/output/v1_cosmos_vague_pre_thermal_guard/RubiksCubeLeftOfBowlMatchedTask/predicted_chunks/episode_004/chunk_001/conditioning.png,562657,1b424ef085da64b811c4e77b2309e499169b39709e2b51d1fd246762ba1cf00d
/home/ali/projects/RoboLab/output/v1_cosmos_vague_pre_thermal_guard/RubiksCubeLeftOfBowlMatchedTask/predicted_chunks/episode_004/chunk_001/future.mp4,459062,96c9a1ff28ac410e701e956065bf16e8f5422e18f17523e68268c9bda8e3047b
/home/ali/projects/RoboLab/output/v1_cosmos_vague_pre_thermal_guard/RubiksCubeLeftOfBowlMatchedTask/predicted_chunks/episode_004/chunk_001/metadata.json,849,f2fdf0d03bb82292af44ce1e7bde019c8edd148451f7cc8e33fadfbda1f44d83
/home/ali/projects/RoboLab/output/v1_cosmos_vague_pre_thermal_guard/RubiksCubeLeftOfBowlMatchedTask/predicted_chunks/episode_004/chunk_002/action.npy,1152,71107f0b01eb71a766dbed723690330ccb3f3292293514f85f22d5e496978588
/home/ali/projects/RoboLab/output/v1_cosmos_vague_pre_thermal_guard/RubiksCubeLeftOfBowlMatchedTask/predicted_chunks/episode_004/chunk_002/conditioning.png,554194,18bc8d1fdb208353d138503994c528599c085bf87da30e2d4ec6708cc89b6d0a
/home/ali/projects/RoboLab/output/v1_cosmos_vague_pre_thermal_guard/RubiksCubeLeftOfBowlMatchedTask/predicted_chunks/episode_004/chunk_002/future.mp4,395111,b1c7467792b981136ce307043cc6c7914842d731791494e26954750916a5558a
/home/ali/projects/RoboLab/output/v1_cosmos_vague_pre_thermal_guard/RubiksCubeLeftOfBowlMatchedTask/predicted_chunks/episode_004/chunk_002/metadata.json,849,14955c73d653c7af82ec2aa7ab3ca80e95b71e9a423b4bd1e22471dda39a01e2
/home/ali/projects/RoboLab/output/v1_cosmos_vague_pre_thermal_guard/RubiksCubeLeftOfBowlMatchedTask/predicted_chunks/episode_004/chunk_003/action.npy,1152,eaadc521e5cbe65f1dd9dc25b8fc5d16510d97c74b054aa1ab196035d685b655
/home/ali/projects/RoboLab/output/v1_cosmos_vague_pre_thermal_guard/RubiksCubeLeftOfBowlMatchedTask/predicted_chunks/episode_004/chunk_003/conditioning.png,541995,e05ed92024f78237b8f341036612626fd2e57a3dacfd7b7f1f4528a0a3c25a4c
/home/ali/projects/RoboLab/output/v1_cosmos_vague_pre_thermal_guard/RubiksCubeLeftOfBowlMatchedTask/predicted_chunks/episode_004/chunk_003/future.mp4,395697,aaeccfb2c1d4cbb4709c17141c5ca033c2434b9638e8480910d714d2c10ab8de
/home/ali/projects/RoboLab/output/v1_cosmos_vague_pre_thermal_guard/RubiksCubeLeftOfBowlMatchedTask/predicted_chunks/episode_004/chunk_003/metadata.json,846,3cd762cb74623ebd40205c55b9b90b5118bc342a39d5b44be4b5b10a5a9955cd
/home/ali/projects/RoboLab/output/v1_cosmos_vague_pre_thermal_guard/RubiksCubeLeftOfBowlMatchedTask/predicted_chunks/episode_004/chunk_004/action.npy,1152,6ec6868283918c12dda2638b4bce38e505a0edd587f6507842c2d2a3e5e103a0
/home/ali/projects/RoboLab/output/v1_cosmos_vague_pre_thermal_guard/RubiksCubeLeftOfBowlMatchedTask/predicted_chunks/episode_004/chunk_004/conditioning.png,552288,666819759719009888c4bdc3b0df7d394c9620866869bba9ed608f5883a83027
/home/ali/projects/RoboLab/output/v1_cosmos_vague_pre_thermal_guard/RubiksCubeLeftOfBowlMatchedTask/predicted_chunks/episode_004/chunk_004/future.mp4,356087,29009e1d08b8e5fe89509fea5aeccb2921d082894a84888ff9cd1cd51436147d
/home/ali/projects/RoboLab/output/v1_cosmos_vague_pre_thermal_guard/RubiksCubeLeftOfBowlMatchedTask/predicted_chunks/episode_004/chunk_004/metadata.json,848,976b3e26564316d992b795c9c761d63a4591200cc9a39ed254de212536dde745
/home/ali/projects/RoboLab/output/v1_cosmos_vague_pre_thermal_guard/RubiksCubeLeftOfBowlMatchedTask/predicted_chunks/episode_004/chunk_005/action.npy,1152,1aca7f387c7228ea80a504c520c1ae21e079c99743b6947325453d421ebd5aa6
/home/ali/projects/RoboLab/output/v1_cosmos_vague_pre_thermal_guard/RubiksCubeLeftOfBowlMatchedTask/predicted_chunks/episode_004/chunk_005/conditioning.png,551924,9b2e2a0ef56a788b434faeb5fda54a2c1abbfdc1e83368013408724c84e49d8d
/home/ali/projects/RoboLab/output/v1_cosmos_vague_pre_thermal_guard/RubiksCubeLeftOfBowlMatchedTask/predicted_chunks/episode_004/chunk_005/future.mp4,395806,d2c0a9557997cee8000ac938aca166433a5c29c9dae96701fa9caf12730d0719
/home/ali/projects/RoboLab/output/v1_cosmos_vague_pre_thermal_guard/RubiksCubeLeftOfBowlMatchedTask/predicted_chunks/episode_004/chunk_005/metadata.json,834,1adfa535e4eaa4092930a8c79e1c3c8acc9becdbe7bed72f7a675271f81c72df
/home/ali/projects/RoboLab/output/v1_cosmos_vague_pre_thermal_guard/RubiksCubeLeftOfBowlMatchedTask/predicted_chunks/episode_004/chunk_006/action.npy,1152,f8b55e800d00ca8d7b9690d58b5c24df82cb88fd7150d3f36769048f86fadacf
/home/ali/projects/RoboLab/output/v1_cosmos_vague_pre_thermal_guard/RubiksCubeLeftOfBowlMatchedTask/predicted_chunks/episode_004/chunk_006/conditioning.png,531237,21946694892431d4c32d89708f679e6587baca3ba361f62da5dc8c0b238783f7
/home/ali/projects/RoboLab/output/v1_cosmos_vague_pre_thermal_guard/RubiksCubeLeftOfBowlMatchedTask/predicted_chunks/episode_004/chunk_006/future.mp4,322938,c01c4231352c8b91ee6da4a21b855baa739001c7e1303ced10adfd54f2da0067
/home/ali/projects/RoboLab/output/v1_cosmos_vague_pre_thermal_guard/RubiksCubeLeftOfBowlMatchedTask/predicted_chunks/episode_004/chunk_006/metadata.json,849,355edb361cce77d7319d7d065ce0b94ef24016bcbe1431012bb4576977f0df77
/home/ali/projects/RoboLab/output/v1_cosmos_vague_pre_thermal_guard/RubiksCubeLeftOfBowlMatchedTask/predicted_chunks/episode_004/chunk_007/action.npy,1152,ae2b6a60ed652e7049e74c644816cc6f6eb70d9fe083f5f2b761ab6641ccc359
/home/ali/projects/RoboLab/output/v1_cosmos_vague_pre_thermal_guard/RubiksCubeLeftOfBowlMatchedTask/predicted_chunks/episode_004/chunk_007/conditioning.png,528827,fc667103a26e5c863d7c37acfc74af0398e74b725a95a87940117feca43d1bea
/home/ali/projects/RoboLab/output/v1_cosmos_vague_pre_thermal_guard/RubiksCubeLeftOfBowlMatchedTask/predicted_chunks/episode_004/chunk_007/future.mp4,348817,d3b52ff7522971c46c336fba6573d52cfb0a637525405b71d7be4b1f3c6a7680
/home/ali/projects/RoboLab/output/v1_cosmos_vague_pre_thermal_guard/RubiksCubeLeftOfBowlMatchedTask/predicted_chunks/episode_004/chunk_007/metadata.json,845,7b8c3bd9c8e46deee6664f81c0720a3a3f22ba9d6af9cc41acd36624b245da80
/home/ali/projects/RoboLab/output/v1_cosmos_vague_pre_thermal_guard/RubiksCubeLeftOfBowlMatchedTask/predicted_chunks/episode_004/chunk_008/action.npy,1152,b7a69143c39f026586150907dfc151629fb29bab8fd87bcc98646a3e6f782250
/home/ali/projects/RoboLab/output/v1_cosmos_vague_pre_thermal_guard/RubiksCubeLeftOfBowlMatchedTask/predicted_chunks/episode_004/chunk_008/conditioning.png,520831,eac896edaa7d7636c5c9edf3d303f9b290ab1c7886b8db07be3d24345c7f39bf
/home/ali/projects/RoboLab/output/v1_cosmos_vague_pre_thermal_guard/RubiksCubeLeftOfBowlMatchedTask/predicted_chunks/episode_004/chunk_008/future.mp4,425100,a3583151a2c94da1eeb38afc4d9bba5542054c5628b666a09b75c7424bd9e3be
/home/ali/projects/RoboLab/output/v1_cosmos_vague_pre_thermal_guard/RubiksCubeLeftOfBowlMatchedTask/predicted_chunks/episode_004/chunk_008/metadata.json,852,47e6417cf87965e50488986a4f21d42b38d15e46c36bf10378551ebda582f0cd
/home/ali/projects/RoboLab/output/v1_cosmos_vague_pre_thermal_guard/RubiksCubeLeftOfBowlMatchedTask/predicted_chunks/episode_004/chunk_009/action.npy,1152,16cf19b75900ca82b66bf70789a8f7d4f255d14fabb1c0541e47bb30c4a94bf7
/home/ali/projects/RoboLab/output/v1_cosmos_vague_pre_thermal_guard/RubiksCubeLeftOfBowlMatchedTask/predicted_chunks/episode_004/chunk_009/conditioning.png,523735,04fe7a6cd830958f7e427eef89aa1a5da6e5b5cb38e157fc4033bbec45f0944c
/home/ali/projects/RoboLab/output/v1_cosmos_vague_pre_thermal_guard/RubiksCubeLeftOfBowlMatchedTask/predicted_chunks/episode_004/chunk_009/future.mp4,383968,c9950fa84d44e93a42fe9ecb7abc4926e4e30d6fc53d534273c6e54e7dcdbe00
/home/ali/projects/RoboLab/output/v1_cosmos_vague_pre_thermal_guard/RubiksCubeLeftOfBowlMatchedTask/predicted_chunks/episode_004/chunk_009/metadata.json,847,dc8d1a4d7d67d38e813a08c031fe9118446f589c902fb8e777c5763c58762689
/home/ali/projects/RoboLab/output/v1_cosmos_vague_pre_thermal_guard/RubiksCubeLeftOfBowlMatchedTask/predicted_chunks/episode_005/chunk_000/action.npy,1152,716d0628a10937e365c25d292264dbafa7b2b854300086a7f07d706e6d2cd36c
/home/ali/projects/RoboLab/output/v1_cosmos_vague_pre_thermal_guard/RubiksCubeLeftOfBowlMatchedTask/predicted_chunks/episode_005/chunk_000/conditioning.png,573677,939708cfd8a504193395631950bdecd275cdefb31d29c7cafded0d085dd900f4
/home/ali/projects/RoboLab/output/v1_cosmos_vague_pre_thermal_guard/RubiksCubeLeftOfBowlMatchedTask/predicted_chunks/episode_005/chunk_000/future.mp4,518905,e24528b0ab02ec50d79af1ad29a139c78f975d4ade7d77fca62ab1bfea8e55e3
/home/ali/projects/RoboLab/output/v1_cosmos_vague_pre_thermal_guard/RubiksCubeLeftOfBowlMatchedTask/predicted_chunks/episode_005/chunk_000/metadata.json,766,7e0b930213fa137e6604dad594c1111ef2d1e4d3dcb95586daa63cdbb05a4f47
/home/ali/projects/RoboLab/output/v1_cosmos_vague_pre_thermal_guard/RubiksCubeLeftOfBowlMatchedTask/predicted_chunks/episode_005/chunk_001/action.npy,1152,ed3cd91c6eb847f9ccf85139b27c163acbc570fd8c68491dbbb982299f1d9e96
/home/ali/projects/RoboLab/output/v1_cosmos_vague_pre_thermal_guard/RubiksCubeLeftOfBowlMatchedTask/predicted_chunks/episode_005/chunk_001/conditioning.png,551582,f080261af4b47cbc59c75506852ad3298a983c1af130baa14573e03b3693a334
/home/ali/projects/RoboLab/output/v1_cosmos_vague_pre_thermal_guard/RubiksCubeLeftOfBowlMatchedTask/predicted_chunks/episode_005/chunk_001/future.mp4,384347,eb3280c6bd69771ce5ee1ad5ae941dc90c6cdd097daaafae3cc12f0f2eb86cb1
/home/ali/projects/RoboLab/output/v1_cosmos_vague_pre_thermal_guard/RubiksCubeLeftOfBowlMatchedTask/predicted_chunks/episode_005/chunk_001/metadata.json,848,f763dd6e61ba691d6aea64d6bdaddf60c36428d6782a400f5e4b61b04fcfc2e4
/home/ali/projects/RoboLab/output/v1_cosmos_vague_pre_thermal_guard/RubiksCubeLeftOfBowlMatchedTask/predicted_chunks/episode_005/chunk_002/action.npy,1152,40d68d246d77cace08403b3205195ebe44934560068dbc56e292d96e4e52039e
/home/ali/projects/RoboLab/output/v1_cosmos_vague_pre_thermal_guard/RubiksCubeLeftOfBowlMatchedTask/predicted_chunks/episode_005/chunk_002/conditioning.png,524488,7b86c61168bdb55f5542475694a1eed31b04df472a0daf646ef0f640a1379ff9
/home/ali/projects/RoboLab/output/v1_cosmos_vague_pre_thermal_guard/RubiksCubeLeftOfBowlMatchedTask/predicted_chunks/episode_005/chunk_002/future.mp4,403483,7bd29e911e9b2d135aa08ebcefbcba12eb8ae334038ed69005f2e64ce2b5051f
/home/ali/projects/RoboLab/output/v1_cosmos_vague_pre_thermal_guard/RubiksCubeLeftOfBowlMatchedTask/predicted_chunks/episode_005/chunk_002/metadata.json,829,823ed0690f8c374d3a2b3a70a38da3c0b172d3d664c0ffd186c980208a5260e8
/home/ali/projects/RoboLab/output/v1_cosmos_vague_pre_thermal_guard/RubiksCubeLeftOfBowlMatchedTask/predicted_chunks/episode_005/chunk_003/action.npy,1152,40c1b19d00b3b13a3921e1821e1b931f006ed047c22a386979e4b2d1cee4204b
/home/ali/projects/RoboLab/output/v1_cosmos_vague_pre_thermal_guard/RubiksCubeLeftOfBowlMatchedTask/predicted_chunks/episode_005/chunk_003/conditioning.png,518574,a86937aaf156ca22ac8249986e933769aa54efb4d4f12ca0feb42cc1ef0e1b45
/home/ali/projects/RoboLab/output/v1_cosmos_vague_pre_thermal_guard/RubiksCubeLeftOfBowlMatchedTask/predicted_chunks/episode_005/chunk_003/future.mp4,404054,bda1cdb372a04f2c01b45bb3dd463e83a454772398f815388adc21e65c1075da
/home/ali/projects/RoboLab/output/v1_cosmos_vague_pre_thermal_guard/RubiksCubeLeftOfBowlMatchedTask/predicted_chunks/episode_005/chunk_003/metadata.json,848,509d435977f1c71ce9f469cafafbce86e9d83d5488cd5d04dccd671e537d8d4b
/home/ali/projects/RoboLab/output/v1_cosmos_vague_pre_thermal_guard/RubiksCubeLeftOfBowlMatchedTask/predicted_chunks/episode_005/chunk_004/action.npy,1152,50ef2aad11e3bc04f75206c4dec741fa596423effcc3d87804bef727d057a649
/home/ali/projects/RoboLab/output/v1_cosmos_vague_pre_thermal_guard/RubiksCubeLeftOfBowlMatchedTask/predicted_chunks/episode_005/chunk_004/conditioning.png,527349,5c161ec72fe4c5deec06e92a2ef0c9a75149e575dd67883e38833e62adae3602
/home/ali/projects/RoboLab/output/v1_cosmos_vague_pre_thermal_guard/RubiksCubeLeftOfBowlMatchedTask/predicted_chunks/episode_005/chunk_004/future.mp4,578350,0c30a501a3d30251abb2fd5f9bc00a6115fae9534d71e9b40bce46a0edd070ba
/home/ali/projects/RoboLab/output/v1_cosmos_vague_pre_thermal_guard/RubiksCubeLeftOfBowlMatchedTask/predicted_chunks/episode_005/chunk_004/metadata.json,846,2abd8bc4aa2b10989332e89eede7084bf64424257b9581025d91f6d059dcb550
/home/ali/projects/RoboLab/output/v1_cosmos_vague_pre_thermal_guard/RubiksCubeLeftOfBowlMatchedTask/predicted_chunks/episode_005/chunk_005/action.npy,1152,704b4ad1bd71cd53706a1660d99affdc3f7accb31a1dc22146184794e21aa403
/home/ali/projects/RoboLab/output/v1_cosmos_vague_pre_thermal_guard/RubiksCubeLeftOfBowlMatchedTask/predicted_chunks/episode_005/chunk_005/conditioning.png,561419,8e709c1b641554ba2a4b6130e82bb8c76a036d904b2e878fe2ff1a856e3a5905
/home/ali/projects/RoboLab/output/v1_cosmos_vague_pre_thermal_guard/RubiksCubeLeftOfBowlMatchedTask/predicted_chunks/episode_005/chunk_005/future.mp4,552936,94c0dbef5f138caeef2098787d6cbd9a187862f1e8c5d53fdc4c38262df14b93
/home/ali/projects/RoboLab/output/v1_cosmos_vague_pre_thermal_guard/RubiksCubeLeftOfBowlMatchedTask/predicted_chunks/episode_005/chunk_005/metadata.json,850,b6240a31a1213aff276299c88684d87566ff230b16e3296e81b78dfb17bc2a2c
/home/ali/projects/RoboLab/output/v1_cosmos_vague_pre_thermal_guard/RubiksCubeLeftOfBowlMatchedTask/predicted_chunks/episode_005/chunk_006/action.npy,1152,2e24e8d1eb54ec89dd8f5d0800d4278b4f34f49d44bc72d8272298e6dc4bc38f
/home/ali/projects/RoboLab/output/v1_cosmos_vague_pre_thermal_guard/RubiksCubeLeftOfBowlMatchedTask/predicted_chunks/episode_005/chunk_006/conditioning.png,546213,13533c963d723f87aa5b6b66d0cc0eeb725562d80a7a86ca65dfa037356c49f3
/home/ali/projects/RoboLab/output/v1_cosmos_vague_pre_thermal_guard/RubiksCubeLeftOfBowlMatchedTask/predicted_chunks/episode_005/chunk_006/future.mp4,540883,c400a59b95444ced9f8193c7cb3e867922b3d2b8e19c23751759eafe16d815aa
/home/ali/projects/RoboLab/output/v1_cosmos_vague_pre_thermal_guard/RubiksCubeLeftOfBowlMatchedTask/predicted_chunks/episode_005/chunk_006/metadata.json,849,b55db6296d3a091cb67b58024d7a91402d213ac7b3f60b8723c99d61ddcf30cb
/home/ali/projects/RoboLab/output/v1_cosmos_vague_pre_thermal_guard/RubiksCubeLeftOfBowlMatchedTask/predicted_chunks/episode_005/chunk_007/action.npy,1152,af08ab85f7a305a9607dc6b02b790aeef923ec6b3372bb479b0bd5e010db8f3b
/home/ali/projects/RoboLab/output/v1_cosmos_vague_pre_thermal_guard/RubiksCubeLeftOfBowlMatchedTask/predicted_chunks/episode_005/chunk_007/conditioning.png,548413,94ebe80c0089842e325ca27256a418704c10fb302c56f799bec4faceb3daad63
/home/ali/projects/RoboLab/output/v1_cosmos_vague_pre_thermal_guard/RubiksCubeLeftOfBowlMatchedTask/predicted_chunks/episode_005/chunk_007/future.mp4,480699,4b488e44c99bf37a4c7281327da747862b26953b120438c3759a003718037f84
/home/ali/projects/RoboLab/output/v1_cosmos_vague_pre_thermal_guard/RubiksCubeLeftOfBowlMatchedTask/predicted_chunks/episode_005/chunk_007/metadata.json,851,477df8a3bbe960a1d335f07b86a862c6d8e6a833e9dacfcb5b132c5766e1940a
/home/ali/projects/RoboLab/output/v1_cosmos_vague_pre_thermal_guard/RubiksCubeLeftOfBowlMatchedTask/predicted_chunks/episode_005/chunk_008/action.npy,1152,f16447e54c07e8a1e2bf19e117cedb607c4e0dac70174a0912fe4b3d92c90c6f
/home/ali/projects/RoboLab/output/v1_cosmos_vague_pre_thermal_guard/RubiksCubeLeftOfBowlMatchedTask/predicted_chunks/episode_005/chunk_008/conditioning.png,532516,28a59eab3e0b55bd1ecb03cbf5d2e48f244bb31689863850f6dc0b2f6cd8e08f
/home/ali/projects/RoboLab/output/v1_cosmos_vague_pre_thermal_guard/RubiksCubeLeftOfBowlMatchedTask/predicted_chunks/episode_005/chunk_008/future.mp4,502396,b050134bccf0697daa95365944aec19bcd2c0cf62137329477315a9c0f3e26cc
/home/ali/projects/RoboLab/output/v1_cosmos_vague_pre_thermal_guard/RubiksCubeLeftOfBowlMatchedTask/predicted_chunks/episode_005/chunk_008/metadata.json,853,2a88d4e8ec7ed55c50d614b2e9ee409df4a7da5c3a43181b666fc43064d8cbe3
/home/ali/projects/RoboLab/output/v1_cosmos_vague_pre_thermal_guard/RubiksCubeLeftOfBowlMatchedTask/predicted_chunks/episode_005/chunk_009/action.npy,1152,f6fae3ee6cfbfc280bdd5685b7ebd1b28a0bcf51d9976a56dd65cb5391d7280a
/home/ali/projects/RoboLab/output/v1_cosmos_vague_pre_thermal_guard/RubiksCubeLeftOfBowlMatchedTask/predicted_chunks/episode_005/chunk_009/conditioning.png,563384,70bf9bfbd24be82b0bba172864677d195b20ee958703f333d91a1686061e03c8
/home/ali/projects/RoboLab/output/v1_cosmos_vague_pre_thermal_guard/RubiksCubeLeftOfBowlMatchedTask/predicted_chunks/episode_005/chunk_009/future.mp4,498439,59309bce4bf98765a63c89ee095be305f26a075a88df9e34acd6959ae7ebe01c
/home/ali/projects/RoboLab/output/v1_cosmos_vague_pre_thermal_guard/RubiksCubeLeftOfBowlMatchedTask/predicted_chunks/episode_005/chunk_009/metadata.json,850,eed2888ed4ca204c3ad6a300b697d5f68907b24de3e0634ed8db90f02bbc8f88
/home/ali/projects/RoboLab/output/v1_cosmos_vague_pre_thermal_guard/RubiksCubeLeftOfBowlMatchedTask/predicted_chunks/episode_005/chunk_010/action.npy,1152,690444b0183468805ecd51eeed4ed7fdaccebd869171c7528601fa2ac840529b
/home/ali/projects/RoboLab/output/v1_cosmos_vague_pre_thermal_guard/RubiksCubeLeftOfBowlMatchedTask/predicted_chunks/episode_005/chunk_010/conditioning.png,534154,d3087da243de76ea37a24a6f93658feaa59236f4125f79eeb8464c0225c07cb5
/home/ali/projects/RoboLab/output/v1_cosmos_vague_pre_thermal_guard/RubiksCubeLeftOfBowlMatchedTask/predicted_chunks/episode_005/chunk_010/future.mp4,526476,ada6ca0a9a2bb5337dee476c4607434257919a2d7af731d7a6a55bb5f3c1da09
/home/ali/projects/RoboLab/output/v1_cosmos_vague_pre_thermal_guard/RubiksCubeLeftOfBowlMatchedTask/predicted_chunks/episode_005/chunk_010/metadata.json,851,5ddc7d3a5aa646ff332e614207bdff427e6c2d8827e1b0849602a452e2115a5f
/home/ali/projects/RoboLab/output/v1_cosmos_vague_pre_thermal_guard/RubiksCubeLeftOfBowlMatchedTask/predicted_chunks/episode_005/chunk_011/action.npy,1152,04e4205ead3676f7bd40662090310c89d668ced08f7d7462a0dfcfb3d2cbacc6
/home/ali/projects/RoboLab/output/v1_cosmos_vague_pre_thermal_guard/RubiksCubeLeftOfBowlMatchedTask/predicted_chunks/episode_005/chunk_011/conditioning.png,577758,dab22b2b877f0ae49066af844a0d4f43cae545f7bf1a14aef52dc777a10b4c2d
/home/ali/projects/RoboLab/output/v1_cosmos_vague_pre_thermal_guard/RubiksCubeLeftOfBowlMatchedTask/predicted_chunks/episode_005/chunk_011/future.mp4,539790,892173b2c36febd8f9c94d71d8c666193ed78a7e39e13818a83afc8590770690
/home/ali/projects/RoboLab/output/v1_cosmos_vague_pre_thermal_guard/RubiksCubeLeftOfBowlMatchedTask/predicted_chunks/episode_005/chunk_011/metadata.json,854,beb23858b899a31e42f7d5ea624467013de1189730c30584bee545c7c4d1040b
/home/ali/projects/RoboLab/output/v1_cosmos_vague_pre_thermal_guard/RubiksCubeLeftOfBowlMatchedTask/predicted_chunks/episode_005/chunk_012/action.npy,1152,406f0d56aa7b0a3b622fe58688788433431afebdbdca4d9322ce46ecf0439740
/home/ali/projects/RoboLab/output/v1_cosmos_vague_pre_thermal_guard/RubiksCubeLeftOfBowlMatchedTask/predicted_chunks/episode_005/chunk_012/conditioning.png,553599,a863b7886d1f0636ae7dc8fcb9a9f3d1094f87cbcc278f9dab2e4701404143d9
/home/ali/projects/RoboLab/output/v1_cosmos_vague_pre_thermal_guard/RubiksCubeLeftOfBowlMatchedTask/predicted_chunks/episode_005/chunk_012/future.mp4,464426,ada0f5fd8f36dc01f0aae2cd46d06bfb5ac72d63a7941e6b1c9f3e978c6d8870
/home/ali/projects/RoboLab/output/v1_cosmos_vague_pre_thermal_guard/RubiksCubeLeftOfBowlMatchedTask/predicted_chunks/episode_005/chunk_012/metadata.json,854,1e72dd0f133c14296e126e8a1368a06b1c963eb8da7a73838340b06e50e7ff8a
/home/ali/projects/RoboLab/output/v1_cosmos_vague_pre_thermal_guard/RubiksCubeLeftOfBowlMatchedTask/predicted_chunks/episode_005/chunk_013/action.npy,1152,1c4ac054d9f6265d86bb585bd9dec12fdf5a9e28d1dad536c8f244d2e97f62ba
/home/ali/projects/RoboLab/output/v1_cosmos_vague_pre_thermal_guard/RubiksCubeLeftOfBowlMatchedTask/predicted_chunks/episode_005/chunk_013/conditioning.png,549255,5a2258df9a28bf440ecbb5e24756e374501ca1b03d9f0b0dbc22b89a8eaeaafe
/home/ali/projects/RoboLab/output/v1_cosmos_vague_pre_thermal_guard/RubiksCubeLeftOfBowlMatchedTask/predicted_chunks/episode_005/chunk_013/future.mp4,423124,d03685e7375e0328e7df5452db10acb2d71b28e1090c7754403c4187ab85174b
/home/ali/projects/RoboLab/output/v1_cosmos_vague_pre_thermal_guard/RubiksCubeLeftOfBowlMatchedTask/predicted_chunks/episode_005/chunk_013/metadata.json,854,57fac2f64e0e08b2d98f381d409c435acc4f3103818eeadf7ead55a3858fa788
/home/ali/projects/RoboLab/output/v1_cosmos_vague_pre_thermal_guard/RubiksCubeLeftOfBowlMatchedTask/predicted_chunks/episode_005/chunk_014/action.npy,1152,9f631aeb9499e776befa72ac0efd365f69f81acf02258540c4dbd2aaa3b68646
/home/ali/projects/RoboLab/output/v1_cosmos_vague_pre_thermal_guard/RubiksCubeLeftOfBowlMatchedTask/predicted_chunks/episode_005/chunk_014/conditioning.png,549316,7c5e0869a3a59d867651fa09c1522b913bdeb57e506c9abcbadd5133850d282d
/home/ali/projects/RoboLab/output/v1_cosmos_vague_pre_thermal_guard/RubiksCubeLeftOfBowlMatchedTask/predicted_chunks/episode_005/chunk_014/future.mp4,507839,bc96c274ad8be6bfb0b1b6a2027b7fb745661d52f50604afa7f0df5a460c9b08
/home/ali/projects/RoboLab/output/v1_cosmos_vague_pre_thermal_guard/RubiksCubeLeftOfBowlMatchedTask/predicted_chunks/episode_005/chunk_014/metadata.json,854,627bbc59cf0ae19fc25ba7caeaef0e9c01f721ba35276847e5cbc7bbb4b55900
/home/ali/projects/RoboLab/output/v1_cosmos_vague_pre_thermal_guard/RubiksCubeLeftOfBowlMatchedTask/predicted_chunks/episode_006/chunk_000/action.npy,1152,fbd35be8c8b4df434c9cf289941a3be69d62ded541e172dd4d2e3acfb69cc4f1
/home/ali/projects/RoboLab/output/v1_cosmos_vague_pre_thermal_guard/RubiksCubeLeftOfBowlMatchedTask/predicted_chunks/episode_006/chunk_000/conditioning.png,581328,ff5e525676c2983c7c7bc4e8be987c8d091c1f3030459e469c7a123bdf2f141f
/home/ali/projects/RoboLab/output/v1_cosmos_vague_pre_thermal_guard/RubiksCubeLeftOfBowlMatchedTask/predicted_chunks/episode_006/chunk_000/future.mp4,527863,8d459f95acd850279d2f2f0267e6f0f11ec56ac7f3c32b32488c52c5785f8ab4
/home/ali/projects/RoboLab/output/v1_cosmos_vague_pre_thermal_guard/RubiksCubeLeftOfBowlMatchedTask/predicted_chunks/episode_006/chunk_000/metadata.json,766,e8dd01112e9fc5a7a666b1bef0c4eee930c156df5ae891f98d1af45460ecbabd
/home/ali/projects/RoboLab/output/v1_cosmos_vague_pre_thermal_guard/RubiksCubeLeftOfBowlMatchedTask/predicted_chunks/episode_006/chunk_001/action.npy,1152,8882c128cc6b5f613544066f1e8d895d22ff90037ae28a28615ad676e9ad9037
/home/ali/projects/RoboLab/output/v1_cosmos_vague_pre_thermal_guard/RubiksCubeLeftOfBowlMatchedTask/predicted_chunks/episode_006/chunk_001/conditioning.png,546685,a9632c841da1bc61ca892ce691aa5d65272597e8081d06a99a16515b0af25614
/home/ali/projects/RoboLab/output/v1_cosmos_vague_pre_thermal_guard/RubiksCubeLeftOfBowlMatchedTask/predicted_chunks/episode_006/chunk_001/future.mp4,396753,b0d383daa138b219d808af88fe6a632a4a6b659d0e5d65b0a05e9bb4e1f09b34
/home/ali/projects/RoboLab/output/v1_cosmos_vague_pre_thermal_guard/RubiksCubeLeftOfBowlMatchedTask/predicted_chunks/episode_006/chunk_001/metadata.json,848,cd6866377471dc155f2bf3e64fa8506795a02e07e219f866320e3cee7b0d6089
/home/ali/projects/RoboLab/output/v1_cosmos_vague_pre_thermal_guard/RubiksCubeLeftOfBowlMatchedTask/predicted_chunks/episode_006/chunk_002/action.npy,1152,28814090d322bed549f435de7b2a0a6ef4e093f10727d8a8692de4b95de2d37e
/home/ali/projects/RoboLab/output/v1_cosmos_vague_pre_thermal_guard/RubiksCubeLeftOfBowlMatchedTask/predicted_chunks/episode_006/chunk_002/conditioning.png,528152,e3c43f991ffa473869aeed94e808dc64ced4a32b3b62efba2aec988834285a11
/home/ali/projects/RoboLab/output/v1_cosmos_vague_pre_thermal_guard/RubiksCubeLeftOfBowlMatchedTask/predicted_chunks/episode_006/chunk_002/future.mp4,429163,13b9c3ba804ac0ca5d495ef334e5a5a6232e4444aeb113fe7b56167ef732aa4a
/home/ali/projects/RoboLab/output/v1_cosmos_vague_pre_thermal_guard/RubiksCubeLeftOfBowlMatchedTask/predicted_chunks/episode_006/chunk_002/metadata.json,847,85f01fcf6f517dbe6144f26dd9e0493bbe6c222cc84fa74a4abec5b8daa17a3c
/home/ali/projects/RoboLab/output/v1_cosmos_vague_pre_thermal_guard/RubiksCubeLeftOfBowlMatchedTask/predicted_chunks/episode_006/chunk_003/action.npy,1152,ff75b57772fc421cd15410ebebbca3ad53288422e07b09d46b858a290b3de112
/home/ali/projects/RoboLab/output/v1_cosmos_vague_pre_thermal_guard/RubiksCubeLeftOfBowlMatchedTask/predicted_chunks/episode_006/chunk_003/conditioning.png,545521,94188deccf118a1fe41bac32a2261187ebf31e3ae7929d583e23702afcdb7029
/home/ali/projects/RoboLab/output/v1_cosmos_vague_pre_thermal_guard/RubiksCubeLeftOfBowlMatchedTask/predicted_chunks/episode_006/chunk_003/future.mp4,387535,b546b00cec047a808af683ab2b388ef94e27b083ab5e6331d80263e9854c5407
/home/ali/projects/RoboLab/output/v1_cosmos_vague_pre_thermal_guard/RubiksCubeLeftOfBowlMatchedTask/predicted_chunks/episode_006/chunk_003/metadata.json,844,3ecba5631c3ea9434323542f7aa1f7f76f65cb922a90bef1081240a37269e05b
/home/ali/projects/RoboLab/output/v1_cosmos_vague_pre_thermal_guard/RubiksCubeLeftOfBowlMatchedTask/predicted_chunks/episode_006/chunk_004/action.npy,1152,5a11907bb18449d31befe6084e317ec4123313f48bd8f142002e3593c42cb023
/home/ali/projects/RoboLab/output/v1_cosmos_vague_pre_thermal_guard/RubiksCubeLeftOfBowlMatchedTask/predicted_chunks/episode_006/chunk_004/conditioning.png,550252,68b229e9bea68b96b185b94a5df0229e0ab57937704589bb03e38fb575d1fd05
/home/ali/projects/RoboLab/output/v1_cosmos_vague_pre_thermal_guard/RubiksCubeLeftOfBowlMatchedTask/predicted_chunks/episode_006/chunk_004/future.mp4,435392,13bed9e3a4d26065e1c63a62f6fe4ffe7d254c049af2e9a34d5468b3445b715a
/home/ali/projects/RoboLab/output/v1_cosmos_vague_pre_thermal_guard/RubiksCubeLeftOfBowlMatchedTask/predicted_chunks/episode_006/chunk_004/metadata.json,836,d9c0389e276cc0f4ea62144464c2831a2d585210461699c1fc5c1007add36104
/home/ali/projects/RoboLab/output/v1_cosmos_vague_pre_thermal_guard/RubiksCubeLeftOfBowlMatchedTask/predicted_chunks/episode_006/chunk_005/action.npy,1152,16217e9a69c36454337983a4a4b38455e5e9e3ee0fe6c8cd2f566d2e5e6829a7
/home/ali/projects/RoboLab/output/v1_cosmos_vague_pre_thermal_guard/RubiksCubeLeftOfBowlMatchedTask/predicted_chunks/episode_006/chunk_005/conditioning.png,569481,27aa648120c6912f8ded8789b7ef9e9911b9d894356ea0d4e254db1f886afb39
/home/ali/projects/RoboLab/output/v1_cosmos_vague_pre_thermal_guard/RubiksCubeLeftOfBowlMatchedTask/predicted_chunks/episode_006/chunk_005/future.mp4,397799,e3c141574bc2f87cc8c5f06520d30d98f42db48d77ac708e7eb2b4355fd3a8b9
/home/ali/projects/RoboLab/output/v1_cosmos_vague_pre_thermal_guard/RubiksCubeLeftOfBowlMatchedTask/predicted_chunks/episode_006/chunk_005/metadata.json,850,4dcf2e628eea30a846722b47fdb8e76df8e3026f7c4d3f1b3d67a1307e335a9b
/home/ali/projects/RoboLab/output/v1_cosmos_vague_pre_thermal_guard/RubiksCubeLeftOfBowlMatchedTask/predicted_chunks/episode_006/chunk_006/action.npy,1152,a1de0630b62667f94af2a0684885358ae1615d53a98b6f1c7e669e2b2e26b341
/home/ali/projects/RoboLab/output/v1_cosmos_vague_pre_thermal_guard/RubiksCubeLeftOfBowlMatchedTask/predicted_chunks/episode_006/chunk_006/conditioning.png,553912,7be6c4c5a7dd470091b717edab01bc5984bd042f3f709e524d09f2e01037e58a
/home/ali/projects/RoboLab/output/v1_cosmos_vague_pre_thermal_guard/RubiksCubeLeftOfBowlMatchedTask/predicted_chunks/episode_006/chunk_006/future.mp4,490003,ddee889344312fdc44de02ccd4ff815b50b97d1ecca48759b55acaafeb550ab3
/home/ali/projects/RoboLab/output/v1_cosmos_vague_pre_thermal_guard/RubiksCubeLeftOfBowlMatchedTask/predicted_chunks/episode_006/chunk_006/metadata.json,833,c31ea11bee5a626e86a90d3a72b1dd09f2a0d04bb2caf5625b0f8493527d5647
/home/ali/projects/RoboLab/output/v1_cosmos_vague_pre_thermal_guard/RubiksCubeLeftOfBowlMatchedTask/predicted_chunks/episode_006/chunk_007/action.npy,1152,b995757f5ac76892c16aaf223aeb35b564500473529e136d4faf5bf04cb09462
/home/ali/projects/RoboLab/output/v1_cosmos_vague_pre_thermal_guard/RubiksCubeLeftOfBowlMatchedTask/predicted_chunks/episode_006/chunk_007/conditioning.png,559769,5871516901c9672fc870ea98ecccb1fb29a31a36452dbf2419f2e10a5df5107b
/home/ali/projects/RoboLab/output/v1_cosmos_vague_pre_thermal_guard/RubiksCubeLeftOfBowlMatchedTask/predicted_chunks/episode_006/chunk_007/future.mp4,421907,4462d5c25287bdf3b6724025663513963b12a1a6a09e4a21736df2da4b0e323c
/home/ali/projects/RoboLab/output/v1_cosmos_vague_pre_thermal_guard/RubiksCubeLeftOfBowlMatchedTask/predicted_chunks/episode_006/chunk_007/metadata.json,833,eebf8596347f42c9b5a69a4d86ae700886b73ed71e860b915c98f9c73234eb86
/home/ali/projects/RoboLab/output/v1_cosmos_vague_pre_thermal_guard/RubiksCubeLeftOfBowlMatchedTask/predicted_chunks/episode_006/chunk_008/action.npy,1152,1fae872f1d61c8283f372e658e4aefdb1adcc9d2e914e9909c03e070223a5fbd
/home/ali/projects/RoboLab/output/v1_cosmos_vague_pre_thermal_guard/RubiksCubeLeftOfBowlMatchedTask/predicted_chunks/episode_006/chunk_008/conditioning.png,554066,07863fb4fb2580fed384ba201aec326ad04e398a02e6f417e26550d26ef9b4e9
/home/ali/projects/RoboLab/output/v1_cosmos_vague_pre_thermal_guard/RubiksCubeLeftOfBowlMatchedTask/predicted_chunks/episode_006/chunk_008/future.mp4,412866,00222a76805e7bcc0d758146cbde6cbf2a0a09b6f98984b9e338c4fabfb8d892
/home/ali/projects/RoboLab/output/v1_cosmos_vague_pre_thermal_guard/RubiksCubeLeftOfBowlMatchedTask/predicted_chunks/episode_006/chunk_008/metadata.json,836,1ad8ff5ca6788dc0deab6f4fa043daa5360d483eeba1dd47d965712e1c4c4738
/home/ali/projects/RoboLab/output/v1_cosmos_vague_pre_thermal_guard/RubiksCubeLeftOfBowlMatchedTask/predicted_chunks/episode_006/chunk_009/action.npy,1152,a6e5d76904da0e7db6e40eaa3c247043ab4298eaed43561f782d56425f4ef604
/home/ali/projects/RoboLab/output/v1_cosmos_vague_pre_thermal_guard/RubiksCubeLeftOfBowlMatchedTask/predicted_chunks/episode_006/chunk_009/conditioning.png,570038,ff567dd05e2042350762cfda7b87e940f168d976132b3307d6964da57cb2e0db
/home/ali/projects/RoboLab/output/v1_cosmos_vague_pre_thermal_guard/RubiksCubeLeftOfBowlMatchedTask/predicted_chunks/episode_006/chunk_009/future.mp4,374395,e1de42e83ac0cab43bce8a1588e49c0f4748de1194f2aa776e9b1f62212890bc
/home/ali/projects/RoboLab/output/v1_cosmos_vague_pre_thermal_guard/RubiksCubeLeftOfBowlMatchedTask/predicted_chunks/episode_006/chunk_009/metadata.json,852,40191df6727dcb0687afbb5376f21fe3608d13c8de38b0dd2c84a7e3e89d5394
/home/ali/projects/RoboLab/output/v1_cosmos_vague_pre_thermal_guard/RubiksCubeLeftOfBowlMatchedTask/predicted_chunks/episode_006/chunk_010/action.npy,1152,8bfd54bdce27a42d986a7b85199633ae49cdf3c4c7c155e1a3ff18b4ccd4adf9
/home/ali/projects/RoboLab/output/v1_cosmos_vague_pre_thermal_guard/RubiksCubeLeftOfBowlMatchedTask/predicted_chunks/episode_006/chunk_010/conditioning.png,554209,3980a63933148f7425f508d816ae503f2fbe699ecf915a2b3c5558e099fa4495
/home/ali/projects/RoboLab/output/v1_cosmos_vague_pre_thermal_guard/RubiksCubeLeftOfBowlMatchedTask/predicted_chunks/episode_006/chunk_010/future.mp4,327756,df706f6c96b28e0bef80bfc409004cd95ba688e8cb807d8c5ef793ada1973473
/home/ali/projects/RoboLab/output/v1_cosmos_vague_pre_thermal_guard/RubiksCubeLeftOfBowlMatchedTask/predicted_chunks/episode_006/chunk_010/metadata.json,849,e6f39c03af8c9f1b2024467744345f65111799f5972de59b2ab49191742c0d00
/home/ali/projects/RoboLab/output/v1_cosmos_vague_pre_thermal_guard/RubiksCubeLeftOfBowlMatchedTask/predicted_chunks/episode_006/chunk_011/action.npy,1152,cb90b8c867fd506091cc7229b83501c5705fe47c483e80c5ec13b3eba2fbf98b
/home/ali/projects/RoboLab/output/v1_cosmos_vague_pre_thermal_guard/RubiksCubeLeftOfBowlMatchedTask/predicted_chunks/episode_006/chunk_011/conditioning.png,543590,ee17f616e386942d29161f805b275db7ad7aebdc63168fc56d590d370bf18495
/home/ali/projects/RoboLab/output/v1_cosmos_vague_pre_thermal_guard/RubiksCubeLeftOfBowlMatchedTask/predicted_chunks/episode_006/chunk_011/future.mp4,298541,60d73671dde55b1c6264242f74708848eb139863e613b2231e4713ab74860429
/home/ali/projects/RoboLab/output/v1_cosmos_vague_pre_thermal_guard/RubiksCubeLeftOfBowlMatchedTask/predicted_chunks/episode_006/chunk_011/metadata.json,853,a7018eace5fc8daac9a25c5a62e0b97a4c9a7341a66570e1ea2b291f1a9b37d4
/home/ali/projects/RoboLab/output/v1_cosmos_vague_pre_thermal_guard/RubiksCubeLeftOfBowlMatchedTask/predicted_chunks/episode_006/chunk_012/action.npy,1152,2d3b0695ba951ae53de188bf22aeb8bcb04871be6b7f19bcd57d9fa4e0ace886
/home/ali/projects/RoboLab/output/v1_cosmos_vague_pre_thermal_guard/RubiksCubeLeftOfBowlMatchedTask/predicted_chunks/episode_006/chunk_012/conditioning.png,537835,3513c9309bb68f43b7b5c9f1fbde0e2ba4b5103eb61f62b24832fdd32db976c1
/home/ali/projects/RoboLab/output/v1_cosmos_vague_pre_thermal_guard/RubiksCubeLeftOfBowlMatchedTask/predicted_chunks/episode_006/chunk_012/future.mp4,373251,fcbf7c16e709eff87e152e834f1dc6c64a63323bd6fb57e78d4a8fb3ef8663a3
/home/ali/projects/RoboLab/output/v1_cosmos_vague_pre_thermal_guard/RubiksCubeLeftOfBowlMatchedTask/predicted_chunks/episode_006/chunk_012/metadata.json,851,310e7573ae296f49422d591880dcb585f9bc98722cd4c77c98808d4cde661bba
/home/ali/projects/RoboLab/output/v1_cosmos_vague_pre_thermal_guard/RubiksCubeLeftOfBowlMatchedTask/predicted_chunks/episode_006/chunk_013/action.npy,1152,2626058fada26fdf34951ac0b0a29e5cab4b06ecacfd4980d9fbe43ba0f001f5
/home/ali/projects/RoboLab/output/v1_cosmos_vague_pre_thermal_guard/RubiksCubeLeftOfBowlMatchedTask/predicted_chunks/episode_006/chunk_013/conditioning.png,518342,8388ef99b9159b10dcf26940e2faf32c33d214fb71c0736c47c540ff8e37be01
/home/ali/projects/RoboLab/output/v1_cosmos_vague_pre_thermal_guard/RubiksCubeLeftOfBowlMatchedTask/predicted_chunks/episode_006/chunk_013/future.mp4,402441,826d9e6e7306ccfb84027b6c5b60f89b9bd2fd86219c5e93e7506901361afcff
/home/ali/projects/RoboLab/output/v1_cosmos_vague_pre_thermal_guard/RubiksCubeLeftOfBowlMatchedTask/predicted_chunks/episode_006/chunk_013/metadata.json,853,5736f8b5b93027dd0facebcdf78b1707fb2f08242a478587a198ec41287d7a38
/home/ali/projects/RoboLab/output/v1_cosmos_vague_pre_thermal_guard/RubiksCubeLeftOfBowlMatchedTask/predicted_chunks/episode_006/chunk_014/action.npy,1152,d9537ce184073ebd42580787f8f9bd02ac8091f7f588757c3f28e0eab99af4cb
/home/ali/projects/RoboLab/output/v1_cosmos_vague_pre_thermal_guard/RubiksCubeLeftOfBowlMatchedTask/predicted_chunks/episode_006/chunk_014/conditioning.png,548045,103fc92e75f2d3e8fcbafb9289e201d8da5f76af7dbb14b4ae2450211db45837
/home/ali/projects/RoboLab/output/v1_cosmos_vague_pre_thermal_guard/RubiksCubeLeftOfBowlMatchedTask/predicted_chunks/episode_006/chunk_014/future.mp4,700596,1a0bedfa21f90b60c76cf0f7b2a4a7706ecbe3d0e3ca000d7f370caf51da66bd
/home/ali/projects/RoboLab/output/v1_cosmos_vague_pre_thermal_guard/RubiksCubeLeftOfBowlMatchedTask/predicted_chunks/episode_006/chunk_014/metadata.json,853,444dff43d618be50358505868225d7d83ab0bb293f48c8926002051258b54dea
/home/ali/projects/RoboLab/output/v1_cosmos_vague_pre_thermal_guard/RubiksCubeLeftOfBowlMatchedTask/predicted_chunks/episode_007/chunk_000/action.npy,1152,afcb08622ee96845125037d71de628750ab76f0fb0f922b925aeb2bbbd6bba96
/home/ali/projects/RoboLab/output/v1_cosmos_vague_pre_thermal_guard/RubiksCubeLeftOfBowlMatchedTask/predicted_chunks/episode_007/chunk_000/conditioning.png,569700,3dfa9c1ad04034b9c16a1dcb057b0875e0725b7d2fb3b3d2f3e07207cbb1a334
/home/ali/projects/RoboLab/output/v1_cosmos_vague_pre_thermal_guard/RubiksCubeLeftOfBowlMatchedTask/predicted_chunks/episode_007/chunk_000/future.mp4,483740,77a7b50dd930e3dbb707e186f4055f00202c07e5d0c6a1b2c17e84833800ad51
/home/ali/projects/RoboLab/output/v1_cosmos_vague_pre_thermal_guard/RubiksCubeLeftOfBowlMatchedTask/predicted_chunks/episode_007/chunk_000/metadata.json,766,fe66066099f68cb1f78593b8f97bb103edd51ad1c6fe17b8a2bee88787c5d5da
/home/ali/projects/RoboLab/output/v1_cosmos_vague_pre_thermal_guard/RubiksCubeLeftOfBowlMatchedTask/predicted_chunks/episode_007/chunk_001/action.npy,1152,d81849c0b9620cdafa4e883caf8d0f94c80c5adb4d293a236eabceff8dfce353
/home/ali/projects/RoboLab/output/v1_cosmos_vague_pre_thermal_guard/RubiksCubeLeftOfBowlMatchedTask/predicted_chunks/episode_007/chunk_001/conditioning.png,553480,0b433184ba5d2aa9a0b98847a7dcf90061e5feab7f13818a84899f218e2e5125
/home/ali/projects/RoboLab/output/v1_cosmos_vague_pre_thermal_guard/RubiksCubeLeftOfBowlMatchedTask/predicted_chunks/episode_007/chunk_001/future.mp4,419289,b36a9e8d177ee0fb2f6cb4d9a5d3edb7541d0682b93ce9cd78fb500404e6e225
/home/ali/projects/RoboLab/output/v1_cosmos_vague_pre_thermal_guard/RubiksCubeLeftOfBowlMatchedTask/predicted_chunks/episode_007/chunk_001/metadata.json,851,13cbc44b30506391bfbd0f2a8088a131ed8b8914b851e088c712e155ee719c4e
/home/ali/projects/RoboLab/output/v1_cosmos_vague_pre_thermal_guard/RubiksCubeLeftOfBowlMatchedTask/predicted_chunks/episode_007/chunk_002/action.npy,1152,39f2e2fe69e4043341d5f06e6ad52c80c2ee0460de3a90f9d617089c60165697
/home/ali/projects/RoboLab/output/v1_cosmos_vague_pre_thermal_guard/RubiksCubeLeftOfBowlMatchedTask/predicted_chunks/episode_007/chunk_002/conditioning.png,541449,ad0b67357199ea8b4610ad2aeb1a15b4b062b8866fb451875cc20385e76eef5e
/home/ali/projects/RoboLab/output/v1_cosmos_vague_pre_thermal_guard/RubiksCubeLeftOfBowlMatchedTask/predicted_chunks/episode_007/chunk_002/future.mp4,463909,2b26b67217ae777c32341c26c5bf0b497e47359a65800ef56e1ed0a28690e106
/home/ali/projects/RoboLab/output/v1_cosmos_vague_pre_thermal_guard/RubiksCubeLeftOfBowlMatchedTask/predicted_chunks/episode_007/chunk_002/metadata.json,850,1b688a9cc778975ff8004f10e77ba66e8f1d341d645f9a276e475d307ab0cd4f
/home/ali/projects/RoboLab/output/v1_cosmos_vague_pre_thermal_guard/RubiksCubeLeftOfBowlMatchedTask/predicted_chunks/episode_007/chunk_003/action.npy,1152,392c2c2998f5e55c0ca4669568fa089645f7b5318b8245e7e900e8ec86c29f63
/home/ali/projects/RoboLab/output/v1_cosmos_vague_pre_thermal_guard/RubiksCubeLeftOfBowlMatchedTask/predicted_chunks/episode_007/chunk_003/conditioning.png,545669,d3a8179b17aa7fcbebe2f1864201d13e3f441104c9eebe295cd30ae86fd8301b
/home/ali/projects/RoboLab/output/v1_cosmos_vague_pre_thermal_guard/RubiksCubeLeftOfBowlMatchedTask/predicted_chunks/episode_007/chunk_003/future.mp4,385834,9058d3108e3e94bd430a2f0e366d70139fa07776c24f93862ea40f47325adeb5
/home/ali/projects/RoboLab/output/v1_cosmos_vague_pre_thermal_guard/RubiksCubeLeftOfBowlMatchedTask/predicted_chunks/episode_007/chunk_003/metadata.json,854,5ba856e52cf3038e9513a263942feab50e9def95f2018524cc1440926d95aabb
/home/ali/projects/RoboLab/output/v1_cosmos_vague_pre_thermal_guard/RubiksCubeLeftOfBowlMatchedTask/predicted_chunks/episode_007/chunk_004/action.npy,1152,6593048f1d633a5ec221f0624f1d081c7488674416e4e78e4b3bdd383c7a6abf
/home/ali/projects/RoboLab/output/v1_cosmos_vague_pre_thermal_guard/RubiksCubeLeftOfBowlMatchedTask/predicted_chunks/episode_007/chunk_004/conditioning.png,547953,83fb6ec50b78b649a7e2ef02c7438cd04d659a016ff55d61315cc260afa78aa9
/home/ali/projects/RoboLab/output/v1_cosmos_vague_pre_thermal_guard/RubiksCubeLeftOfBowlMatchedTask/predicted_chunks/episode_007/chunk_004/future.mp4,418840,4e5da2f61d33cce217efcec4e94b2f8918130bccf6063b6e57b44fc2376f16dc
/home/ali/projects/RoboLab/output/v1_cosmos_vague_pre_thermal_guard/RubiksCubeLeftOfBowlMatchedTask/predicted_chunks/episode_007/chunk_004/metadata.json,849,67210d8dee69f3f49dadea5d726ee9ec3d53bd5be25ed05699cd82d86c762ef8
/home/ali/projects/RoboLab/output/v1_cosmos_vague_pre_thermal_guard/RubiksCubeLeftOfBowlMatchedTask/predicted_chunks/episode_007/chunk_005/action.npy,1152,4f160f928f7e8b08ec33581d6f9a48b8fce726c771d73b2c016d3f334947f520
/home/ali/projects/RoboLab/output/v1_cosmos_vague_pre_thermal_guard/RubiksCubeLeftOfBowlMatchedTask/predicted_chunks/episode_007/chunk_005/conditioning.png,535913,ca7c0379579fdee8defe0c8ccb40cc7e6ff67c9d8144b94d41809a9044994aa5
/home/ali/projects/RoboLab/output/v1_cosmos_vague_pre_thermal_guard/RubiksCubeLeftOfBowlMatchedTask/predicted_chunks/episode_007/chunk_005/future.mp4,513413,401a9a8021bdd69d4634c50f1e440aa7bab65d3e9b4e0431f6a7604d375065d5
/home/ali/projects/RoboLab/output/v1_cosmos_vague_pre_thermal_guard/RubiksCubeLeftOfBowlMatchedTask/predicted_chunks/episode_007/chunk_005/metadata.json,829,7a611e91ff8036d2eb5c3543a8ea018004c8836a2c64da8810b1185fd6abbc18
/home/ali/projects/RoboLab/output/v1_cosmos_vague_pre_thermal_guard/RubiksCubeLeftOfBowlMatchedTask/predicted_chunks/episode_007/chunk_006/action.npy,1152,a1ae70a9e4231e70d3909cf0e685c951b0d0039ff24f38a000aa0836646c71b5
/home/ali/projects/RoboLab/output/v1_cosmos_vague_pre_thermal_guard/RubiksCubeLeftOfBowlMatchedTask/predicted_chunks/episode_007/chunk_006/conditioning.png,506325,59092f76ad9761b3f2e0be64a41df5858198bc1af0c9fcaa58f4d2cda77b1989
/home/ali/projects/RoboLab/output/v1_cosmos_vague_pre_thermal_guard/RubiksCubeLeftOfBowlMatchedTask/predicted_chunks/episode_007/chunk_006/future.mp4,498448,0030e58a520da7eda7ec1aa5bb317d100b078b87965abe3e1ee9add3c966cff6
/home/ali/projects/RoboLab/output/v1_cosmos_vague_pre_thermal_guard/RubiksCubeLeftOfBowlMatchedTask/predicted_chunks/episode_007/chunk_006/metadata.json,852,444ec26f2442155e0aa766809a75ba8c95d3930793a527d11a540eb4f0e8fb55
/home/ali/projects/RoboLab/output/v1_cosmos_vague_pre_thermal_guard/RubiksCubeLeftOfBowlMatchedTask/predicted_chunks/episode_007/chunk_007/action.npy,1152,031b7452657f17a9a3bb0a5d1c3f40036b1488b38d8d36e61bb9477fb8459ff5
/home/ali/projects/RoboLab/output/v1_cosmos_vague_pre_thermal_guard/RubiksCubeLeftOfBowlMatchedTask/predicted_chunks/episode_007/chunk_007/conditioning.png,535628,99b1c500ebdb175c8817a5d9fd081f1adde4939bf5dea475a0ac5529b49a9fe1
/home/ali/projects/RoboLab/output/v1_cosmos_vague_pre_thermal_guard/RubiksCubeLeftOfBowlMatchedTask/predicted_chunks/episode_007/chunk_007/future.mp4,410863,2d03f5436cf8f69eda9d85949466d0e9a2a8aa48dc998cc4cdb54e3587eb8d3f
/home/ali/projects/RoboLab/output/v1_cosmos_vague_pre_thermal_guard/RubiksCubeLeftOfBowlMatchedTask/predicted_chunks/episode_007/chunk_007/metadata.json,831,dfebbf401b6f38ab4478f385d0903f2412d3788849e692cf80af08422fffe0d2
/home/ali/projects/RoboLab/output/v1_cosmos_vague_pre_thermal_guard/RubiksCubeLeftOfBowlMatchedTask/predicted_chunks/episode_007/chunk_008/action.npy,1152,247a193b9396d4b76b767d6b101be8b2cb5554d871abfb92ef6097d8aa8cc3ff
/home/ali/projects/RoboLab/output/v1_cosmos_vague_pre_thermal_guard/RubiksCubeLeftOfBowlMatchedTask/predicted_chunks/episode_007/chunk_008/conditioning.png,514526,d036e3fdbb75025e42ce8a8e221851319be997bc5f4d0177ccd8fb5fe2a2530e
/home/ali/projects/RoboLab/output/v1_cosmos_vague_pre_thermal_guard/RubiksCubeLeftOfBowlMatchedTask/predicted_chunks/episode_007/chunk_008/future.mp4,438586,a18dee217fae9938af80e1f402342a3c0a2655e5a4e7c0ac84207ca69fef1797
/home/ali/projects/RoboLab/output/v1_cosmos_vague_pre_thermal_guard/RubiksCubeLeftOfBowlMatchedTask/predicted_chunks/episode_007/chunk_008/metadata.json,844,f49efb23d00c25c676fb3e62257131348d41bf89300f60e7995d1a0b08d9c1cf
/home/ali/projects/RoboLab/output/v1_cosmos_vague_pre_thermal_guard/RubiksCubeLeftOfBowlMatchedTask/predicted_chunks/episode_007/chunk_009/action.npy,1152,c0261c52142d1369ace7bb6db8cf8ac914c216f57ca5090adfd069bf04c1b3aa
/home/ali/projects/RoboLab/output/v1_cosmos_vague_pre_thermal_guard/RubiksCubeLeftOfBowlMatchedTask/predicted_chunks/episode_007/chunk_009/conditioning.png,544960,286e133a0d0d0c222101bd5499254d59a29f2d9960a32bed3d05060b57cd4731
/home/ali/projects/RoboLab/output/v1_cosmos_vague_pre_thermal_guard/RubiksCubeLeftOfBowlMatchedTask/predicted_chunks/episode_007/chunk_009/future.mp4,373533,6b3426211d1e11e9c04b438e5f287ca56f81f9922f2b1a20cee40a79b2d96feb
/home/ali/projects/RoboLab/output/v1_cosmos_vague_pre_thermal_guard/RubiksCubeLeftOfBowlMatchedTask/predicted_chunks/episode_007/chunk_009/metadata.json,850,432398b1865c98b5eda7e0b0cd04ebc5b3cbfabc576c610e067e8b299658670a
/home/ali/projects/RoboLab/output/v1_cosmos_vague_pre_thermal_guard/RubiksCubeLeftOfBowlMatchedTask/predicted_chunks/episode_007/chunk_010/action.npy,1152,09437d86bd536a56851948931aad3afb8d73eca323f732e68b1800217755d680
/home/ali/projects/RoboLab/output/v1_cosmos_vague_pre_thermal_guard/RubiksCubeLeftOfBowlMatchedTask/predicted_chunks/episode_007/chunk_010/conditioning.png,530889,27499168eaf697e9a43d1745d466c23b8825102756406915f03b0d95761ed643
/home/ali/projects/RoboLab/output/v1_cosmos_vague_pre_thermal_guard/RubiksCubeLeftOfBowlMatchedTask/predicted_chunks/episode_007/chunk_010/future.mp4,477771,549f592909c3c5ab530f36cf8368d5515674671dd6e64ebcc3df83cf1852b23a
/home/ali/projects/RoboLab/output/v1_cosmos_vague_pre_thermal_guard/RubiksCubeLeftOfBowlMatchedTask/predicted_chunks/episode_007/chunk_010/metadata.json,851,c8116149f211947f4366cf7c5bf40e7033184ead4b8f5c67025e7537c572f7fc
/home/ali/projects/RoboLab/output/v1_cosmos_vague_pre_thermal_guard/RubiksCubeLeftOfBowlMatchedTask/predicted_chunks/episode_007/chunk_011/action.npy,1152,51780d67c9f1bdd7caade2c7c14e41b551857321f1383ab2a311f423a66ff440
/home/ali/projects/RoboLab/output/v1_cosmos_vague_pre_thermal_guard/RubiksCubeLeftOfBowlMatchedTask/predicted_chunks/episode_007/chunk_011/conditioning.png,547466,dd4c048a751a806c7a8562c495daa2c692406d21be44f1f575e7a95b526d327c
/home/ali/projects/RoboLab/output/v1_cosmos_vague_pre_thermal_guard/RubiksCubeLeftOfBowlMatchedTask/predicted_chunks/episode_007/chunk_011/future.mp4,372068,4b3318ceb75bee098e378b1225599b7b53cad4c7ecada2e93f290747e6c51147
/home/ali/projects/RoboLab/output/v1_cosmos_vague_pre_thermal_guard/RubiksCubeLeftOfBowlMatchedTask/predicted_chunks/episode_007/chunk_011/metadata.json,855,58d0baa19799c6f5b97e11c6c003b1b93b2e7a9d84501d78507fb3cbaef1ea92
/home/ali/projects/RoboLab/output/v1_cosmos_vague_pre_thermal_guard/RubiksCubeLeftOfBowlMatchedTask/predicted_chunks/episode_007/chunk_012/action.npy,1152,109baa33553afbdec3a23dfbfbd49fe8b5e6e44511397adc58a8d8708024a288
/home/ali/projects/RoboLab/output/v1_cosmos_vague_pre_thermal_guard/RubiksCubeLeftOfBowlMatchedTask/predicted_chunks/episode_007/chunk_012/conditioning.png,534174,56cdd25a53f40eaafe4c57ba13938e12889a432e4f7ac6a99b7653906b458b72
/home/ali/projects/RoboLab/output/v1_cosmos_vague_pre_thermal_guard/RubiksCubeLeftOfBowlMatchedTask/predicted_chunks/episode_007/chunk_012/future.mp4,415146,1a15f3f7c9736de8d9b8fe6adf998c3be1e6a04252cb19c3204cbe3dba66a75b
/home/ali/projects/RoboLab/output/v1_cosmos_vague_pre_thermal_guard/RubiksCubeLeftOfBowlMatchedTask/predicted_chunks/episode_007/chunk_012/metadata.json,851,4c485b3451d030a5f1d7570c79f939439d17747bb4b8cb85011459d7e2ba5193
/home/ali/projects/RoboLab/output/v1_cosmos_vague_pre_thermal_guard/RubiksCubeLeftOfBowlMatchedTask/predicted_chunks/episode_007/chunk_013/action.npy,1152,befebb8fa29ea9ca2916663fe13d98040386b3b98ffebac91f4c97727778c2b4
/home/ali/projects/RoboLab/output/v1_cosmos_vague_pre_thermal_guard/RubiksCubeLeftOfBowlMatchedTask/predicted_chunks/episode_007/chunk_013/conditioning.png,542248,0b3a725cd42769dcf8097ce2787dc96f7aec489d03abd44129935a6c7e1f3bd6
/home/ali/projects/RoboLab/output/v1_cosmos_vague_pre_thermal_guard/RubiksCubeLeftOfBowlMatchedTask/predicted_chunks/episode_007/chunk_013/future.mp4,355442,aa914cc40bd76519a8e17d656cdc87d21055ae67cb66add3f11ccd76bf6103a1
/home/ali/projects/RoboLab/output/v1_cosmos_vague_pre_thermal_guard/RubiksCubeLeftOfBowlMatchedTask/predicted_chunks/episode_007/chunk_013/metadata.json,850,77007a9a81a02b1be8b793072a58c973d08a655cff2340e9415667c9cdad0b29
/home/ali/projects/RoboLab/output/v1_cosmos_vague_pre_thermal_guard/RubiksCubeLeftOfBowlMatchedTask/predicted_chunks/episode_007/chunk_014/action.npy,1152,839f4ac018c18e64bcb961b5a6be5259140b2a27ad86a234a06f6dd8d9b9c62f
/home/ali/projects/RoboLab/output/v1_cosmos_vague_pre_thermal_guard/RubiksCubeLeftOfBowlMatchedTask/predicted_chunks/episode_007/chunk_014/conditioning.png,541425,e95cd018cc15b2120054121e34e727a00c7919563194b8cba316c1b402ff7b3d
/home/ali/projects/RoboLab/output/v1_cosmos_vague_pre_thermal_guard/RubiksCubeLeftOfBowlMatchedTask/predicted_chunks/episode_007/chunk_014/future.mp4,364937,95acc5305bd514d446bcd97beced8a43d5b8813e496e7c211512ce16bc810b03
/home/ali/projects/RoboLab/output/v1_cosmos_vague_pre_thermal_guard/RubiksCubeLeftOfBowlMatchedTask/predicted_chunks/episode_007/chunk_014/metadata.json,835,a12586f0659fedb0efbbaff296e2819bea3337384c0cb3ea93748be7f5195dc5
/home/ali/projects/RoboLab/output/v1_cosmos_vague_pre_thermal_guard/RubiksCubeLeftOfBowlMatchedTask/predicted_chunks/episode_008/chunk_000/action.npy,1152,41aafdfa56076f3617a7847bb3b0d3f9ef88ef82887e63d9e30c75541925bf96
/home/ali/projects/RoboLab/output/v1_cosmos_vague_pre_thermal_guard/RubiksCubeLeftOfBowlMatchedTask/predicted_chunks/episode_008/chunk_000/conditioning.png,569007,0c3b95f4e9d54286ee6858eaac0330cd883bfbfaa4c585ac4c40576d48a18847
/home/ali/projects/RoboLab/output/v1_cosmos_vague_pre_thermal_guard/RubiksCubeLeftOfBowlMatchedTask/predicted_chunks/episode_008/chunk_000/future.mp4,499669,449eb5e0b2af92d3a4d8a7f80f99edd877f2c8014dc2df46e70a6b828c40d5b0
/home/ali/projects/RoboLab/output/v1_cosmos_vague_pre_thermal_guard/RubiksCubeLeftOfBowlMatchedTask/predicted_chunks/episode_008/chunk_000/metadata.json,766,70b9e6efd47ef10681a2a7b0bf79788237e9115e7329651d3607082b302e747c
/home/ali/projects/RoboLab/output/v1_cosmos_vague_pre_thermal_guard/RubiksCubeLeftOfBowlMatchedTask/predicted_chunks/episode_008/chunk_001/action.npy,1152,b68cf3d8ada317fa3a9410a791eed4105e745bd6ed42f21a46b4b38846ee3f8e
/home/ali/projects/RoboLab/output/v1_cosmos_vague_pre_thermal_guard/RubiksCubeLeftOfBowlMatchedTask/predicted_chunks/episode_008/chunk_001/conditioning.png,546923,8dbe5975c1d549542b106315dc2c0658bdcab3695f769501e1e764d4571f2511
/home/ali/projects/RoboLab/output/v1_cosmos_vague_pre_thermal_guard/RubiksCubeLeftOfBowlMatchedTask/predicted_chunks/episode_008/chunk_001/future.mp4,424155,821d3cfda498c494748704927861c5f5eb84174b1bf7a68a168a0a5cc9d187a9
/home/ali/projects/RoboLab/output/v1_cosmos_vague_pre_thermal_guard/RubiksCubeLeftOfBowlMatchedTask/predicted_chunks/episode_008/chunk_001/metadata.json,847,d002ee09d85fcaf43fcbe1097dff3f289f7940d56105df9e4e532683a0247fb4
/home/ali/projects/RoboLab/output/v1_cosmos_vague_pre_thermal_guard/RubiksCubeLeftOfBowlMatchedTask/predicted_chunks/episode_008/chunk_002/action.npy,1152,d44dd8552e5e4eb3d40f28a59a041c5aac3f1e31b0df5d7be38e52d857121d6b
/home/ali/projects/RoboLab/output/v1_cosmos_vague_pre_thermal_guard/RubiksCubeLeftOfBowlMatchedTask/predicted_chunks/episode_008/chunk_002/conditioning.png,539559,0d00bc5a5d666f3c56ac99700c3585a08f45e960ab19d5e75b5b8211968bd347
/home/ali/projects/RoboLab/output/v1_cosmos_vague_pre_thermal_guard/RubiksCubeLeftOfBowlMatchedTask/predicted_chunks/episode_008/chunk_002/future.mp4,387161,e874419b4b98f981102404e6d146a78abcb9156b13b32d7f022827cbd95a10c8
/home/ali/projects/RoboLab/output/v1_cosmos_vague_pre_thermal_guard/RubiksCubeLeftOfBowlMatchedTask/predicted_chunks/episode_008/chunk_002/metadata.json,847,07c3f818922caec2c47aceb23631325a8ef1cf91769f8b4283d07131bb08f03e
/home/ali/projects/RoboLab/output/v1_cosmos_vague_pre_thermal_guard/RubiksCubeLeftOfBowlMatchedTask/predicted_chunks/episode_008/chunk_003/action.npy,1152,084d9bc3446437d80ad3fbea2f93a189da9ac3bb00f5367fe179c94af256707a
/home/ali/projects/RoboLab/output/v1_cosmos_vague_pre_thermal_guard/RubiksCubeLeftOfBowlMatchedTask/predicted_chunks/episode_008/chunk_003/conditioning.png,517990,6b0df93742eb80c53aba73d47a6da68919cae721c3456784748e6e065a34f883
/home/ali/projects/RoboLab/output/v1_cosmos_vague_pre_thermal_guard/RubiksCubeLeftOfBowlMatchedTask/predicted_chunks/episode_008/chunk_003/future.mp4,387367,2a8c85b3511fedb1db603d0884d829e49505757c7eea30d9d5b0ae93cd0a3b88
/home/ali/projects/RoboLab/output/v1_cosmos_vague_pre_thermal_guard/RubiksCubeLeftOfBowlMatchedTask/predicted_chunks/episode_008/chunk_003/metadata.json,846,c59fb1f72990b062b3d4e3f101f849195e62b90b7279aa2d22fd552e3c5701a9
/home/ali/projects/RoboLab/output/v1_cosmos_vague_pre_thermal_guard/RubiksCubeLeftOfBowlMatchedTask/predicted_chunks/episode_008/chunk_004/action.npy,1152,c4d441d5d4c55d3e73cfb7a9d2242c4e98d65305fb5c306ec5c9775316fa7751
/home/ali/projects/RoboLab/output/v1_cosmos_vague_pre_thermal_guard/RubiksCubeLeftOfBowlMatchedTask/predicted_chunks/episode_008/chunk_004/conditioning.png,528354,b3be0aca90f009b75219b259e9276b9453726bbec65defe29a1e2bcf97c30c3d
/home/ali/projects/RoboLab/output/v1_cosmos_vague_pre_thermal_guard/RubiksCubeLeftOfBowlMatchedTask/predicted_chunks/episode_008/chunk_004/future.mp4,385307,ea26381aef6b83050692b40552db1f228605f0f4bd560f2192189ec279a7a5fa
/home/ali/projects/RoboLab/output/v1_cosmos_vague_pre_thermal_guard/RubiksCubeLeftOfBowlMatchedTask/predicted_chunks/episode_008/chunk_004/metadata.json,852,90cb0efa97f021518c29f555007b031f4f2ef9b9154dfac821480f350cb6a21d
/home/ali/projects/RoboLab/output/v1_cosmos_vague_pre_thermal_guard/RubiksCubeLeftOfBowlMatchedTask/predicted_chunks/episode_008/chunk_005/action.npy,1152,6b556e492e5370ed79049a469f8ee0ee0ed8a51fb16b210902db9f009e5d56ec
/home/ali/projects/RoboLab/output/v1_cosmos_vague_pre_thermal_guard/RubiksCubeLeftOfBowlMatchedTask/predicted_chunks/episode_008/chunk_005/conditioning.png,535815,cb681af0ae5dd3d939ba47ffcd9a7152c06c361d52e5e4b2e792c1efd8a54f3d
/home/ali/projects/RoboLab/output/v1_cosmos_vague_pre_thermal_guard/RubiksCubeLeftOfBowlMatchedTask/predicted_chunks/episode_008/chunk_005/future.mp4,400494,4fd2773b4f995611dc8724da1718ed1441aa21f8fc10b4f72f6acc682b9c1adc
/home/ali/projects/RoboLab/output/v1_cosmos_vague_pre_thermal_guard/RubiksCubeLeftOfBowlMatchedTask/predicted_chunks/episode_008/chunk_005/metadata.json,850,5237db7981c569d332cf0aa639710c22bcf7ee54db27711a930ab85b0163df91
/home/ali/projects/RoboLab/output/v1_cosmos_vague_pre_thermal_guard/RubiksCubeLeftOfBowlMatchedTask/predicted_chunks/episode_008/chunk_006/action.npy,1152,f7b5214ad2389d25a08703ac4505840a2abe023d36f072caf9fe5d69e2f57482
/home/ali/projects/RoboLab/output/v1_cosmos_vague_pre_thermal_guard/RubiksCubeLeftOfBowlMatchedTask/predicted_chunks/episode_008/chunk_006/conditioning.png,561865,08a9d17af3c69ffbfbcae298055a299e33906da3695044d3e6c196fa148c0319
/home/ali/projects/RoboLab/output/v1_cosmos_vague_pre_thermal_guard/RubiksCubeLeftOfBowlMatchedTask/predicted_chunks/episode_008/chunk_006/future.mp4,416641,39b6de7452f61a2b3bf2c1247b70f094a7c72bab4afc4971132d4b88afcbd9e5
/home/ali/projects/RoboLab/output/v1_cosmos_vague_pre_thermal_guard/RubiksCubeLeftOfBowlMatchedTask/predicted_chunks/episode_008/chunk_006/metadata.json,834,be16c69278d0d467e1c85192e49895370b1818560930d9cfba6503f36cf7ada3
/home/ali/projects/RoboLab/output/v1_cosmos_vague_pre_thermal_guard/RubiksCubeLeftOfBowlMatchedTask/predicted_chunks/episode_008/chunk_007/action.npy,1152,f61f476053edae40e03754929794492d25b5fcb4b29b98d370767fd52a18415a
/home/ali/projects/RoboLab/output/v1_cosmos_vague_pre_thermal_guard/RubiksCubeLeftOfBowlMatchedTask/predicted_chunks/episode_008/chunk_007/conditioning.png,548189,edb382d81a440608c133dcbe358ed81496ba364675c092d032bb9122af1e29ab
/home/ali/projects/RoboLab/output/v1_cosmos_vague_pre_thermal_guard/RubiksCubeLeftOfBowlMatchedTask/predicted_chunks/episode_008/chunk_007/future.mp4,439514,85425f021fda02d70bd521fd055a6d11214f952a468c00bf70d12613a472ed09
/home/ali/projects/RoboLab/output/v1_cosmos_vague_pre_thermal_guard/RubiksCubeLeftOfBowlMatchedTask/predicted_chunks/episode_008/chunk_007/metadata.json,851,300a752858a105a06ee7d0f5d4ce70732beef411b3e180183e54d39049bc0f2c
/home/ali/projects/RoboLab/output/v1_cosmos_vague_pre_thermal_guard/RubiksCubeLeftOfBowlMatchedTask/predicted_chunks/episode_008/chunk_008/action.npy,1152,3c1683ea3313afa200a0cb09a36cc91cdc3565855d89689dda4b181dc59be9ee
/home/ali/projects/RoboLab/output/v1_cosmos_vague_pre_thermal_guard/RubiksCubeLeftOfBowlMatchedTask/predicted_chunks/episode_008/chunk_008/conditioning.png,552435,f2ee50b5fe3b46a074293b323d80a4b14dc330f57e096ccc7e3c471001a4e962
/home/ali/projects/RoboLab/output/v1_cosmos_vague_pre_thermal_guard/RubiksCubeLeftOfBowlMatchedTask/predicted_chunks/episode_008/chunk_008/future.mp4,429789,7c005a8eb049ffac128faa74e82e6165406365ac1cc3fda4ed01309ea5273de6
/home/ali/projects/RoboLab/output/v1_cosmos_vague_pre_thermal_guard/RubiksCubeLeftOfBowlMatchedTask/predicted_chunks/episode_008/chunk_008/metadata.json,849,1bf1a4d00ceca4bec29cbf654bd526956cc3e8d024f014102c7fa3c9523785e1
/home/ali/projects/RoboLab/output/v1_cosmos_vague_pre_thermal_guard/RubiksCubeLeftOfBowlMatchedTask/predicted_chunks/episode_008/chunk_009/action.npy,1152,807a9a15568a8f8e8b9f30b39c4bd8fea3e336d90abcaf2c81f51406a5cd8304
/home/ali/projects/RoboLab/output/v1_cosmos_vague_pre_thermal_guard/RubiksCubeLeftOfBowlMatchedTask/predicted_chunks/episode_008/chunk_009/conditioning.png,555848,02baf258ac75a488bf63f06633ba651f2c7378c11e93ffb472452866d79b288d
/home/ali/projects/RoboLab/output/v1_cosmos_vague_pre_thermal_guard/RubiksCubeLeftOfBowlMatchedTask/predicted_chunks/episode_008/chunk_009/future.mp4,347180,ab828377382ec1a32a760054cf943936ae6e81f4fb9554c700d907a88760e7d3
/home/ali/projects/RoboLab/output/v1_cosmos_vague_pre_thermal_guard/RubiksCubeLeftOfBowlMatchedTask/predicted_chunks/episode_008/chunk_009/metadata.json,853,79753b13199653902fcc0d3736561e4b5d26194cc60fdc70e0ad9ad402621b1d
/home/ali/projects/RoboLab/output/v1_cosmos_vague_pre_thermal_guard/RubiksCubeLeftOfBowlMatchedTask/predicted_chunks/episode_008/chunk_010/action.npy,1152,db39fc26e868896aa81b78ff272cffac5f0582713878ddc85afc77659361f606
/home/ali/projects/RoboLab/output/v1_cosmos_vague_pre_thermal_guard/RubiksCubeLeftOfBowlMatchedTask/predicted_chunks/episode_008/chunk_010/conditioning.png,544839,211f0220d6f974e00e3c39b243c7be743f9ca5a3b8439aea50d22f8e82a53d0a
/home/ali/projects/RoboLab/output/v1_cosmos_vague_pre_thermal_guard/RubiksCubeLeftOfBowlMatchedTask/predicted_chunks/episode_008/chunk_010/future.mp4,469643,8f277386defa0d074d4b0d9e0f47b6296b00cb13f170aaf85cd69788adfebf12
/home/ali/projects/RoboLab/output/v1_cosmos_vague_pre_thermal_guard/RubiksCubeLeftOfBowlMatchedTask/predicted_chunks/episode_008/chunk_010/metadata.json,856,c8073c62c9700abf0e18cc818936b0e68d8a1175fbdf0da936e8279f2eb5b123
/home/ali/projects/RoboLab/output/v1_cosmos_vague_pre_thermal_guard/RubiksCubeLeftOfBowlMatchedTask/predicted_chunks/episode_008/chunk_011/action.npy,1152,80db3f1d3eac8cd664eee212f766f9dcc9291bfe4c0c595c829209f6aabe8679
/home/ali/projects/RoboLab/output/v1_cosmos_vague_pre_thermal_guard/RubiksCubeLeftOfBowlMatchedTask/predicted_chunks/episode_008/chunk_011/conditioning.png,524985,60cc65ac2cebf9adc0e5e0226c71e58ece86a34b04f208f851b75756b201eed2
/home/ali/projects/RoboLab/output/v1_cosmos_vague_pre_thermal_guard/RubiksCubeLeftOfBowlMatchedTask/predicted_chunks/episode_008/chunk_011/future.mp4,506448,ca907a465ac91050aafd967cff7af7e903f5f2a271cb36a7afbf01213e696d20
/home/ali/projects/RoboLab/output/v1_cosmos_vague_pre_thermal_guard/RubiksCubeLeftOfBowlMatchedTask/predicted_chunks/episode_008/chunk_011/metadata.json,836,b0d0972adcc3e22530d9ec70de1cfe0a76e4972d0fd127332ef930aa4dd71564
/home/ali/projects/RoboLab/output/v1_cosmos_vague_pre_thermal_guard/RubiksCubeLeftOfBowlMatchedTask/predicted_chunks/episode_008/chunk_012/action.npy,1152,cede64da167e281bc0d4d4d68d689a33bf33669a6be33692689c6711318e17b4
/home/ali/projects/RoboLab/output/v1_cosmos_vague_pre_thermal_guard/RubiksCubeLeftOfBowlMatchedTask/predicted_chunks/episode_008/chunk_012/conditioning.png,574761,199519ff7906df9100b68f7bbf00bc6b812159b47cf06581306b11fb2d001bc8
/home/ali/projects/RoboLab/output/v1_cosmos_vague_pre_thermal_guard/RubiksCubeLeftOfBowlMatchedTask/predicted_chunks/episode_008/chunk_012/future.mp4,565733,40343f2ee9f68590a4bca9677ad1589cce0a3d3e3463ff72c086a9d588bfd4d6
/home/ali/projects/RoboLab/output/v1_cosmos_vague_pre_thermal_guard/RubiksCubeLeftOfBowlMatchedTask/predicted_chunks/episode_008/chunk_012/metadata.json,839,a6b3ada80da19c43b3ae2478d53f77a0a7f7869979ff20d7cc0cf2c4eacfe9de
/home/ali/projects/RoboLab/output/v1_cosmos_vague_pre_thermal_guard/RubiksCubeLeftOfBowlMatchedTask/predicted_chunks/episode_008/chunk_013/action.npy,1152,7369b7c31e1b0f6e28daf0af8aed8143f42772b4257e1afec4ad21e9eb2c0872
/home/ali/projects/RoboLab/output/v1_cosmos_vague_pre_thermal_guard/RubiksCubeLeftOfBowlMatchedTask/predicted_chunks/episode_008/chunk_013/conditioning.png,558870,bed20408c60a94b78c1755d25900d5e49f5a3f5e339801ccbd66128b2d14a736
/home/ali/projects/RoboLab/output/v1_cosmos_vague_pre_thermal_guard/RubiksCubeLeftOfBowlMatchedTask/predicted_chunks/episode_008/chunk_013/future.mp4,433008,8086102904a5c7e6c226ca70383c87903e34f5a64824eb4d5db71050ff58f64e
/home/ali/projects/RoboLab/output/v1_cosmos_vague_pre_thermal_guard/RubiksCubeLeftOfBowlMatchedTask/predicted_chunks/episode_008/chunk_013/metadata.json,856,a4781e666ad60bc7d31bc8f4cb030ce8efaedbdebdbeb5a896e9f1c7706d1e75
/home/ali/projects/RoboLab/output/v1_cosmos_vague_pre_thermal_guard/RubiksCubeLeftOfBowlMatchedTask/predicted_chunks/episode_008/chunk_014/action.npy,1152,86d2c65d5080f8bc0e11bc8093284111040573c07fac9a76d3729f3dded6f0d6
/home/ali/projects/RoboLab/output/v1_cosmos_vague_pre_thermal_guard/RubiksCubeLeftOfBowlMatchedTask/predicted_chunks/episode_008/chunk_014/conditioning.png,566293,9c4d9ab8a711b7eb0452e32dbd0b938d27a9988166428e18fbb93300c930845f
/home/ali/projects/RoboLab/output/v1_cosmos_vague_pre_thermal_guard/RubiksCubeLeftOfBowlMatchedTask/predicted_chunks/episode_008/chunk_014/future.mp4,362786,8317b8f774f649820bf11bc717b7a0d47d02658c0d0fb5b3deb9127088071023
/home/ali/projects/RoboLab/output/v1_cosmos_vague_pre_thermal_guard/RubiksCubeLeftOfBowlMatchedTask/predicted_chunks/episode_008/chunk_014/metadata.json,848,d3765d05c7c677b33c2e41ffdf4bb5f2eb08044fdb337af8a492ee351f7b95b4
/home/ali/projects/RoboLab/output/v1_cosmos_vague_pre_thermal_guard/RubiksCubeLeftOfBowlMatchedTask/predicted_chunks/episode_009/chunk_000/action.npy,1152,0b54c9ebb1f4724a4d6728014c69014771e02bdb764583d7fa326264677342cd
/home/ali/projects/RoboLab/output/v1_cosmos_vague_pre_thermal_guard/RubiksCubeLeftOfBowlMatchedTask/predicted_chunks/episode_009/chunk_000/conditioning.png,584740,ce7ea34598b57d3336d35400db51b4f67a3a6adbdf02fb89e9e8e26dabd00965
/home/ali/projects/RoboLab/output/v1_cosmos_vague_pre_thermal_guard/RubiksCubeLeftOfBowlMatchedTask/predicted_chunks/episode_009/chunk_000/future.mp4,489429,68e90eac82458cd772bdba27f23ef84961819abe5c88a0d009cf761544acfe21
/home/ali/projects/RoboLab/output/v1_cosmos_vague_pre_thermal_guard/RubiksCubeLeftOfBowlMatchedTask/predicted_chunks/episode_009/chunk_000/metadata.json,766,6d35c7a6349d72f1813976277321ae11e8068010a0f375d2600608b54c010ba5
/home/ali/projects/RoboLab/output/v1_cosmos_vague_pre_thermal_guard/RubiksCubeLeftOfBowlMatchedTask/predicted_chunks/episode_009/chunk_001/action.npy,1152,99e4bccc363bc640c426b117fc47c55ae0e5c58949392c38a8a0fffe399ce9c0
/home/ali/projects/RoboLab/output/v1_cosmos_vague_pre_thermal_guard/RubiksCubeLeftOfBowlMatchedTask/predicted_chunks/episode_009/chunk_001/conditioning.png,559566,24ec45d6d3d862fd1527a579d61c0a98fdf04b4821f38a6513eb16ecdebe83f3
/home/ali/projects/RoboLab/output/v1_cosmos_vague_pre_thermal_guard/RubiksCubeLeftOfBowlMatchedTask/predicted_chunks/episode_009/chunk_001/future.mp4,407738,c5963aa9ccdd248731d2c443906d4ed9ab43be0a880ade8bcc497921f40fe369
/home/ali/projects/RoboLab/output/v1_cosmos_vague_pre_thermal_guard/RubiksCubeLeftOfBowlMatchedTask/predicted_chunks/episode_009/chunk_001/metadata.json,853,fe3a7750739247f9698d0c922eb408c59cacf0b510a6b7fbed6be83945664553
/home/ali/projects/RoboLab/output/v1_cosmos_vague_pre_thermal_guard/RubiksCubeLeftOfBowlMatchedTask/predicted_chunks/episode_009/chunk_002/action.npy,1152,f3f7e7a7d326d1f68a44f29aea6afb8134723592b334e806b6d7653dbf4831d2
/home/ali/projects/RoboLab/output/v1_cosmos_vague_pre_thermal_guard/RubiksCubeLeftOfBowlMatchedTask/predicted_chunks/episode_009/chunk_002/conditioning.png,547744,122bca42d09ef64c4d1b4e7494e1c5b215cd3189a74300aa294e11ccc42284c0
/home/ali/projects/RoboLab/output/v1_cosmos_vague_pre_thermal_guard/RubiksCubeLeftOfBowlMatchedTask/predicted_chunks/episode_009/chunk_002/future.mp4,425771,e0375f66b53517b3ac805a5cda2fa5f7a890bfd72579b852865e152ee0230158
/home/ali/projects/RoboLab/output/v1_cosmos_vague_pre_thermal_guard/RubiksCubeLeftOfBowlMatchedTask/predicted_chunks/episode_009/chunk_002/metadata.json,848,d0a1b32250c786496ebc6e1fe417dcba0854e9371ac0868a33a6bd1642a3562e
/home/ali/projects/RoboLab/output/v1_cosmos_vague_pre_thermal_guard/RubiksCubeLeftOfBowlMatchedTask/predicted_chunks/episode_009/chunk_003/action.npy,1152,1fe3a9fb40be4eb99a50bac7bbe07438b9e8163f3f56870b98fd88aff733c53a
/home/ali/projects/RoboLab/output/v1_cosmos_vague_pre_thermal_guard/RubiksCubeLeftOfBowlMatchedTask/predicted_chunks/episode_009/chunk_003/conditioning.png,549662,44c553f7f66694f3a1d86de04c3f6468eaa76a65591b5ee4de49359101cf1a67
/home/ali/projects/RoboLab/output/v1_cosmos_vague_pre_thermal_guard/RubiksCubeLeftOfBowlMatchedTask/predicted_chunks/episode_009/chunk_003/future.mp4,385655,41e97bc532ae29d02b013e6c4a256d6b5d048c3ee5bf3617594f3a8c69026d5b
/home/ali/projects/RoboLab/output/v1_cosmos_vague_pre_thermal_guard/RubiksCubeLeftOfBowlMatchedTask/predicted_chunks/episode_009/chunk_003/metadata.json,845,c6590c460c27199e9bf54c5ea4b12f0d2825bf591e621b929e3f7f0a99aac2fb
/home/ali/projects/RoboLab/output/v1_cosmos_vague_pre_thermal_guard/RubiksCubeLeftOfBowlMatchedTask/predicted_chunks/episode_009/chunk_004/action.npy,1152,bddb30466bb10ff2336f0a829bf1fdd57f52a3430bda74edc79950b1ce51a9be
/home/ali/projects/RoboLab/output/v1_cosmos_vague_pre_thermal_guard/RubiksCubeLeftOfBowlMatchedTask/predicted_chunks/episode_009/chunk_004/conditioning.png,532879,a8fcc06d388a69606790ef08399b40b0b3304e4a7654e7fae76b8ed4c26362a5
/home/ali/projects/RoboLab/output/v1_cosmos_vague_pre_thermal_guard/RubiksCubeLeftOfBowlMatchedTask/predicted_chunks/episode_009/chunk_004/future.mp4,352134,ae636132bbb4179f1d4b3899c893c7a08b534c0c0b151e2bc3a801e97e071417
/home/ali/projects/RoboLab/output/v1_cosmos_vague_pre_thermal_guard/RubiksCubeLeftOfBowlMatchedTask/predicted_chunks/episode_009/chunk_004/metadata.json,849,c71ab45bdf429a586dc747b5249950052635fed47300095ebecf009acbf53a24
/home/ali/projects/RoboLab/output/v1_cosmos_vague_pre_thermal_guard/RubiksCubeLeftOfBowlMatchedTask/predicted_chunks/episode_009/chunk_005/action.npy,1152,91ddcb4eea14b1a6910e94dadcafe6a105034ea076abe2d046616a2da7a1093c
/home/ali/projects/RoboLab/output/v1_cosmos_vague_pre_thermal_guard/RubiksCubeLeftOfBowlMatchedTask/predicted_chunks/episode_009/chunk_005/conditioning.png,511677,005d43b8dd0b2647f21c58ce9ec398a27ad3f79716e4f6948f448f98bd181ae6
/home/ali/projects/RoboLab/output/v1_cosmos_vague_pre_thermal_guard/RubiksCubeLeftOfBowlMatchedTask/predicted_chunks/episode_009/chunk_005/future.mp4,337151,c025e785e17b7c062558e50f9f3d87194baff21c242cff1ebe20c778c5b955c7
/home/ali/projects/RoboLab/output/v1_cosmos_vague_pre_thermal_guard/RubiksCubeLeftOfBowlMatchedTask/predicted_chunks/episode_009/chunk_005/metadata.json,846,01bc92ce2753af48a83a9c20d080efda18421581c6a96e8587fe7c04ce126534
/home/ali/projects/RoboLab/output/v1_cosmos_vague_pre_thermal_guard/RubiksCubeLeftOfBowlMatchedTask/predicted_chunks/episode_009/chunk_006/action.npy,1152,fe3d2bc3694343eff1d5ac75d9771067bab7903b044c69aaf1e13d367a5ce871
/home/ali/projects/RoboLab/output/v1_cosmos_vague_pre_thermal_guard/RubiksCubeLeftOfBowlMatchedTask/predicted_chunks/episode_009/chunk_006/conditioning.png,527013,ea3532b0591016be51a4c899dfd4b560d35e74fc11e121bcac0147e40166958b
/home/ali/projects/RoboLab/output/v1_cosmos_vague_pre_thermal_guard/RubiksCubeLeftOfBowlMatchedTask/predicted_chunks/episode_009/chunk_006/future.mp4,335489,a15898cc4dc28d4b007b94b705432bff5b4db27f6c0a23f3eb64e3f46411c64a
/home/ali/projects/RoboLab/output/v1_cosmos_vague_pre_thermal_guard/RubiksCubeLeftOfBowlMatchedTask/predicted_chunks/episode_009/chunk_006/metadata.json,851,ac7c1af630aaafffcc5beed9cdc93fee047d254d59968dbac2ff2f31a2e98be8
/home/ali/projects/RoboLab/output/v1_cosmos_vague_pre_thermal_guard/RubiksCubeLeftOfBowlMatchedTask/predicted_chunks/episode_009/chunk_007/action.npy,1152,c89bfc49c71dfdcee9cd7a8a0488616b7023b7955dc6a6f998def783f3fb1cef
/home/ali/projects/RoboLab/output/v1_cosmos_vague_pre_thermal_guard/RubiksCubeLeftOfBowlMatchedTask/predicted_chunks/episode_009/chunk_007/conditioning.png,524937,ee2c4231afc1012dd4e9b9377eeb74559e7a2ee66db19757f1cf5ef7f69d26c1
/home/ali/projects/RoboLab/output/v1_cosmos_vague_pre_thermal_guard/RubiksCubeLeftOfBowlMatchedTask/predicted_chunks/episode_009/chunk_007/future.mp4,330302,169ebcf62bc44b29eaf4effa5a733283e4b0241b156909477850c50eafe91096
/home/ali/projects/RoboLab/output/v1_cosmos_vague_pre_thermal_guard/RubiksCubeLeftOfBowlMatchedTask/predicted_chunks/episode_009/chunk_007/metadata.json,847,d5a604f4128ab25c36448fec4a75e1a0ce661d7b4f8f9c0cdd6e834d6ac5e1fa
/home/ali/projects/RoboLab/output/v1_cosmos_vague_pre_thermal_guard/RubiksCubeLeftOfBowlMatchedTask/predicted_chunks/episode_009/chunk_008/action.npy,1152,170cb797198e68d0b1a850cf4083077027c74451c0c79eb70a65d103d5603100
/home/ali/projects/RoboLab/output/v1_cosmos_vague_pre_thermal_guard/RubiksCubeLeftOfBowlMatchedTask/predicted_chunks/episode_009/chunk_008/conditioning.png,525170,229e5b337c4f615fc873d40f9746dfa2f806001536465264d90f70052db3e298
/home/ali/projects/RoboLab/output/v1_cosmos_vague_pre_thermal_guard/RubiksCubeLeftOfBowlMatchedTask/predicted_chunks/episode_009/chunk_008/future.mp4,376028,e715078ad443787ee62a2ef96e938c895d4a1e6b04fe67e05505492f5b34a9ef
/home/ali/projects/RoboLab/output/v1_cosmos_vague_pre_thermal_guard/RubiksCubeLeftOfBowlMatchedTask/predicted_chunks/episode_009/chunk_008/metadata.json,847,7d2a2d76982c31f204c5312bbd90253993639be19e97d55d99cbdcf048707182
/home/ali/projects/RoboLab/output/v1_cosmos_vague_pre_thermal_guard/RubiksCubeLeftOfBowlMatchedTask/predicted_chunks/episode_009/chunk_009/action.npy,1152,f5b5c92a824d2a945519e176a1313c004f7ac304497c68e11941fd6a1aad4c07
/home/ali/projects/RoboLab/output/v1_cosmos_vague_pre_thermal_guard/RubiksCubeLeftOfBowlMatchedTask/predicted_chunks/episode_009/chunk_009/conditioning.png,520139,a9dfb45adaa820f1ff0c9291d90457c7abc9d0c795a31bb6e9896dcbc590bd93
/home/ali/projects/RoboLab/output/v1_cosmos_vague_pre_thermal_guard/RubiksCubeLeftOfBowlMatchedTask/predicted_chunks/episode_009/chunk_009/future.mp4,305638,4b14957e05d74268a80080c16efc0e875e1fcdc52090183f88e1aa443f0f8c38
/home/ali/projects/RoboLab/output/v1_cosmos_vague_pre_thermal_guard/RubiksCubeLeftOfBowlMatchedTask/predicted_chunks/episode_009/chunk_009/metadata.json,847,ad85ee2b91770eb91c7fc7a0c37f66c737b1a1ff22fcf5c8811c3234a7587180
/home/ali/projects/RoboLab/output/v1_cosmos_vague_pre_thermal_guard/RubiksCubeLeftOfBowlMatchedTask/predicted_chunks/episode_009/chunk_010/action.npy,1152,76bf49c29f9e0082c5aac62c1442153ec046467cc2239101234c2e5431593f1b
/home/ali/projects/RoboLab/output/v1_cosmos_vague_pre_thermal_guard/RubiksCubeLeftOfBowlMatchedTask/predicted_chunks/episode_009/chunk_010/conditioning.png,542579,8cf48f7a1229bf74937ac68dcb9adc3d8156becebdf1834f1736a18f2277a72d
/home/ali/projects/RoboLab/output/v1_cosmos_vague_pre_thermal_guard/RubiksCubeLeftOfBowlMatchedTask/predicted_chunks/episode_009/chunk_010/future.mp4,419828,af43cdd5e4905989c9b49eb22d0eca9114fd9ece353b2c5597c36eda7ccf5ae7
/home/ali/projects/RoboLab/output/v1_cosmos_vague_pre_thermal_guard/RubiksCubeLeftOfBowlMatchedTask/predicted_chunks/episode_009/chunk_010/metadata.json,833,5696faa086df93d9956b3eadddbb6daa7b927a267b40e2ebfa0ea6215d2d6534
/home/ali/projects/RoboLab/output/v1_cosmos_vague_pre_thermal_guard/RubiksCubeLeftOfBowlMatchedTask/predicted_chunks/episode_009/chunk_011/action.npy,1152,4aa6e66133929873a8eb87788096d9a0092b339f378e85cd9680746512591655
/home/ali/projects/RoboLab/output/v1_cosmos_vague_pre_thermal_guard/RubiksCubeLeftOfBowlMatchedTask/predicted_chunks/episode_009/chunk_011/conditioning.png,557594,860408d40437c59dece7bfb8c135e5d4dfa0aa4eb9640f3e59a64b9c2ec50a98
/home/ali/projects/RoboLab/output/v1_cosmos_vague_pre_thermal_guard/RubiksCubeLeftOfBowlMatchedTask/predicted_chunks/episode_009/chunk_011/future.mp4,328637,b6be2fdba025cd142b73070aac0df02517157211456171fee8e793bacd7ebbba
/home/ali/projects/RoboLab/output/v1_cosmos_vague_pre_thermal_guard/RubiksCubeLeftOfBowlMatchedTask/predicted_chunks/episode_009/chunk_011/metadata.json,850,f4024e3242399b7bd7857c8350c37d87489f917bdf273da0f0ee850d2cc9fd6a
/home/ali/projects/RoboLab/output/v1_cosmos_vague_pre_thermal_guard/RubiksCubeLeftOfBowlMatchedTask/predicted_chunks/episode_009/chunk_012/action.npy,1152,1c926c803c7690981eeb92d3ae2b929b790ac25dbf3730a4c011e07a9149f16e
/home/ali/projects/RoboLab/output/v1_cosmos_vague_pre_thermal_guard/RubiksCubeLeftOfBowlMatchedTask/predicted_chunks/episode_009/chunk_012/conditioning.png,556732,4bddb7d0ac085bf3dab974ff4fd94dbfbe263fbfcc57a2031c3b17da69ce60b5
/home/ali/projects/RoboLab/output/v1_cosmos_vague_pre_thermal_guard/RubiksCubeLeftOfBowlMatchedTask/predicted_chunks/episode_009/chunk_012/future.mp4,442672,8ae2ece0ac8486c9dd496f7c10792b9311a18a66cb79c71ed75299d023351d77
/home/ali/projects/RoboLab/output/v1_cosmos_vague_pre_thermal_guard/RubiksCubeLeftOfBowlMatchedTask/predicted_chunks/episode_009/chunk_012/metadata.json,832,dc7774974c9e4005a79b44931cda303146c8370a97953d8cd59b987f1947375a
/home/ali/projects/RoboLab/output/v1_cosmos_vague_pre_thermal_guard/RubiksCubeLeftOfBowlMatchedTask/predicted_chunks/episode_009/chunk_013/action.npy,1152,48cfae4e38228ed50ea1c37c0ab41a14530bf880fcae48fff974b36555308ed5
/home/ali/projects/RoboLab/output/v1_cosmos_vague_pre_thermal_guard/RubiksCubeLeftOfBowlMatchedTask/predicted_chunks/episode_009/chunk_013/conditioning.png,533939,66c6b063fe5a27483caff810e2a459d63356920663dd173523227f4b84ae3f01
/home/ali/projects/RoboLab/output/v1_cosmos_vague_pre_thermal_guard/RubiksCubeLeftOfBowlMatchedTask/predicted_chunks/episode_009/chunk_013/future.mp4,359901,88e063133625a63bc53e1f259a87e6774d71614cc4377fb6267488efcc15aaff
/home/ali/projects/RoboLab/output/v1_cosmos_vague_pre_thermal_guard/RubiksCubeLeftOfBowlMatchedTask/predicted_chunks/episode_009/chunk_013/metadata.json,852,b4de58f1d9550a1164a757ba5951fcb30f85b7c7de8633f6910073ef3d4d2716
/home/ali/projects/RoboLab/output/v1_cosmos_vague_pre_thermal_guard/RubiksCubeLeftOfBowlMatchedTask/predicted_chunks/episode_009/chunk_014/action.npy,1152,239f63c26d99794b12b22a54112832798a97db6c0903cccd61db6224f84093a7
/home/ali/projects/RoboLab/output/v1_cosmos_vague_pre_thermal_guard/RubiksCubeLeftOfBowlMatchedTask/predicted_chunks/episode_009/chunk_014/conditioning.png,538396,f59f9efdd8a7e5fb1e2682cd1ea2de5adb171ad8795da3d1ca0f86ff22e9b70b
/home/ali/projects/RoboLab/output/v1_cosmos_vague_pre_thermal_guard/RubiksCubeLeftOfBowlMatchedTask/predicted_chunks/episode_009/chunk_014/future.mp4,470322,8e7ab25dbf6c8570c13f1529bd6d206df3796243e5e0cdaec8641f264c409ac1
/home/ali/projects/RoboLab/output/v1_cosmos_vague_pre_thermal_guard/RubiksCubeLeftOfBowlMatchedTask/predicted_chunks/episode_009/chunk_014/metadata.json,854,0f7a1744cbd1a88ef9f2242baaecbb299655f571bfbdcf108e51dc721ff04e05
/home/ali/projects/RoboLab/output/v1_cosmos_vague_pre_thermal_guard/RubiksCubeLeftOfBowlMatchedTask/predicted_chunks/manifest.jsonl,104810,1fe644b161257593dd07c149ed505d8622cac5893270ec83e8d32ee6a2dd2a0a
/home/ali/projects/RoboLab/output/v1_cosmos_vague_pre_thermal_guard/RubiksCubeLeftOfBowlMatchedTask/run_0.hdf5,346277,ada68929eb518e132f425761dc7d4cef504b59f191f28c097c4ac3ee8e48afe2
/home/ali/projects/RoboLab/output/v1_cosmos_vague_pre_thermal_guard/RubiksCubeLeftOfBowlMatchedTask/run_1.hdf5,344239,4246702678f68625e86afe21b2d156d40e864117b918fc69b9bc1ac4385e55a0
/home/ali/projects/RoboLab/output/v1_cosmos_vague_pre_thermal_guard/RubiksCubeLeftOfBowlMatchedTask/run_2.hdf5,343077,98b11754c18981fef82e5cf015d1c04122e3e8fa6133e19521945ed95cceea7f
/home/ali/projects/RoboLab/output/v1_cosmos_vague_pre_thermal_guard/RubiksCubeLeftOfBowlMatchedTask/run_3.hdf5,337767,1280dc246cf1d2763f5869e44a66a37e07cd6e5035bd334cc80b87caf829ec7a
/home/ali/projects/RoboLab/output/v1_cosmos_vague_pre_thermal_guard/RubiksCubeLeftOfBowlMatchedTask/run_4.hdf5,290715,2e1dcd3728f6865bfd002bf698d688e3d85fbf9137ade4761835001bc67274f9
/home/ali/projects/RoboLab/output/v1_cosmos_vague_pre_thermal_guard/RubiksCubeLeftOfBowlMatchedTask/run_5.hdf5,340851,56d3320b5b9248a603459213dbed2eafa80abd44acdb26393ad48fa589df242d
/home/ali/projects/RoboLab/output/v1_cosmos_vague_pre_thermal_guard/RubiksCubeLeftOfBowlMatchedTask/run_6.hdf5,338241,16d18ab8d0cf767f4989696f39cedd6d411837ed72ae827de8c806ea46cdc2ea
/home/ali/projects/RoboLab/output/v1_cosmos_vague_pre_thermal_guard/RubiksCubeLeftOfBowlMatchedTask/run_7.hdf5,341973,346bafa46d6cc0943715bb1cd804d98c67ec4d340022bd7d5b18bdfcdd3b8801
/home/ali/projects/RoboLab/output/v1_cosmos_vague_pre_thermal_guard/RubiksCubeLeftOfBowlMatchedTask/run_8.hdf5,338858,ba0b5326dfc4de0dac2433781c56743ed9aae3406c46718cf6c4a00b518436c3
/home/ali/projects/RoboLab/output/v1_cosmos_vague_pre_thermal_guard/RubiksCubeLeftOfBowlMatchedTask/run_9.hdf5,342243,32129627517b9366fb76b5646809da58142bf6f02c1f20e6757700b5ea894d52
/home/ali/projects/RoboLab/output/v1_cosmos_vague_pre_thermal_guard/RubiksCubeRightOfBowlMatchedTask/env_cfg.json,43171,8865be7f205eb4bbb65cc8053c31bea1666573ed618f6f554ee4382490f0bf5b
/home/ali/projects/RoboLab/output/v1_cosmos_vague_pre_thermal_guard/RubiksCubeRightOfBowlMatchedTask/log_0_env0.json,1454,18fcb7f5705a69ec8dac663a93f1dfc15b998a245aa7c2c22746b3329a7a951c
/home/ali/projects/RoboLab/output/v1_cosmos_vague_pre_thermal_guard/RubiksCubeRightOfBowlMatchedTask/log_1_env0.json,1574,f3576a709d17aa33d73133d9c76f09247cad6bfd67e7b38a981de2de651b0ff6
/home/ali/projects/RoboLab/output/v1_cosmos_vague_pre_thermal_guard/RubiksCubeRightOfBowlMatchedTask/log_2_env0.json,1770,3735193433c1b1a0eb088f276f3deac5ade351f113cf162544b37d372847e8df
/home/ali/projects/RoboLab/output/v1_cosmos_vague_pre_thermal_guard/RubiksCubeRightOfBowlMatchedTask/log_3_env0.json,1454,ab6c0598d3ce5eb4ca05c5d2d565784a43488ba7b325502a305dafae6baf3148
/home/ali/projects/RoboLab/output/v1_cosmos_vague_pre_thermal_guard/RubiksCubeRightOfBowlMatchedTask/log_4_env0.json,1589,6b9741abdb43e047034b9f2fc5e90a7a019307a3d58324c362d9c0973435c0dc
/home/ali/projects/RoboLab/output/v1_cosmos_vague_pre_thermal_guard/RubiksCubeRightOfBowlMatchedTask/log_5_env0.json,1454,5c48f78f7d1bad3487df4075e6b12a1b7167bc4513dfb591528975ea0d4554a0
/home/ali/projects/RoboLab/output/v1_cosmos_vague_pre_thermal_guard/RubiksCubeRightOfBowlMatchedTask/log_6_env0.json,2028,1542a76ee877a287c882e63f63320227bb92d2e8b454870ad195ab6fba589dd4
/home/ali/projects/RoboLab/output/v1_cosmos_vague_pre_thermal_guard/RubiksCubeRightOfBowlMatchedTask/log_7_env0.json,1574,df019e47fb5b5190db298961513303b66593111a8df50c6245a286a64710c49f
/home/ali/projects/RoboLab/output/v1_cosmos_vague_pre_thermal_guard/RubiksCubeRightOfBowlMatchedTask/log_8_env0.json,1800,08b6d7325a50f7bd09f34e723ea0c09fc8e802ca767881d52db8c37347ba40f9
/home/ali/projects/RoboLab/output/v1_cosmos_vague_pre_thermal_guard/RubiksCubeRightOfBowlMatchedTask/log_9_env0.json,1319,1a402d00547a37ff371b63da40ccc84e217c4d5d90f21863bef8820ac4e2d548
/home/ali/projects/RoboLab/output/v1_cosmos_vague_pre_thermal_guard/RubiksCubeRightOfBowlMatchedTask/predicted_chunks/episode_000/chunk_000/action.npy,1152,36294764e102f9f577357a2551557c0123701e2f7b7ed345e0be5bfdbe702903
/home/ali/projects/RoboLab/output/v1_cosmos_vague_pre_thermal_guard/RubiksCubeRightOfBowlMatchedTask/predicted_chunks/episode_000/chunk_000/conditioning.png,573885,7129aa382d462c6f80c469c7164810b0e0d9ba6b7143184aba7ac1ce62cc3e50
/home/ali/projects/RoboLab/output/v1_cosmos_vague_pre_thermal_guard/RubiksCubeRightOfBowlMatchedTask/predicted_chunks/episode_000/chunk_000/future.mp4,522277,4d38e4bd5af6dd8ba7b5b05da5a86e3e11a4020f76560b22483687cc0ab2f3d7
/home/ali/projects/RoboLab/output/v1_cosmos_vague_pre_thermal_guard/RubiksCubeRightOfBowlMatchedTask/predicted_chunks/episode_000/chunk_000/metadata.json,768,949c87b71e98f468ae1efa42cd97285f6db6eb423c8ed4f8b134d33ee98379da
/home/ali/projects/RoboLab/output/v1_cosmos_vague_pre_thermal_guard/RubiksCubeRightOfBowlMatchedTask/predicted_chunks/episode_000/chunk_001/action.npy,1152,d769351a4ebca263b7a3559fbee32dc5fb2c713b636aa20448e6d53e05dc56cc
/home/ali/projects/RoboLab/output/v1_cosmos_vague_pre_thermal_guard/RubiksCubeRightOfBowlMatchedTask/predicted_chunks/episode_000/chunk_001/conditioning.png,541789,6bfc83b71b9bc3e4be72dad61752c2b070d49b4b8a9193019ff3d86097ba0a40
/home/ali/projects/RoboLab/output/v1_cosmos_vague_pre_thermal_guard/RubiksCubeRightOfBowlMatchedTask/predicted_chunks/episode_000/chunk_001/future.mp4,484812,1cf93e09675967d52a50fb875e4c2bbf53bc8728d6495260bb57fe7f58bdfff1
/home/ali/projects/RoboLab/output/v1_cosmos_vague_pre_thermal_guard/RubiksCubeRightOfBowlMatchedTask/predicted_chunks/episode_000/chunk_001/metadata.json,850,d6218f46b89237efe1dc0d3e229b376f19ddf0f0944754a56ee91f0a420e59c8
/home/ali/projects/RoboLab/output/v1_cosmos_vague_pre_thermal_guard/RubiksCubeRightOfBowlMatchedTask/predicted_chunks/episode_000/chunk_002/action.npy,1152,404a5098758a1de6cafdf0e70f91eb259db904180e7de7ff9816db4dc4cb4626
/home/ali/projects/RoboLab/output/v1_cosmos_vague_pre_thermal_guard/RubiksCubeRightOfBowlMatchedTask/predicted_chunks/episode_000/chunk_002/conditioning.png,554023,6bea62fd8d567b13b3d11c00aeeca23aaa3f7d38011bdc97984da122e83dcba7
/home/ali/projects/RoboLab/output/v1_cosmos_vague_pre_thermal_guard/RubiksCubeRightOfBowlMatchedTask/predicted_chunks/episode_000/chunk_002/future.mp4,493432,86c2e80dedeacbc7592fb0b01a9ec6f14b3ebd6625bf3ba36e8ee8e894f24ef4
/home/ali/projects/RoboLab/output/v1_cosmos_vague_pre_thermal_guard/RubiksCubeRightOfBowlMatchedTask/predicted_chunks/episode_000/chunk_002/metadata.json,852,925155a58f5d8b694ae6ea4626edebb2ea9c2652716e6f58791ec4718a350912
/home/ali/projects/RoboLab/output/v1_cosmos_vague_pre_thermal_guard/RubiksCubeRightOfBowlMatchedTask/predicted_chunks/episode_000/chunk_003/action.npy,1152,a9f08ec87aec215eddd6e2b429aca7a19d30ac7020565785079205988022f09f
/home/ali/projects/RoboLab/output/v1_cosmos_vague_pre_thermal_guard/RubiksCubeRightOfBowlMatchedTask/predicted_chunks/episode_000/chunk_003/conditioning.png,567287,21debd1d821237f5c6c89d64f144f3c94759ac2546a7efa43cdcd8f0c4c14f3c
/home/ali/projects/RoboLab/output/v1_cosmos_vague_pre_thermal_guard/RubiksCubeRightOfBowlMatchedTask/predicted_chunks/episode_000/chunk_003/future.mp4,504663,828c794e5b332c09f4aea3eec993b66772ca0cd5d5c9d879a1f61ef6ce0a649d
/home/ali/projects/RoboLab/output/v1_cosmos_vague_pre_thermal_guard/RubiksCubeRightOfBowlMatchedTask/predicted_chunks/episode_000/chunk_003/metadata.json,852,4470e963b714a6cbad721ba5ea54eabad49e55adf51cd13dd619567f50cf259c
/home/ali/projects/RoboLab/output/v1_cosmos_vague_pre_thermal_guard/RubiksCubeRightOfBowlMatchedTask/predicted_chunks/episode_000/chunk_004/action.npy,1152,f164a676cf635bff1b553b4ac6c46722ff67475447aba37bbc0d3b814689944b
/home/ali/projects/RoboLab/output/v1_cosmos_vague_pre_thermal_guard/RubiksCubeRightOfBowlMatchedTask/predicted_chunks/episode_000/chunk_004/conditioning.png,547755,edd449a12af1c346734a48dd2e1b9ae46df8df680e93bc46a00f28c412a420f6
/home/ali/projects/RoboLab/output/v1_cosmos_vague_pre_thermal_guard/RubiksCubeRightOfBowlMatchedTask/predicted_chunks/episode_000/chunk_004/future.mp4,472602,b26c98dbcd7a85b9f373a29856accffee3f68ea02c145a5f11078113add0e859
/home/ali/projects/RoboLab/output/v1_cosmos_vague_pre_thermal_guard/RubiksCubeRightOfBowlMatchedTask/predicted_chunks/episode_000/chunk_004/metadata.json,847,15d128746e29f9d224f04ca3775421c11434b1825b560682d6fb8ba6927eb3cb
/home/ali/projects/RoboLab/output/v1_cosmos_vague_pre_thermal_guard/RubiksCubeRightOfBowlMatchedTask/predicted_chunks/episode_000/chunk_005/action.npy,1152,f8bff3c1cbf6f09e329cf3fa6f7a1b7841d4bce0ad12d88d3b0b37e30856f353
/home/ali/projects/RoboLab/output/v1_cosmos_vague_pre_thermal_guard/RubiksCubeRightOfBowlMatchedTask/predicted_chunks/episode_000/chunk_005/conditioning.png,511349,7ab468640e5233125d655952a250ef0ec31f951691184c93123645f202c4c69e
/home/ali/projects/RoboLab/output/v1_cosmos_vague_pre_thermal_guard/RubiksCubeRightOfBowlMatchedTask/predicted_chunks/episode_000/chunk_005/future.mp4,488139,eac9739fc3e7341e697edfac01c43db21f92cb076a07f081c419549971e22044
/home/ali/projects/RoboLab/output/v1_cosmos_vague_pre_thermal_guard/RubiksCubeRightOfBowlMatchedTask/predicted_chunks/episode_000/chunk_005/metadata.json,849,a8f8fe840a51201943d3c8f3c58778b8a11621f3abc6a4657082b95d825778f4
/home/ali/projects/RoboLab/output/v1_cosmos_vague_pre_thermal_guard/RubiksCubeRightOfBowlMatchedTask/predicted_chunks/episode_001/chunk_000/action.npy,1152,d7bf346d78eb8029503e653100cb0fd6a8afaf0c8b572b88cdfb033d7fd8d87e
/home/ali/projects/RoboLab/output/v1_cosmos_vague_pre_thermal_guard/RubiksCubeRightOfBowlMatchedTask/predicted_chunks/episode_001/chunk_000/conditioning.png,570622,d513c0e66408d0aa06bcbcb8404c3c75e671224732aac756a82d1a161592a591
/home/ali/projects/RoboLab/output/v1_cosmos_vague_pre_thermal_guard/RubiksCubeRightOfBowlMatchedTask/predicted_chunks/episode_001/chunk_000/future.mp4,480633,e990ad6770122c47a9b58b10830cca77b200a5fb3e8776905c01bcc4e9834017
/home/ali/projects/RoboLab/output/v1_cosmos_vague_pre_thermal_guard/RubiksCubeRightOfBowlMatchedTask/predicted_chunks/episode_001/chunk_000/metadata.json,768,4682e502dedccf496f212c3933db1d898807e4d5791180416a05e956ee83ca03
/home/ali/projects/RoboLab/output/v1_cosmos_vague_pre_thermal_guard/RubiksCubeRightOfBowlMatchedTask/predicted_chunks/episode_001/chunk_001/action.npy,1152,b58312cfb6ddaa807c15ad2f6efd6be03b4f30ff5179f1302f64984117dfcd12
/home/ali/projects/RoboLab/output/v1_cosmos_vague_pre_thermal_guard/RubiksCubeRightOfBowlMatchedTask/predicted_chunks/episode_001/chunk_001/conditioning.png,549240,f577f08a19ef5fcd02fad37e1e8afbd42feefda81d516c2a71132f2977fd457d
/home/ali/projects/RoboLab/output/v1_cosmos_vague_pre_thermal_guard/RubiksCubeRightOfBowlMatchedTask/predicted_chunks/episode_001/chunk_001/future.mp4,399572,42d4261a04a8d9a95278d38c72ef8b787a0f71f5ab76b69e176a594dbe888381
/home/ali/projects/RoboLab/output/v1_cosmos_vague_pre_thermal_guard/RubiksCubeRightOfBowlMatchedTask/predicted_chunks/episode_001/chunk_001/metadata.json,852,1672631d46b42897f6d9641237dbf2c3021cbc73edb5f9c582fab557ba2b7e6e
/home/ali/projects/RoboLab/output/v1_cosmos_vague_pre_thermal_guard/RubiksCubeRightOfBowlMatchedTask/predicted_chunks/episode_001/chunk_002/action.npy,1152,519fb34a3533725cdbbe5ce56640f6b1a8001917bab3927e431c92cbe129e1e9
/home/ali/projects/RoboLab/output/v1_cosmos_vague_pre_thermal_guard/RubiksCubeRightOfBowlMatchedTask/predicted_chunks/episode_001/chunk_002/conditioning.png,516934,5306f439131f0bdcc1292cd7d275f546e452c49853dd055763a4c861572e0539
/home/ali/projects/RoboLab/output/v1_cosmos_vague_pre_thermal_guard/RubiksCubeRightOfBowlMatchedTask/predicted_chunks/episode_001/chunk_002/future.mp4,425075,018a089496ee4be465fc3abb2a499131c28de5a3464e0db81016ce1dc126bf3f
/home/ali/projects/RoboLab/output/v1_cosmos_vague_pre_thermal_guard/RubiksCubeRightOfBowlMatchedTask/predicted_chunks/episode_001/chunk_002/metadata.json,852,7817a8cd67b99bf67079b43de35b63f3942421c2070c240d832d82b880629ef6
/home/ali/projects/RoboLab/output/v1_cosmos_vague_pre_thermal_guard/RubiksCubeRightOfBowlMatchedTask/predicted_chunks/episode_001/chunk_003/action.npy,1152,132cd0b4e6151532ad1f31d9b7031c9630dcac2c793108d76f3eb19e10516829
/home/ali/projects/RoboLab/output/v1_cosmos_vague_pre_thermal_guard/RubiksCubeRightOfBowlMatchedTask/predicted_chunks/episode_001/chunk_003/conditioning.png,514992,67787810f7ed3d28359b8a3bd4be03bb6199b17a140c68ec4efc446c32a21820
/home/ali/projects/RoboLab/output/v1_cosmos_vague_pre_thermal_guard/RubiksCubeRightOfBowlMatchedTask/predicted_chunks/episode_001/chunk_003/future.mp4,414983,6e8843f6a938e113da92545abaac5674e861de7ef0e6cbd44aec33f9a8d16c7e
/home/ali/projects/RoboLab/output/v1_cosmos_vague_pre_thermal_guard/RubiksCubeRightOfBowlMatchedTask/predicted_chunks/episode_001/chunk_003/metadata.json,847,724f52b853bd9388dc56a343646eb9f2af05b949c39c43dd7d89e71e576eaf4a
/home/ali/projects/RoboLab/output/v1_cosmos_vague_pre_thermal_guard/RubiksCubeRightOfBowlMatchedTask/predicted_chunks/episode_001/chunk_004/action.npy,1152,92ee3c3744d5c2cb97516a1c44b32247e28a07fb1f7bfca8c6b14307a5247679
/home/ali/projects/RoboLab/output/v1_cosmos_vague_pre_thermal_guard/RubiksCubeRightOfBowlMatchedTask/predicted_chunks/episode_001/chunk_004/conditioning.png,537423,8467db29a192ee1bf587dcd7428d9a11c4e87fe8f102ff84b4d80739b9666dfd
/home/ali/projects/RoboLab/output/v1_cosmos_vague_pre_thermal_guard/RubiksCubeRightOfBowlMatchedTask/predicted_chunks/episode_001/chunk_004/future.mp4,527407,0a5fcc91b2b1c87ac9fc56f1c34027bb085a0438b4eb4c064036003f68aeafa1
/home/ali/projects/RoboLab/output/v1_cosmos_vague_pre_thermal_guard/RubiksCubeRightOfBowlMatchedTask/predicted_chunks/episode_001/chunk_004/metadata.json,845,94c7ef90b055280662f89a43be52cc36b6f915d4c332db96af7a23e4198162e6
/home/ali/projects/RoboLab/output/v1_cosmos_vague_pre_thermal_guard/RubiksCubeRightOfBowlMatchedTask/predicted_chunks/episode_001/chunk_005/action.npy,1152,5fab464d13ebd03d619881f40894f3c284143bf73d2789c18f030e57efd43140
/home/ali/projects/RoboLab/output/v1_cosmos_vague_pre_thermal_guard/RubiksCubeRightOfBowlMatchedTask/predicted_chunks/episode_001/chunk_005/conditioning.png,555723,40b44b480741e921c336a9b1d998c700f552012f4fc048f2ea1f78dc176d4e15
/home/ali/projects/RoboLab/output/v1_cosmos_vague_pre_thermal_guard/RubiksCubeRightOfBowlMatchedTask/predicted_chunks/episode_001/chunk_005/future.mp4,566653,01eba6b85449f870255e05b6f9ca52ca5190120b846650606648d5165df5c398
/home/ali/projects/RoboLab/output/v1_cosmos_vague_pre_thermal_guard/RubiksCubeRightOfBowlMatchedTask/predicted_chunks/episode_001/chunk_005/metadata.json,848,53ff84300a232bd9fcddb79b6771af2317829e93a0f4ba765b70918263d8c592
/home/ali/projects/RoboLab/output/v1_cosmos_vague_pre_thermal_guard/RubiksCubeRightOfBowlMatchedTask/predicted_chunks/episode_001/chunk_006/action.npy,1152,1990695151d16b22badd0d9a02fa259ce4ccf70ac8ac6303570876da2037728e
/home/ali/projects/RoboLab/output/v1_cosmos_vague_pre_thermal_guard/RubiksCubeRightOfBowlMatchedTask/predicted_chunks/episode_001/chunk_006/conditioning.png,499552,bf54766d3fdf532c729f97b2dd62ab9aafa02a286c1a6ff1422e7dca8ea68fe4
/home/ali/projects/RoboLab/output/v1_cosmos_vague_pre_thermal_guard/RubiksCubeRightOfBowlMatchedTask/predicted_chunks/episode_001/chunk_006/future.mp4,465607,bb9a2a49b9d0e57eb8b357b7a2d5386b7589d4ba750dce6799139aa7249bdacb
/home/ali/projects/RoboLab/output/v1_cosmos_vague_pre_thermal_guard/RubiksCubeRightOfBowlMatchedTask/predicted_chunks/episode_001/chunk_006/metadata.json,850,c532bd86fb05a4e05fae649a52af50fc2e75952c1bb507a1b488430bd1c31bdf
/home/ali/projects/RoboLab/output/v1_cosmos_vague_pre_thermal_guard/RubiksCubeRightOfBowlMatchedTask/predicted_chunks/episode_002/chunk_000/action.npy,1152,00a59551471872b9031066b33d73afd8bd43d10ea43d6ad5324444f14f24094b
/home/ali/projects/RoboLab/output/v1_cosmos_vague_pre_thermal_guard/RubiksCubeRightOfBowlMatchedTask/predicted_chunks/episode_002/chunk_000/conditioning.png,571979,f0555976f1d608478056e8ac5e1ebca8c0cfc5542c4cc6f8964b01062f6bbbed
/home/ali/projects/RoboLab/output/v1_cosmos_vague_pre_thermal_guard/RubiksCubeRightOfBowlMatchedTask/predicted_chunks/episode_002/chunk_000/future.mp4,497114,21aaab032c88d96d210cdfbfdba0919777d41227497eb8e6abcfa2bb019dfcf1
/home/ali/projects/RoboLab/output/v1_cosmos_vague_pre_thermal_guard/RubiksCubeRightOfBowlMatchedTask/predicted_chunks/episode_002/chunk_000/metadata.json,768,10a16d31488c1bfbd0735e18bade0b786cc6b0fedc6ee1bc648e7e753ed85bf9
/home/ali/projects/RoboLab/output/v1_cosmos_vague_pre_thermal_guard/RubiksCubeRightOfBowlMatchedTask/predicted_chunks/episode_002/chunk_001/action.npy,1152,6caf3cd497624e1a64b75bd0a508c19775da9e48a28a4280b615e33d62627b03
/home/ali/projects/RoboLab/output/v1_cosmos_vague_pre_thermal_guard/RubiksCubeRightOfBowlMatchedTask/predicted_chunks/episode_002/chunk_001/conditioning.png,564644,377274529ca7c8830f14dcadaf66ab444d19ddfa1e577ba7ff314db2d9a72b33
/home/ali/projects/RoboLab/output/v1_cosmos_vague_pre_thermal_guard/RubiksCubeRightOfBowlMatchedTask/predicted_chunks/episode_002/chunk_001/future.mp4,434206,8e3777ccdd6ee2ea847812ed4ad3985547ac62554f9af234afb5dc2d1f4cd5f7
/home/ali/projects/RoboLab/output/v1_cosmos_vague_pre_thermal_guard/RubiksCubeRightOfBowlMatchedTask/predicted_chunks/episode_002/chunk_001/metadata.json,852,04cb9f26dd1276a43af1f7a65056d4598bc855495c57927428b44c8a253a4ed5
/home/ali/projects/RoboLab/output/v1_cosmos_vague_pre_thermal_guard/RubiksCubeRightOfBowlMatchedTask/predicted_chunks/episode_002/chunk_002/action.npy,1152,3acca8b9f5dc82f60f2b90bf8a7649340d4319d23c97ff1529ae9fb825c897b3
/home/ali/projects/RoboLab/output/v1_cosmos_vague_pre_thermal_guard/RubiksCubeRightOfBowlMatchedTask/predicted_chunks/episode_002/chunk_002/conditioning.png,537837,0592be2da1b72edc512712f3fcc7238570eef04fe6c4c1e24cc65b40d6bbc12c
/home/ali/projects/RoboLab/output/v1_cosmos_vague_pre_thermal_guard/RubiksCubeRightOfBowlMatchedTask/predicted_chunks/episode_002/chunk_002/future.mp4,407495,9d16c3cfb2a5a4eb4b66dfbde6532e5b00b8f635b5a690bf1a5925d37cea1fa7
/home/ali/projects/RoboLab/output/v1_cosmos_vague_pre_thermal_guard/RubiksCubeRightOfBowlMatchedTask/predicted_chunks/episode_002/chunk_002/metadata.json,851,7d23d6e5627ae27dda26860c1019726e04c490213b9b6b7b3cbe5c595a978e1f
/home/ali/projects/RoboLab/output/v1_cosmos_vague_pre_thermal_guard/RubiksCubeRightOfBowlMatchedTask/predicted_chunks/episode_002/chunk_003/action.npy,1152,b86170ca07ce7edb08d1937021775066a53fc29c7332f963078291c55d8a694a
/home/ali/projects/RoboLab/output/v1_cosmos_vague_pre_thermal_guard/RubiksCubeRightOfBowlMatchedTask/predicted_chunks/episode_002/chunk_003/conditioning.png,549269,aa6c306dda0e53551d86fff69b3db00ef65f99766430a2fa0ec507725d8d8b62
/home/ali/projects/RoboLab/output/v1_cosmos_vague_pre_thermal_guard/RubiksCubeRightOfBowlMatchedTask/predicted_chunks/episode_002/chunk_003/future.mp4,521590,171c78d6b38b73c9785d7a6a2c5e4db22cfeb533587467bb71591c7a4d613802
/home/ali/projects/RoboLab/output/v1_cosmos_vague_pre_thermal_guard/RubiksCubeRightOfBowlMatchedTask/predicted_chunks/episode_002/chunk_003/metadata.json,846,df04a8a0d02aee5bc84ff06d9cabd1c9a84dbbeb8a9b3011286c12ebb2d30deb
/home/ali/projects/RoboLab/output/v1_cosmos_vague_pre_thermal_guard/RubiksCubeRightOfBowlMatchedTask/predicted_chunks/episode_002/chunk_004/action.npy,1152,8f8dd56df4bb25df4b5dac33dd379725d679154e06d5ae4f3f94c80f6d41b75d
/home/ali/projects/RoboLab/output/v1_cosmos_vague_pre_thermal_guard/RubiksCubeRightOfBowlMatchedTask/predicted_chunks/episode_002/chunk_004/conditioning.png,586516,e3da0f59dca82c72e5a5c5ae886f5b265a0ba24210e0f122690ae3b9555e05ab
/home/ali/projects/RoboLab/output/v1_cosmos_vague_pre_thermal_guard/RubiksCubeRightOfBowlMatchedTask/predicted_chunks/episode_002/chunk_004/future.mp4,538551,cffff75216ca678804efcf64c3bc4ff2d159382e71558759c890868588525410
/home/ali/projects/RoboLab/output/v1_cosmos_vague_pre_thermal_guard/RubiksCubeRightOfBowlMatchedTask/predicted_chunks/episode_002/chunk_004/metadata.json,855,077c6fb4aaa890c11165ec89f8439de6dddba7643e3dc875105713e7bae7a42e
/home/ali/projects/RoboLab/output/v1_cosmos_vague_pre_thermal_guard/RubiksCubeRightOfBowlMatchedTask/predicted_chunks/episode_002/chunk_005/action.npy,1152,22883c632a45c79e420e0b54891d318048856faa5f52f430693c26912c66b46c
/home/ali/projects/RoboLab/output/v1_cosmos_vague_pre_thermal_guard/RubiksCubeRightOfBowlMatchedTask/predicted_chunks/episode_002/chunk_005/conditioning.png,552591,e7b31362ff60f2d8b673d664b60868f8fbd26f16df11df24fbaca43703eeb2d1
/home/ali/projects/RoboLab/output/v1_cosmos_vague_pre_thermal_guard/RubiksCubeRightOfBowlMatchedTask/predicted_chunks/episode_002/chunk_005/future.mp4,489898,2f8fa0466700423208519b81b8a95123fe5f155e8924ae2de4eca627995dd887
/home/ali/projects/RoboLab/output/v1_cosmos_vague_pre_thermal_guard/RubiksCubeRightOfBowlMatchedTask/predicted_chunks/episode_002/chunk_005/metadata.json,851,22fa7a845cd2a92fee605f243a38574260e6e2e143e79453b0f4412c8ab7ca50
/home/ali/projects/RoboLab/output/v1_cosmos_vague_pre_thermal_guard/RubiksCubeRightOfBowlMatchedTask/predicted_chunks/episode_003/chunk_000/action.npy,1152,0085b71dd32288f2369f3ff517aadf73a7f38a7f3de136900a266f2511537942
/home/ali/projects/RoboLab/output/v1_cosmos_vague_pre_thermal_guard/RubiksCubeRightOfBowlMatchedTask/predicted_chunks/episode_003/chunk_000/conditioning.png,574266,4ea75b9e2c48b323addd32d74feea07d80ef2e1d75897ee20128ea9e1cb9a3f1
/home/ali/projects/RoboLab/output/v1_cosmos_vague_pre_thermal_guard/RubiksCubeRightOfBowlMatchedTask/predicted_chunks/episode_003/chunk_000/future.mp4,502978,d19cc53298b2f989b49af5395d4b7945df63449fd17c2848e3b6e33322f90ea6
/home/ali/projects/RoboLab/output/v1_cosmos_vague_pre_thermal_guard/RubiksCubeRightOfBowlMatchedTask/predicted_chunks/episode_003/chunk_000/metadata.json,768,6ce1c1ecfcd08774682f51605c26ebd66f9a8395c2560c54e1ab8ea689aae675
/home/ali/projects/RoboLab/output/v1_cosmos_vague_pre_thermal_guard/RubiksCubeRightOfBowlMatchedTask/predicted_chunks/episode_003/chunk_001/action.npy,1152,08a8abefd1aebfbf9ff49270c88998ad2c1782f21ff4294ca77050173554c23f
/home/ali/projects/RoboLab/output/v1_cosmos_vague_pre_thermal_guard/RubiksCubeRightOfBowlMatchedTask/predicted_chunks/episode_003/chunk_001/conditioning.png,555461,05ac04db4e53b92718c1dc8596680d443553ab697765e10d2eb6d8fa252467e7
/home/ali/projects/RoboLab/output/v1_cosmos_vague_pre_thermal_guard/RubiksCubeRightOfBowlMatchedTask/predicted_chunks/episode_003/chunk_001/future.mp4,405456,06e421e0afd8d7d6dd612b3f68028f1d3a7a2a08bfddbfa4b1928939bc6d34ec
/home/ali/projects/RoboLab/output/v1_cosmos_vague_pre_thermal_guard/RubiksCubeRightOfBowlMatchedTask/predicted_chunks/episode_003/chunk_001/metadata.json,850,9f9606ea954d8e984b87427a417cda3f5bbd88479653a5db455aae5857da3cb5
/home/ali/projects/RoboLab/output/v1_cosmos_vague_pre_thermal_guard/RubiksCubeRightOfBowlMatchedTask/predicted_chunks/episode_003/chunk_002/action.npy,1152,fc30430e95c42a393b7e5b7d73e63b63fbc0f6d9a49211751690a36424f05e7b
/home/ali/projects/RoboLab/output/v1_cosmos_vague_pre_thermal_guard/RubiksCubeRightOfBowlMatchedTask/predicted_chunks/episode_003/chunk_002/conditioning.png,527242,6d9f6017045678e1857d60a98e92b28c5ef4584dd8c3c0c98bc839a51a1a59c9
/home/ali/projects/RoboLab/output/v1_cosmos_vague_pre_thermal_guard/RubiksCubeRightOfBowlMatchedTask/predicted_chunks/episode_003/chunk_002/future.mp4,414880,69b7dc9ddc72675998929ed4008e0df875834397aeb437e05e0bf8a8b2d850a0
/home/ali/projects/RoboLab/output/v1_cosmos_vague_pre_thermal_guard/RubiksCubeRightOfBowlMatchedTask/predicted_chunks/episode_003/chunk_002/metadata.json,850,0b3d614804ea319f2d21636a0f11bc71c24f747fa85b9c65e48622b306ca8ec1
/home/ali/projects/RoboLab/output/v1_cosmos_vague_pre_thermal_guard/RubiksCubeRightOfBowlMatchedTask/predicted_chunks/episode_003/chunk_003/action.npy,1152,a0f13993047445464edc882cf496cafe414f53559855a17696d034d12eeca81f
/home/ali/projects/RoboLab/output/v1_cosmos_vague_pre_thermal_guard/RubiksCubeRightOfBowlMatchedTask/predicted_chunks/episode_003/chunk_003/conditioning.png,512969,13a1d6eaa7f17a33abfc4f9353fbfeb4646127965b4ef1aeeb1647fde569f629
/home/ali/projects/RoboLab/output/v1_cosmos_vague_pre_thermal_guard/RubiksCubeRightOfBowlMatchedTask/predicted_chunks/episode_003/chunk_003/future.mp4,324986,306ce228581520c18398bef27425efa43140d22cb91f5b5d1af1a94f8abd3489
/home/ali/projects/RoboLab/output/v1_cosmos_vague_pre_thermal_guard/RubiksCubeRightOfBowlMatchedTask/predicted_chunks/episode_003/chunk_003/metadata.json,847,7ff2fbb55523718063a28371f156047a5f06328f9bd19277aacf756f4539b518
/home/ali/projects/RoboLab/output/v1_cosmos_vague_pre_thermal_guard/RubiksCubeRightOfBowlMatchedTask/predicted_chunks/episode_003/chunk_004/action.npy,1152,6780e27912aabbadb12535ae7801012a3bf2ab454aa9ddd31539f22ff9828e85
/home/ali/projects/RoboLab/output/v1_cosmos_vague_pre_thermal_guard/RubiksCubeRightOfBowlMatchedTask/predicted_chunks/episode_003/chunk_004/conditioning.png,520279,5b39d12ccfeb0716f3337112486160c6f7aa94367983a9a493c78cd0f89395f8
/home/ali/projects/RoboLab/output/v1_cosmos_vague_pre_thermal_guard/RubiksCubeRightOfBowlMatchedTask/predicted_chunks/episode_003/chunk_004/future.mp4,386442,c2823c38108e207a9ffb08dc4c95501dbfcf0f5475b1af34f59b397141b4de72
/home/ali/projects/RoboLab/output/v1_cosmos_vague_pre_thermal_guard/RubiksCubeRightOfBowlMatchedTask/predicted_chunks/episode_003/chunk_004/metadata.json,851,ce3ec17ccff9c5347348af2da387b0ed566febfaff0ecf1d109b19ef9d1e4a8d
/home/ali/projects/RoboLab/output/v1_cosmos_vague_pre_thermal_guard/RubiksCubeRightOfBowlMatchedTask/predicted_chunks/episode_003/chunk_005/action.npy,1152,09f32cd0a7b022f65ec1dd0b58a0d3310804488f530365aaa85db4eb966565b8
/home/ali/projects/RoboLab/output/v1_cosmos_vague_pre_thermal_guard/RubiksCubeRightOfBowlMatchedTask/predicted_chunks/episode_003/chunk_005/conditioning.png,505421,d1ea0a35911f595cf9fcfc3c8391416393e7210d58f0d63eabfca0d59031ec2a
/home/ali/projects/RoboLab/output/v1_cosmos_vague_pre_thermal_guard/RubiksCubeRightOfBowlMatchedTask/predicted_chunks/episode_003/chunk_005/future.mp4,495728,300719e134a1e427c1d04b3cdf163becb500cca703fc4cbfe3c1aa672262b918
/home/ali/projects/RoboLab/output/v1_cosmos_vague_pre_thermal_guard/RubiksCubeRightOfBowlMatchedTask/predicted_chunks/episode_003/chunk_005/metadata.json,850,65aaf74dc0ac36922cf3073ad51c52e26b80dd1aa657fe04ba8ebd20eefa1c98
/home/ali/projects/RoboLab/output/v1_cosmos_vague_pre_thermal_guard/RubiksCubeRightOfBowlMatchedTask/predicted_chunks/episode_003/chunk_006/action.npy,1152,5671a6497bc935261d64d713cd64bcc8ce46a03ca7d7aca9100afbaadc323af3
/home/ali/projects/RoboLab/output/v1_cosmos_vague_pre_thermal_guard/RubiksCubeRightOfBowlMatchedTask/predicted_chunks/episode_003/chunk_006/conditioning.png,574453,dbe2064443d7bfb04196ce2fbaa1df233fc673f43231f8fc81bfe1874ff29a7b
/home/ali/projects/RoboLab/output/v1_cosmos_vague_pre_thermal_guard/RubiksCubeRightOfBowlMatchedTask/predicted_chunks/episode_003/chunk_006/future.mp4,511169,f953bdbbd88b37b460b900d08ec3b7acfa58fdafb68aec2c1350e5c1c14de979
/home/ali/projects/RoboLab/output/v1_cosmos_vague_pre_thermal_guard/RubiksCubeRightOfBowlMatchedTask/predicted_chunks/episode_003/chunk_006/metadata.json,853,06dd692607a133e8b411420a45304731e97f29dc37abffa059bb5c7dc3ea4737
/home/ali/projects/RoboLab/output/v1_cosmos_vague_pre_thermal_guard/RubiksCubeRightOfBowlMatchedTask/predicted_chunks/episode_003/chunk_007/action.npy,1152,8fc8a466a2a4f97694acd5b568a2ecff382e76a6c89530bf1884ba3339316be6
/home/ali/projects/RoboLab/output/v1_cosmos_vague_pre_thermal_guard/RubiksCubeRightOfBowlMatchedTask/predicted_chunks/episode_003/chunk_007/conditioning.png,556615,81e4f86d6dfbe4a9f0765ff38774edf54c561e59a516f59f8c7dda9977c4dc78
/home/ali/projects/RoboLab/output/v1_cosmos_vague_pre_thermal_guard/RubiksCubeRightOfBowlMatchedTask/predicted_chunks/episode_003/chunk_007/future.mp4,421008,f169072f5ca35931a7db4b8d56022a6d98662ba48cf66c63fdd22100e294252c
/home/ali/projects/RoboLab/output/v1_cosmos_vague_pre_thermal_guard/RubiksCubeRightOfBowlMatchedTask/predicted_chunks/episode_003/chunk_007/metadata.json,850,dc1c97bad0db6c24102aa3b4dd676e84aaf147d5fdd0ae99715d34f723c74dd0
/home/ali/projects/RoboLab/output/v1_cosmos_vague_pre_thermal_guard/RubiksCubeRightOfBowlMatchedTask/predicted_chunks/episode_003/chunk_008/action.npy,1152,8549b36772202876a62c88b7dc67d75225862538ef2f1665aa48fdcf832895ef
/home/ali/projects/RoboLab/output/v1_cosmos_vague_pre_thermal_guard/RubiksCubeRightOfBowlMatchedTask/predicted_chunks/episode_003/chunk_008/conditioning.png,552295,3cee21690a9aa492e4a2faf39688a76b2b43aacb126955d88bf79c4214ff9666
/home/ali/projects/RoboLab/output/v1_cosmos_vague_pre_thermal_guard/RubiksCubeRightOfBowlMatchedTask/predicted_chunks/episode_003/chunk_008/future.mp4,458268,6af711c6844600a49896750d238fdf173321a6bc5dd36bda29df1a33dbeac380
/home/ali/projects/RoboLab/output/v1_cosmos_vague_pre_thermal_guard/RubiksCubeRightOfBowlMatchedTask/predicted_chunks/episode_003/chunk_008/metadata.json,849,52215688daad5d769354643610b29b96838dd07ad7f157a4e5da4f3debfa03c6
/home/ali/projects/RoboLab/output/v1_cosmos_vague_pre_thermal_guard/RubiksCubeRightOfBowlMatchedTask/predicted_chunks/episode_004/chunk_000/action.npy,1152,d2f4c90bcc69a6747e15fc8887dbdc379d91eabd85fb1d771c16af00ded30cea
/home/ali/projects/RoboLab/output/v1_cosmos_vague_pre_thermal_guard/RubiksCubeRightOfBowlMatchedTask/predicted_chunks/episode_004/chunk_000/conditioning.png,572869,ad6fe537b3fef58b143884a2d72693864f4ecdde877a0c2fe403bce15321d053
/home/ali/projects/RoboLab/output/v1_cosmos_vague_pre_thermal_guard/RubiksCubeRightOfBowlMatchedTask/predicted_chunks/episode_004/chunk_000/future.mp4,485790,61be3bad73b6b146265bfb563d2110a7161bddc0c72fdd75eb629fe33b91aecd
/home/ali/projects/RoboLab/output/v1_cosmos_vague_pre_thermal_guard/RubiksCubeRightOfBowlMatchedTask/predicted_chunks/episode_004/chunk_000/metadata.json,768,296cd9ce89a3d1ccf7989ce5684b42c5ab59d40a4ea8664c8b3a4dc0359464b8
/home/ali/projects/RoboLab/output/v1_cosmos_vague_pre_thermal_guard/RubiksCubeRightOfBowlMatchedTask/predicted_chunks/episode_004/chunk_001/action.npy,1152,03d45501e17567f4388b136e5c278a0ce841054244b5976b52f95d74084b151c
/home/ali/projects/RoboLab/output/v1_cosmos_vague_pre_thermal_guard/RubiksCubeRightOfBowlMatchedTask/predicted_chunks/episode_004/chunk_001/conditioning.png,557372,bc294b4d44a4e8d1875db8099c9cf2edeb585f711e2eb655c649eca1f13cf09c
/home/ali/projects/RoboLab/output/v1_cosmos_vague_pre_thermal_guard/RubiksCubeRightOfBowlMatchedTask/predicted_chunks/episode_004/chunk_001/future.mp4,466950,a5cd44efb6cc8ec0b99416ed0431e7b6166c05d84694ee6752eb7f0814426cae
/home/ali/projects/RoboLab/output/v1_cosmos_vague_pre_thermal_guard/RubiksCubeRightOfBowlMatchedTask/predicted_chunks/episode_004/chunk_001/metadata.json,853,8b2abb9502cb1a8c716f427f0955d2dd56e397c0f395ad3094dcec5056a575d0
/home/ali/projects/RoboLab/output/v1_cosmos_vague_pre_thermal_guard/RubiksCubeRightOfBowlMatchedTask/predicted_chunks/episode_004/chunk_002/action.npy,1152,8a3a694e77a3df155b612a3407ffc5fc94a0a3cefe9199ec2ea19fca5b5f81f7
/home/ali/projects/RoboLab/output/v1_cosmos_vague_pre_thermal_guard/RubiksCubeRightOfBowlMatchedTask/predicted_chunks/episode_004/chunk_002/conditioning.png,558020,8177c784d267ea560cd03f76e439fad7b99192cb88efec60fa353af5ba13c47a
/home/ali/projects/RoboLab/output/v1_cosmos_vague_pre_thermal_guard/RubiksCubeRightOfBowlMatchedTask/predicted_chunks/episode_004/chunk_002/future.mp4,410914,f49f5f775c7e71a53151d8cc90ed1b66de660aae15441d40c8489fc80809aea3
/home/ali/projects/RoboLab/output/v1_cosmos_vague_pre_thermal_guard/RubiksCubeRightOfBowlMatchedTask/predicted_chunks/episode_004/chunk_002/metadata.json,850,0997af304141e634c80ce39383f18a888867768f2869669629f19c4060d66a5d
/home/ali/projects/RoboLab/output/v1_cosmos_vague_pre_thermal_guard/RubiksCubeRightOfBowlMatchedTask/predicted_chunks/episode_004/chunk_003/action.npy,1152,d7e85ba006f2322dd71f5b835e371990f1f5ce0d9292865dcc340cf2253bc938
/home/ali/projects/RoboLab/output/v1_cosmos_vague_pre_thermal_guard/RubiksCubeRightOfBowlMatchedTask/predicted_chunks/episode_004/chunk_003/conditioning.png,551700,fabff6c0aad09a08085f50d5aa6e47f452d948a2a0d77654c93bf3fa632df77b
/home/ali/projects/RoboLab/output/v1_cosmos_vague_pre_thermal_guard/RubiksCubeRightOfBowlMatchedTask/predicted_chunks/episode_004/chunk_003/future.mp4,511264,7d6ba322c93dea46e6bb132c8e10a67b8523c0a72a7aea1e236e86458f733844
/home/ali/projects/RoboLab/output/v1_cosmos_vague_pre_thermal_guard/RubiksCubeRightOfBowlMatchedTask/predicted_chunks/episode_004/chunk_003/metadata.json,849,b4c041f5c9f18560010021e501d1f38480ee1f684a7567c3046ae4ea5f8d51dc
/home/ali/projects/RoboLab/output/v1_cosmos_vague_pre_thermal_guard/RubiksCubeRightOfBowlMatchedTask/predicted_chunks/episode_004/chunk_004/action.npy,1152,dc18bd8805450e7906245c10b469d5f53f6c4a53cddfe841b915b8c9ccf98dd1
/home/ali/projects/RoboLab/output/v1_cosmos_vague_pre_thermal_guard/RubiksCubeRightOfBowlMatchedTask/predicted_chunks/episode_004/chunk_004/conditioning.png,558795,2bceb91b5bda428b7c59e04134a7189ffdc878cdd600588dfa4b80f6294ceeac
/home/ali/projects/RoboLab/output/v1_cosmos_vague_pre_thermal_guard/RubiksCubeRightOfBowlMatchedTask/predicted_chunks/episode_004/chunk_004/future.mp4,517453,7ea78d3c15501f570710220539153fe74b2d22bbc6d4370bb7d3ed5f54f089a2
/home/ali/projects/RoboLab/output/v1_cosmos_vague_pre_thermal_guard/RubiksCubeRightOfBowlMatchedTask/predicted_chunks/episode_004/chunk_004/metadata.json,851,9db9ff1e3c2c6ebaf69c376733a0ebe5becf98ca0cd657e6047284ffc84221a4
/home/ali/projects/RoboLab/output/v1_cosmos_vague_pre_thermal_guard/RubiksCubeRightOfBowlMatchedTask/predicted_chunks/episode_004/chunk_005/action.npy,1152,e30a4a0921f0a00c82356054b9b3774c3c5366fa8894138746866de4cf995d02
/home/ali/projects/RoboLab/output/v1_cosmos_vague_pre_thermal_guard/RubiksCubeRightOfBowlMatchedTask/predicted_chunks/episode_004/chunk_005/conditioning.png,542905,84328c17194fcfef39c67e0f59d9643ce152d9b4649c9393b85fe9efe7af76e8
/home/ali/projects/RoboLab/output/v1_cosmos_vague_pre_thermal_guard/RubiksCubeRightOfBowlMatchedTask/predicted_chunks/episode_004/chunk_005/future.mp4,562266,9bba38b73808cc971876f7734d61ff48c27b8a2d4aceba06687051df7b781e09
/home/ali/projects/RoboLab/output/v1_cosmos_vague_pre_thermal_guard/RubiksCubeRightOfBowlMatchedTask/predicted_chunks/episode_004/chunk_005/metadata.json,853,f7c86277fc1e56c6219c8c24d12ce326a21ed441c2353b155d1997b98f660e6c
/home/ali/projects/RoboLab/output/v1_cosmos_vague_pre_thermal_guard/RubiksCubeRightOfBowlMatchedTask/predicted_chunks/episode_004/chunk_006/action.npy,1152,8a74d3591121f1e0a118bda6c26e7d92b8da4012d4bb5bed8c00be4a4b3058bf
/home/ali/projects/RoboLab/output/v1_cosmos_vague_pre_thermal_guard/RubiksCubeRightOfBowlMatchedTask/predicted_chunks/episode_004/chunk_006/conditioning.png,500601,898cfb389a3caf8a6813a23314011e7e1ff7f2413c29843211ec29d284925670
/home/ali/projects/RoboLab/output/v1_cosmos_vague_pre_thermal_guard/RubiksCubeRightOfBowlMatchedTask/predicted_chunks/episode_004/chunk_006/future.mp4,436879,02f676ddca2cc663c8beb0f0e6d74dc8a0926ebb11078d37b031b2fb49832169
/home/ali/projects/RoboLab/output/v1_cosmos_vague_pre_thermal_guard/RubiksCubeRightOfBowlMatchedTask/predicted_chunks/episode_004/chunk_006/metadata.json,851,6650165196882bc9000ca1e6f2bc0d91a1ccc812298dfcbd4c643662cff040f3
/home/ali/projects/RoboLab/output/v1_cosmos_vague_pre_thermal_guard/RubiksCubeRightOfBowlMatchedTask/predicted_chunks/episode_004/chunk_007/action.npy,1152,1bc060654357e1b58807a9ae39045518882d77b548d3bc83a896adb46c04fa9e
/home/ali/projects/RoboLab/output/v1_cosmos_vague_pre_thermal_guard/RubiksCubeRightOfBowlMatchedTask/predicted_chunks/episode_004/chunk_007/conditioning.png,489436,fba791d457b9088ce45e8b8af4596456adc60cff330af9a0b6e0339b9cfc362a
/home/ali/projects/RoboLab/output/v1_cosmos_vague_pre_thermal_guard/RubiksCubeRightOfBowlMatchedTask/predicted_chunks/episode_004/chunk_007/future.mp4,569407,80a8985430407f50fa1ff547c69ef962ce3faabe2e7d2c4bd16e1edaa13bbfe4
/home/ali/projects/RoboLab/output/v1_cosmos_vague_pre_thermal_guard/RubiksCubeRightOfBowlMatchedTask/predicted_chunks/episode_004/chunk_007/metadata.json,850,244b19fb5bb4a317294d7488fe4849cfd5427d096e38d87f3dcede88dc57ac91
/home/ali/projects/RoboLab/output/v1_cosmos_vague_pre_thermal_guard/RubiksCubeRightOfBowlMatchedTask/predicted_chunks/episode_005/chunk_000/action.npy,1152,22aec47dd3bcfe9019a657622e0b77caba73c458bcc93b9027d30be1c4d61bd2
/home/ali/projects/RoboLab/output/v1_cosmos_vague_pre_thermal_guard/RubiksCubeRightOfBowlMatchedTask/predicted_chunks/episode_005/chunk_000/conditioning.png,575678,94cd1033175d2cbb8122542fb0de9655456e60be976c34806e4908241c39c0eb
/home/ali/projects/RoboLab/output/v1_cosmos_vague_pre_thermal_guard/RubiksCubeRightOfBowlMatchedTask/predicted_chunks/episode_005/chunk_000/future.mp4,526721,f520725668378bb60d8d4e1c485c0aef658bac83756e42facd508c96aa7f10fd
/home/ali/projects/RoboLab/output/v1_cosmos_vague_pre_thermal_guard/RubiksCubeRightOfBowlMatchedTask/predicted_chunks/episode_005/chunk_000/metadata.json,768,5c9e5582842d2ad17d2d75116aabce2eb856fc16ef705e60fcf1040f8c14b656
/home/ali/projects/RoboLab/output/v1_cosmos_vague_pre_thermal_guard/RubiksCubeRightOfBowlMatchedTask/predicted_chunks/episode_005/chunk_001/action.npy,1152,5102871aaaccc6baca086bce5f8c2ba8c20515ba312969c39d0f2dca2aeb3ce2
/home/ali/projects/RoboLab/output/v1_cosmos_vague_pre_thermal_guard/RubiksCubeRightOfBowlMatchedTask/predicted_chunks/episode_005/chunk_001/conditioning.png,559199,10eb9ad0b4bf53b16a88c59a3eef2590ccf898e396570289680e04bac2a6eea9
/home/ali/projects/RoboLab/output/v1_cosmos_vague_pre_thermal_guard/RubiksCubeRightOfBowlMatchedTask/predicted_chunks/episode_005/chunk_001/future.mp4,377588,53f6ebebe4aa60f4953711b53852bf67d30fbf1d4cada1333d73b04d213fe384
/home/ali/projects/RoboLab/output/v1_cosmos_vague_pre_thermal_guard/RubiksCubeRightOfBowlMatchedTask/predicted_chunks/episode_005/chunk_001/metadata.json,855,f2795bc4a41f2ffc90772f21a2fce33b557bb84245dbb8fdc9ae7396e6ab39db
/home/ali/projects/RoboLab/output/v1_cosmos_vague_pre_thermal_guard/RubiksCubeRightOfBowlMatchedTask/predicted_chunks/episode_005/chunk_002/action.npy,1152,cd7a46a37e92dc052b9cd3fe018a6e561e4e1006e6e391679f91313c607297e6
/home/ali/projects/RoboLab/output/v1_cosmos_vague_pre_thermal_guard/RubiksCubeRightOfBowlMatchedTask/predicted_chunks/episode_005/chunk_002/conditioning.png,528153,8168baa6c35f91be384f71a248f1e31fc79f301a7b6f791452064c8b00714ef7
/home/ali/projects/RoboLab/output/v1_cosmos_vague_pre_thermal_guard/RubiksCubeRightOfBowlMatchedTask/predicted_chunks/episode_005/chunk_002/future.mp4,593865,ff3fdca8d6e5a8ab542f3455171d69eb96306d87ba856141cf8823ac4d3fcd59
/home/ali/projects/RoboLab/output/v1_cosmos_vague_pre_thermal_guard/RubiksCubeRightOfBowlMatchedTask/predicted_chunks/episode_005/chunk_002/metadata.json,846,973059058e598e52aafee9d64b42cc4372e7c6f143c44bcc31f5557d7c17ed6a
/home/ali/projects/RoboLab/output/v1_cosmos_vague_pre_thermal_guard/RubiksCubeRightOfBowlMatchedTask/predicted_chunks/episode_005/chunk_003/action.npy,1152,a1ea330bcd1c824f14203fb142c44c98675c8ef62885cf46b336a5dac8f1b508
/home/ali/projects/RoboLab/output/v1_cosmos_vague_pre_thermal_guard/RubiksCubeRightOfBowlMatchedTask/predicted_chunks/episode_005/chunk_003/conditioning.png,577688,cc4eda2ff27bdde8305d3ace1844da5efdadd5b71c01139ac466011973a40747
/home/ali/projects/RoboLab/output/v1_cosmos_vague_pre_thermal_guard/RubiksCubeRightOfBowlMatchedTask/predicted_chunks/episode_005/chunk_003/future.mp4,584273,811b9c2f4062c8c952764ce62497ada9283c6968222ebb407f51f22b4632f244
/home/ali/projects/RoboLab/output/v1_cosmos_vague_pre_thermal_guard/RubiksCubeRightOfBowlMatchedTask/predicted_chunks/episode_005/chunk_003/metadata.json,853,3a39cc057a449119ebc976c5a5f44a3a1e73bd7bc845387b66e8ebe34b95282a
/home/ali/projects/RoboLab/output/v1_cosmos_vague_pre_thermal_guard/RubiksCubeRightOfBowlMatchedTask/predicted_chunks/episode_005/chunk_004/action.npy,1152,d103195756549e75f4b9778ac51379f716a1927b59318975566d6c9bc1c524ed
/home/ali/projects/RoboLab/output/v1_cosmos_vague_pre_thermal_guard/RubiksCubeRightOfBowlMatchedTask/predicted_chunks/episode_005/chunk_004/conditioning.png,547946,f2c1eb9e8f0a072e32d9c33d51e127cb62218c03e75e83ebe153df88ee85571c
/home/ali/projects/RoboLab/output/v1_cosmos_vague_pre_thermal_guard/RubiksCubeRightOfBowlMatchedTask/predicted_chunks/episode_005/chunk_004/future.mp4,539809,eb2f1ccc06a8d50a69f2a824abe88542a9d28aabe69fb80ee4868a9e29d50be5
/home/ali/projects/RoboLab/output/v1_cosmos_vague_pre_thermal_guard/RubiksCubeRightOfBowlMatchedTask/predicted_chunks/episode_005/chunk_004/metadata.json,854,4f359dc56ca1fe55bfc42c247cec38f16562e50d2aa9e3cf24904a66999fbc9a
/home/ali/projects/RoboLab/output/v1_cosmos_vague_pre_thermal_guard/RubiksCubeRightOfBowlMatchedTask/predicted_chunks/episode_006/chunk_000/action.npy,1152,59d03b83486a691b08d7c7c1617f82a38c4b21d4b5a6a09f4aabc3ed3ff03ffd
/home/ali/projects/RoboLab/output/v1_cosmos_vague_pre_thermal_guard/RubiksCubeRightOfBowlMatchedTask/predicted_chunks/episode_006/chunk_000/conditioning.png,573547,d0da68032785fa3c706a39ce270cd5516d94a5abaa22e3c404969105190ff188
/home/ali/projects/RoboLab/output/v1_cosmos_vague_pre_thermal_guard/RubiksCubeRightOfBowlMatchedTask/predicted_chunks/episode_006/chunk_000/future.mp4,502401,16034b01250db816eb6378f830f56d4f43a9088fe46bc454c58672c9aea019d4
/home/ali/projects/RoboLab/output/v1_cosmos_vague_pre_thermal_guard/RubiksCubeRightOfBowlMatchedTask/predicted_chunks/episode_006/chunk_000/metadata.json,768,bfa2ce9c8554f504ce4122c22142be5d7597cb920ad24fd0a1ca14cefe62aec4
/home/ali/projects/RoboLab/output/v1_cosmos_vague_pre_thermal_guard/RubiksCubeRightOfBowlMatchedTask/predicted_chunks/episode_006/chunk_001/action.npy,1152,23d9f2f9a99fc02ba72b5496fd28d2b9a54c76d5c2291d908d57cc72ab1bb2d5
/home/ali/projects/RoboLab/output/v1_cosmos_vague_pre_thermal_guard/RubiksCubeRightOfBowlMatchedTask/predicted_chunks/episode_006/chunk_001/conditioning.png,552786,003df876e41e04de73513ec20fcace975195634ed94a6af0a678bc43ae22f894
/home/ali/projects/RoboLab/output/v1_cosmos_vague_pre_thermal_guard/RubiksCubeRightOfBowlMatchedTask/predicted_chunks/episode_006/chunk_001/future.mp4,377802,9c37792832f1c2bd506ebff6b1f8ca58b00f8952133415cc3ea5f7266bd6d0d7
/home/ali/projects/RoboLab/output/v1_cosmos_vague_pre_thermal_guard/RubiksCubeRightOfBowlMatchedTask/predicted_chunks/episode_006/chunk_001/metadata.json,853,a8d6d6f6296e7dbefe83dac8a88720554c33f93cf0a6109c27b1ab88291dec35
/home/ali/projects/RoboLab/output/v1_cosmos_vague_pre_thermal_guard/RubiksCubeRightOfBowlMatchedTask/predicted_chunks/episode_006/chunk_002/action.npy,1152,063edb87549a72cc9fe766cb645d7759be833d77f73572bdfd15e7aa078d1fd9
/home/ali/projects/RoboLab/output/v1_cosmos_vague_pre_thermal_guard/RubiksCubeRightOfBowlMatchedTask/predicted_chunks/episode_006/chunk_002/conditioning.png,517744,8d32fec0d68c0c1359cdebff4b632053bdf9f12d1464a1d9f0198455b5fcf57f
/home/ali/projects/RoboLab/output/v1_cosmos_vague_pre_thermal_guard/RubiksCubeRightOfBowlMatchedTask/predicted_chunks/episode_006/chunk_002/future.mp4,470287,abc8ed19217180301a28aaa66ca3cfd7bce5b9ca68aa81441db08597f50ecfa3
/home/ali/projects/RoboLab/output/v1_cosmos_vague_pre_thermal_guard/RubiksCubeRightOfBowlMatchedTask/predicted_chunks/episode_006/chunk_002/metadata.json,851,87df888dfc04c07b53d7d8ca224fea781ff45871424916f470e74ef3cd402410
/home/ali/projects/RoboLab/output/v1_cosmos_vague_pre_thermal_guard/RubiksCubeRightOfBowlMatchedTask/predicted_chunks/episode_006/chunk_003/action.npy,1152,9c811a12a8a4aeaa82c292ad58493d385cdda61766243fe9295b9e6576f76ada
/home/ali/projects/RoboLab/output/v1_cosmos_vague_pre_thermal_guard/RubiksCubeRightOfBowlMatchedTask/predicted_chunks/episode_006/chunk_003/conditioning.png,557896,623dc8d8396d6266fd8d1b2a5783860e5e54e9bbb65c6eb056041bfec6cc357b
/home/ali/projects/RoboLab/output/v1_cosmos_vague_pre_thermal_guard/RubiksCubeRightOfBowlMatchedTask/predicted_chunks/episode_006/chunk_003/future.mp4,452282,3081619d6407c95674916d126d663397207aa12f2f5d97459a58daa1aadcc547
/home/ali/projects/RoboLab/output/v1_cosmos_vague_pre_thermal_guard/RubiksCubeRightOfBowlMatchedTask/predicted_chunks/episode_006/chunk_003/metadata.json,840,b3f177550aa59fba1ca34a8ecc80f72baa3b18198804a84081369ffc48b74b6a
/home/ali/projects/RoboLab/output/v1_cosmos_vague_pre_thermal_guard/RubiksCubeRightOfBowlMatchedTask/predicted_chunks/episode_006/chunk_004/action.npy,1152,37a7c3c912683ae390ac7684b5c8186dde76191ad30b84c86a0aaad9c554d21f
/home/ali/projects/RoboLab/output/v1_cosmos_vague_pre_thermal_guard/RubiksCubeRightOfBowlMatchedTask/predicted_chunks/episode_006/chunk_004/conditioning.png,517112,1516d7175c09f0895e8cc4c0e1fa60cbb7e939ed569e4dfcc7c3060fef763ea4
/home/ali/projects/RoboLab/output/v1_cosmos_vague_pre_thermal_guard/RubiksCubeRightOfBowlMatchedTask/predicted_chunks/episode_006/chunk_004/future.mp4,407855,896230d8d4319ea6c6a950a42145bd28c8a30bac20abf070f7c5a01b92034986
/home/ali/projects/RoboLab/output/v1_cosmos_vague_pre_thermal_guard/RubiksCubeRightOfBowlMatchedTask/predicted_chunks/episode_006/chunk_004/metadata.json,858,5a68d9649ed971afc904b5f6437d1a975332318e2672c8316d79760174370ffc
/home/ali/projects/RoboLab/output/v1_cosmos_vague_pre_thermal_guard/RubiksCubeRightOfBowlMatchedTask/predicted_chunks/episode_006/chunk_005/action.npy,1152,e3f48a6ec5374402a5f6bcbb9d809b5a6f4401cfa1bac1b547cb4be9a33f86d0
/home/ali/projects/RoboLab/output/v1_cosmos_vague_pre_thermal_guard/RubiksCubeRightOfBowlMatchedTask/predicted_chunks/episode_006/chunk_005/conditioning.png,529074,ed2a2606ded0049729b2b0b21fc603b3ccaa929f06875bf1d26c7297294fd0ec
/home/ali/projects/RoboLab/output/v1_cosmos_vague_pre_thermal_guard/RubiksCubeRightOfBowlMatchedTask/predicted_chunks/episode_006/chunk_005/future.mp4,464270,062fa40db7cc18d298c2680ef682bdf768bd34b541787a9c372b8ef54fdbdfe9
/home/ali/projects/RoboLab/output/v1_cosmos_vague_pre_thermal_guard/RubiksCubeRightOfBowlMatchedTask/predicted_chunks/episode_006/chunk_005/metadata.json,853,83ae689d07165f46fad0d3e4a60cf17c064ea9293959e9c1c5307de52644c43c
/home/ali/projects/RoboLab/output/v1_cosmos_vague_pre_thermal_guard/RubiksCubeRightOfBowlMatchedTask/predicted_chunks/episode_006/chunk_006/action.npy,1152,039b0d653be02465bb25fd4e590b7d3b3ede46452b6bc3fa4b781349ec705176
/home/ali/projects/RoboLab/output/v1_cosmos_vague_pre_thermal_guard/RubiksCubeRightOfBowlMatchedTask/predicted_chunks/episode_006/chunk_006/conditioning.png,562560,c61df206a665b1e85b86e62ebdb96ea293650d80b2057ebe4622041fe7a44db1
/home/ali/projects/RoboLab/output/v1_cosmos_vague_pre_thermal_guard/RubiksCubeRightOfBowlMatchedTask/predicted_chunks/episode_006/chunk_006/future.mp4,630832,0dcdd0b5799b9e826e844d94bae9c42eceed80596fb61d57cd879ae1800ce57e
/home/ali/projects/RoboLab/output/v1_cosmos_vague_pre_thermal_guard/RubiksCubeRightOfBowlMatchedTask/predicted_chunks/episode_006/chunk_006/metadata.json,852,b52c71ff15abb822c07514bb53192ca024b7f744c59008b2608b085e5534215d
/home/ali/projects/RoboLab/output/v1_cosmos_vague_pre_thermal_guard/RubiksCubeRightOfBowlMatchedTask/predicted_chunks/episode_006/chunk_007/action.npy,1152,ee491b62fb43f1dd4326c89312e1cfbe99723685c7f53e15d98be3e7ddc5e638
/home/ali/projects/RoboLab/output/v1_cosmos_vague_pre_thermal_guard/RubiksCubeRightOfBowlMatchedTask/predicted_chunks/episode_006/chunk_007/conditioning.png,533959,535242e5986a8f03013bcdcc24ac9776ad7b1a3951d154fb91041566d6f33109
/home/ali/projects/RoboLab/output/v1_cosmos_vague_pre_thermal_guard/RubiksCubeRightOfBowlMatchedTask/predicted_chunks/episode_006/chunk_007/future.mp4,478658,28d437c4c2ad146c14fff72007f609e017ec956cc8d1ccca004f37fa08a5186b
/home/ali/projects/RoboLab/output/v1_cosmos_vague_pre_thermal_guard/RubiksCubeRightOfBowlMatchedTask/predicted_chunks/episode_006/chunk_007/metadata.json,848,bd5852db3dd0e97f82316892a49082ec4943da18ed68a1b764e29d8fee0d576d
/home/ali/projects/RoboLab/output/v1_cosmos_vague_pre_thermal_guard/RubiksCubeRightOfBowlMatchedTask/predicted_chunks/episode_007/chunk_000/action.npy,1152,de2623f537b5b05ad90fe03706a599389882e4be70d2def6e4e9106722631004
/home/ali/projects/RoboLab/output/v1_cosmos_vague_pre_thermal_guard/RubiksCubeRightOfBowlMatchedTask/predicted_chunks/episode_007/chunk_000/conditioning.png,575170,54ceca799259f341779e8c27f6515ad9d05562c30614301fbef7461e2b86e157
/home/ali/projects/RoboLab/output/v1_cosmos_vague_pre_thermal_guard/RubiksCubeRightOfBowlMatchedTask/predicted_chunks/episode_007/chunk_000/future.mp4,484349,228bcdf728ccbb727ff563a0d846c0452502a9faaf29607f484e3b809163a4a5
/home/ali/projects/RoboLab/output/v1_cosmos_vague_pre_thermal_guard/RubiksCubeRightOfBowlMatchedTask/predicted_chunks/episode_007/chunk_000/metadata.json,768,813c5b7fd789fda8790519e54d379f234e107dd77d539f8a6812edb79e7257d2
/home/ali/projects/RoboLab/output/v1_cosmos_vague_pre_thermal_guard/RubiksCubeRightOfBowlMatchedTask/predicted_chunks/episode_007/chunk_001/action.npy,1152,728737bddf0a0285acbf2bcb9ee5cc55737c5e9d50c303d6d95d8e32af6bde08
/home/ali/projects/RoboLab/output/v1_cosmos_vague_pre_thermal_guard/RubiksCubeRightOfBowlMatchedTask/predicted_chunks/episode_007/chunk_001/conditioning.png,559845,8774fef1a7e1f17310265bb2100a324801c87be6463e97d4e2bc6c1fc05f5902
/home/ali/projects/RoboLab/output/v1_cosmos_vague_pre_thermal_guard/RubiksCubeRightOfBowlMatchedTask/predicted_chunks/episode_007/chunk_001/future.mp4,414981,60b8632cd0372076dd47a667e299ed3451be2628a5524c1cda6c58d71d760699
/home/ali/projects/RoboLab/output/v1_cosmos_vague_pre_thermal_guard/RubiksCubeRightOfBowlMatchedTask/predicted_chunks/episode_007/chunk_001/metadata.json,851,6e593208056d708bfb25398388099609f824ea52fcd8d78964a7e64c35d2c9c2
/home/ali/projects/RoboLab/output/v1_cosmos_vague_pre_thermal_guard/RubiksCubeRightOfBowlMatchedTask/predicted_chunks/episode_007/chunk_002/action.npy,1152,fbdc679c6ee5b3f4d957b325ed2d150f6e4111e52f01b9ef7fbda21d67d97990
/home/ali/projects/RoboLab/output/v1_cosmos_vague_pre_thermal_guard/RubiksCubeRightOfBowlMatchedTask/predicted_chunks/episode_007/chunk_002/conditioning.png,540250,df119dac2d0f05f6783ff63751ac2adfdbc673aa1e9980af811ac88f281a3b0a
/home/ali/projects/RoboLab/output/v1_cosmos_vague_pre_thermal_guard/RubiksCubeRightOfBowlMatchedTask/predicted_chunks/episode_007/chunk_002/future.mp4,472778,56f80ea7e2e1a658987ff228773b3508b5db48ef2acc036f6ab1ce3224bca6f9
/home/ali/projects/RoboLab/output/v1_cosmos_vague_pre_thermal_guard/RubiksCubeRightOfBowlMatchedTask/predicted_chunks/episode_007/chunk_002/metadata.json,852,d2bb5932d945655d222189e2387d897b52bb925996347f3b0ed26249b01852b4
/home/ali/projects/RoboLab/output/v1_cosmos_vague_pre_thermal_guard/RubiksCubeRightOfBowlMatchedTask/predicted_chunks/episode_007/chunk_003/action.npy,1152,7696f5bafb1365643f3b05c22d988f0d61a34204b1a38fd0bfc94b3c2ed16c99
/home/ali/projects/RoboLab/output/v1_cosmos_vague_pre_thermal_guard/RubiksCubeRightOfBowlMatchedTask/predicted_chunks/episode_007/chunk_003/conditioning.png,567586,c78b02ee49a08c435f94b2546d5d9875b26b0f27006f171bd1b5ca81d3139b54
/home/ali/projects/RoboLab/output/v1_cosmos_vague_pre_thermal_guard/RubiksCubeRightOfBowlMatchedTask/predicted_chunks/episode_007/chunk_003/future.mp4,545280,6fc6efc3d170c073bc95374ffaaf87479158a06169eb5571b9a97e1a86eb0e23
/home/ali/projects/RoboLab/output/v1_cosmos_vague_pre_thermal_guard/RubiksCubeRightOfBowlMatchedTask/predicted_chunks/episode_007/chunk_003/metadata.json,853,867071b5d4ef05cf846888dc58ea877f174c0eaaeeba31fd552237543b27b6eb
/home/ali/projects/RoboLab/output/v1_cosmos_vague_pre_thermal_guard/RubiksCubeRightOfBowlMatchedTask/predicted_chunks/episode_007/chunk_004/action.npy,1152,df423da42095cdcbbf282b37d3744e404b6862f8ad6ff8b9cb9e305d0c7da203
/home/ali/projects/RoboLab/output/v1_cosmos_vague_pre_thermal_guard/RubiksCubeRightOfBowlMatchedTask/predicted_chunks/episode_007/chunk_004/conditioning.png,518677,e109cfd9e885348cb1957e02a076beeb718e2fc5811409eb0870093e42f2e397
/home/ali/projects/RoboLab/output/v1_cosmos_vague_pre_thermal_guard/RubiksCubeRightOfBowlMatchedTask/predicted_chunks/episode_007/chunk_004/future.mp4,443406,abe6af1e3a7ad9350cea211d3850be47b66cb75bded1ce806089cc7bae942b15
/home/ali/projects/RoboLab/output/v1_cosmos_vague_pre_thermal_guard/RubiksCubeRightOfBowlMatchedTask/predicted_chunks/episode_007/chunk_004/metadata.json,848,b8a1a15121807192075d8568a27858517ca3bc646c647fdcfdb47ecb408a9623
/home/ali/projects/RoboLab/output/v1_cosmos_vague_pre_thermal_guard/RubiksCubeRightOfBowlMatchedTask/predicted_chunks/episode_007/chunk_005/action.npy,1152,206ad9a5f6565b30002bed328d1c52d16bb470ea98704d4ee97d577195b03d3b
/home/ali/projects/RoboLab/output/v1_cosmos_vague_pre_thermal_guard/RubiksCubeRightOfBowlMatchedTask/predicted_chunks/episode_007/chunk_005/conditioning.png,509826,f911d29f0cb4879412af16409d3a74f75c881da12f3ef37385ec07d8d0ebc3fc
/home/ali/projects/RoboLab/output/v1_cosmos_vague_pre_thermal_guard/RubiksCubeRightOfBowlMatchedTask/predicted_chunks/episode_007/chunk_005/future.mp4,402939,e30640f20e08d9046a6c155f433141b83a42c0a94eb676127d01094ee8638e0d
/home/ali/projects/RoboLab/output/v1_cosmos_vague_pre_thermal_guard/RubiksCubeRightOfBowlMatchedTask/predicted_chunks/episode_007/chunk_005/metadata.json,851,f18aa5e0bb66d56d7be12e0a72c62d92988162ef06fa33c9ae02e3c8a7fb6011
/home/ali/projects/RoboLab/output/v1_cosmos_vague_pre_thermal_guard/RubiksCubeRightOfBowlMatchedTask/predicted_chunks/episode_008/chunk_000/action.npy,1152,d981ddbf4f631b5aecf72dce1af123ca7e4cd13c58b2933a7a255a721d19533e
/home/ali/projects/RoboLab/output/v1_cosmos_vague_pre_thermal_guard/RubiksCubeRightOfBowlMatchedTask/predicted_chunks/episode_008/chunk_000/conditioning.png,575589,0e6db3a886b553592666887af514ddb82b5f73e8924b4058f25aafedf68fcef3
/home/ali/projects/RoboLab/output/v1_cosmos_vague_pre_thermal_guard/RubiksCubeRightOfBowlMatchedTask/predicted_chunks/episode_008/chunk_000/future.mp4,501414,503a0fb4865cd02708cf4c72484b3dea158070edf5d23f575e4e4e3804aef1b4
/home/ali/projects/RoboLab/output/v1_cosmos_vague_pre_thermal_guard/RubiksCubeRightOfBowlMatchedTask/predicted_chunks/episode_008/chunk_000/metadata.json,768,b9f67a0b4678f5e547edeecc46430947b9af8bcdd7dbf75c6f82328c1268eb53
/home/ali/projects/RoboLab/output/v1_cosmos_vague_pre_thermal_guard/RubiksCubeRightOfBowlMatchedTask/predicted_chunks/episode_008/chunk_001/action.npy,1152,d246569c4874afdd06b443e5c7db5ceb7daf516fa406b7c09c04c5b2391cf39f
/home/ali/projects/RoboLab/output/v1_cosmos_vague_pre_thermal_guard/RubiksCubeRightOfBowlMatchedTask/predicted_chunks/episode_008/chunk_001/conditioning.png,542222,12563d67c98243e8bec65308fb5015e511e6d8b09a446ff4352ab343b35c8d61
/home/ali/projects/RoboLab/output/v1_cosmos_vague_pre_thermal_guard/RubiksCubeRightOfBowlMatchedTask/predicted_chunks/episode_008/chunk_001/future.mp4,416110,95eac4ac1e0ff32b03b64f11acf5a2c2679fb9530abeed748bd31bd7620fd08a
/home/ali/projects/RoboLab/output/v1_cosmos_vague_pre_thermal_guard/RubiksCubeRightOfBowlMatchedTask/predicted_chunks/episode_008/chunk_001/metadata.json,852,99792e5dd2bce3132b8250cd8e578d949878cf013b851a87f2e3ee03553a25b1
/home/ali/projects/RoboLab/output/v1_cosmos_vague_pre_thermal_guard/RubiksCubeRightOfBowlMatchedTask/predicted_chunks/episode_008/chunk_002/action.npy,1152,bf941e5f3729dbe1ef96c091266710af918ddd9a7bad89a7c5ffc5af2a99a7c8
/home/ali/projects/RoboLab/output/v1_cosmos_vague_pre_thermal_guard/RubiksCubeRightOfBowlMatchedTask/predicted_chunks/episode_008/chunk_002/conditioning.png,536303,cbc21656be5997b55f58e3dfe0c41bc080d3259d69cc485b32f8ea6c8e4d0031
/home/ali/projects/RoboLab/output/v1_cosmos_vague_pre_thermal_guard/RubiksCubeRightOfBowlMatchedTask/predicted_chunks/episode_008/chunk_002/future.mp4,434695,d745d4fa0a39b0ab0b67164e7beb5d531df1c7030935cfa8bef3c0fe4659c4f7
/home/ali/projects/RoboLab/output/v1_cosmos_vague_pre_thermal_guard/RubiksCubeRightOfBowlMatchedTask/predicted_chunks/episode_008/chunk_002/metadata.json,832,7b92ab12b57dc75b71a555d3187a17bd9365b4e3ab712391109699e6681a81ea
/home/ali/projects/RoboLab/output/v1_cosmos_vague_pre_thermal_guard/RubiksCubeRightOfBowlMatchedTask/predicted_chunks/episode_008/chunk_003/action.npy,1152,e4b0b72cc11a36894635b79510b7260a32ff1ce975463c08fa924827a5d4196b
/home/ali/projects/RoboLab/output/v1_cosmos_vague_pre_thermal_guard/RubiksCubeRightOfBowlMatchedTask/predicted_chunks/episode_008/chunk_003/conditioning.png,526500,d31f0395bf341802a522cd6c0e089438c3d45bcd877b90ec37c2f37ad74e6838
/home/ali/projects/RoboLab/output/v1_cosmos_vague_pre_thermal_guard/RubiksCubeRightOfBowlMatchedTask/predicted_chunks/episode_008/chunk_003/future.mp4,477876,6fc3ccec9eef8ca3241678da72de5f66321f87089a097cbffabf49e5d7bd3d2a
/home/ali/projects/RoboLab/output/v1_cosmos_vague_pre_thermal_guard/RubiksCubeRightOfBowlMatchedTask/predicted_chunks/episode_008/chunk_003/metadata.json,846,7e01803b0aae76673f7771d6d5ea1b4ab1dcbe571c3cb40858940a345220720f
/home/ali/projects/RoboLab/output/v1_cosmos_vague_pre_thermal_guard/RubiksCubeRightOfBowlMatchedTask/predicted_chunks/episode_008/chunk_004/action.npy,1152,09df8b5af2455b46e2db2cc23309cd62b5949783781621f258a530aeb23081a9
/home/ali/projects/RoboLab/output/v1_cosmos_vague_pre_thermal_guard/RubiksCubeRightOfBowlMatchedTask/predicted_chunks/episode_008/chunk_004/conditioning.png,550936,559923a45d565797792128da0850a6fce3fa0721ce425e032cf3f804657939ec
/home/ali/projects/RoboLab/output/v1_cosmos_vague_pre_thermal_guard/RubiksCubeRightOfBowlMatchedTask/predicted_chunks/episode_008/chunk_004/future.mp4,312243,adcb44a52efe784ad5c3a48f12531a864c83a189f109df84cd77ed4abc5468c2
/home/ali/projects/RoboLab/output/v1_cosmos_vague_pre_thermal_guard/RubiksCubeRightOfBowlMatchedTask/predicted_chunks/episode_008/chunk_004/metadata.json,849,9175986ebb0ec50726e9e2006982edcdf34933c152d6ca2cfa534e7916bb6890
/home/ali/projects/RoboLab/output/v1_cosmos_vague_pre_thermal_guard/RubiksCubeRightOfBowlMatchedTask/predicted_chunks/episode_008/chunk_005/action.npy,1152,c2d23bf7fc6790b0061ccd8e58b612dcfa93c25cd35cd4624a36b29b987e3ab9
/home/ali/projects/RoboLab/output/v1_cosmos_vague_pre_thermal_guard/RubiksCubeRightOfBowlMatchedTask/predicted_chunks/episode_008/chunk_005/conditioning.png,545421,abef55c145307ef6eac433929368abeac6d4981b700338ddfbccde119322641a
/home/ali/projects/RoboLab/output/v1_cosmos_vague_pre_thermal_guard/RubiksCubeRightOfBowlMatchedTask/predicted_chunks/episode_008/chunk_005/future.mp4,364171,0ec595964c61e2e2caeebd0530c404cce908a6b80d5352c018ea585880591177
/home/ali/projects/RoboLab/output/v1_cosmos_vague_pre_thermal_guard/RubiksCubeRightOfBowlMatchedTask/predicted_chunks/episode_008/chunk_005/metadata.json,850,285211afaf863fea9a134cd5f9584500ac5da1a13da963a9c6eda66d08fc82bc
/home/ali/projects/RoboLab/output/v1_cosmos_vague_pre_thermal_guard/RubiksCubeRightOfBowlMatchedTask/predicted_chunks/episode_009/chunk_000/action.npy,1152,0fda2635b7be0ea3163afe3f4d61ae65125b370d0174ffdb43ae249f196e1201
/home/ali/projects/RoboLab/output/v1_cosmos_vague_pre_thermal_guard/RubiksCubeRightOfBowlMatchedTask/predicted_chunks/episode_009/chunk_000/conditioning.png,573874,a547dfdfdfe9cc31f2c17a186ccd716d6b37fb724c16868e9ac60bf13aa94d7c
/home/ali/projects/RoboLab/output/v1_cosmos_vague_pre_thermal_guard/RubiksCubeRightOfBowlMatchedTask/predicted_chunks/episode_009/chunk_000/future.mp4,472353,65ece8018d264fc5c2201a6d59c5ddb544476297fe891a0dd937266baee2277a
/home/ali/projects/RoboLab/output/v1_cosmos_vague_pre_thermal_guard/RubiksCubeRightOfBowlMatchedTask/predicted_chunks/episode_009/chunk_000/metadata.json,768,8de96f33bb8bead6dfc6b2378c5e5f74ceaedab84a240f69b80f107e36115116
/home/ali/projects/RoboLab/output/v1_cosmos_vague_pre_thermal_guard/RubiksCubeRightOfBowlMatchedTask/predicted_chunks/episode_009/chunk_001/action.npy,1152,e69923c6865658cadd6ab15d493441550d8c3ef226d3ac88ab5b75559b1a24bf
/home/ali/projects/RoboLab/output/v1_cosmos_vague_pre_thermal_guard/RubiksCubeRightOfBowlMatchedTask/predicted_chunks/episode_009/chunk_001/conditioning.png,563896,79c37986c4fcf400710f074ac8cb07955d4a8abbaaafa7fa5dbd0986f0585541
/home/ali/projects/RoboLab/output/v1_cosmos_vague_pre_thermal_guard/RubiksCubeRightOfBowlMatchedTask/predicted_chunks/episode_009/chunk_001/future.mp4,415291,49078dd9f350228f7e17b87e0093dfd690afc3a60c45338b3734ced454b2f85e
/home/ali/projects/RoboLab/output/v1_cosmos_vague_pre_thermal_guard/RubiksCubeRightOfBowlMatchedTask/predicted_chunks/episode_009/chunk_001/metadata.json,854,f87706051ad33d892256ee5aad76e33708e33156a9955cfba800f91d753079ca
/home/ali/projects/RoboLab/output/v1_cosmos_vague_pre_thermal_guard/RubiksCubeRightOfBowlMatchedTask/predicted_chunks/episode_009/chunk_002/action.npy,1152,378f47d992278d5a27e00c2281b9b403da1e74dc2c249c0a402606e77500c126
/home/ali/projects/RoboLab/output/v1_cosmos_vague_pre_thermal_guard/RubiksCubeRightOfBowlMatchedTask/predicted_chunks/episode_009/chunk_002/conditioning.png,548262,94984e686ffcd3a0e7403f27c6e0db6c3ccbdc6713b407ab13c28a8e768d7989
/home/ali/projects/RoboLab/output/v1_cosmos_vague_pre_thermal_guard/RubiksCubeRightOfBowlMatchedTask/predicted_chunks/episode_009/chunk_002/future.mp4,434573,04002899195103a8856bb5df2fc14fd141bad2ed1274036d95b32155dd972d55
/home/ali/projects/RoboLab/output/v1_cosmos_vague_pre_thermal_guard/RubiksCubeRightOfBowlMatchedTask/predicted_chunks/episode_009/chunk_002/metadata.json,851,bc80552ba1ee99cabe688442dc8ba0ae977e10714ab11c14c743c4c2a3403795
/home/ali/projects/RoboLab/output/v1_cosmos_vague_pre_thermal_guard/RubiksCubeRightOfBowlMatchedTask/predicted_chunks/episode_009/chunk_003/action.npy,1152,e71865c575ec9e01421ffb25ffe02b03b362f655937adbd557ca25ddcc34f77d
/home/ali/projects/RoboLab/output/v1_cosmos_vague_pre_thermal_guard/RubiksCubeRightOfBowlMatchedTask/predicted_chunks/episode_009/chunk_003/conditioning.png,565707,9efaf6ccb11d5168afd050d5184150aaa09af54fc99a90827cb9bac4e74c9357
/home/ali/projects/RoboLab/output/v1_cosmos_vague_pre_thermal_guard/RubiksCubeRightOfBowlMatchedTask/predicted_chunks/episode_009/chunk_003/future.mp4,472879,27cf71969500f3a9f80a32cd0c3fd77dc2b7430292f222ad999d9e1c66380c05
/home/ali/projects/RoboLab/output/v1_cosmos_vague_pre_thermal_guard/RubiksCubeRightOfBowlMatchedTask/predicted_chunks/episode_009/chunk_003/metadata.json,851,1e865df7fd4bb733ff63ed635a59eee349b1c1c2421e72faf0874d145a480f87
/home/ali/projects/RoboLab/output/v1_cosmos_vague_pre_thermal_guard/RubiksCubeRightOfBowlMatchedTask/predicted_chunks/episode_009/chunk_004/action.npy,1152,499e34a41505e77fc0d40886d625453897a99a109ae329dd8502259bf3b3c8b7
/home/ali/projects/RoboLab/output/v1_cosmos_vague_pre_thermal_guard/RubiksCubeRightOfBowlMatchedTask/predicted_chunks/episode_009/chunk_004/conditioning.png,548227,b93ec0fb05d8895a71b36152262bcb9d83cb84a5a9ca0662f0698ea65b3579f5
/home/ali/projects/RoboLab/output/v1_cosmos_vague_pre_thermal_guard/RubiksCubeRightOfBowlMatchedTask/predicted_chunks/episode_009/chunk_004/future.mp4,345463,6b3d74a876ff1b2f46115229f14c16cd8f5ef08760b70c6af175506ebcd50e46
/home/ali/projects/RoboLab/output/v1_cosmos_vague_pre_thermal_guard/RubiksCubeRightOfBowlMatchedTask/predicted_chunks/episode_009/chunk_004/metadata.json,853,573fda0cb53dabcae4ba374673a34e56ac744b95768c6cdcbd3f84a1befafdf3
/home/ali/projects/RoboLab/output/v1_cosmos_vague_pre_thermal_guard/RubiksCubeRightOfBowlMatchedTask/predicted_chunks/episode_009/chunk_005/action.npy,1152,accf15da990107b47669145807890a9eda6b6479a9b13f3391a5ff521d28eb18
/home/ali/projects/RoboLab/output/v1_cosmos_vague_pre_thermal_guard/RubiksCubeRightOfBowlMatchedTask/predicted_chunks/episode_009/chunk_005/conditioning.png,533105,599ce13f372b125ab244b08422a559fb33f3cb6a1fdac7151533171b9856ad9c
/home/ali/projects/RoboLab/output/v1_cosmos_vague_pre_thermal_guard/RubiksCubeRightOfBowlMatchedTask/predicted_chunks/episode_009/chunk_005/future.mp4,345756,42fe1a16e4c5cfab22f77001799a57c3ceb22c027b3c043482f1b95484ba2503
/home/ali/projects/RoboLab/output/v1_cosmos_vague_pre_thermal_guard/RubiksCubeRightOfBowlMatchedTask/predicted_chunks/episode_009/chunk_005/metadata.json,852,3b41e0b1d7e9c66c520910d6b116de184ad5de29a196195bf0fd5bed6a7223de
/home/ali/projects/RoboLab/output/v1_cosmos_vague_pre_thermal_guard/RubiksCubeRightOfBowlMatchedTask/predicted_chunks/episode_009/chunk_006/action.npy,1152,4826deeace6474376fb1dc4464c5d0568cc7559df75d082e691f6c805a37f9c1
/home/ali/projects/RoboLab/output/v1_cosmos_vague_pre_thermal_guard/RubiksCubeRightOfBowlMatchedTask/predicted_chunks/episode_009/chunk_006/conditioning.png,522641,79b9bbfd5bee57c78320d9e6e249cd5414bc9f4eac610ebbeae7d920361d158b
/home/ali/projects/RoboLab/output/v1_cosmos_vague_pre_thermal_guard/RubiksCubeRightOfBowlMatchedTask/predicted_chunks/episode_009/chunk_006/future.mp4,337030,79157134afe6e0fe8480dd329c33ce32de2a25840796cc64f70ceb636e51caf0
/home/ali/projects/RoboLab/output/v1_cosmos_vague_pre_thermal_guard/RubiksCubeRightOfBowlMatchedTask/predicted_chunks/episode_009/chunk_006/metadata.json,855,607919801e415540c9225cdf0c9bab01c3ba570d7164dff1ac7a0bd1c9d9d5ff
/home/ali/projects/RoboLab/output/v1_cosmos_vague_pre_thermal_guard/RubiksCubeRightOfBowlMatchedTask/predicted_chunks/episode_009/chunk_007/action.npy,1152,4440ee0fab5cf93e2b23ed8dc507eb586829512414af1706b74d4150eb2277d2
/home/ali/projects/RoboLab/output/v1_cosmos_vague_pre_thermal_guard/RubiksCubeRightOfBowlMatchedTask/predicted_chunks/episode_009/chunk_007/conditioning.png,523406,ccf535579355774dc507ee32620b73acfb8a2206f92203fe13b9b10c9e1c01b5
/home/ali/projects/RoboLab/output/v1_cosmos_vague_pre_thermal_guard/RubiksCubeRightOfBowlMatchedTask/predicted_chunks/episode_009/chunk_007/future.mp4,373567,12d79e97e5e3f0b838548b25ae042f8594450a1038eaa1b8a980805ebe9726a0
/home/ali/projects/RoboLab/output/v1_cosmos_vague_pre_thermal_guard/RubiksCubeRightOfBowlMatchedTask/predicted_chunks/episode_009/chunk_007/metadata.json,852,8f375873fe098666d34f7d11d3b0a86e618378452e2535134c7637e5a2a42919
/home/ali/projects/RoboLab/output/v1_cosmos_vague_pre_thermal_guard/RubiksCubeRightOfBowlMatchedTask/predicted_chunks/episode_009/chunk_008/action.npy,1152,444a84007fcc2b797ba6b121d8909aa7b29c2d076af46a4feb0b5625bb2e1ba2
/home/ali/projects/RoboLab/output/v1_cosmos_vague_pre_thermal_guard/RubiksCubeRightOfBowlMatchedTask/predicted_chunks/episode_009/chunk_008/conditioning.png,474184,ebcb4ab1ee614f8e317942e06670ee785aeb860d3f3815dcc43d8f8878cfa9db
/home/ali/projects/RoboLab/output/v1_cosmos_vague_pre_thermal_guard/RubiksCubeRightOfBowlMatchedTask/predicted_chunks/episode_009/chunk_008/future.mp4,333488,c85193530fda5d730af5f23f8ec9f1e9cae2a143c6708dcaf62fa9a44d56e4b0
/home/ali/projects/RoboLab/output/v1_cosmos_vague_pre_thermal_guard/RubiksCubeRightOfBowlMatchedTask/predicted_chunks/episode_009/chunk_008/metadata.json,835,de8b04cf2aad3c35ab41fd36f436ac0cc5bd870733855dd8ea2738197223ed7d
/home/ali/projects/RoboLab/output/v1_cosmos_vague_pre_thermal_guard/RubiksCubeRightOfBowlMatchedTask/predicted_chunks/episode_009/chunk_009/action.npy,1152,c5a033001937d983d2fbe6a47ca3ab87168102c4dc39eef2f29a46718b063067
/home/ali/projects/RoboLab/output/v1_cosmos_vague_pre_thermal_guard/RubiksCubeRightOfBowlMatchedTask/predicted_chunks/episode_009/chunk_009/conditioning.png,520052,b9adda20cb2d1fb2f7ec5e6672e22020f91dae0be2ff0a3d268324cb763beb9f
/home/ali/projects/RoboLab/output/v1_cosmos_vague_pre_thermal_guard/RubiksCubeRightOfBowlMatchedTask/predicted_chunks/episode_009/chunk_009/future.mp4,451249,87252d198032c9f2ff99f2480ac3f40197ec35552ab3edbe4111a2191e51a832
/home/ali/projects/RoboLab/output/v1_cosmos_vague_pre_thermal_guard/RubiksCubeRightOfBowlMatchedTask/predicted_chunks/episode_009/chunk_009/metadata.json,833,1449019bd0c927081d03f847dd71f27d0d43fe75f482380209cf8ae37abb8e2d
/home/ali/projects/RoboLab/output/v1_cosmos_vague_pre_thermal_guard/RubiksCubeRightOfBowlMatchedTask/predicted_chunks/episode_009/chunk_010/action.npy,1152,91181f92023fda5ae203a1348af43aa341eeaec4424a2d39d1465f06a5b61638
/home/ali/projects/RoboLab/output/v1_cosmos_vague_pre_thermal_guard/RubiksCubeRightOfBowlMatchedTask/predicted_chunks/episode_009/chunk_010/conditioning.png,501478,be17ebf56348618d08c8d0aa63499b0716bbaea15fc7fdb1ee20db02a60d5aa6
/home/ali/projects/RoboLab/output/v1_cosmos_vague_pre_thermal_guard/RubiksCubeRightOfBowlMatchedTask/predicted_chunks/episode_009/chunk_010/future.mp4,386281,e098147c35a8e51c25b365cfe187ea7f32313b9fc4c7cd646356380aef30cda9
/home/ali/projects/RoboLab/output/v1_cosmos_vague_pre_thermal_guard/RubiksCubeRightOfBowlMatchedTask/predicted_chunks/episode_009/chunk_010/metadata.json,836,64ae78f6432129cd873c100b50c13a79d83a633868f02cd92992a25a7cc48fe3
/home/ali/projects/RoboLab/output/v1_cosmos_vague_pre_thermal_guard/RubiksCubeRightOfBowlMatchedTask/predicted_chunks/episode_009/chunk_011/action.npy,1152,ea7bda42a680c67cfd1bccc4ce3be136a6359cf69bef7b81db5cdd930834ceea
/home/ali/projects/RoboLab/output/v1_cosmos_vague_pre_thermal_guard/RubiksCubeRightOfBowlMatchedTask/predicted_chunks/episode_009/chunk_011/conditioning.png,501824,064ba26c9702850bc04648ab626d76fff539ebfe9006122e891aa04b671f5eb7
/home/ali/projects/RoboLab/output/v1_cosmos_vague_pre_thermal_guard/RubiksCubeRightOfBowlMatchedTask/predicted_chunks/episode_009/chunk_011/future.mp4,359344,a7b5ef841b878a6c83d626f1fae62b89b3ea852b40b6fe27b17725ff05173dee
/home/ali/projects/RoboLab/output/v1_cosmos_vague_pre_thermal_guard/RubiksCubeRightOfBowlMatchedTask/predicted_chunks/episode_009/chunk_011/metadata.json,836,ce8fe989374e4a7efa2e617c8261709c5619661875e29d56e73df65f2633058d
/home/ali/projects/RoboLab/output/v1_cosmos_vague_pre_thermal_guard/RubiksCubeRightOfBowlMatchedTask/predicted_chunks/episode_009/chunk_012/action.npy,1152,1f71fb1aa957217ebe5eb8d40847a613df71dc54a5e7c90b7bf73b6fa6ccfc80
/home/ali/projects/RoboLab/output/v1_cosmos_vague_pre_thermal_guard/RubiksCubeRightOfBowlMatchedTask/predicted_chunks/episode_009/chunk_012/conditioning.png,508689,d93306bbde8a7754f0325ef49828b2b3efb4ef3cf4b2a056662ca4bc8c481ec7
/home/ali/projects/RoboLab/output/v1_cosmos_vague_pre_thermal_guard/RubiksCubeRightOfBowlMatchedTask/predicted_chunks/episode_009/chunk_012/future.mp4,382125,754199feea1151c6ebe73da0b5a653855cbdd576dd94d195e4c74de6c5b67c63
/home/ali/projects/RoboLab/output/v1_cosmos_vague_pre_thermal_guard/RubiksCubeRightOfBowlMatchedTask/predicted_chunks/episode_009/chunk_012/metadata.json,852,b48a4a5f5a79df9ee5d1d1d248dadbf22c36a5314f373ce88c4fab2011e548ca
/home/ali/projects/RoboLab/output/v1_cosmos_vague_pre_thermal_guard/RubiksCubeRightOfBowlMatchedTask/predicted_chunks/episode_009/chunk_013/action.npy,1152,1f105d9aba5cebffb8b631bbbfd88fc2e5e06f570292e11566d43e0fc54ecc43
/home/ali/projects/RoboLab/output/v1_cosmos_vague_pre_thermal_guard/RubiksCubeRightOfBowlMatchedTask/predicted_chunks/episode_009/chunk_013/conditioning.png,534737,f67b115862326000a9d701c1b340d201d3d9357034c5aee0a7430ee59865ac1f
/home/ali/projects/RoboLab/output/v1_cosmos_vague_pre_thermal_guard/RubiksCubeRightOfBowlMatchedTask/predicted_chunks/episode_009/chunk_013/future.mp4,470407,31bd0ea114d52ec36d6e51da336359238948e1eb5b7e50b919578716c6fcf7c9
/home/ali/projects/RoboLab/output/v1_cosmos_vague_pre_thermal_guard/RubiksCubeRightOfBowlMatchedTask/predicted_chunks/episode_009/chunk_013/metadata.json,836,76ce8ac720e3b70f55b4df2ac640b2f664b6515dbfa982f797f209c889c35367
/home/ali/projects/RoboLab/output/v1_cosmos_vague_pre_thermal_guard/RubiksCubeRightOfBowlMatchedTask/predicted_chunks/episode_009/chunk_014/action.npy,1152,c91400fa03f8456de0d75f2f6b022363fb0e4f36861c1cfffbfcee10bcb8d704
/home/ali/projects/RoboLab/output/v1_cosmos_vague_pre_thermal_guard/RubiksCubeRightOfBowlMatchedTask/predicted_chunks/episode_009/chunk_014/conditioning.png,530233,ff6c0f948e5bf745c49a40f4e306ef22962223aa792ec6eb0272546b070f1d58
/home/ali/projects/RoboLab/output/v1_cosmos_vague_pre_thermal_guard/RubiksCubeRightOfBowlMatchedTask/predicted_chunks/episode_009/chunk_014/future.mp4,428955,863be3a750317ee0783b7c9185e30d96a1000a772cb2379727898dbe092efee9
/home/ali/projects/RoboLab/output/v1_cosmos_vague_pre_thermal_guard/RubiksCubeRightOfBowlMatchedTask/predicted_chunks/episode_009/chunk_014/metadata.json,853,449e437a46d353e2ccbcfcfbe104823ce07003ccd3a37741732f8ddc13468c56
/home/ali/projects/RoboLab/output/v1_cosmos_vague_pre_thermal_guard/RubiksCubeRightOfBowlMatchedTask/predicted_chunks/manifest.jsonl,54764,0c3061ec3c9ac2b2d8611ac06567e3f3eea862f962d607bf8cf8d20a05d26836
/home/ali/projects/RoboLab/output/v1_cosmos_vague_pre_thermal_guard/RubiksCubeRightOfBowlMatchedTask/run_0.hdf5,242999,241c8b30365f693e4f13c45b69c9daa1cb236c476109375dbd7212efd39bdc06
/home/ali/projects/RoboLab/output/v1_cosmos_vague_pre_thermal_guard/RubiksCubeRightOfBowlMatchedTask/run_1.hdf5,259753,2bdc6d155e1225a27c70243045993975f925532f28928eceb66317f882ab84bf
/home/ali/projects/RoboLab/output/v1_cosmos_vague_pre_thermal_guard/RubiksCubeRightOfBowlMatchedTask/run_2.hdf5,247755,4b1123683c2c25c4f445f0dad6b09ff04a67eba75086284a1a3e1057fe0f6e07
/home/ali/projects/RoboLab/output/v1_cosmos_vague_pre_thermal_guard/RubiksCubeRightOfBowlMatchedTask/run_3.hdf5,277552,100a11e7546de63d9cc215bb0a76b81eed7a5adc0de03a965cffe2248300ac95
/home/ali/projects/RoboLab/output/v1_cosmos_vague_pre_thermal_guard/RubiksCubeRightOfBowlMatchedTask/run_4.hdf5,263820,2d190b2b956f68339b73c79a98cea456db1f3c94736a9f72a49c6648405a745a
/home/ali/projects/RoboLab/output/v1_cosmos_vague_pre_thermal_guard/RubiksCubeRightOfBowlMatchedTask/run_5.hdf5,238892,e7180910106fe2d97fad1c34f71b47e78aa7051d1086145a3e4179e8a13d8b75
/home/ali/projects/RoboLab/output/v1_cosmos_vague_pre_thermal_guard/RubiksCubeRightOfBowlMatchedTask/run_6.hdf5,270498,77b15462339a45a1d6287c8724f30e7c865b6eab8603ae401ff458def0bc5c50
/home/ali/projects/RoboLab/output/v1_cosmos_vague_pre_thermal_guard/RubiksCubeRightOfBowlMatchedTask/run_7.hdf5,240299,27eaa13f40eea531130537db7075c4104d7b78f4509a9c7b7e01be1fa95f31c2
/home/ali/projects/RoboLab/output/v1_cosmos_vague_pre_thermal_guard/RubiksCubeRightOfBowlMatchedTask/run_8.hdf5,243833,552f831171c4dad6ac4a74283b4674ae68168c78487fcbc02278d82816e87355
/home/ali/projects/RoboLab/output/v1_cosmos_vague_pre_thermal_guard/RubiksCubeRightOfBowlMatchedTask/run_9.hdf5,342546,2970f36deea698eb30578f4e9938c5dc11c0be8bed76fc86f0346f9fea3edf05
/home/ali/projects/RoboLab/output/v1_cosmos_vague_pre_thermal_guard/episode_results.jsonl,25218,b828b3636601d50fc99119edaa8159c89d37dc5d3aba3befef5df997ee5aed31
/home/ali/projects/lerobot-lingbot/experiments/lingbot_language_gate/README.md,3948,7f7c2c5c5420e46b726c9a460e90dcfda728af974e12f92979167feccf3d9538
/home/ali/projects/lerobot-lingbot/experiments/lingbot_language_gate/closed_loop_language_gate.py,24094,4b1a734de73cd083dec00d1e4f12039247b5523c4555f16d8a079b05690c0eb7
/home/ali/projects/lerobot-lingbot/experiments/lingbot_language_gate/evidence/closed_loop_action_cfg3_seed4300000.json,1254,71130309caae76d409be2dc13bc714c5259d3be2f832a366964046226d16f7e1
/home/ali/projects/lerobot-lingbot/experiments/lingbot_language_gate/evidence/closed_loop_default_seed4300000.json,1846,4a49923d18adb5d3c46975b7c83f0a48bb7b6a8739633a791dd9df00aa7908cb
/home/ali/projects/lerobot-lingbot/experiments/lingbot_language_gate/evidence/open_loop_action_guidance_seed4300000.json,1263,ab8b4d48fe3b0f3fe7fe5943d56612f6bb0a433aa76a952e26961fece3ea1508
/home/ali/projects/lerobot-lingbot/experiments/lingbot_language_gate/evidence/open_loop_seed4300000.json,1213,b1ac110cbb731ed459b6839119d39eb48c2be29f1225c4e837a259aafb176d21
/home/ali/projects/lerobot-lingbot/experiments/lingbot_language_gate/open_loop_action_guidance_sweep.py,6585,9141c4f19e175ce7584023d257ef91c650649e9840b34271fd7f4ed4e65c99f2
/home/ali/projects/lerobot-lingbot/experiments/lingbot_language_gate/open_loop_prompt_probe.py,7658,b0fa98f00f159aaf4f41705b73aae0575ad9b7abdecc9e66357d3fde553f1d6f
/home/ali/projects/lerobot-lingbot/outputs/lingbot_language_gate/action_guidance_sweep_seed4300000/actions.npz,10933,1ff2305b33f5b162fc35b050a2ca178a018c99486b72f7bd9ea0be1055a58c22
/home/ali/projects/lerobot-lingbot/outputs/lingbot_language_gate/action_guidance_sweep_seed4300000/summary.json,2177,94b7da1a66d0278a6cad9609f11d9e1c1f138125b11784ebf38d78c53f816cf9
/home/ali/projects/lerobot-lingbot/outputs/lingbot_language_gate/closed_loop_actioncfg3_seed4300000_sample42/manifest.json,1298,6030a6cd2ad6a1f20d2a5b82c9c1bd4f90d147ee1587ee9ed33bc07f5dbe88b1
/home/ali/projects/lerobot-lingbot/outputs/lingbot_language_gate/closed_loop_actioncfg3_seed4300000_sample42/place_a2b_left/environment_seed_4300000/sampling_seed_42/correct/action_trace.npz,7086,3873ce3504ef6e5934e4545c0ffed613961e601ab9855b1d4815349f4a5ebb68
/home/ali/projects/lerobot-lingbot/outputs/lingbot_language_gate/closed_loop_actioncfg3_seed4300000_sample42/place_a2b_left/environment_seed_4300000/sampling_seed_42/correct/result.json,1657,b22ec355537fe01a1a98ee36889e013e31ee350f9170e955e91cb81659d8ab8a
/home/ali/projects/lerobot-lingbot/outputs/lingbot_language_gate/closed_loop_actioncfg3_seed4300000_sample42/place_a2b_left/environment_seed_4300000/sampling_seed_42/correct/simulator.mp4,162065,95f6ac8dd43bff4a4a86a73de563dfd0ccb34c71831e1d0f38ff5468a2711eb4
/home/ali/projects/lerobot-lingbot/outputs/lingbot_language_gate/closed_loop_actioncfg3_seed4300000_sample42/place_a2b_left/environment_seed_4300000/sampling_seed_42/swapped/action_trace.npz,19677,8e82289fb1e67524ab9fd01477fd14e7fc5f69545f2621ae5de2fe8d53c5859f
/home/ali/projects/lerobot-lingbot/outputs/lingbot_language_gate/closed_loop_actioncfg3_seed4300000_sample42/place_a2b_left/environment_seed_4300000/sampling_seed_42/swapped/result.json,1662,5d555408075ce87312757ce2545a937ea7b490844d975a446e5e2bee31a9b6fb
/home/ali/projects/lerobot-lingbot/outputs/lingbot_language_gate/closed_loop_actioncfg3_seed4300000_sample42/place_a2b_left/environment_seed_4300000/sampling_seed_42/swapped/simulator.mp4,432759,c92454ab3eeeced68065e769f6730e78b94d6b9eb6225a57ddd7df4f5805be5e
/home/ali/projects/lerobot-lingbot/outputs/lingbot_language_gate/closed_loop_actioncfg3_seed4300000_sample42/place_a2b_right/environment_seed_4300000/sampling_seed_42/correct/action_trace.npz,7830,842551089b3e89e33737f3a8459d7d1f4c00af918e3e384f1c00abd3481cd51c
/home/ali/projects/lerobot-lingbot/outputs/lingbot_language_gate/closed_loop_actioncfg3_seed4300000_sample42/place_a2b_right/environment_seed_4300000/sampling_seed_42/correct/result.json,1684,a1c1196af1207b85576497a5bdc5c0b2f4f10961f61a6a116d09dca15ad33973
/home/ali/projects/lerobot-lingbot/outputs/lingbot_language_gate/closed_loop_actioncfg3_seed4300000_sample42/place_a2b_right/environment_seed_4300000/sampling_seed_42/correct/simulator.mp4,181531,ad34a778c4daa99616a5be677ee7a13708c6a200a14ce1e2b29566fd42cb1028
/home/ali/projects/lerobot-lingbot/outputs/lingbot_language_gate/closed_loop_actioncfg3_seed4300000_sample42/place_a2b_right/environment_seed_4300000/sampling_seed_42/swapped/action_trace.npz,19726,8b5cbd7c8fe99e45e9612ac96cf9ec432b5ba3dbea9dbc84cf7d1798f29955ec
/home/ali/projects/lerobot-lingbot/outputs/lingbot_language_gate/closed_loop_actioncfg3_seed4300000_sample42/place_a2b_right/environment_seed_4300000/sampling_seed_42/swapped/result.json,1689,3867d2a3cadf0059bc7d0336988abbcf9dd750a831cc19d1914fa30563319816
/home/ali/projects/lerobot-lingbot/outputs/lingbot_language_gate/closed_loop_actioncfg3_seed4300000_sample42/place_a2b_right/environment_seed_4300000/sampling_seed_42/swapped/simulator.mp4,448467,89b80824a3295bbd51e76ac4fa2cc1d3e0a0ac819c61060389fa3ee4459e4849
/home/ali/projects/lerobot-lingbot/outputs/lingbot_language_gate/closed_loop_actioncfg3_seed4300000_sample42/results.csv,911,0121eaf2d0603d3b35cdc3933913c4c30eb9eaf918b932c1d7ea2f55c163b2d1
/home/ali/projects/lerobot-lingbot/outputs/lingbot_language_gate/closed_loop_actioncfg3_seed4300000_sample42/results.jsonl,5876,c0684e55469cae3a2e0a3992a5207906563fb473960b3fba9bcc1bd27b712b09
/home/ali/projects/lerobot-lingbot/outputs/lingbot_language_gate/closed_loop_seed4300000_sample42/manifest.json,1324,683930c8f504803257b493506621ff6980c23aa56b0df75d42582a72e7b92732
/home/ali/projects/lerobot-lingbot/outputs/lingbot_language_gate/closed_loop_seed4300000_sample42/place_a2b_left/environment_seed_4300000/sampling_seed_42/correct/action_trace.npz,6161,cd31809c87e45208fa6f01ecab35eaaf4fcd39ea5d588efd966f4fc0ea029c09
/home/ali/projects/lerobot-lingbot/outputs/lingbot_language_gate/closed_loop_seed4300000_sample42/place_a2b_left/environment_seed_4300000/sampling_seed_42/correct/result.json,1605,14b68f1154efddfede129cb94e180a09b27bb0263c7de0a076d242ef10ad0d77
/home/ali/projects/lerobot-lingbot/outputs/lingbot_language_gate/closed_loop_seed4300000_sample42/place_a2b_left/environment_seed_4300000/sampling_seed_42/correct/simulator.mp4,155219,b3db0a99112a426829c000becc2818c9e2778da1bd60942aa4c2b03397defcab
/home/ali/projects/lerobot-lingbot/outputs/lingbot_language_gate/closed_loop_seed4300000_sample42/place_a2b_left/environment_seed_4300000/sampling_seed_42/swapped/action_trace.npz,17264,4bb9a3ad95ebc04e8f1444ff18a17d3d2b78392615576ba2a52e9a068a912e61
/home/ali/projects/lerobot-lingbot/outputs/lingbot_language_gate/closed_loop_seed4300000_sample42/place_a2b_left/environment_seed_4300000/sampling_seed_42/swapped/result.json,1601,19727a86ac3a43e1fce873c0bce60b2e6349e7d1016b701a3e570037f5a6eaef
/home/ali/projects/lerobot-lingbot/outputs/lingbot_language_gate/closed_loop_seed4300000_sample42/place_a2b_left/environment_seed_4300000/sampling_seed_42/swapped/simulator.mp4,370842,2dde41d2ebf0a5aa101efb6de25a5c8bf6f66b629f607b64056206a085e913be
/home/ali/projects/lerobot-lingbot/outputs/lingbot_language_gate/closed_loop_seed4300000_sample42/place_a2b_right/environment_seed_4300000/sampling_seed_42/correct/action_trace.npz,6825,f62a7d4da9a24fe849ab63206f1193fdf1838ab0d7e443b193ce705fab7ad2e4
/home/ali/projects/lerobot-lingbot/outputs/lingbot_language_gate/closed_loop_seed4300000_sample42/place_a2b_right/environment_seed_4300000/sampling_seed_42/correct/result.json,1628,8a143674df3f992d477e8f5eafd5a5577046c3eced0918c1e9c048a003d84b89
/home/ali/projects/lerobot-lingbot/outputs/lingbot_language_gate/closed_loop_seed4300000_sample42/place_a2b_right/environment_seed_4300000/sampling_seed_42/correct/simulator.mp4,175685,922964ca272aef0a93190ec6fb373a5fe80ac7aec556f974262de7d277335cd5
/home/ali/projects/lerobot-lingbot/outputs/lingbot_language_gate/closed_loop_seed4300000_sample42/place_a2b_right/environment_seed_4300000/sampling_seed_42/swapped/action_trace.npz,17075,9c96a01c64b0169a41f3a3a54e1d24e659ca3c3e97d00861c6e25ac42673e4df
/home/ali/projects/lerobot-lingbot/outputs/lingbot_language_gate/closed_loop_seed4300000_sample42/place_a2b_right/environment_seed_4300000/sampling_seed_42/swapped/result.json,1675,2e2a2c36eb5b94014d5356d7d66b025d065923c5a7ee5b0d867711746b9e3a17
/home/ali/projects/lerobot-lingbot/outputs/lingbot_language_gate/closed_loop_seed4300000_sample42/place_a2b_right/environment_seed_4300000/sampling_seed_42/swapped/simulator.mp4,429519,29d4fa4fea4ba2231af5efb9913754fb27fc319879a32265995885201290056c
/home/ali/projects/lerobot-lingbot/outputs/lingbot_language_gate/closed_loop_seed4300000_sample42/results.csv,907,c50206ed2db71a49c2268a6ea49afdc2e776b4b7f5ac9433c4f6f61a020410aa
/home/ali/projects/lerobot-lingbot/outputs/lingbot_language_gate/closed_loop_seed4300000_sample42/results.jsonl,5699,2089daeec5a5becfd9ec20bad06518f5e9d70b801c93067cb9d5ea98f3b11cd2
/home/ali/projects/lerobot-lingbot/outputs/lingbot_language_gate/open_loop_seed4300000/actions.npz,1915,d53484713215cb3ac722fb37036763048f2fd0d36bf36bf56336bae1203705f4
/home/ali/projects/lerobot-lingbot/outputs/lingbot_language_gate/open_loop_seed4300000/actions.partial.npz,1915,d53484713215cb3ac722fb37036763048f2fd0d36bf36bf56336bae1203705f4
/home/ali/projects/lerobot-lingbot/outputs/lingbot_language_gate/open_loop_seed4300000/actions_denormalized.npz,2210,57754210e7164201c29eb2019d38f953a4465ce619a39918fce6eab8dfdb5b2f
/home/ali/projects/lerobot-lingbot/outputs/lingbot_language_gate/open_loop_seed4300000/predicted_latents.npz,237319,3eb3aa20aa0f7b455409d43b2a6f5e377d84291d53764f00eab2e2b893bc352c
/home/ali/projects/lerobot-lingbot/outputs/lingbot_language_gate/open_loop_seed4300000/summary.json,920,79b9e7fc1a569614b75c1565913b1f88641a83f827cee12a60a8232b28ee9601
/home/ali/projects/steerable/artifacts/vla_wam_shared_v1/calibration_semantic_dry_run/audit/v1_calibration_cosmos_left_5100__RubiksCubeLeftOfBowlMatchedTask/episode_000_contact_sheet.jpg,1876620,43e134d802b8c4b2eb9d9687519110fe38b45085475df4eaef6ad40fd896abb1
/home/ali/projects/steerable/artifacts/vla_wam_shared_v1/calibration_semantic_dry_run/audit/v1_calibration_cosmos_right_5100__RubiksCubeRightOfBowlMatchedTask/episode_000_contact_sheet.jpg,501440,b7d83e2b62867eb9470971a624138b77b55bc2349bc0ca8f521061db28773d5c
/home/ali/projects/steerable/artifacts/vla_wam_shared_v1/calibration_semantic_dry_run/localization_cache/v1_calibration_cosmos_left_5100__RubiksCubeLeftOfBowlMatchedTask/episode_000_chunk_000.json,6914,4fb409c545f915b81fac14be0db1780020d4c7fe0c5b5727bbfb287d6c16b89d
/home/ali/projects/steerable/artifacts/vla_wam_shared_v1/calibration_semantic_dry_run/localization_cache/v1_calibration_cosmos_left_5100__RubiksCubeLeftOfBowlMatchedTask/episode_000_chunk_001.json,6986,f9cceb6d86dd04a6a706d91905dc18973c04290c69193c32270ad3f61b7ae3cd
/home/ali/projects/steerable/artifacts/vla_wam_shared_v1/calibration_semantic_dry_run/localization_cache/v1_calibration_cosmos_left_5100__RubiksCubeLeftOfBowlMatchedTask/episode_000_chunk_002.json,6997,3a927b702bb5f2f215194e8aa426d6f70ebe36c09e5486a47417ad9d4078a13a
/home/ali/projects/steerable/artifacts/vla_wam_shared_v1/calibration_semantic_dry_run/localization_cache/v1_calibration_cosmos_left_5100__RubiksCubeLeftOfBowlMatchedTask/episode_000_chunk_003.json,6950,01a293ee91dd64ac78054faec10df94361f8eca302289fff4cb7baeef8405552
/home/ali/projects/steerable/artifacts/vla_wam_shared_v1/calibration_semantic_dry_run/localization_cache/v1_calibration_cosmos_left_5100__RubiksCubeLeftOfBowlMatchedTask/episode_000_chunk_004.json,7063,bfe6c7cb7a7312b6c004eadc57ecb069186eb6adcc50af8dc2a4f31e5cbe6c69
/home/ali/projects/steerable/artifacts/vla_wam_shared_v1/calibration_semantic_dry_run/localization_cache/v1_calibration_cosmos_left_5100__RubiksCubeLeftOfBowlMatchedTask/episode_000_chunk_005.json,7038,91a612ef4d13247098d9dc15d2645110593cf6e9893babf086e33cdab6721e95
/home/ali/projects/steerable/artifacts/vla_wam_shared_v1/calibration_semantic_dry_run/localization_cache/v1_calibration_cosmos_left_5100__RubiksCubeLeftOfBowlMatchedTask/episode_000_chunk_006.json,6944,a3ce509d56f31523574898a4a1444e31fb58c34172222cffc1e76dc16743a5b5
/home/ali/projects/steerable/artifacts/vla_wam_shared_v1/calibration_semantic_dry_run/localization_cache/v1_calibration_cosmos_left_5100__RubiksCubeLeftOfBowlMatchedTask/episode_000_chunk_007.json,6876,30fa3e0b053fba7a9b56fd997422f62a771b287518806547cc41e2e2fa303173
/home/ali/projects/steerable/artifacts/vla_wam_shared_v1/calibration_semantic_dry_run/localization_cache/v1_calibration_cosmos_left_5100__RubiksCubeLeftOfBowlMatchedTask/episode_000_chunk_008.json,6866,1cc0569e592ae50415d4b8c302be8df3fe0283c509a898fc9ccea32eead18ffc
/home/ali/projects/steerable/artifacts/vla_wam_shared_v1/calibration_semantic_dry_run/localization_cache/v1_calibration_cosmos_left_5100__RubiksCubeLeftOfBowlMatchedTask/episode_000_chunk_009.json,6880,cbda70e8b1968db1b9691b57fa7f99466e502bd1be3770bc006b6dd272b8f878
/home/ali/projects/steerable/artifacts/vla_wam_shared_v1/calibration_semantic_dry_run/localization_cache/v1_calibration_cosmos_left_5100__RubiksCubeLeftOfBowlMatchedTask/episode_000_chunk_010.json,6880,041946d1b8aaae52256f4d53675a71d9901113da09d3978360428ab32e0275f6
/home/ali/projects/steerable/artifacts/vla_wam_shared_v1/calibration_semantic_dry_run/localization_cache/v1_calibration_cosmos_left_5100__RubiksCubeLeftOfBowlMatchedTask/episode_000_chunk_011.json,6903,eb606920f3156dd88948a8f177da664711a9ba4f44393282ebe0f020560ab768
/home/ali/projects/steerable/artifacts/vla_wam_shared_v1/calibration_semantic_dry_run/localization_cache/v1_calibration_cosmos_left_5100__RubiksCubeLeftOfBowlMatchedTask/episode_000_chunk_012.json,7087,f7373f37c1e5546256952ea6ff0c8f0324bca3a82f798924727811fa5194e227
/home/ali/projects/steerable/artifacts/vla_wam_shared_v1/calibration_semantic_dry_run/localization_cache/v1_calibration_cosmos_left_5100__RubiksCubeLeftOfBowlMatchedTask/episode_000_chunk_013.json,6884,81a57edab3416f13973942c0822da84751e20a1ff4df9d61cb4ec56a0f2e364a
/home/ali/projects/steerable/artifacts/vla_wam_shared_v1/calibration_semantic_dry_run/localization_cache/v1_calibration_cosmos_left_5100__RubiksCubeLeftOfBowlMatchedTask/episode_000_chunk_014.json,6953,9417f4e7eafd60218e2866d2ee29f273e6819c4398b54b7579749fb07e45ddcb
/home/ali/projects/steerable/artifacts/vla_wam_shared_v1/calibration_semantic_dry_run/localization_cache/v1_calibration_cosmos_right_5100__RubiksCubeRightOfBowlMatchedTask/episode_000_chunk_000.json,6903,6635852b8cab73520a54b58ceb7e929f0dea0a8981a0a50b3eb18de6c96ed787
/home/ali/projects/steerable/artifacts/vla_wam_shared_v1/calibration_semantic_dry_run/localization_cache/v1_calibration_cosmos_right_5100__RubiksCubeRightOfBowlMatchedTask/episode_000_chunk_001.json,6927,705c5073ea437e4d5a013bf859d70b8a2bcfc3dcf3ee5e9797a9b576ffd4e8f8
/home/ali/projects/steerable/artifacts/vla_wam_shared_v1/calibration_semantic_dry_run/localization_cache/v1_calibration_cosmos_right_5100__RubiksCubeRightOfBowlMatchedTask/episode_000_chunk_002.json,7139,07dc2527c5d5d10ed4471a642783c84bfcbaba19b84fcbad8152960269319782
/home/ali/projects/steerable/artifacts/vla_wam_shared_v1/calibration_semantic_dry_run/localization_cache/v1_calibration_cosmos_right_5100__RubiksCubeRightOfBowlMatchedTask/episode_000_chunk_003.json,6878,7fa8c9f2171184fedd335e26c5f6e9f33ab789acc40487d5d2a1cffb8943c008
/home/ali/projects/steerable/artifacts/vla_wam_shared_v1/calibration_semantic_dry_run/semantic_quadrants.csv,6939,41d2851794fd7b1bcce356984924667dafdf77184d6285baf3c26406d7d71302
/home/ali/projects/steerable/artifacts/vla_wam_shared_v1/calibration_semantic_dry_run/semantic_quadrants_summary.json,14884,67ef7b0d713608921a886fcde5c95e285809fb5236cc331371ca3bc5993ffb4c
/home/ali/projects/steerable/artifacts/vla_wam_shared_v1/command_probe/cosmos/atomic_left_action.npy,1152,3ee1986461e39085234b54ac6b794a7af5e63323417f5aea185f3f753c3e4d71
/home/ali/projects/steerable/artifacts/vla_wam_shared_v1/command_probe/cosmos/atomic_left_future.mp4,534346,f98238e46f0ea4fdfef5acd6420619d4fd70216fce75532af7f994b79e87d800
/home/ali/projects/steerable/artifacts/vla_wam_shared_v1/command_probe/cosmos/atomic_right_action.npy,1152,2d2851d10be2fddfa065d8572b85e12754f2d4d59e38f478c23ff48f597ea5c5
/home/ali/projects/steerable/artifacts/vla_wam_shared_v1/command_probe/cosmos/atomic_right_future.mp4,560242,5c757a3bbcb747a9a14758149400dbe94aa36f8b74446f13b1047fcd422a1d6b
/home/ali/projects/steerable/artifacts/vla_wam_shared_v1/command_probe/cosmos/combination_left_action.npy,1152,4b83ea47801fa56fe98c0e648bfba6f22cdad6886f14565a95a73c5c9141ac1f
/home/ali/projects/steerable/artifacts/vla_wam_shared_v1/command_probe/cosmos/combination_left_future.mp4,536679,658bc4b2efa64276a576e2c023e01b16a4e1b844f21062294b67a3b725fc0f57
/home/ali/projects/steerable/artifacts/vla_wam_shared_v1/command_probe/cosmos/combination_right_action.npy,1152,48f8d66d4be0ba8537bd53e73c3209a9aa4f35b57d1ab0667181f4391d057e9d
/home/ali/projects/steerable/artifacts/vla_wam_shared_v1/command_probe/cosmos/combination_right_future.mp4,545363,43e973265fd45f33a41c5ec2fccd079c5358e12b8b1575e891d87b7edb1bb509
/home/ali/projects/steerable/artifacts/vla_wam_shared_v1/command_probe/cosmos/contradictory_control_action.npy,1152,ad070fd24cfc099f54e4f86d407e4f5895f8bf5030dd683f796f2ab21be5381b
/home/ali/projects/steerable/artifacts/vla_wam_shared_v1/command_probe/cosmos/contradictory_control_future.mp4,524266,889febae4c434de6466124dd839b724287ddbf6ef3e8e8e1fc2e40fc2c895334
/home/ali/projects/steerable/artifacts/vla_wam_shared_v1/command_probe/cosmos/future_contact_sheet.jpg,2274845,7b8c67151bee44355eecf774da4b57cb965b9376c34f0fee21984871d04a2198
/home/ali/projects/steerable/artifacts/vla_wam_shared_v1/command_probe/cosmos/gripper_trace_to_cube_action.npy,1152,5262580991dbe13efd63baf27320c0d8ee145d818d63a95412ef45c3c7651ca2
/home/ali/projects/steerable/artifacts/vla_wam_shared_v1/command_probe/cosmos/gripper_trace_to_cube_future.mp4,549117,071f97573f7f4d17afb699f1867c04aa4c1cb5593c6821fa9405c9687a164c82
/home/ali/projects/steerable/artifacts/vla_wam_shared_v1/command_probe/cosmos/grounded_observation.png,577323,2a431b0fa288890b3509b314c0351c91123d5f64b237678fed972848e29cd55b
/home/ali/projects/steerable/artifacts/vla_wam_shared_v1/command_probe/cosmos/manifest.json,11476,1d73928cd411bae8aabb0499c1dea2d0a37675c1c64484fda7375b315e416123
/home/ali/projects/steerable/artifacts/vla_wam_shared_v1/command_probe/cosmos/metrics.csv,3261,f9688a7915a7a6326a9fc4a591257877fd44ead85b475b832158831edeb1918b
/home/ali/projects/steerable/artifacts/vla_wam_shared_v1/command_probe/cosmos/noun_swap_control_action.npy,1152,f8f2fdcbcd099b42525ba13a03843a4c60fae42824b656c99ab59b08e12d7314
/home/ali/projects/steerable/artifacts/vla_wam_shared_v1/command_probe/cosmos/noun_swap_control_future.mp4,526530,3fc279ae76f30b7f80be538e6d9b8e38fb54a078697898e39199e616f8eea563
/home/ali/projects/steerable/artifacts/vla_wam_shared_v1/command_probe/cosmos/point_cube_action.npy,1152,451aef36944aa7ad91fbd59e2274a31cc9a524bd0ba93debe1df2a7e8558b4f4
/home/ali/projects/steerable/artifacts/vla_wam_shared_v1/command_probe/cosmos/point_cube_future.mp4,521135,a43a671090068e2bd14a1a7ed566118e7d129cdd013dfbb7de394c5551a973ae
/home/ali/projects/steerable/artifacts/vla_wam_shared_v1/command_probe/cosmos/point_left_target_action.npy,1152,c55e66fe25e522e5b30fecf4896426336072e33d8675d7bbc745d600e8ad8a5a
/home/ali/projects/steerable/artifacts/vla_wam_shared_v1/command_probe/cosmos/point_left_target_future.mp4,542422,5e26473ce15b9ac4f5496c30fe3bcb5f416d51da86f34dbe86cba3a6e7cf98d8
/home/ali/projects/steerable/artifacts/vla_wam_shared_v1/command_probe/cosmos/point_right_target_action.npy,1152,9d0c623ac0b3e7153c3c0bb01e75bc9cd48715feb29c36dfc8e117184c588808
/home/ali/projects/steerable/artifacts/vla_wam_shared_v1/command_probe/cosmos/point_right_target_future.mp4,548970,92e6a7f649e169301e0c5d3dfdf6a0aabd5c58ea88fd72f0a4133eeca5a3dac0
/home/ali/projects/steerable/artifacts/vla_wam_shared_v1/command_probe/cosmos/subtask_grasp_action.npy,1152,037e60be6b42edba040c5c7f64d459f9185b835d4a6d7d87c553caeaafa16fdd
/home/ali/projects/steerable/artifacts/vla_wam_shared_v1/command_probe/cosmos/subtask_grasp_future.mp4,540355,6ddb2fbce98eb40509e976d56dafe80ecbf41a20b52327d920df005ef08e46a6
/home/ali/projects/steerable/artifacts/vla_wam_shared_v1/command_probe/cosmos/task_left_action.npy,1152,c7d7647858ca612dacfa00c6269f243ace22cf42a5e0e1155d49c29fc0d5c72a
/home/ali/projects/steerable/artifacts/vla_wam_shared_v1/command_probe/cosmos/task_left_future.mp4,532560,cce5fd6c285d76bb0ce6c2a88cbbf40c1b1b258b460620d404ba16bc2c5bb3f9
/home/ali/projects/steerable/artifacts/vla_wam_shared_v1/command_probe/cosmos/task_left_paraphrase_action.npy,1152,16c60fcf70be88ae6998323704de5e56af9ffdc314a0cc41b9fb9bafefedf751
/home/ali/projects/steerable/artifacts/vla_wam_shared_v1/command_probe/cosmos/task_left_paraphrase_future.mp4,542402,4e67151e834d40001fc3358cbd517c2de811f10a2eaf07d65248d4b0588db073
/home/ali/projects/steerable/artifacts/vla_wam_shared_v1/command_probe/cosmos/task_left_repeat_action.npy,1152,c7d7647858ca612dacfa00c6269f243ace22cf42a5e0e1155d49c29fc0d5c72a
/home/ali/projects/steerable/artifacts/vla_wam_shared_v1/command_probe/cosmos/task_left_repeat_future.mp4,532560,cce5fd6c285d76bb0ce6c2a88cbbf40c1b1b258b460620d404ba16bc2c5bb3f9
/home/ali/projects/steerable/artifacts/vla_wam_shared_v1/command_probe/cosmos/task_right_action.npy,1152,a559c38f587ac42aa5e7c9e93d82ffa0b588fceb9c09e60620d1add6ebb9730c
/home/ali/projects/steerable/artifacts/vla_wam_shared_v1/command_probe/cosmos/task_right_future.mp4,530764,2ade83600480e0f5c2c5e58ddc9d1e38ddc8244b3130f3b7e60eb53eac311567
/home/ali/projects/steerable/artifacts/vla_wam_shared_v1/command_probe/cosmos/unrelated_control_action.npy,1152,7b38c2eae516200b765d8ae2cb90f1eec0a2a347b92efdf7f2191cf2549bd9d6
/home/ali/projects/steerable/artifacts/vla_wam_shared_v1/command_probe/cosmos/unrelated_control_future.mp4,562283,68eb1e472092cfbb4bc5db699e4c5c6f135a7b07a7c9a733b8772bbbc62b0fe3
/home/ali/projects/steerable/artifacts/vla_wam_shared_v1/command_probe/cosmos_semantics/localization_cache/atomic_left.json,6897,a68e62a11dee55a023f375723c44066890ff995243e68486655319f2f1efb519
/home/ali/projects/steerable/artifacts/vla_wam_shared_v1/command_probe/cosmos_semantics/localization_cache/atomic_right.json,6929,722aab02510e8699f7b31f6f29516a3d7a87e229560afe314726bd88d8735702
/home/ali/projects/steerable/artifacts/vla_wam_shared_v1/command_probe/cosmos_semantics/localization_cache/combination_left.json,6921,903acdbe35902cd14f6d18e103df007e84dfab386d7ba286dd76db38a2c250b5
/home/ali/projects/steerable/artifacts/vla_wam_shared_v1/command_probe/cosmos_semantics/localization_cache/combination_right.json,6906,eab3efb5ca033d2954be617b61c14e9b90e1c7a301f885642e4ba781f0a05469
/home/ali/projects/steerable/artifacts/vla_wam_shared_v1/command_probe/cosmos_semantics/localization_cache/contradictory_control.json,6884,b9eeeefe4c98ed8e766248a85182b1cd7e648afd4708275253ec8683f715887d
/home/ali/projects/steerable/artifacts/vla_wam_shared_v1/command_probe/cosmos_semantics/localization_cache/gripper_trace_to_cube.json,6934,63473ab037653519c5334a44568e9f9d0e49c8bf1afd971cf079737da411b938
/home/ali/projects/steerable/artifacts/vla_wam_shared_v1/command_probe/cosmos_semantics/localization_cache/noun_swap_control.json,6911,45fc30577b2c45b19cb34ef88d70fbc5d3ebb747e14b9528804708202892e467
/home/ali/projects/steerable/artifacts/vla_wam_shared_v1/command_probe/cosmos_semantics/localization_cache/point_cube.json,6962,8a697a37beeea93ac1aa3f139943618e1363e005bff204c95501e1b2b06fecce
/home/ali/projects/steerable/artifacts/vla_wam_shared_v1/command_probe/cosmos_semantics/localization_cache/point_left_target.json,6904,2c6fb7818f02be1212bc91a574d1ebf12526b356aba37bd42eb3c5b2542b85e5
/home/ali/projects/steerable/artifacts/vla_wam_shared_v1/command_probe/cosmos_semantics/localization_cache/point_right_target.json,6889,ad010dbf0b930c88922156e41d86556063688969f6102a40111adbd22daa617a
/home/ali/projects/steerable/artifacts/vla_wam_shared_v1/command_probe/cosmos_semantics/localization_cache/subtask_grasp.json,6971,0456206c5211ba561300c1e4a048108e6ec8dee0708ac7ea6fad3ff80b6f763a
/home/ali/projects/steerable/artifacts/vla_wam_shared_v1/command_probe/cosmos_semantics/localization_cache/task_left.json,6918,f7a07fd98c830d4841c0e7e0257420ca652d2bc2cffc659c9272ccea8689b5b9
/home/ali/projects/steerable/artifacts/vla_wam_shared_v1/command_probe/cosmos_semantics/localization_cache/task_left_paraphrase.json,6897,b718739f7a9d84a8aa6637db6c682ee20f48dc5dcae744c7dd1cfe905c0daefd
/home/ali/projects/steerable/artifacts/vla_wam_shared_v1/command_probe/cosmos_semantics/localization_cache/task_left_repeat.json,6917,543f0b3eb48d6039e4abbbd6a677a81a9c76f6195bbdcf35018ceafb0aec50a2
/home/ali/projects/steerable/artifacts/vla_wam_shared_v1/command_probe/cosmos_semantics/localization_cache/task_right.json,6879,9f1426e2db365c875a560a560907b1cc13190dd79092fd8bf0404fa563116c0d
/home/ali/projects/steerable/artifacts/vla_wam_shared_v1/command_probe/cosmos_semantics/localization_cache/unrelated_control.json,6931,859532fa6e6622b06da1d0e5f47160e0097b4b7f83c85507cbb196badf71bb76
/home/ali/projects/steerable/artifacts/vla_wam_shared_v1/command_probe/cosmos_semantics/semantic_future_contact_sheet.jpg,2025352,3fe96fc1da26eab816eafabd1033b4fe877ae90258e8af225133b86ce2acdf12
/home/ali/projects/steerable/artifacts/vla_wam_shared_v1/command_probe/cosmos_semantics/semantic_future_summary.json,8259,e853b034dc91b63d3234047cc3e930665c2076c5509c3c45f293e18e299a9b5a
/home/ali/projects/steerable/artifacts/wam_language_gate/benchmark_contract.json,2028,aa7b9f26210565edebafc9e5fd7d8ae6d4af06e4c3d74cebb9fd735ea102fdf3
/home/ali/projects/steerable/artifacts/wam_language_gate/cosmos/RESULTS.md,6648,6361324ed93ec3ef3ba6b99d6c8260d0400ab313cfc0dcb5be4e560fe63fe2aa
/home/ali/projects/steerable/artifacts/wam_language_gate/cosmos/cosmos_closed_loop_montage.jpg,583567,6267e3ae60a4f07d6d8ea758778cf8d3eec169e6d67321f7bdf41d0477df779d
/home/ali/projects/steerable/artifacts/wam_language_gate/cosmos/cosmos_imagined_future_grid.jpg,678186,f2ec3b75b20711aea41f399e2359b6f2327f1b9ef32dd3c7df79a6c7d2cf35c9
/home/ali/projects/steerable/artifacts/wam_language_gate/cosmos/cosmos_real_droid_observation.jpg,100914,ab37f84c322a2b7ed3da6a3aeaaa9dd02800a3430f2cc3f9f3f39f5539f60346
/home/ali/projects/steerable/artifacts/wam_language_gate/hierarchical/RESULTS.md,2027,2dc5d9cf876b33f72f9c36dfe52934a755dbb9fb27e0c7407031d23840a6db9e
/home/ali/projects/steerable/artifacts/wam_language_gate/hierarchical/command_style_endpoints.png,140426,6e3a3f4aa53f952d8973dd06f8c947e9ec6ec67da29772f4df673c952304902e
/home/ali/projects/steerable/artifacts/wam_language_gate/hierarchical/condition_summary.csv,708,3c5c61b21c2ce83367f3592185c367da8dc4436ec7bff0bc6ae382d144f3f455
/home/ali/projects/steerable/artifacts/wam_language_gate/hierarchical/identical_prefix_trajectory.png,114834,a916152e27a94e805729833139653856efecd95ab95157ab288f56c18ddd3fee
/home/ali/projects/steerable/artifacts/wam_language_gate/pi05/RESULTS.md,7247,759bfd05fef84aa9254ed942c80c7c9b43a9230981a21d166da9fe27162efc4c
/home/ali/projects/steerable/artifacts/wam_language_gate/pi05/analyze_matched_pair.py,10564,61ff68684506eb8a16d51ee9d674f3f54c0570dd07f570a1c69c1a99a3d39f9d
/home/ali/projects/steerable/artifacts/wam_language_gate/pi05/matched_pair_summary.json,5644,05bea4765ed7eb52801294235836d1a53079f7534befda1f4e120362bbfbbb91
/home/ali/projects/steerable/artifacts/wam_language_gate/pi05/pi05_matched_rollout_montage.jpg,493824,1eaf0b54539c3ad1c754362b1dc8dd024fe5895ad3b91013a0af65d95c7bff36
/home/ali/projects/steerable/artifacts/wam_language_gate/summary.json,6814,67984b4bdc05ee0ca8131dc2e0cbdadc6d1916e6c731498ace25156a1e847956
